,,,,,,,,,,,,,,,,,,,,,,,,,,,,,,,,,,,,,,,,,,,,,,,,,,,,,,,,,,,,,,,,,,,,,,,,,,,,,,,,,,,,,,,,,,,,,,,,,,,,,,,,,,,,,,,,,,,,,,,,,,,,,,,,,,,,,,,,,,,,,,,,,,,,,,,,,,
Jaccard Similarity,Escherichia_coli_O157_H7_EC4115,Leuconostoc_mesenteroides_mesenteroides_ATCC_8293,Coprococcus_comes_ATCC_27758,Akkermansia_muciniphila_ATCC_BAA_835,Alistipes_putredinis_DSM_17216,Anaerotruncus_colihominis_DSM_17241,Bacteroides_caccae_ATCC_43185,Bacteroides_cellulosilyticus_DSM_14838,Bacteroides_coprocola_M16_DSM_17136,Bacteroides_coprophilus_DSM_18228,Bacteroides_dorei_5_1_36_D4,Bacteroides_dorei_DSM_17855,Bacteroides_eggerthii_DSM_20697,Bacteroides_finegoldii_DSM_17565,Bacteroides_fragilis_3_1_12,Bacteroides_intestinalis_341_DSM_17393,Bacteroides_ovatus_ATCC_8483,Bacteroides_pectinophilus_ATCC_43243,Bacteroides_plebeius_M12_DSM_17135,Bacteroides_sp_2_1_7,Bacteroides_sp_2_2_4,Bacteroides_sp_4_3_47FAA,Bacteroides_sp_9_1_42FAA,Bacteroides_sp_D1,Bacteroides_stercoris_ATCC_43183,Bacteroides_thetaiotaomicron_VPI_5482,Bacteroides_uniformis_ATCC_8492,Bacteroides_vulgatus_ATCC_8482,Bacteroides_xylanisolvens_XB1A,Bifidobacterium_adolescentis_L2_32,Bifidobacterium_catenulatum_DSM_16992,Bifidobacterium_longum_longum_CCUG_52486,Bifidobacterium_pseudocatenulatum_DSM_20438,Blautia_hansenii_VPI_C7_24_DSM_20583,Bryantella_formatexigens_I_52_DSM_14469,Butyrivibrio_crossotus_DSM_2876,Catenibacterium_mitsuokai_DSM_15897,Clostridiales_sp_SS3_4,Clostridium_asparagiforme_DSM_15981,Clostridium_bartlettii_DSM_16795,Clostridium_bolteae_ATCC_BAA_613,Clostridium_leptum_DSM_753,Clostridium_methylpentosum_R2_DSM_5476,Clostridium_nexile_DSM_1787,Clostridium_scindens_ATCC_35704,Clostridium_sp_L2_50,Clostridium_sp_M62_1,Clostridium_sp_SS2_1,Collinsella_aerofaciens_ATCC_25986,Coprobacillus_sp_D7,Coprococcus_eutactus_ATCC_27759,Dorea_formicigenerans_ATCC_27755,Dorea_longicatena_DSM_13814,Enterococcus_faecalis_TX0104,Eubacterium_biforme_DSM_3989,Eubacterium_hallii_DSM_3353,Eubacterium_rectale_M104_1,Eubacterium_siraeum_70_3,Eubacterium_ventriosum_ATCC_27560,Faecalibacterium_prausnitzii_SL3_3,Gordonibacter_pamelaeae_7_10_1_bT_DSM_19378,Holdemania_filiformis_VPI_J1_31B_1_DSM_12042,Parabacteroides_distasonis_ATCC_8503,Parabacteroides_johnsonii_DSM_18315,Parabacteroides_merdae_ATCC_43184,Prevotella_copri_CB7_DSM_18205,Pseudoflavonifractor_capillosus_ATCC_29799,Roseburia_intestinalis_M50_1,Ruminococcus_bromii_L2_63,Ruminococcus_gnavus_ATCC_29149,Ruminococcus_lactaris_ATCC_29176,Ruminococcus_obeum_A2_162,Ruminococcus_sp_SR1_5,Ruminococcus_torques_L2_14,Streptococcus_thermophilus_LMD_9,Subdoligranulum_variabile_DSM_15176,Clostridium_symbiosum_WAL_14163,Actinobacillus_pleuropneumoniae_sv_7_AP76,Actinomyces_odontolyticus_ATCC_17982,Anaerococcus_hydrogenalis_DSM_7454,Anaerofustis_stercorihominis_DSM_17244,Anaerostipes_caccae_DSM_14662,Bifidobacterium_angulatum_DSM_20098,Bifidobacterium_animalis_lactis_AD011,Bifidobacterium_bifidum_NCIMB_41171,Bifidobacterium_breve_DSM_20213,Bifidobacterium_dentium_ATCC_27678,Bifidobacterium_gallicum_DSM_20093,Blautia_hydrogenotrophica_DSM_10507,Butyrivibrio_fibrisolvens_16_4,Campylobacter_concisus_13826,Campylobacter_hominis_ATCC_BAA_381,Candidatus_Sulcia_muelleri_GWSS,Citrobacter_koseri_ATCC_BAA_895,Citrobacter_sp_30_2,Clostridium_difficile_630,Clostridium_hylemonae_DSM_15053,Clostridium_perfringens_ATCC_13124,Clostridium_phytofermentans_ISDg,Clostridium_ramosum_VPI_0427_DSM_1402,Clostridium_sp_7_2_43FAA,Clostridium_spiroforme_DSM_1552,Collinsella_intestinalis_DSM_13280,Collinsella_stercoris_DSM_13279,Cronobacter_sakazakii_ATCC_BAA_894,Desulfovibrio_piger_ATCC_29098,Desulfovibrio_vulgaris_Miyazaki_F,Enterobacter_cancerogenus_ATCC_35316,Enterobacter_sp_638,Enterococcus_faecalis_TX1322,Enterococcus_sp_7L76,Escherichia_fergusonii_UMN026_ATCC_35469,Eubacterium_dolichum_DSM_3991,Finegoldia_magna_ATCC_29328,Fusobacterium_nucleatum_nucleatum_ATCC_25586,Haemophilus_influenzae_NTHi_86_028NP,Haemophilus_parasuis_SH0165,Helicobacter_pullorum_MIT_98_5489,Klebsiella_pneumoniae_342,Lactobacillus_acidophilus_NCFM,Lactobacillus_casei_casei_BL23,Lactobacillus_delbrueckii_bulgaricus_ATCC_11842,Lactobacillus_fermentum_IFO_3956,Lactobacillus_gasseri_ATCC_33323,Lactobacillus_helveticus_DPC_4571,Lactobacillus_hilgardii_ATCC_8290,Lactobacillus_johnsonii_NCC_533,Lactobacillus_paracasei_ATCC_25302,Lactobacillus_reuteri_SD2112_ATCC_55730,Lactobacillus_sakei_sakei_23K,Lactobacillus_salivarius_HO66_ATCC_11741,Lactobacillus_ultunensis_DSM_16047,Lactococcus_lactis_cremoris_MG1363,Megamonas_hypermegale_ART12_1,Methanobrevibacter_smithii_DSM_2375,Methanosphaera_stadtmanae_DSM_3091,Mitsuokella_multacida_DSM_20544,Pasteurella_multocida_multocida_Pm70,Pediococcus_pentosaceus_ATCC_25745,Porphyromonas_gingivalis_ATCC_33277,Proteus_mirabilis_HI4320,Proteus_penneri_ATCC_35198,Pseudomonas_aeruginosa_LESB58,Salmonella_enterica_sv_Heidelberg_SL476_CVM30485,Staphylococcus_saprophyticus_saprophyticus_ATCC_15305,Streptococcus_gordonii_Challis_CH1,Streptococcus_infantarius_infantarius_ATCC_BAA_102,Streptococcus_mutans_UA159,Streptococcus_pneumoniae_Hungary19A_6,Streptococcus_pyogenes_M4_MGAS10750,Streptococcus_sanguinis_SK36,Streptococcus_suis_05ZYH33,Thermoanaerobacter_sp_X514,Tropheryma_whipplei_Twist
Escherichia_coli_O157_H7_EC4115,1,0.014090783,0.202358816,0.050631617,0.046711791,0.205047504,0.042673696,0.070240945,0.074312644,0.138027529,0.212559145,0.227132365,0.109819758,0.090980809,0.216442388,0.0603063,0.171308835,0.101929002,0.126240122,0.148377842,0.150832551,0.175718158,0.174261381,0.165838443,0.062210183,0.071380456,0.036763784,0.144364437,0.143052301,0.066055654,0.087759764,0.107043246,0.092320477,0.117488336,0.099688969,0.057349896,0.069256228,0.081909875,0.1912494,0.140240986,0.15991207,0.203928177,0.135085444,0.215371851,0.146994964,0.048311191,0.196002026,0.063544768,0.128367009,0.122107543,0.101498339,0.113191749,0.068803409,0.151468852,0.0786921,0.072959879,0.19285501,0.176581338,0.100338499,0.134724954,0.160830273,0.240268092,0.14460003,0.062773777,0.043940803,0.066136169,0.259965952,0.153374392,0.046369004,0.227974069,0.047071089,0.168820025,0.086136985,0.092493755,0.154753075,0.215823478,0.135833279,0.007458406,0.060011247,0.010852973,0.022900288,0.078959614,0.05819802,0.033586547,0.06366582,0.065606285,0.056096151,0.012796172,0.142748216,0.065621124,0.011081081,0.058817088,0.052195588,0.013309707,0.019226715,0.04576482,0.045590064,0.017826838,0.032269346,0.070146604,0.027185254,0.125955143,0.05759707,0.053122981,0.007985559,0.085750603,0.031394901,0.024264558,0.008972046,0.023608304,0.024857112,0.064943281,0.066138524,0.016308078,0.013883374,0.040485741,0.008477778,0.001279551,0.050729557,0.028598572,0.002671735,0.071387753,0.004408843,0.009229819,0.004540859,0.005599042,0.002177542,0.004736873,0.00112868,0.024502669,0.014513081,0.003879879,0.056129651,0.011855879,0.184035194,0.033317908,0.057371595,0.009579146,0.00491683,0.031773468,0.001592936,0.002172197,0.005503834,0.00818567,0.005145337,0.061822054,0.037535165,0.025706312,0.072803372,0.008764926,0.053188154,0.011517832,0.011433617,0.008967514
Leuconostoc_mesenteroides_mesenteroides_ATCC_8293,0.014090783,1,0.005037608,0.001374495,0.000850934,0.020461844,0.001241161,0.00217747,0.005023663,0.005770073,0.00679359,0.007806676,0.003677223,0.006000785,0.010195429,0.003344421,0.004020265,0.004391828,0.004767861,0.003651723,0.00403641,0.004477008,0.004158417,0.005004528,0.003374718,0.001457183,0.000671002,0.003084977,0.00352932,0.001845061,0.014506901,0.002900459,0.008351373,0.066524494,0.087596884,0.001931737,0.011268381,0.002044323,0.025945873,0.01281609,0.011977347,0.007716766,0.065651972,0.022336625,0.05195912,0.003020169,0.012012832,0.00124598,0.00322475,0.078502258,0.004330933,0.002819556,0.001272436,0.048612349,0.004933663,0.001694543,0.00465925,0.003211511,0.003498647,0.002660771,0.021261785,0.011936883,0.003730423,0.007548922,0.001205228,0.00349538,0.012297017,0.003332714,0.001354051,0.018574287,0.001480387,0.006077829,0.001900444,0.0020039,0.006926326,0.01421754,0.024400254,0.179375114,0.186035369,0.276508417,0.324972415,0.126363837,0.03544137,0.026471411,0.013658193,0.051542885,0.086116935,0.233336623,0.058755699,0.130884397,0.225255723,0.075498997,0.193077878,0.258261418,0.220043154,0.224949598,0.208743749,0.300822365,0.251784813,0.097542605,0.284778032,0.016881917,0.098652023,0.15779559,0.235991949,0.005406944,0.239032675,0.120382013,0.261968861,0.344606443,0.374655695,0.132052451,0.135083482,0.239551414,0.260129235,0.110512695,0.177061693,0.077733578,0.02197363,0.102574269,0.087201099,0.12082588,0.151600365,0.178234061,0.226183235,0.137412173,0.135785635,0.135539774,0.063955234,0.182569987,0.250014631,0.132855861,0.17022228,0.016994191,0.013333961,0.025563175,0.01537105,0.187198658,0.215522225,0.220562576,0.091512438,0.098626536,0.178616173,0.234570285,0.145245104,0.138582876,0.241333179,0.11324678,0.113013792,0.258297011,0.165760518,0.269891903,0.220222539,0.178004856
Coprococcus_comes_ATCC_27758,0.202358816,0.005037608,1,0.174962841,0.13815846,0.209676564,0.160274582,0.208404494,0.159083982,0.119350298,0.57331837,0.582995664,0.18512687,0.203959651,0.322554227,0.18079625,0.463154691,0.15981307,0.172414031,0.575407146,0.529301206,0.568349572,0.55789175,0.519726313,0.199643534,0.219888504,0.129549836,0.464443456,0.485322461,0.220804959,0.123181833,0.38206081,0.161675766,0.075725616,0.05678795,0.139885678,0.150045717,0.349555766,0.174727686,0.249841672,0.172102427,0.341178895,0.076732018,0.224557536,0.095242098,0.175550498,0.334655045,0.241466849,0.447726671,0.060755446,0.341728133,0.49762,0.234605743,0.10362816,0.22199844,0.318074817,0.677425303,0.442982619,0.371386731,0.507309341,0.179868214,0.382999188,0.54474723,0.237797955,0.14575707,0.133380322,0.386733792,0.522008786,0.152662367,0.229527795,0.206807502,0.550064215,0.343011091,0.36508153,0.317094873,0.352181502,0.120475168,0.002553503,0.023902007,0.003757088,0.008373828,0.03000007,0.069139132,0.038018507,0.076956575,0.049920313,0.034655915,0.004239038,0.076598265,0.03308917,0.004090017,0.01871643,0.021977552,0.004560354,0.010076519,0.018351303,0.018514087,0.006164673,0.012812076,0.031216504,0.010266125,0.183332736,0.037503382,0.025166879,0.002782527,0.189800095,0.011005946,0.01616833,0.002869528,0.008244273,0.009160445,0.019885495,0.031770051,0.006360399,0.004941345,0.025591195,0.002898056,0.000391796,0.048921092,0.00918158,0.000864194,0.023532261,0.001356369,0.002905954,0.001421387,0.001773417,0.00070873,0.001702654,0.00034935,0.008406432,0.004879,0.001218462,0.020664302,0.019072923,0.197174018,0.022658577,0.081143993,0.003241353,0.001635621,0.012973385,0.000487753,0.000668155,0.001791333,0.002707238,0.004008449,0.032275418,0.014374596,0.020477131,0.038501496,0.002836051,0.023884721,0.003765912,0.003914081,0.005877691
Akkermansia_muciniphila_ATCC_BAA_835,0.050631617,0.001374495,0.174962841,1,0.360403047,0.052409053,0.311365306,0.263719847,0.110916834,0.116735198,0.147448536,0.127320135,0.135292939,0.116919327,0.080498064,0.129447909,0.181641294,0.097345712,0.102789874,0.210238936,0.180684971,0.185916195,0.205374754,0.168689556,0.174783249,0.280379249,0.343678683,0.251424175,0.201554954,0.321635762,0.04035508,0.18753629,0.04510048,0.018927689,0.014384625,0.174077281,0.058004602,0.239820982,0.036825245,0.065050965,0.044052329,0.139034777,0.01907816,0.04915531,0.023701764,0.125559255,0.065365155,0.363810119,0.212450685,0.014104582,0.160745038,0.248661976,0.338082357,0.024335726,0.115815783,0.310762144,0.187675657,0.233139833,0.190467123,0.244196982,0.046333362,0.090562976,0.215175962,0.119229564,0.308764113,0.102840992,0.083876827,0.207353849,0.238865116,0.055511946,0.346713697,0.161304753,0.296836699,0.287993604,0.139247542,0.073399583,0.031256522,0.000578967,0.006003869,0.000995642,0.002255516,0.007327122,0.023013509,0.004575807,0.025609591,0.011634369,0.008871931,0.001108233,0.017946218,0.008337705,0.001068867,0.002090229,0.00573843,0.001086556,0.001952544,0.004789648,0.004734372,0.001624339,0.003287853,0.005711943,0.002676594,0.053733652,0.009509277,0.006060701,0.000678736,0.090943731,0.002788058,0.002765133,0.0007434,0.002249423,0.002499398,0.004570927,0.007512475,0.001449773,0.001325813,0.005789693,0.000661986,0.0001069,0.013305962,0.002304267,0.000235792,0.006420702,0.000370081,0.000727216,0.000387821,0.000483871,0.000193375,0.000464564,9.53E-05,0.002293668,0.001123923,0.000332453,0.005638188,0.006088803,0.060096376,0.00618232,0.047690456,0.00075757,0.000446274,0.003353625,0.000133082,0.000182304,0.00048876,0.000647807,0.001093692,0.008336305,0.00357332,0.005460278,0.009719454,0.000766205,0.006269443,0.000997626,0.001067944,0.001603709
Alistipes_putredinis_DSM_17216,0.046711791,0.000850934,0.13815846,0.360403047,1,0.039124245,0.533668443,0.316123497,0.131872241,0.110674701,0.116394174,0.10166709,0.185973253,0.091451401,0.069740187,0.146788794,0.190283837,0.147037074,0.147168491,0.201869324,0.167913023,0.171018655,0.183315124,0.143356223,0.204379768,0.454864169,0.644805795,0.245415225,0.204553927,0.320659852,0.040747074,0.181627967,0.064034646,0.012791285,0.009592406,0.253171104,0.06308914,0.315093143,0.024784573,0.056484755,0.032896331,0.099694824,0.012961283,0.034476674,0.016340726,0.226786957,0.059810945,0.482329679,0.190659151,0.009672073,0.151832387,0.252317823,0.502297919,0.017504477,0.141697806,0.392476237,0.158386553,0.228206713,0.211410303,0.267912775,0.037550964,0.056366526,0.199937027,0.086646402,0.48365953,0.157235814,0.062027706,0.213413752,0.436723003,0.029861666,0.359638477,0.124259271,0.314360183,0.32684231,0.11424628,0.057709186,0.014098972,0.000431328,0.004037437,0.000634633,0.001414475,0.005067498,0.01547785,0.016693451,0.040756983,0.005907457,0.004801828,0.000716042,0.012072236,0.005589298,0.00069087,0.003161509,0.003712365,0.000770318,0.001702087,0.003099833,0.00312733,0.001041313,0.002164167,0.004123459,0.001734115,0.037243991,0.00633493,0.004251094,0.000470014,0.105069671,0.001859083,0.002731093,0.00048471,0.001392592,0.001547348,0.003358983,0.005366477,0.001074375,0.000834673,0.004322768,0.000489529,6.62E-05,0.015413183,0.001550918,0.000145976,0.003974981,0.000229113,0.000490863,0.000240095,0.000299559,0.000119716,0.000287606,5.90E-05,0.001419983,0.000824142,0.000205818,0.003490536,0.01721711,0.047001948,0.003816744,0.033608955,0.000547517,0.000276283,0.002191415,8.24E-05,0.000112862,0.000302585,0.000457296,0.000512018,0.005451842,0.002428102,0.00280502,0.006503527,0.000479055,0.004034517,0.000636124,0.000661152,0.000992837
Anaerotruncus_colihominis_DSM_17241,0.205047504,0.020461844,0.209676564,0.052409053,0.039124245,1,0.050547915,0.071212044,0.098315896,0.083025686,0.267593565,0.313226776,0.092677025,0.176952685,0.217008784,0.11635858,0.183060922,0.119675147,0.0879584,0.168480632,0.181554573,0.193109195,0.181069991,0.20589412,0.099986283,0.068598923,0.032388733,0.131288665,0.157565369,0.059029503,0.193697168,0.125147751,0.124893478,0.307583616,0.230662277,0.056126825,0.083509724,0.085043538,0.435764026,0.233253311,0.307052341,0.28757622,0.311671435,0.546889797,0.393806598,0.086989355,0.445548294,0.060892843,0.110086702,0.24677752,0.114359135,0.126163358,0.058983899,0.363054096,0.065377414,0.082183764,0.191380788,0.122734988,0.150912806,0.114857074,0.39570306,0.412898306,0.16189302,0.22974239,0.038500562,0.045069206,0.457159682,0.138204085,0.055699173,0.413681707,0.055082539,0.23717918,0.08658462,0.081938706,0.218054096,0.423609801,0.257046795,0.010371861,0.095822242,0.015260604,0.034012957,0.121854802,0.128376634,0.058673336,0.105137404,0.149885488,0.13498663,0.017218197,0.305814329,0.134402161,0.016612901,0.038996089,0.0892688,0.018523323,0.040928978,0.074539639,0.075200836,0.025039777,0.052040311,0.119933886,0.041699123,0.216802817,0.107949545,0.102223265,0.011302117,0.074641976,0.04470414,0.044373844,0.011655499,0.033486732,0.037208054,0.077583351,0.117223027,0.02583478,0.02007084,0.091185869,0.011771373,0.001591403,0.061560978,0.032039546,0.003510196,0.048425772,0.005509325,0.011803453,0.005773413,0.007203296,0.002878733,0.006915871,0.001418996,0.031585769,0.019817606,0.00494917,0.058041543,0.023371657,0.234478406,0.062006768,0.056133537,0.013165783,0.006643594,0.052695517,0.001981166,0.002713924,0.007276069,0.010996306,0.016281586,0.122199421,0.058386981,0.083174363,0.156386043,0.01151952,0.088570327,0.015296448,0.015898282,0.023874108
Bacteroides_caccae_ATCC_43185,0.042673696,0.001241161,0.160274582,0.311365306,0.533668443,0.050547915,1,0.276400144,0.151176892,0.101773941,0.141901348,0.11903752,0.222542724,0.086926813,0.081216513,0.186530551,0.183349658,0.169185436,0.148851113,0.224038476,0.173653617,0.200211274,0.198568051,0.172751174,0.185523436,0.35520055,0.473417304,0.272538487,0.216121446,0.299438056,0.058870213,0.211464808,0.073533899,0.01761845,0.013671802,0.288102815,0.063723172,0.302284955,0.03298636,0.05664668,0.041757627,0.089231638,0.017046619,0.045329018,0.021785675,0.18665198,0.060909073,0.401386156,0.211340669,0.012375923,0.157022459,0.257519512,0.387685661,0.022519089,0.181916883,0.368589005,0.187917403,0.235256487,0.24139212,0.275031692,0.039078832,0.07063386,0.230837021,0.109143127,0.483546374,0.134347467,0.070915985,0.222547458,0.300342146,0.038549842,0.357476769,0.154233146,0.302823914,0.314026782,0.112561889,0.06969503,0.019460268,0.000629129,0.005700368,0.000925668,0.002063135,0.00613149,0.018048474,0.017333694,0.02411264,0.008704084,0.006964628,0.00104441,0.015953667,0.008150807,0.001007694,0.004611336,0.005414807,0.001123575,0.002482643,0.004521376,0.004561482,0.001518846,0.003156627,0.004441041,0.002529358,0.042119847,0.009222903,0.006116522,0.000685556,0.111714766,0.002711634,0.003983537,0.000706991,0.002031216,0.002256941,0.004556718,0.007827474,0.001567069,0.001217444,0.006305133,0.00071402,9.65E-05,0.021536761,0.002262149,0.000212919,0.005797855,0.000334181,0.000715966,0.0003502,0.000436933,0.000174616,0.000419498,8.61E-05,0.002071168,0.001202083,0.000300203,0.00509125,0.032413689,0.066440766,0.005582598,0.031838809,0.000798601,0.000402983,0.00319637,0.000120172,0.000164619,0.000441347,0.000667007,0.000908457,0.007077342,0.003541599,0.003368634,0.009392237,0.000698743,0.005574989,0.000927842,0.000964347,0.00144814
Bacteroides_cellulosilyticus_DSM_14838,0.070240945,0.00217747,0.208404494,0.263719847,0.316123497,0.071212044,0.276400144,1,0.085223746,0.091194785,0.173379381,0.157006788,0.108620144,0.064422838,0.094091819,0.091669429,0.253035326,0.104173418,0.126399096,0.235641334,0.25422404,0.182650465,0.254347611,0.176117493,0.165664215,0.247812224,0.269246993,0.247554352,0.215806162,0.370647754,0.064767366,0.305292158,0.073263784,0.028869162,0.023122232,0.156675902,0.06286233,0.311737249,0.060831197,0.083023295,0.054116655,0.145558242,0.030066618,0.080070249,0.035527544,0.150157644,0.096712822,0.400445389,0.236864045,0.026309582,0.247647685,0.278175894,0.278710907,0.038287774,0.103222809,0.365489981,0.204799152,0.280074862,0.220214362,0.269195558,0.083766389,0.111277526,0.246455063,0.119554638,0.300990616,0.061163728,0.1142947,0.248617084,0.26098274,0.08608563,0.367358982,0.188029602,0.315090585,0.310851961,0.177326583,0.096430103,0.035106413,0.001126628,0.010622363,0.001701706,0.003792776,0.013069682,0.025879153,0.007828545,0.055519934,0.01773923,0.014447814,0.001919997,0.030804685,0.013951595,0.0018525,0.008425563,0.009832778,0.002065531,0.004395544,0.008257145,0.008208103,0.002792179,0.005692608,0.01413896,0.004649859,0.082973547,0.016804522,0.011138068,0.001260296,0.156853988,0.004977722,0.006095205,0.001183927,0.003573434,0.004009656,0.007526785,0.012078514,0.00288083,0.002238094,0.009388555,0.001245915,0.000177457,0.032694204,0.003938268,0.000391421,0.004393083,0.000614343,0.0013162,0.000643792,0.000803238,0.000321007,0.000771187,0.000158232,0.003807544,0.002132641,0.000551881,0.005703183,0.042741864,0.067597594,0.007926118,0.017881657,0.001369759,0.000740825,0.005765575,0.000220919,0.000302629,0.000811353,0.001226195,0.001815555,0.012705092,0.006492312,0.00640112,0.016923006,0.001284539,0.009666082,0.001705703,0.001772813,0.002007521
Bacteroides_coprocola_M16_DSM_17136,0.074312644,0.005023663,0.159083982,0.110916834,0.131872241,0.098315896,0.151176892,0.085223746,1,0.112972446,0.14985672,0.146042089,0.289129401,0.228639094,0.053823651,0.044893249,0.122623289,0.073610257,0.232018174,0.162498305,0.113408884,0.192570961,0.137323397,0.108698715,0.092408741,0.108516566,0.112587439,0.178687282,0.112109922,0.159360669,0.111604715,0.153900003,0.129348434,0.057012919,0.047292228,0.123242866,0.13544617,0.164737177,0.063645806,0.123367014,0.062745613,0.123534964,0.054952952,0.08771042,0.059219663,0.122723809,0.090739404,0.156315307,0.172736081,0.043883683,0.126778195,0.188658736,0.154721203,0.069116709,0.059300695,0.154640686,0.160217576,0.130634389,0.129721516,0.181840889,0.081605652,0.103497524,0.171377481,0.178551263,0.15508802,0.215879829,0.106184976,0.136848048,0.099062424,0.084991698,0.125945691,0.165901986,0.191536756,0.217762138,0.10860977,0.109423852,0.095456745,0.002546434,0.020194011,0.003746687,0.008242725,0.023572479,0.040809514,0.096488456,0.026155781,0.055565302,0.028969732,0.004227303,0.047463057,0.030534251,0.004078695,0.018664618,0.021664467,0.004547729,0.008456091,0.018169445,0.018310504,0.006147608,0.012776608,0.013553225,0.010237705,0.044823681,0.020355537,0.023125359,0.002774824,0.174916173,0.010845181,0.009803768,0.002861584,0.007556196,0.009125132,0.014487973,0.028176826,0.005929794,0.004927666,0.01963527,0.002890033,0.000390711,0.022956675,0.006470659,0.000861801,0.009767756,0.001352615,0.002897909,0.001417452,0.001768508,0.000706768,0.001697941,0.000348383,0.007704291,0.004865494,0.001215089,0.018426985,0.005781451,0.134184656,0.01330784,0.068171811,0.00323238,0.001631093,0.012931162,0.000486403,0.000666305,0.001786375,0.002699744,0.003997352,0.025300232,0.013543233,0.013130442,0.030582023,0.0028282,0.017840759,0.003755487,0.003903246,0.004635149
Bacteroides_coprophilus_DSM_18228,0.138027529,0.005770073,0.119350298,0.116735198,0.110674701,0.083025686,0.101773941,0.091194785,0.112972446,1,0.111512458,0.115964113,0.108917945,0.061446134,0.064932695,0.081770203,0.100333603,0.104858426,0.265648202,0.153345451,0.095299763,0.14846296,0.13772247,0.101160167,0.077458242,0.086018822,0.09148597,0.147701773,0.088233074,0.109328682,0.05448989,0.076968893,0.046612397,0.065341629,0.054934139,0.117321965,0.211175658,0.129948279,0.067996216,0.120188674,0.055710562,0.147746015,0.063271042,0.088344333,0.065885596,0.106174277,0.097879256,0.082841906,0.125372034,0.051147845,0.15140803,0.093495798,0.141929702,0.079485444,0.14115997,0.105165959,0.137302845,0.140080285,0.101586865,0.137213226,0.076342357,0.087507222,0.146940236,0.155833422,0.10132713,0.239599559,0.101128323,0.126719709,0.114999659,0.071568523,0.068525325,0.101258505,0.090245655,0.086573067,0.114006029,0.112005626,0.036881535,0.002742819,0.023641704,0.004303365,0.009591376,0.02488179,0.035883993,0.022146649,0.089315715,0.034403813,0.028820825,0.00485539,0.044905763,0.035946501,0.004684702,0.021437785,0.02511827,0.004872887,0.008727324,0.020694575,0.020970188,0.007061012,0.014471181,0.01483292,0.011547765,0.055431947,0.024688763,0.027350843,0.003162007,0.114813002,0.012606202,0.010857967,0.003286755,0.009362977,0.010352058,0.018439035,0.031032744,0.006394713,0.005659813,0.019112841,0.003091194,0.000448763,0.025678886,0.006837555,0.000989847,0.011111847,0.001553585,0.003328477,0.001628055,0.002031271,0.000811779,0.001950219,0.000400145,0.00783589,0.005588403,0.001395625,0.020872348,0.006555293,0.141833567,0.013686388,0.184442606,0.003492434,0.001873439,0.014859704,0.000558672,0.000765304,0.002051792,0.003032057,0.004393692,0.029211086,0.01623374,0.011951331,0.035944647,0.00324841,0.021998169,0.004313473,0.004003956,0.004360877
Bacteroides_dorei_5_1_36_D4,0.212559145,0.00679359,0.57331837,0.147448536,0.116394174,0.267593565,0.141901348,0.173379381,0.14985672,0.111512458,1,0.707207329,0.183122147,0.197210643,0.293239433,0.140079845,0.418621294,0.155629653,0.160819159,0.46101279,0.489840716,0.521818199,0.563788939,0.523163134,0.215497564,0.193638828,0.098384041,0.414661416,0.424740364,0.183732129,0.123118259,0.327342156,0.140340108,0.102121635,0.076582782,0.121958366,0.129706226,0.26979928,0.188339166,0.243476997,0.181821277,0.331134752,0.103478843,0.242102218,0.130347097,0.16215139,0.32743561,0.182259615,0.347009748,0.076829324,0.324572162,0.380569406,0.176089792,0.13362536,0.189259483,0.245170978,0.569335396,0.39991217,0.289823486,0.387055999,0.199245794,0.36063784,0.452376845,0.260966453,0.143616978,0.116115915,0.428185841,0.434416012,0.117288684,0.19219066,0.16173262,0.561056999,0.260083278,0.277848138,0.316874486,0.42123338,0.105615948,0.003443589,0.032233637,0.005066713,0.01129273,0.040457329,0.107147893,0.037395021,0.089281209,0.051842462,0.044257143,0.005716658,0.088554051,0.044623211,0.005515693,0.025240501,0.029638366,0.006149976,0.013588936,0.024748099,0.024967625,0.008313521,0.017278039,0.032587455,0.013844634,0.176083807,0.050576105,0.033939412,0.003752445,0.239307704,0.014842338,0.019766397,0.003869772,0.011118017,0.012353543,0.026817072,0.042844281,0.008577472,0.006663772,0.034511634,0.003908244,0.000528366,0.040794285,0.012382045,0.001165429,0.031735007,0.001829165,0.003918895,0.001916846,0.002391585,0.000955776,0.002296156,0.000471125,0.0113367,0.006579695,0.001643187,0.027867351,0.018986955,0.215641284,0.03055678,0.068091617,0.004371206,0.002205757,0.017495576,0.000657772,0.000901057,0.002415747,0.003650912,0.005405692,0.043525805,0.019385213,0.027614936,0.051922136,0.003824626,0.032210326,0.005078613,0.00527843,0.007926504
Bacteroides_dorei_DSM_17855,0.227132365,0.007806676,0.582995664,0.127320135,0.10166709,0.313226776,0.11903752,0.157006788,0.146042089,0.115964113,0.707207329,1,0.17750236,0.230276903,0.317718578,0.142239604,0.420694538,0.167888641,0.165159282,0.432810349,0.4543254,0.520718169,0.52399926,0.465159719,0.201489204,0.172462943,0.085468704,0.382357092,0.381950334,0.162030715,0.148118079,0.293118188,0.174064676,0.1173504,0.088003096,0.111458316,0.129993345,0.243670087,0.198909573,0.275873207,0.188172223,0.374942904,0.116795589,0.269858177,0.144585035,0.153902144,0.390577991,0.159374513,0.31669818,0.083334822,0.281164599,0.349851678,0.160425642,0.155755295,0.174326602,0.210987419,0.541836482,0.355912524,0.300594484,0.337252746,0.243166447,0.42936305,0.415639867,0.279354366,0.119146239,0.10217919,0.498858337,0.404036993,0.113373993,0.205177473,0.14907517,0.544850996,0.229319284,0.242262026,0.318794921,0.477784849,0.123568189,0.003957109,0.037040439,0.00582228,0.012976745,0.043728754,0.107292421,0.0411888,0.08809766,0.064355406,0.053705545,0.006569148,0.102835833,0.051277593,0.006338214,0.02900446,0.034058151,0.007067084,0.01561537,0.028438629,0.028690892,0.009553265,0.019854605,0.032116897,0.015909198,0.202907799,0.050663061,0.039000585,0.004312024,0.190917987,0.017055683,0.025055721,0.004446848,0.012775978,0.01419575,0.030816135,0.049233382,0.009856578,0.007657499,0.037545423,0.004491056,0.000607158,0.060052149,0.014228503,0.001339223,0.036467452,0.002101937,0.004503295,0.002202693,0.002748227,0.001098305,0.002638568,0.00054138,0.013027272,0.007560884,0.001888225,0.032023036,0.012874531,0.237557558,0.035113523,0.068960549,0.005023057,0.002534688,0.020104582,0.000755861,0.001035426,0.002775992,0.00419535,0.006211809,0.050016538,0.02227601,0.03173298,0.059664962,0.004394969,0.037013652,0.005835955,0.006065569,0.009108535
Bacteroides_eggerthii_DSM_20697,0.109819758,0.003677223,0.18512687,0.135292939,0.185973253,0.092677025,0.222542724,0.108620144,0.289129401,0.108917945,0.183122147,0.17750236,1,0.126038922,0.09038879,0.066292307,0.191424275,0.116932939,0.211751537,0.190593511,0.180062348,0.225629728,0.194857921,0.166358177,0.152272083,0.165892861,0.174271437,0.229408622,0.175231733,0.150981934,0.133085507,0.170089028,0.079974096,0.049683419,0.039671954,0.129149563,0.067576133,0.168741998,0.065027268,0.093491898,0.06722927,0.099180354,0.050558838,0.100691686,0.057986092,0.151204832,0.110659756,0.213818574,0.19475567,0.035349229,0.136491764,0.224503666,0.222820982,0.062118527,0.109167195,0.221269715,0.177150166,0.207975502,0.226357632,0.216965589,0.08159984,0.105731785,0.217326168,0.118883635,0.174194165,0.074897424,0.124389144,0.191927865,0.165308004,0.079826369,0.143753552,0.218043123,0.237064313,0.261354916,0.114530689,0.123984524,0.034706988,0.00186394,0.015723416,0.002742502,0.00611251,0.017871632,0.042759921,0.072139035,0.022240036,0.023343555,0.019575937,0.003094303,0.042696569,0.023709204,0.002985525,0.013662135,0.016042604,0.003328849,0.006175205,0.013395609,0.013514433,0.004499929,0.009352227,0.010380765,0.0074938,0.059830309,0.016691826,0.018152143,0.002031117,0.133691003,0.008033835,0.006329613,0.002094624,0.006017941,0.006686704,0.013372735,0.020018898,0.004323882,0.003606955,0.013918562,0.002115448,0.000285993,0.00688982,0.006702132,0.000630822,0.010627977,0.000990087,0.002121213,0.001037547,0.001294513,0.000517341,0.00124286,0.000255009,0.00613631,0.003561446,0.000889421,0.009938111,0.004717481,0.143582615,0.009774132,0.025899673,0.002366039,0.001193928,0.009469975,0.000356038,0.000487723,0.001307591,0.001976159,0.002148601,0.019675236,0.010467964,0.00759606,0.025078656,0.002070187,0.014429732,0.002748943,0.0028571,0.003770284
Bacteroides_finegoldii_DSM_17565,0.090980809,0.006000785,0.203959651,0.116919327,0.091451401,0.176952685,0.086926813,0.064422838,0.228639094,0.061446134,0.197210643,0.230276903,0.126038922,1,0.148694002,0.241978216,0.203557463,0.092213246,0.181117119,0.21917704,0.183046569,0.227174835,0.185001142,0.227253718,0.236763326,0.179633602,0.109234333,0.212215316,0.211862887,0.122949331,0.074721686,0.1406266,0.217551038,0.085512749,0.067115001,0.055957096,0.088618241,0.18638799,0.123497624,0.144644455,0.113417783,0.151264325,0.08434868,0.166320525,0.100465971,0.076971873,0.167743839,0.168360018,0.180784117,0.060519265,0.124365692,0.191607627,0.149571748,0.110397478,0.107552169,0.136988009,0.20840759,0.162954079,0.181226892,0.172045901,0.115683624,0.225359205,0.199499391,0.190245856,0.114626112,0.121141036,0.187510298,0.198319057,0.077739681,0.139143363,0.130430918,0.215636565,0.225400769,0.224910153,0.129859379,0.191964196,0.147049102,0.003041725,0.026768244,0.004475433,0.009974881,0.030034608,0.057574887,0.017559498,0.035180008,0.072935449,0.041282032,0.00504953,0.059749205,0.03941573,0.004872017,0.010128232,0.0261796,0.005432281,0.011777492,0.021860022,0.02205393,0.007343342,0.01526171,0.020404547,0.01222898,0.094963485,0.032784705,0.029259983,0.003314539,0.139182646,0.013110253,0.015806831,0.003418174,0.009820556,0.010911897,0.02335955,0.036374873,0.007576491,0.005886117,0.027030668,0.003452156,0.000466706,0.049094745,0.008735972,0.001029425,0.013642705,0.001615704,0.003461564,0.001693152,0.00211249,0.000844238,0.002028197,0.000416145,0.010013719,0.005811852,0.001451429,0.023778916,0.009587082,0.100076745,0.019240359,0.032164022,0.003861091,0.001948347,0.015453861,0.000581011,0.000795905,0.002133832,0.003224855,0.004774853,0.034847588,0.01712298,0.020808675,0.044876472,0.003378296,0.025148123,0.004485945,0.004662443,0.00700149
Bacteroides_fragilis_3_1_12,0.216442388,0.010195429,0.322554227,0.080498064,0.069740187,0.217008784,0.081216513,0.094091819,0.053823651,0.064932695,0.293239433,0.317718578,0.09038879,0.148694002,1,0.116503949,0.246476903,0.173583113,0.062019356,0.227326105,0.245924828,0.237173746,0.231315803,0.287139688,0.116635671,0.109183177,0.05888257,0.189919611,0.229117334,0.115828316,0.092196331,0.161847933,0.113569963,0.134945308,0.10897361,0.108747832,0.064170102,0.160215868,0.185327215,0.13770352,0.145688385,0.252677034,0.12885497,0.243900874,0.140691796,0.128226801,0.297079488,0.105532651,0.188226486,0.097437666,0.191168081,0.195628788,0.097273169,0.157571241,0.138029479,0.122857811,0.308115369,0.211735352,0.202032533,0.21918978,0.192557834,0.311786892,0.213110747,0.139555846,0.05098915,0.095815606,0.351522764,0.26077821,0.065295718,0.262549534,0.122079899,0.271791481,0.144560185,0.153923063,0.18489896,0.32970385,0.162827777,0.005167939,0.047525704,0.007603831,0.01694748,0.047487023,0.095823519,0.022811416,0.043629775,0.078930098,0.066397824,0.008579232,0.086974983,0.066189367,0.008277634,0.013340199,0.044297061,0.009229531,0.01896295,0.036893347,0.037469975,0.012476454,0.025929886,0.035928329,0.020674359,0.253138603,0.059704847,0.048725968,0.005631454,0.075497381,0.022274526,0.025422201,0.005807532,0.01668528,0.018539486,0.037764773,0.055685225,0.012872577,0.010000605,0.048560359,0.005865268,0.000792941,0.033313646,0.015807109,0.001749009,0.035184608,0.002745106,0.005881252,0.002876692,0.003589153,0.001434373,0.003445939,0.000707037,0.01316643,0.009874427,0.002466,0.027892836,0.038020239,0.101878534,0.02234427,0.042975714,0.006560054,0.003310273,0.026182984,0.000987146,0.001352254,0.003625414,0.005479079,0.008112551,0.055191648,0.028555701,0.029105367,0.070512379,0.005739778,0.041084794,0.007621691,0.007921564,0.008390079
Bacteroides_intestinalis_341_DSM_17393,0.0603063,0.003344421,0.18079625,0.129447909,0.146788794,0.11635858,0.186530551,0.091669429,0.044893249,0.081770203,0.140079845,0.142239604,0.066292307,0.241978216,0.116503949,1,0.153339419,0.079559382,0.082261867,0.187525194,0.191559897,0.156272739,0.162301564,0.206534266,0.289428853,0.227790296,0.173733781,0.152149477,0.273310451,0.096879574,0.049140006,0.187023741,0.148861622,0.046549061,0.036318602,0.090653712,0.048706592,0.182554619,0.103397226,0.098228635,0.137023703,0.124871553,0.047409104,0.103169897,0.057327525,0.078344209,0.144042263,0.209964885,0.19741993,0.040261753,0.122069363,0.1717708,0.241176368,0.056986612,0.15038673,0.221152691,0.183770028,0.183991908,0.149814738,0.17923183,0.102955056,0.14917156,0.170360672,0.195136217,0.143731604,0.046709834,0.136238052,0.195964275,0.169716003,0.10107652,0.164605916,0.155756097,0.196397846,0.174557467,0.153964554,0.123267554,0.067091716,0.001695247,0.015868321,0.002494296,0.005559306,0.019501274,0.032890621,0.009786106,0.015396553,0.040649159,0.02300774,0.002814258,0.044881193,0.021477373,0.002715324,0.006607215,0.014590693,0.003027576,0.006592457,0.01218326,0.012269902,0.004092669,0.008505818,0.020724347,0.006815585,0.070575152,0.020262138,0.016267446,0.001847294,0.051443984,0.007306745,0.007252011,0.001905053,0.005473297,0.006081534,0.011661922,0.018246351,0.00422261,0.003280513,0.014120775,0.001923992,0.00026011,0.010052234,0.004832754,0.00057373,0.006704367,0.000900481,0.001929236,0.000943646,0.001177355,0.00047052,0.001130376,0.00023193,0.005181307,0.003239123,0.000808926,0.009227418,0.007782827,0.079417679,0.009319019,0.047238883,0.002151904,0.001085874,0.00861291,0.000323815,0.000443582,0.00118925,0.00179731,0.002661172,0.019680324,0.009543161,0.0099123,0.025233665,0.001882828,0.014469472,0.002500154,0.002598522,0.003116965
Bacteroides_ovatus_ATCC_8483,0.171308835,0.004020265,0.463154691,0.181641294,0.190283837,0.183060922,0.183349658,0.253035326,0.122623289,0.100333603,0.418621294,0.420694538,0.191424275,0.203557463,0.246476903,0.153339419,1,0.213441363,0.200231871,0.512324023,0.562915216,0.486366382,0.54980008,0.436485923,0.221663752,0.314600683,0.165468477,0.479460815,0.430236712,0.280816822,0.109999452,0.36468345,0.151723748,0.060432855,0.045319644,0.18444941,0.084899113,0.390632076,0.130332147,0.173891243,0.144667439,0.257967601,0.061125184,0.169410933,0.077373618,0.20517862,0.240718237,0.286449581,0.352185032,0.048485905,0.274653535,0.473567713,0.279172099,0.081091851,0.201384621,0.344318008,0.474886456,0.405720204,0.29826622,0.487689272,0.123153146,0.271829016,0.512824829,0.223078874,0.190139752,0.136248446,0.275953471,0.46116602,0.17041093,0.155269065,0.228816572,0.386332166,0.312680206,0.373481583,0.28429692,0.250023655,0.093105821,0.002037824,0.019075005,0.002998345,0.006682736,0.023941567,0.05751427,0.020139892,0.089322087,0.048863577,0.027657165,0.003382966,0.063426998,0.026406824,0.003264039,0.013906493,0.017539193,0.003639392,0.008041569,0.014645264,0.014775173,0.00491972,0.010224682,0.024912342,0.008192885,0.170284859,0.029929588,0.020084437,0.002220597,0.185538684,0.008783299,0.012903141,0.002290028,0.006579345,0.007310496,0.015869626,0.025354101,0.005075919,0.003943442,0.020423063,0.002312794,0.000312673,0.058616488,0.007327364,0.00068967,0.018779929,0.001082451,0.002319097,0.001134338,0.001415276,0.000565603,0.001358804,0.000278799,0.006708756,0.003893688,0.000972394,0.016491154,0.035608923,0.171238826,0.018082686,0.04096036,0.002586763,0.001305308,0.010353414,0.000389252,0.000533221,0.001429574,0.002160512,0.003198944,0.025757409,0.011471651,0.016341781,0.030726133,0.002263311,0.01906121,0.003005388,0.003123634,0.004690694
Bacteroides_pectinophilus_ATCC_43243,0.101929002,0.004391828,0.15981307,0.097345712,0.147037074,0.119675147,0.169185436,0.104173418,0.073610257,0.104858426,0.155629653,0.167888641,0.116932939,0.092213246,0.173583113,0.079559382,0.213441363,1,0.111659427,0.193323954,0.146635997,0.202185468,0.163783612,0.145987438,0.082317545,0.130475495,0.113021148,0.186969304,0.149520971,0.116759421,0.100734176,0.117813594,0.061922691,0.065704643,0.049508197,0.346536568,0.155090562,0.165995911,0.087598895,0.141294038,0.068240149,0.140165493,0.064738394,0.135171626,0.075412642,0.20396782,0.138843921,0.110645581,0.123842569,0.046085964,0.101394427,0.154578423,0.153151949,0.086812757,0.252467638,0.126647756,0.164830594,0.17764076,0.140835457,0.181956065,0.084893194,0.129167831,0.191171537,0.092429158,0.150949738,0.199941444,0.148302375,0.163200562,0.151858969,0.101287886,0.162928174,0.144761492,0.086567736,0.128843305,0.106831913,0.164222838,0.045346211,0.002226164,0.020127487,0.00327546,0.007300371,0.023026258,0.03566855,0.01802871,0.025612222,0.030557975,0.024954146,0.003695628,0.042597108,0.028847407,0.00356571,0.008223077,0.019160208,0.003975753,0.008784791,0.015998815,0.016140731,0.005374412,0.011169672,0.016519503,0.008950091,0.065815667,0.023088399,0.02194069,0.00242583,0.048855914,0.009595073,0.013063467,0.002501678,0.007187425,0.00798615,0.017336336,0.027102632,0.005545048,0.004307905,0.022310612,0.002526548,0.000341571,0.02599833,0.006721865,0.000753411,0.009936342,0.001182494,0.002533434,0.001239177,0.001546079,0.000617877,0.001484388,0.000304566,0.007328796,0.004253552,0.001062265,0.018015307,0.007212189,0.101394605,0.019753932,0.105370873,0.002825838,0.001425948,0.011310302,0.000425227,0.000582503,0.001561699,0.002360192,0.003253036,0.025322785,0.01253189,0.012203844,0.032085162,0.002472492,0.019678053,0.003283153,0.003412328,0.005124219
Bacteroides_plebeius_M12_DSM_17135,0.126240122,0.004767861,0.172414031,0.102789874,0.147168491,0.0879584,0.148851113,0.126399096,0.232018174,0.265648202,0.160819159,0.165159282,0.211751537,0.181117119,0.062019356,0.082261867,0.200231871,0.111659427,1,0.214563667,0.146809866,0.226822726,0.202348456,0.116102415,0.142191407,0.185311383,0.140705328,0.205107764,0.112638292,0.179828796,0.108229021,0.183180118,0.103829553,0.049046182,0.04182547,0.070935716,0.11870457,0.201220263,0.055180462,0.079241679,0.060900644,0.104066098,0.048461163,0.075864962,0.051136134,0.098540465,0.090403364,0.183133113,0.195839428,0.039800692,0.166517351,0.193389873,0.201327364,0.060861287,0.102742694,0.187027624,0.177135012,0.205142007,0.131577352,0.196851736,0.086583143,0.1026437,0.223372887,0.157161456,0.137918952,0.173999596,0.09679606,0.160033944,0.152418048,0.067991156,0.114589814,0.146434078,0.186644434,0.208679358,0.175573901,0.09599659,0.088029243,0.002294339,0.018521178,0.003555908,0.007717185,0.020370929,0.026685462,0.016772197,0.12599247,0.050689243,0.027714579,0.004012051,0.042633276,0.029147549,0.00387101,0.017714226,0.020509697,0.003944298,0.007710524,0.017129313,0.017054065,0.005834575,0.0119862,0.011961506,0.009570418,0.051515853,0.018947881,0.021620618,0.002633532,0.136467652,0.010186893,0.006839376,0.002715874,0.006984909,0.008606188,0.014237139,0.024595609,0.005312739,0.004676752,0.01498691,0.002582242,0.000370816,0.007673628,0.005367723,0.000817919,0.008573547,0.00128374,0.002750349,0.001345276,0.001678456,0.00067078,0.001611483,0.000330643,0.006546366,0.004617745,0.001153217,0.010708097,0.005513971,0.146798673,0.010897229,0.051610338,0.002913808,0.001548039,0.012166373,0.000461636,0.000632378,0.001695413,0.002533307,0.003793809,0.024548335,0.012808904,0.012324902,0.02818893,0.002684189,0.017444688,0.003486458,0.003199418,0.003728634
Bacteroides_sp_2_1_7,0.148377842,0.003651723,0.575407146,0.210238936,0.201869324,0.168480632,0.224038476,0.235641334,0.162498305,0.153345451,0.46101279,0.432810349,0.190593511,0.21917704,0.227326105,0.187525194,0.512324023,0.193323954,0.214563667,1,0.515608457,0.597569773,0.577431317,0.502213514,0.228116385,0.30349237,0.183453801,0.579935487,0.47421159,0.242324571,0.09873605,0.410860007,0.163187577,0.054892916,0.041165148,0.150717869,0.168324803,0.433285165,0.130313499,0.207428738,0.152653348,0.335922461,0.055622448,0.157397851,0.070280702,0.185651649,0.251700887,0.305580109,0.469552305,0.044041155,0.333552803,0.554675062,0.318078589,0.071879375,0.293323975,0.373369072,0.587940879,0.46193027,0.359805783,0.574369232,0.116637707,0.290465929,0.727474797,0.231481898,0.215408691,0.161893482,0.266871047,0.574075365,0.200600615,0.15029324,0.256170613,0.419540424,0.397147079,0.427819592,0.255072464,0.246477362,0.105277235,0.001851014,0.016532779,0.002723484,0.006070123,0.02174682,0.060424309,0.02285188,0.073679089,0.044384205,0.025121806,0.003072846,0.058418503,0.023986084,0.002964822,0.013567396,0.015931358,0.003305765,0.007304391,0.013302718,0.013420719,0.004468724,0.009287375,0.022628603,0.007441835,0.138916191,0.027185913,0.018243277,0.002017033,0.203629785,0.007978125,0.011720298,0.002080099,0.00597621,0.006640336,0.014414842,0.023029865,0.004610605,0.003581943,0.01855086,0.002100778,0.00028401,0.058255586,0.006655657,0.000626447,0.017058355,0.000983222,0.002106503,0.001030352,0.001285536,0.000513753,0.001234241,0.000253241,0.006093758,0.003536749,0.000883254,0.014979394,0.018044989,0.186360712,0.016425028,0.091438869,0.002349632,0.001185649,0.009404306,0.000353569,0.00048434,0.001298524,0.001962456,0.002905694,0.021617421,0.010420034,0.014843714,0.027909438,0.002055831,0.01616036,0.002729881,0.002837287,0.004260693
Bacteroides_sp_2_2_4,0.150832551,0.00403641,0.529301206,0.180684971,0.167913023,0.181554573,0.173653617,0.25422404,0.113408884,0.095299763,0.489840716,0.4543254,0.180062348,0.183046569,0.245924828,0.191559897,0.562915216,0.146635997,0.146809866,0.515608457,1,0.505139473,0.626964334,0.534048263,0.24037824,0.268423402,0.16344758,0.504123854,0.501537875,0.289793927,0.115837855,0.430124884,0.145971899,0.060675539,0.045501637,0.142277116,0.100907399,0.38640524,0.152210666,0.184839768,0.156737136,0.278560537,0.061481924,0.168003147,0.077684332,0.183066722,0.286296117,0.282051804,0.42420905,0.048680614,0.333761802,0.468688027,0.252158019,0.081955128,0.227615052,0.355635206,0.554775267,0.400566549,0.335375309,0.50757825,0.132469886,0.288244962,0.512662847,0.19008383,0.212070741,0.1009164,0.312571313,0.4881756,0.173755622,0.173553028,0.235475544,0.391269786,0.329020036,0.364340224,0.257021091,0.2701154,0.082790888,0.002046007,0.019151606,0.003010386,0.006709572,0.02403771,0.061138772,0.019806373,0.080050946,0.037622197,0.02776823,0.003396551,0.064572525,0.026512867,0.003277147,0.014996636,0.017609626,0.003654007,0.008073863,0.014704076,0.014834507,0.004939476,0.010265742,0.025012384,0.008225785,0.140012643,0.030049778,0.020165092,0.002229514,0.254872697,0.008818571,0.012954957,0.002299224,0.006605766,0.007339854,0.015933355,0.025455917,0.005096303,0.003959278,0.020505077,0.002322082,0.000313928,0.059388436,0.007356789,0.00069244,0.018855345,0.001086798,0.00232841,0.001138893,0.00142096,0.000567874,0.001364261,0.000279919,0.006735697,0.003909324,0.000976299,0.016557379,0.020457723,0.145086403,0.018155302,0.054688827,0.002597151,0.00131055,0.010394991,0.000390815,0.000535363,0.001435315,0.002169188,0.00321179,0.025860844,0.011517719,0.016407406,0.030849522,0.0022724,0.019137756,0.003017457,0.003136178,0.00470953
Bacteroides_sp_4_3_47FAA,0.175718158,0.004477008,0.568349572,0.185916195,0.171018655,0.193109195,0.200211274,0.182650465,0.192570961,0.14846296,0.521818199,0.520718169,0.225629728,0.227174835,0.237173746,0.156272739,0.486366382,0.202185468,0.226822726,0.597569773,0.505139473,1,0.582872722,0.507867213,0.265330578,0.270855773,0.14817489,0.628824294,0.475253227,0.250687592,0.125269979,0.350153563,0.180206319,0.064031975,0.049414254,0.158054552,0.166057877,0.372756873,0.120278312,0.230817193,0.139364687,0.308372421,0.063030069,0.161947049,0.079057012,0.185373394,0.262084215,0.251382374,0.445654584,0.044100808,0.341371007,0.502180326,0.2763519,0.08774926,0.247203946,0.324790632,0.610209813,0.452622397,0.342426538,0.529097111,0.146292615,0.267876517,0.583485271,0.234981506,0.203135502,0.167484465,0.313337616,0.504716498,0.174185183,0.132471,0.22777063,0.467678671,0.337813977,0.36484924,0.279844245,0.298333472,0.081021598,0.002269341,0.021242121,0.003338988,0.007441963,0.021282309,0.081345443,0.034121959,0.085051028,0.037588209,0.030799303,0.003767305,0.056400972,0.02940691,0.003634868,0.016633611,0.019531825,0.004052864,0.008955174,0.016309116,0.016453785,0.00547865,0.01138631,0.015132927,0.00912368,0.140203567,0.030569596,0.022366235,0.002472879,0.26634604,0.009781172,0.01436907,0.002550199,0.007326826,0.008141044,0.017672579,0.028234587,0.005652596,0.004391458,0.022743332,0.002575552,0.000348196,0.040844727,0.008159827,0.000768024,0.020913522,0.001205429,0.002582571,0.001263211,0.001576066,0.000629861,0.001513178,0.000310473,0.00747094,0.004336051,0.001082868,0.018364718,0.008556936,0.233965635,0.020137064,0.083802002,0.002880646,0.001453604,0.011529668,0.000433475,0.000593801,0.001591989,0.002405969,0.003562377,0.028683714,0.012774949,0.017077565,0.034216937,0.002520447,0.021226759,0.003346831,0.003222606,0.005223604
Bacteroides_sp_9_1_42FAA,0.174261381,0.004158417,0.55789175,0.205374754,0.183315124,0.181069991,0.198568051,0.254347611,0.137323397,0.13772247,0.563788939,0.52399926,0.194857921,0.185001142,0.231315803,0.162301564,0.54980008,0.163783612,0.202348456,0.577431317,0.626964334,0.582872722,1,0.510188467,0.245076581,0.290517855,0.159016911,0.555218346,0.492015841,0.281316804,0.102630261,0.401570802,0.158133033,0.062509563,0.046877003,0.149472686,0.115136645,0.422789007,0.128347831,0.224401814,0.138208432,0.277056311,0.063340322,0.162316625,0.080032476,0.208584809,0.250033467,0.291415421,0.442824341,0.05015207,0.402919566,0.528304865,0.275332346,0.0855424,0.22393517,0.376931676,0.614991169,0.507370649,0.332203244,0.580974294,0.145732568,0.277747405,0.583090927,0.235174486,0.221583299,0.123729641,0.315314927,0.519332536,0.181920034,0.147670752,0.246210524,0.489732271,0.351157444,0.400069648,0.311456333,0.278890845,0.079598262,0.002107851,0.019730497,0.00310138,0.006912381,0.024764292,0.067859902,0.030328217,0.107444435,0.032107211,0.027136032,0.003499217,0.066524342,0.027314265,0.003376205,0.015449935,0.018141908,0.003764455,0.008317909,0.015148532,0.015282906,0.005088781,0.010576042,0.025768427,0.008474424,0.138102673,0.030958085,0.020774616,0.002296905,0.259659848,0.009085127,0.013346543,0.002368722,0.006805437,0.007561713,0.016414968,0.026225366,0.005250347,0.004078954,0.021124878,0.002392271,0.000323417,0.051003203,0.00757916,0.00071337,0.019425281,0.001119648,0.002398791,0.001173319,0.001463911,0.000585039,0.001405498,0.00028838,0.006939295,0.00402749,0.001005809,0.017057854,0.013809306,0.191331814,0.018704077,0.064337156,0.002675654,0.001350163,0.010709198,0.000402628,0.000551545,0.0014787,0.002234756,0.003308872,0.026642533,0.011865862,0.016903348,0.031782002,0.002341088,0.019716228,0.003108664,0.003230974,0.004851884
Bacteroides_sp_D1,0.165838443,0.005004528,0.519726313,0.168689556,0.143356223,0.20589412,0.172751174,0.176117493,0.108698715,0.101160167,0.523163134,0.465159719,0.166358177,0.227253718,0.287139688,0.206534266,0.436485923,0.145987438,0.116102415,0.502213514,0.534048263,0.507867213,0.510188467,1,0.217942028,0.236077788,0.128489258,0.466685409,0.654190741,0.201619636,0.135643673,0.317814486,0.152564899,0.073984421,0.055190395,0.142806678,0.141545667,0.349727079,0.14071669,0.218937396,0.146270063,0.324645033,0.074556772,0.183430064,0.095269819,0.176293218,0.311188403,0.228054821,0.383234733,0.059020811,0.340401798,0.405647843,0.2365634,0.099344391,0.247932905,0.280092901,0.580158947,0.416329229,0.353102625,0.477761919,0.159476185,0.284054604,0.483471535,0.200339023,0.152865302,0.107957448,0.334595046,0.536562165,0.157833581,0.176298673,0.210244454,0.461426701,0.332311002,0.347072212,0.277235275,0.314194135,0.082178741,0.002536735,0.023745051,0.003732416,0.00831884,0.02980307,0.065122497,0.028030474,0.068932878,0.039646278,0.033807614,0.004211201,0.071585268,0.032649045,0.004063159,0.014439188,0.021686565,0.004530407,0.01001035,0.018230796,0.018392511,0.006124192,0.012727944,0.027137636,0.010198711,0.148757314,0.037257111,0.025001618,0.002764255,0.226945723,0.010933674,0.016062158,0.002850685,0.008190136,0.009100292,0.019754914,0.031490873,0.006318633,0.004908897,0.025423147,0.002879025,0.000389223,0.030392482,0.009121288,0.000858519,0.023377733,0.001347463,0.002886871,0.001412053,0.001761772,0.000704076,0.001691474,0.000347056,0.00835123,0.004846961,0.001210461,0.020528607,0.019052756,0.171203389,0.022509787,0.078755744,0.003220068,0.00162488,0.012888193,0.000484551,0.000663768,0.00177957,0.002689461,0.003982127,0.032063477,0.014280203,0.020342665,0.038248671,0.002817428,0.023727879,0.003741183,0.003888379,0.005839095
Bacteroides_stercoris_ATCC_43183,0.062210183,0.003374718,0.199643534,0.174783249,0.204379768,0.099986283,0.185523436,0.165664215,0.092408741,0.077458242,0.215497564,0.201489204,0.152272083,0.236763326,0.116635671,0.289428853,0.221663752,0.082317545,0.142191407,0.228116385,0.24037824,0.265330578,0.245076581,0.217942028,1,0.267328241,0.196822424,0.255557573,0.270032663,0.197244557,0.042420284,0.185269151,0.108745331,0.048122196,0.037715798,0.103333272,0.080477853,0.241686265,0.071432988,0.103500128,0.071998828,0.11908998,0.047608374,0.104844539,0.05715466,0.129466121,0.120170467,0.204163918,0.203677532,0.033993922,0.174380425,0.235951651,0.237970986,0.059120141,0.193475201,0.237327691,0.216716086,0.244636867,0.204417563,0.264878694,0.069797038,0.118357752,0.225298009,0.109401346,0.231839552,0.143685567,0.136119077,0.259480838,0.152143451,0.080972443,0.205463974,0.190169943,0.236272348,0.227557889,0.125785213,0.132108854,0.038929871,0.001710604,0.014961706,0.002516891,0.005609667,0.017038037,0.058096468,0.011098826,0.095297715,0.02235085,0.019033986,0.002839752,0.038046044,0.022166594,0.002739922,0.007119809,0.014722868,0.003055003,0.006286301,0.012293626,0.012402676,0.004129744,0.008582871,0.01175058,0.006877326,0.066012195,0.017308151,0.016859414,0.001864028,0.153377482,0.007372936,0.007251865,0.001922311,0.005522878,0.006136626,0.011887128,0.018933353,0.004260862,0.003310231,0.015663899,0.001941421,0.000262466,0.008834566,0.006150785,0.000578927,0.011146425,0.000908638,0.001946712,0.000952194,0.001188021,0.000474782,0.001140616,0.000234031,0.005631509,0.003268466,0.000816254,0.009657253,0.005501794,0.055785669,0.009734857,0.031239074,0.002171398,0.00109571,0.008690933,0.000326748,0.0004476,0.001200023,0.001813592,0.002078283,0.019140214,0.009629611,0.007715854,0.023492482,0.001899884,0.013471005,0.002522803,0.002622062,0.003937494
Bacteroides_thetaiotaomicron_VPI_5482,0.071380456,0.001457183,0.219888504,0.280379249,0.454864169,0.068598923,0.35520055,0.247812224,0.108516566,0.086018822,0.193638828,0.172462943,0.165892861,0.179633602,0.109183177,0.227790296,0.314600683,0.130475495,0.185311383,0.30349237,0.268423402,0.270855773,0.290517855,0.236077788,0.267328241,1,0.426409144,0.353110848,0.322365411,0.363128944,0.049762064,0.272725997,0.113267997,0.021904461,0.016426534,0.194263927,0.06716574,0.419186575,0.04267879,0.082081121,0.055080378,0.164726345,0.022195573,0.052930211,0.028044801,0.211866585,0.09748857,0.492993542,0.255664453,0.016712855,0.235058945,0.340680595,0.452020974,0.02963018,0.203080657,0.447326761,0.249645814,0.300563164,0.255462333,0.370268805,0.062925205,0.104024485,0.296660036,0.162197973,0.340375797,0.143551523,0.099721941,0.312034185,0.391515903,0.05260862,0.325543324,0.188982024,0.378782532,0.441353484,0.16074485,0.093837024,0.051087818,0.000738628,0.006913916,0.001086779,0.002422221,0.008677848,0.026505074,0.013926689,0.055732926,0.017711066,0.010024601,0.001226188,0.02080793,0.009571403,0.001183082,0.005413932,0.006357247,0.001319132,0.002914743,0.005308315,0.005355402,0.001783199,0.003706033,0.007210652,0.002969589,0.061339306,0.010848263,0.007279794,0.000804876,0.130181326,0.00318359,0.004561232,0.000830042,0.002384746,0.002649759,0.005752096,0.009189834,0.001839815,0.001429338,0.007402532,0.000838294,0.000113331,0.016088394,0.002655872,0.000249977,0.006806963,0.000392345,0.000840579,0.000411152,0.00051298,0.000205008,0.000492511,0.000101053,0.002431652,0.001411304,0.000352453,0.005977375,0.042337401,0.074459342,0.006554241,0.030021953,0.000937597,0.000473121,0.003752693,0.000141088,0.000193271,0.000518163,0.000783098,0.001159488,0.009336017,0.004158009,0.005923233,0.011136978,0.000820359,0.006908916,0.001089331,0.001132191,0.001700186
Bacteroides_uniformis_ATCC_8492,0.036763784,0.000671002,0.129549836,0.343678683,0.644805795,0.032388733,0.473417304,0.269246993,0.112587439,0.09148597,0.098384041,0.085468704,0.174271437,0.109234333,0.05888257,0.173733781,0.165468477,0.113021148,0.140705328,0.183453801,0.16344758,0.14817489,0.159016911,0.128489258,0.196822424,0.426409144,1,0.214918911,0.184559724,0.286374995,0.032642371,0.200586679,0.065889366,0.010071002,0.007564066,0.211067407,0.053711404,0.311198512,0.025642576,0.047872232,0.053050436,0.086297217,0.010085397,0.029582284,0.012863721,0.17722759,0.055243676,0.505435941,0.201543372,0.00809253,0.131497958,0.231786301,0.471700001,0.012987582,0.13036357,0.383310698,0.139158573,0.197745903,0.188538473,0.24054086,0.030094314,0.05523082,0.179055652,0.088887062,0.468201802,0.11745227,0.053081479,0.195567086,0.390403604,0.029732552,0.353871855,0.109391603,0.331987337,0.323881815,0.096418955,0.046246718,0.02516091,0.000340123,0.00318371,0.000500438,0.001115381,0.003995962,0.012205017,0.013163576,0.032215428,0.008155565,0.004616113,0.000564633,0.010734357,0.004407425,0.000544784,0.002492999,0.002927375,0.000607432,0.001342176,0.002444365,0.002466047,0.000821125,0.001706548,0.004157989,0.001367432,0.030628694,0.004995392,0.003352189,0.000370628,0.089597059,0.001465975,0.002153596,0.000382217,0.001098124,0.001220157,0.002409482,0.004231721,0.000847195,0.000658179,0.003408707,0.000386016,5.22E-05,0.012154024,0.001222972,0.000115109,0.00313446,0.000180666,0.000387068,0.000189326,0.000236216,9.44E-05,0.000226791,4.65E-05,0.001119724,0.000649875,0.000162297,0.002752453,0.016275836,0.041285371,0.003018087,0.031551095,0.000431743,0.000217862,0.001728034,6.50E-05,8.90E-05,0.000238603,0.0003606,0.000533919,0.004299035,0.001914674,0.002727522,0.005128339,0.000377758,0.003181407,0.000501614,0.000521349,0.000782899
Bacteroides_vulgatus_ATCC_8482,0.144364437,0.003084977,0.464443456,0.251424175,0.245415225,0.131288665,0.272538487,0.247554352,0.178687282,0.147701773,0.414661416,0.382357092,0.229408622,0.212215316,0.189919611,0.152149477,0.479460815,0.186969304,0.205107764,0.579935487,0.504123854,0.628824294,0.555218346,0.466685409,0.255557573,0.353110848,0.214918911,1,0.486630787,0.32747348,0.093789399,0.372114786,0.143636292,0.046066983,0.034776324,0.207813074,0.170357172,0.453768818,0.086154609,0.182534337,0.104186353,0.266544799,0.045411758,0.115166127,0.056503673,0.227751771,0.195593887,0.336493244,0.469729534,0.032346733,0.356381138,0.531635816,0.334732262,0.059904657,0.283432323,0.403007521,0.537096608,0.476402987,0.340689674,0.631099609,0.11044819,0.20127206,0.562968933,0.175314068,0.273713458,0.197515525,0.225029558,0.495645163,0.223149154,0.103096106,0.261409743,0.405951972,0.385755122,0.470439389,0.244351548,0.203532058,0.058145896,0.001563737,0.01463733,0.0023008,0.005128041,0.016534834,0.056113422,0.020523482,0.063991778,0.027356175,0.021222906,0.002595941,0.040915027,0.020263448,0.002504682,0.011461739,0.013458814,0.002792711,0.006170751,0.011238139,0.011337826,0.003775179,0.007845976,0.012296794,0.006286863,0.120267119,0.022966664,0.015411924,0.001703989,0.290767203,0.006739922,0.009901309,0.001757268,0.005048703,0.005609757,0.01213417,0.019455634,0.00389504,0.003026026,0.01567177,0.001774738,0.000239931,0.039579417,0.0056227,0.000529223,0.014410901,0.000830626,0.001779574,0.000870442,0.001086021,0.000434019,0.001042687,0.000213938,0.005148008,0.002987847,0.000746173,0.012654594,0.025429767,0.159758596,0.013875867,0.103188043,0.001984969,0.001001637,0.00794476,0.000298695,0.000409171,0.001096993,0.001657883,0.00245473,0.019765115,0.008802846,0.012539972,0.023577898,0.001736767,0.014626744,0.002306204,0.002396941,0.003599434
Bacteroides_xylanisolvens_XB1A,0.143052301,0.00352932,0.485322461,0.201554954,0.204553927,0.157565369,0.216121446,0.215806162,0.112109922,0.088233074,0.424740364,0.381950334,0.175231733,0.211862887,0.229117334,0.273310451,0.430236712,0.149520971,0.112638292,0.47421159,0.501537875,0.475253227,0.492015841,0.654190741,0.270032663,0.322365411,0.184559724,0.486630787,1,0.252413373,0.106908845,0.383500958,0.213315389,0.053052939,0.039785317,0.156994559,0.116759308,0.442235371,0.105779924,0.182772591,0.113961214,0.291285882,0.053758018,0.146061462,0.067924936,0.201208749,0.236215199,0.293272048,0.406851324,0.042564922,0.308872733,0.451279008,0.313184812,0.072266625,0.22651502,0.354995471,0.52856026,0.444013437,0.376164868,0.51541809,0.150703206,0.222592006,0.465663818,0.176875021,0.205769486,0.115442555,0.251964798,0.516035429,0.217907206,0.127272248,0.237545005,0.408522859,0.393736345,0.424469325,0.274476069,0.23768615,0.067564076,0.00178897,0.016745611,0.002632195,0.005866656,0.02101788,0.04687049,0.01997084,0.049656484,0.032440702,0.024279738,0.002969846,0.054209789,0.023182085,0.002865443,0.013112625,0.015397349,0.003194958,0.007059552,0.012856819,0.012970864,0.004318935,0.008976068,0.021288529,0.007192389,0.119119271,0.026274658,0.017631774,0.001949423,0.205977408,0.007710703,0.01132744,0.002010375,0.005775891,0.006417756,0.013931666,0.022257918,0.00445606,0.003461878,0.017929047,0.002030361,0.00027449,0.03145721,0.006432563,0.000605449,0.016486569,0.000950265,0.002035895,0.000995816,0.001242446,0.000496533,0.00119287,0.000244753,0.005889499,0.0034182,0.000853648,0.014477294,0.013745262,0.142509307,0.015874471,0.078133746,0.002270873,0.001145907,0.00908908,0.000341717,0.000468106,0.001254998,0.001896676,0.002808296,0.022611975,0.010070761,0.014346162,0.026973931,0.001986921,0.016733501,0.002638377,0.002742183,0.004117877
Bifidobacterium_adolescentis_L2_32,0.066055654,0.001845061,0.220804959,0.321635762,0.320659852,0.059029503,0.299438056,0.370647754,0.159360669,0.109328682,0.183732129,0.162030715,0.150981934,0.122949331,0.115828316,0.096879574,0.280816822,0.116759421,0.179828796,0.242324571,0.289793927,0.250687592,0.281316804,0.201619636,0.197244557,0.363128944,0.286374995,0.32747348,0.252413373,1,0.069596519,0.297596992,0.09807119,0.022281269,0.0177474,0.206060837,0.099381628,0.359293801,0.040193454,0.088663959,0.050018873,0.108224621,0.022508409,0.058329054,0.026340209,0.262664362,0.08388999,0.409482114,0.291494406,0.015590813,0.226131941,0.346602415,0.336666199,0.03094972,0.139653183,0.410623243,0.238608847,0.31482921,0.25558946,0.341089382,0.072282041,0.100000808,0.249164503,0.117014852,0.309107931,0.178541645,0.09996332,0.251534043,0.295849341,0.061655516,0.270898756,0.198631148,0.341130576,0.404623247,0.144526032,0.0920033,0.048876771,0.001043201,0.009023762,0.001523101,0.003192727,0.007907463,0.037374979,0.026509809,0.094173721,0.022822462,0.013470336,0.001731805,0.01973187,0.011116881,0.001670925,0.00321539,0.007698899,0.001863075,0.003278676,0.006816773,0.006489867,0.002504369,0.004682896,0.004702729,0.00415209,0.041594144,0.011172274,0.008987647,0.001136766,0.180772194,0.004108357,0.004639137,0.00117231,0.003327191,0.003499387,0.006648154,0.011430177,0.002579965,0.002014686,0.009091527,0.001183964,0.000160063,0.020691145,0.003541207,0.00035173,0.008986116,0.000554128,0.001187191,0.00058069,0.000724507,0.000289543,0.000695598,0.000142723,0.003434342,0.001978843,0.000497787,0.00811819,0.002354474,0.053331099,0.008780508,0.055713871,0.001324214,0.000668212,0.004909222,0.000199266,0.000272966,0.000672649,0.001106008,0.001637601,0.012489561,0.00566122,0.008344458,0.014619244,0.001158633,0.009474451,0.001536602,0.000903105,0.00096092
Bifidobacterium_catenulatum_DSM_16992,0.087759764,0.014506901,0.123181833,0.04035508,0.040747074,0.193697168,0.058870213,0.064767366,0.111604715,0.05448989,0.123118259,0.148118079,0.133085507,0.074721686,0.092196331,0.049140006,0.109999452,0.100734176,0.108229021,0.09873605,0.115837855,0.125269979,0.102630261,0.135643673,0.042420284,0.049762064,0.032642371,0.093789399,0.106908845,0.069596519,1,0.113832968,0.142513447,0.168472627,0.141637348,0.047937552,0.054079425,0.07142082,0.156914974,0.136737181,0.081911706,0.142751339,0.160551998,0.179821466,0.175007066,0.0902387,0.141269649,0.053491119,0.098562223,0.123164469,0.066162661,0.108422028,0.055163012,0.173294778,0.113526966,0.066389401,0.118015518,0.071545537,0.126836963,0.083682386,0.210458632,0.144251029,0.112339719,0.097299573,0.054649432,0.023926432,0.164418855,0.093962309,0.061151235,0.141107414,0.060788917,0.136812208,0.077145938,0.085316682,0.145738625,0.184599096,0.083923708,0.010417431,0.083150941,0.015327653,0.031735827,0.070686701,0.113248006,0.048176529,0.051139695,0.123193093,0.125556284,0.017293846,0.142167898,0.10387832,0.016234392,0.059605773,0.071754793,0.016267737,0.026807471,0.063595612,0.062865641,0.025141006,0.047731972,0.040120719,0.037587657,0.122287255,0.107780008,0.086925907,0.010482165,0.105527622,0.042057387,0.047480556,0.009718639,0.029108877,0.030025854,0.046077311,0.087325126,0.025888042,0.020159023,0.085583943,0.011823091,0.001598395,0.034992696,0.022554946,0.003525619,0.026610284,0.005533531,0.009839662,0.00579878,0.007234945,0.002891381,0.006946257,0.00142523,0.029361483,0.015686252,0.004945564,0.037172141,0.015409532,0.131544032,0.029317944,0.040160528,0.013223628,0.006672783,0.047086608,0.00198987,0.002725848,0.006168302,0.01079253,0.016353121,0.089137147,0.054397799,0.057909418,0.124882951,0.011570132,0.078804498,0.015363654,0.010209264,0.012192069
Bifidobacterium_longum_longum_CCUG_52486,0.107043246,0.002900459,0.38206081,0.18753629,0.181627967,0.125147751,0.211464808,0.305292158,0.153900003,0.076968893,0.327342156,0.293118188,0.170089028,0.1406266,0.161847933,0.187023741,0.36468345,0.117813594,0.183180118,0.410860007,0.430124884,0.350153563,0.401570802,0.317814486,0.185269151,0.272725997,0.200586679,0.372114786,0.383500958,0.297596992,0.113832968,1,0.219409913,0.039345663,0.030223492,0.115439848,0.061705157,0.381510526,0.108314131,0.151172502,0.128446191,0.255916951,0.040139315,0.11808222,0.051934467,0.205014552,0.190903188,0.336108084,0.417443488,0.033947624,0.23246752,0.416812179,0.303429152,0.049569135,0.201745866,0.428333384,0.37419499,0.338467755,0.325142571,0.401193156,0.122471813,0.193359892,0.373428919,0.253157126,0.202275057,0.085239487,0.19251326,0.351699143,0.193834219,0.110140924,0.235496769,0.292543882,0.423715816,0.435140779,0.247791756,0.168855202,0.112960442,0.001695639,0.014535173,0.002443015,0.004929545,0.017982422,0.052698786,0.019644459,0.068253338,0.040632247,0.022080424,0.002814909,0.048474407,0.018187659,0.002542518,0.012428538,0.012484411,0.002700313,0.004910281,0.010814638,0.010595617,0.003890418,0.007452715,0.017214579,0.006260979,0.116900348,0.018282195,0.014727903,0.001789654,0.177743276,0.006539204,0.009308848,0.001881225,0.004798808,0.005085664,0.009209691,0.018551406,0.00412409,0.003192315,0.014477971,0.001924437,0.00026017,0.037050946,0.005878911,0.000573863,0.014462297,0.000804449,0.001550773,0.000943864,0.001126576,0.000459563,0.001115973,0.000231984,0.005571681,0.002483922,0.000751531,0.012119432,0.003527404,0.12877675,0.015046298,0.053832037,0.002141552,0.001086125,0.007378669,0.00032389,0.000410023,0.001189525,0.0017222,0.002661787,0.018918957,0.00919244,0.009346515,0.023812427,0.001873232,0.015174646,0.002466031,0.002253412,0.002835531
Bifidobacterium_pseudocatenulatum_DSM_20438,0.092320477,0.008351373,0.161675766,0.04510048,0.064034646,0.124893478,0.073533899,0.073263784,0.129348434,0.046612397,0.140340108,0.174064676,0.079974096,0.217551038,0.113569963,0.148861622,0.151723748,0.061922691,0.103829553,0.163187577,0.145971899,0.180206319,0.158133033,0.152564899,0.108745331,0.113267997,0.065889366,0.143636292,0.213315389,0.09807119,0.142513447,0.219409913,1,0.085273871,0.076712894,0.032566032,0.037291732,0.146946562,0.089111325,0.147340922,0.057095568,0.134145543,0.082252147,0.111222046,0.090322168,0.107285377,0.123348521,0.105839238,0.193842159,0.066312633,0.111819794,0.152964099,0.10894053,0.084936334,0.064675106,0.116846271,0.182314157,0.121200458,0.096351415,0.145883553,0.201944221,0.125630504,0.146664574,0.189810304,0.06462546,0.028996379,0.133999592,0.165646562,0.087239838,0.089719759,0.066363811,0.189245825,0.148991246,0.143077339,0.182904685,0.150800409,0.167628957,0.005162025,0.044718885,0.007595129,0.016861888,0.039841986,0.084713551,0.056665598,0.053035599,0.110488053,0.066610426,0.008569413,0.071750504,0.056330821,0.008210224,0.013476492,0.040521136,0.008633262,0.014404289,0.035701502,0.034379812,0.012462175,0.025397897,0.023874505,0.019895873,0.096842022,0.044624395,0.043403835,0.005312226,0.053407997,0.021715434,0.023521305,0.004922451,0.015368755,0.017068374,0.023302645,0.048775191,0.012814025,0.00998916,0.039708097,0.005858555,0.000792033,0.084146285,0.009437441,0.001747008,0.015544096,0.002741964,0.005407528,0.0028734,0.003585046,0.001432732,0.003441995,0.000706227,0.010430961,0.008338041,0.002463178,0.018616648,0.009913875,0.071875541,0.016077238,0.032249835,0.006552546,0.003306484,0.024802464,0.000986016,0.001350707,0.00347164,0.005472808,0.008103266,0.049099394,0.028050095,0.02940319,0.061387533,0.005733209,0.039964675,0.007612968,0.006315927,0.008748225
Blautia_hansenii_VPI_C7_24_DSM_20583,0.117488336,0.066524494,0.075725616,0.018927689,0.012791285,0.307583616,0.01761845,0.028869162,0.057012919,0.065341629,0.102121635,0.1173504,0.049683419,0.085512749,0.134945308,0.046549061,0.060432855,0.065704643,0.049046182,0.054892916,0.060675539,0.064031975,0.062509563,0.073984421,0.048122196,0.021904461,0.010071002,0.046066983,0.053052939,0.022281269,0.168472627,0.039345663,0.085273871,1,0.719362624,0.029037978,0.101689961,0.030730386,0.351189287,0.138260695,0.149466269,0.11466135,0.718245867,0.335765422,0.709834029,0.045399353,0.180577584,0.018729641,0.044739596,0.57406387,0.061683358,0.042383731,0.018753844,0.594181568,0.050250866,0.025472475,0.070038114,0.048275611,0.052341414,0.039996855,0.268717592,0.175156123,0.05487916,0.098101339,0.015735292,0.031189581,0.184849459,0.050097551,0.020000456,0.279209746,0.022027877,0.091362266,0.028567589,0.030122737,0.097312434,0.213718873,0.20087232,0.03372046,0.275986683,0.04961449,0.110581174,0.321080882,0.224458914,0.082829716,0.083541497,0.279337462,0.277890409,0.055978913,0.39762359,0.436961379,0.054011009,0.076991575,0.29022612,0.060222072,0.115097219,0.242339432,0.244489084,0.081408032,0.169190777,0.19426266,0.13557004,0.177931499,0.262453572,0.33048071,0.036744861,0.047324169,0.145339798,0.112848221,0.037893757,0.108684703,0.120968907,0.18487078,0.349176007,0.083992706,0.065253281,0.238563601,0.03827048,0.005173887,0.060265892,0.067200608,0.011412169,0.117778596,0.017911633,0.038374777,0.018770224,0.023418986,0.00935919,0.022484524,0.004613367,0.075552538,0.058027102,0.016090487,0.148335835,0.03511026,0.100588308,0.09128483,0.063482561,0.042803915,0.021599309,0.17132095,0.006441063,0.008823369,0.023655581,0.035750624,0.028321977,0.273821142,0.182292537,0.110970956,0.392619483,0.037451671,0.212976897,0.049731022,0.051687676,0.056954109
Bryantella_formatexigens_I_52_DSM_14469,0.099688969,0.087596884,0.05678795,0.014384625,0.009592406,0.230662277,0.013671802,0.023122232,0.047292228,0.054934139,0.076582782,0.088003096,0.039671954,0.067115001,0.10897361,0.036318602,0.045319644,0.049508197,0.04182547,0.041165148,0.045501637,0.049414254,0.046877003,0.055190395,0.037715798,0.016426534,0.007564066,0.034776324,0.039785317,0.0177474,0.141637348,0.030223492,0.076712894,0.719362624,1,0.021776082,0.094119906,0.023045248,0.287553342,0.116203054,0.123882322,0.086989564,0.663467092,0.251796302,0.564497167,0.034045761,0.135418256,0.014045682,0.033515768,0.558188461,0.048297175,0.031784293,0.014343917,0.531840037,0.042683059,0.01910225,0.052522794,0.036202716,0.03943955,0.029994334,0.226772345,0.132745869,0.041406128,0.078169229,0.012326869,0.026711598,0.138621809,0.037569021,0.015217055,0.209384221,0.016688111,0.068514145,0.021423329,0.022589562,0.075169907,0.160271482,0.180221644,0.044965571,0.356063698,0.066159948,0.147457823,0.352448019,0.231345845,0.090416778,0.081468634,0.314420842,0.337111408,0.074646781,0.390571508,0.582679415,0.071212632,0.091981026,0.38701083,0.08030495,0.12648363,0.323154872,0.32523671,0.108556012,0.225612578,0.194468666,0.180779985,0.150473204,0.310973012,0.416506853,0.048998551,0.040121063,0.193807765,0.111482253,0.048983158,0.138617342,0.157563622,0.206460452,0.443916452,0.112002624,0.087013968,0.265144558,0.051032933,0.006899276,0.05591719,0.085124224,0.015217904,0.135418658,0.023884811,0.050407536,0.025029726,0.031228758,0.012480296,0.029982671,0.006151834,0.090200203,0.075317044,0.021456348,0.168508474,0.035150243,0.087020731,0.09187009,0.061295271,0.057078179,0.028802254,0.228453122,0.008589032,0.01176579,0.031544253,0.047672755,0.035552451,0.349963058,0.247824014,0.144384072,0.470516457,0.049941067,0.281131046,0.066315341,0.0689245,0.057542011
Butyrivibrio_crossotus_DSM_2876,0.057349896,0.001931737,0.139885678,0.174077281,0.253171104,0.056126825,0.288102815,0.156675902,0.123242866,0.117321965,0.121958366,0.111458316,0.129149563,0.055957096,0.108747832,0.090653712,0.18444941,0.346536568,0.070935716,0.150717869,0.142277116,0.158054552,0.149472686,0.142806678,0.103333272,0.194263927,0.211067407,0.207813074,0.156994559,0.206060837,0.047937552,0.115439848,0.032566032,0.029037978,0.021776082,1,0.116579659,0.228977126,0.041482052,0.079051874,0.035881553,0.082138474,0.028633524,0.063494307,0.03287284,0.20598976,0.072823349,0.20799135,0.141953318,0.020522002,0.187225546,0.171855959,0.221001445,0.039568907,0.169660546,0.178538836,0.156050454,0.184673025,0.14781224,0.219656755,0.039641225,0.075367749,0.141818844,0.058440933,0.254206603,0.254307825,0.083473545,0.157994447,0.26446953,0.071833475,0.206649814,0.106408786,0.143341138,0.176597002,0.055528296,0.093096661,0.021446849,0.000979174,0.008863287,0.001440704,0.003211054,0.01059059,0.025710291,0.008807918,0.012136534,0.013490323,0.010890239,0.001625514,0.019508109,0.012688475,0.001568371,0.003938604,0.00842758,0.001748727,0.003863973,0.007037047,0.007099469,0.002363925,0.004912958,0.007947852,0.00393668,0.046383465,0.011892454,0.009650569,0.001066996,0.096374926,0.004220374,0.005588066,0.001100358,0.003161374,0.003512692,0.007625353,0.012182642,0.002438978,0.001894823,0.009813279,0.001111297,0.000150239,0.011712213,0.003209513,0.000331386,0.004602549,0.000520118,0.001114326,0.000545049,0.00068004,0.000271772,0.000652905,0.000133963,0.003223556,0.001870916,0.000467235,0.007923997,0.051593312,0.052931744,0.008688728,0.063573297,0.001242939,0.0006272,0.004974814,0.000187035,0.000256213,0.00068691,0.001038126,0.001315661,0.011161051,0.005512127,0.004895564,0.01432654,0.001087521,0.00866759,0.001444088,0.001500906,0.002253878
Catenibacterium_mitsuokai_DSM_15897,0.069256228,0.011268381,0.150045717,0.058004602,0.06308914,0.083509724,0.063723172,0.06286233,0.13544617,0.211175658,0.129706226,0.129993345,0.067576133,0.088618241,0.064170102,0.048706592,0.084899113,0.155090562,0.11870457,0.168324803,0.100907399,0.166057877,0.115136645,0.141545667,0.080477853,0.06716574,0.053711404,0.170357172,0.116759308,0.099381628,0.054079425,0.061705157,0.037291732,0.101689961,0.094119906,0.116579659,1,0.148229505,0.081110612,0.211678173,0.065591713,0.138474107,0.09658565,0.103223283,0.096338773,0.119637926,0.112353862,0.067352213,0.121639386,0.080068217,0.113223095,0.117774,0.083841918,0.104311132,0.195515055,0.0819257,0.156685847,0.122255215,0.092457435,0.151147396,0.068253164,0.095557242,0.147157193,0.082741212,0.076202787,0.237952723,0.118486989,0.142790584,0.08826874,0.085871579,0.053250922,0.133384934,0.08562839,0.090042887,0.089437857,0.136665515,0.05421084,0.005995211,0.045312588,0.008821035,0.019660394,0.04542125,0.050919061,0.029477255,0.077926044,0.051159543,0.046621865,0.009952575,0.071926903,0.072863077,0.008353106,0.013784698,0.05159974,0.010706973,0.014731709,0.043085893,0.042918529,0.014473657,0.030080683,0.027716827,0.023819619,0.058303846,0.046873368,0.05401276,0.006532924,0.229085074,0.025825662,0.020168989,0.006737188,0.017923982,0.021125398,0.025697871,0.062308918,0.013781685,0.011105431,0.044205459,0.006804166,0.000919873,0.04535493,0.009502817,0.002028987,0.018793371,0.003184536,0.006822709,0.003337187,0.004163697,0.001663984,0.003997557,0.000820217,0.010789999,0.010585849,0.002860752,0.038885554,0.011821958,0.094894112,0.029872787,0.354647796,0.007610173,0.003840174,0.03045941,0.001145166,0.00156872,0.004205761,0.006356157,0.003740976,0.04849187,0.030267156,0.018091297,0.061468719,0.006658589,0.042945343,0.008841753,0.008405741,0.008116839
Clostridiales_sp_SS3_4,0.081909875,0.002044323,0.349555766,0.239820982,0.315093143,0.085043538,0.302284955,0.311737249,0.164737177,0.129948279,0.26979928,0.243670087,0.168741998,0.18638799,0.160215868,0.182554619,0.390632076,0.165995911,0.201220263,0.433285165,0.38640524,0.372756873,0.422789007,0.349727079,0.241686265,0.419186575,0.311198512,0.453768818,0.442235371,0.359293801,0.07142082,0.381510526,0.146946562,0.030730386,0.023045248,0.228977126,0.148229505,1,0.063063122,0.124518017,0.071787676,0.215201967,0.031138796,0.082838847,0.038062773,0.238609867,0.148513353,0.46661293,0.485898098,0.024655307,0.300182882,0.495613799,0.429826384,0.042053581,0.2498915,0.499693832,0.396682319,0.380143749,0.346689528,0.585678262,0.07948502,0.153337308,0.439051227,0.158049128,0.334052168,0.188319329,0.156378991,0.519675262,0.318128348,0.094162858,0.39056777,0.284682732,0.520861161,0.553921585,0.208600393,0.140896517,0.071794011,0.001036243,0.009699728,0.001524672,0.003398202,0.012174397,0.036708695,0.029491357,0.06752756,0.024847355,0.014063796,0.001720254,0.029125475,0.013427992,0.001659779,0.007595358,0.008918761,0.001850648,0.004089175,0.007447184,0.007513244,0.0025017,0.005199298,0.012668041,0.00416612,0.070521335,0.015219334,0.010213029,0.001129184,0.237531937,0.004466348,0.006561307,0.00116449,0.003345627,0.003717421,0.008069778,0.012892677,0.002581128,0.002005259,0.010385222,0.001176067,0.000158996,0.037029357,0.00342335,0.0003507,0.009549681,0.000550431,0.001179272,0.000576816,0.000719674,0.000287612,0.000690958,0.000141771,0.003411434,0.001979958,0.000494467,0.008385828,0.008712825,0.079598931,0.009195129,0.07835611,0.001315381,0.000663755,0.005264759,0.000197936,0.000271146,0.000726945,0.00109863,0.001626678,0.013097761,0.005833388,0.008309871,0.015624381,0.001150904,0.009692714,0.001528254,0.001588382,0.002385239
Clostridium_asparagiforme_DSM_15981,0.1912494,0.025945873,0.174727686,0.036825245,0.024784573,0.435764026,0.03298636,0.060831197,0.063645806,0.067996216,0.188339166,0.198909573,0.065027268,0.123497624,0.185327215,0.103397226,0.130332147,0.087598895,0.055180462,0.130313499,0.152210666,0.120278312,0.128347831,0.14071669,0.071432988,0.04267879,0.025642576,0.086154609,0.105779924,0.040193454,0.156914974,0.108314131,0.089111325,0.351189287,0.287553342,0.041482052,0.081110612,0.063063122,1,0.170079548,0.374750785,0.197531925,0.373710672,0.477622606,0.454261238,0.061171939,0.397678522,0.048022277,0.104284271,0.298963487,0.08810529,0.081119617,0.034064142,0.363394465,0.064395479,0.065310714,0.122978499,0.086933062,0.087441753,0.085327438,0.285747031,0.420170552,0.129510988,0.131775846,0.02766952,0.039543687,0.351210459,0.102498392,0.032745671,0.468201707,0.037732054,0.160339755,0.058770241,0.056283423,0.164549649,0.308246668,0.315758374,0.013151649,0.114137631,0.019350636,0.043128853,0.150786974,0.132239064,0.059784566,0.072639249,0.156640283,0.138673852,0.021832887,0.355987267,0.169182347,0.021065365,0.050142473,0.113193947,0.023487803,0.044720623,0.094517188,0.095355595,0.031750748,0.065987761,0.157967094,0.052875006,0.167115972,0.138662961,0.129481588,0.014331225,0.072558968,0.056685406,0.044505313,0.014779317,0.042461592,0.047180274,0.090864171,0.13838512,0.032511636,0.025450075,0.096327567,0.014926247,0.002017919,0.05030853,0.033302034,0.004450973,0.090800248,0.006985893,0.014966925,0.00732076,0.009133869,0.00365027,0.008769411,0.001799305,0.031092698,0.02473714,0.006275609,0.066630035,0.030250563,0.15030191,0.063534227,0.064465921,0.016694376,0.008424159,0.066818571,0.002512143,0.003441289,0.009226146,0.013943453,0.020645253,0.130699085,0.072607197,0.07066154,0.180391734,0.014606895,0.091282001,0.019396086,0.020159219,0.030272665
Clostridium_bartlettii_DSM_16795,0.140240986,0.01281609,0.249841672,0.065050965,0.056484755,0.233253311,0.05664668,0.083023295,0.123367014,0.120188674,0.243476997,0.275873207,0.093491898,0.144644455,0.13770352,0.098228635,0.173891243,0.141294038,0.079241679,0.207428738,0.184839768,0.230817193,0.224401814,0.218937396,0.103500128,0.082081121,0.047872232,0.182534337,0.182772591,0.088663959,0.136737181,0.151172502,0.147340922,0.138260695,0.116203054,0.079051874,0.211678173,0.124518017,0.170079548,1,0.107047729,0.272983778,0.15027364,0.230496304,0.175115724,0.150115521,0.22796525,0.072257301,0.147775434,0.117590706,0.125773581,0.164173347,0.090749662,0.178484603,0.10347228,0.104480782,0.234663856,0.19920401,0.128504658,0.17136391,0.191500366,0.223566803,0.16740216,0.109633502,0.0599683,0.10043977,0.25109483,0.182208016,0.079327583,0.18104929,0.063302895,0.261388711,0.108283934,0.114303588,0.184367493,0.294831165,0.104007199,0.006937387,0.057357788,0.010207302,0.022352909,0.075394331,0.074973059,0.10659351,0.092807436,0.075141242,0.063541534,0.0113234,0.137992784,0.075131052,0.009080414,0.027136857,0.053896022,0.012389624,0.021580442,0.046969478,0.046105584,0.016748259,0.03337654,0.057089297,0.027891132,0.140778186,0.049359703,0.057224846,0.007559604,0.076841527,0.028925475,0.03795131,0.007795969,0.020555808,0.024184354,0.042651604,0.066971557,0.01656613,0.012361145,0.056855159,0.007873473,0.001064435,0.085277152,0.023102155,0.002347851,0.021446639,0.003685001,0.00789493,0.003861641,0.004818041,0.001925487,0.004625792,0.000949118,0.014428213,0.012933261,0.003310332,0.055041994,0.011979139,0.143273835,0.040001355,0.240613087,0.008806147,0.004443675,0.032238245,0.001325135,0.001815252,0.004866716,0.007355057,0.003843487,0.067512658,0.036406351,0.024908164,0.088946564,0.007705017,0.057730545,0.010132777,0.010633823,0.00614703
Clostridium_bolteae_ATCC_BAA_613,0.15991207,0.011977347,0.172102427,0.044052329,0.032896331,0.307052341,0.041757627,0.054116655,0.062745613,0.055710562,0.181821277,0.188172223,0.06722927,0.113417783,0.145688385,0.137023703,0.144667439,0.068240149,0.060900644,0.152653348,0.156737136,0.139364687,0.138208432,0.146270063,0.071998828,0.055080378,0.053050436,0.104186353,0.113961214,0.050018873,0.081911706,0.128446191,0.057095568,0.149466269,0.123882322,0.035881553,0.065591713,0.071787676,0.374750785,0.107047729,1,0.166066809,0.157767015,0.250977505,0.188506243,0.051464528,0.309272342,0.079792797,0.140397706,0.134883375,0.076550566,0.098176178,0.045177548,0.15957715,0.061676749,0.093522051,0.128503434,0.093820794,0.096926884,0.095710992,0.185419088,0.296966677,0.151219541,0.121145758,0.034761587,0.054436973,0.261100832,0.103881042,0.038657122,0.302897407,0.038194661,0.167902765,0.073191716,0.067542475,0.137553338,0.20548841,0.189175484,0.006071172,0.053604826,0.0089328,0.019909496,0.071327749,0.063835251,0.031242395,0.062330269,0.073979324,0.062971011,0.010078677,0.17144303,0.076638766,0.009724367,0.020747741,0.052253521,0.010842633,0.020664344,0.043631802,0.044018835,0.014657042,0.030461813,0.071970727,0.024200863,0.107273545,0.060570807,0.057383076,0.006615698,0.07517536,0.026167583,0.023633898,0.00682255,0.01960147,0.021779747,0.044583107,0.064390694,0.014917861,0.011748473,0.04050662,0.006890377,0.000931528,0.037737413,0.016661261,0.002054695,0.051572547,0.003224885,0.006909155,0.00337947,0.004216452,0.001685068,0.004048207,0.00083061,0.014162373,0.011600242,0.002896998,0.033747063,0.017301925,0.125908962,0.020466264,0.041811951,0.007706595,0.00388883,0.030845339,0.001159676,0.001588596,0.00425905,0.006436691,0.009530432,0.061250559,0.03268064,0.043432577,0.078688709,0.006742955,0.04247025,0.008953781,0.009306065,0.012673954
Clostridium_leptum_DSM_753,0.203928177,0.007716766,0.341178895,0.139034777,0.099694824,0.28757622,0.089231638,0.145558242,0.123534964,0.147746015,0.331134752,0.374942904,0.099180354,0.151264325,0.252677034,0.124871553,0.257967601,0.140165493,0.104066098,0.335922461,0.278560537,0.308372421,0.277056311,0.324645033,0.11908998,0.164726345,0.086297217,0.266544799,0.291285882,0.108224621,0.142751339,0.255916951,0.134145543,0.11466135,0.086989564,0.082138474,0.138474107,0.215201967,0.197531925,0.272983778,0.166066809,1,0.116154741,0.251582078,0.147537644,0.164428482,0.363617218,0.142519171,0.237217958,0.093067098,0.192447738,0.262491896,0.149215726,0.147393682,0.123610368,0.179189507,0.328273969,0.227648353,0.218809779,0.252404852,0.213650303,0.327778565,0.272236905,0.210832121,0.095965714,0.089239947,0.361447086,0.289432824,0.114926636,0.21819942,0.140812387,0.319121484,0.213735665,0.209415892,0.287636541,0.337117641,0.148473483,0.003911535,0.036613844,0.005755225,0.012827292,0.045955048,0.071560412,0.027957045,0.065036109,0.05844434,0.051032686,0.006493491,0.114748985,0.050687028,0.006265216,0.028670415,0.033665903,0.006985693,0.013714887,0.028111101,0.028360458,0.00944324,0.01962594,0.041213257,0.015725972,0.211987513,0.050028831,0.038551415,0.004262363,0.142188059,0.016859253,0.017522592,0.004395633,0.012628837,0.014032257,0.027566882,0.045471356,0.009743059,0.007569307,0.032636683,0.004439333,0.000600165,0.037820413,0.014064633,0.001323799,0.032921692,0.002077729,0.004451431,0.002177325,0.002716576,0.001085655,0.002608179,0.000535145,0.011706757,0.007404311,0.001866478,0.031654227,0.011632107,0.149377541,0.031142427,0.128706126,0.004965206,0.002505496,0.019873037,0.000747156,0.001023501,0.002744021,0.004147032,0.006140267,0.048229392,0.022019457,0.031367511,0.0589778,0.004344352,0.034328191,0.005768743,0.005995712,0.009003632
Clostridium_methylpentosum_R2_DSM_5476,0.135085444,0.065651972,0.076732018,0.01907816,0.012961283,0.311671435,0.017046619,0.030066618,0.054952952,0.063271042,0.103478843,0.116795589,0.050558838,0.08434868,0.12885497,0.047409104,0.061125184,0.064738394,0.048461163,0.055622448,0.061481924,0.063030069,0.063340322,0.074556772,0.047608374,0.022195573,0.010085397,0.045411758,0.053758018,0.022508409,0.160551998,0.040139315,0.082252147,0.718245867,0.663467092,0.028633524,0.09658565,0.031138796,0.373710672,0.15027364,0.157767015,0.116154741,1,0.34022778,0.666797363,0.044761683,0.182977479,0.01897856,0.044277862,0.549643292,0.059877905,0.042947015,0.018497107,0.616288642,0.045596228,0.025811006,0.070513029,0.047948387,0.051590062,0.040528418,0.261839658,0.178231336,0.054575515,0.093907754,0.015196207,0.029183669,0.187306128,0.050763353,0.020401442,0.27648145,0.021727254,0.092576481,0.028947255,0.030523071,0.098573046,0.216559219,0.209591853,0.033278189,0.26583719,0.048963757,0.109130814,0.359462061,0.223102267,0.09228228,0.08298732,0.271450611,0.268811607,0.055244705,0.415786984,0.413139469,0.051017246,0.086838623,0.286419574,0.059359153,0.099327133,0.238294856,0.241282415,0.080340301,0.166971705,0.203601066,0.132461421,0.167439366,0.235454003,0.308085021,0.036262923,0.047296326,0.14343355,0.098664166,0.03739675,0.104401935,0.115172281,0.212587524,0.33499288,0.07625336,0.064397432,0.206471142,0.037768532,0.005106027,0.060258688,0.076903183,0.01126249,0.117756394,0.017676708,0.037871461,0.018524038,0.023111827,0.009236437,0.022189621,0.004552859,0.081156863,0.06358493,0.015879447,0.135353774,0.030696802,0.116729558,0.111417076,0.065200689,0.042242507,0.021316017,0.168346489,0.006356584,0.008707644,0.02334532,0.035281726,0.024922783,0.283766936,0.18554958,0.106545212,0.384267407,0.036960462,0.227322019,0.04907876,0.051009751,0.049747148
Clostridium_nexile_DSM_1787,0.215371851,0.022336625,0.224557536,0.04915531,0.034476674,0.546889797,0.045329018,0.080070249,0.08771042,0.088344333,0.242102218,0.269858177,0.100691686,0.166320525,0.243900874,0.103169897,0.169410933,0.135171626,0.075864962,0.157397851,0.168003147,0.161947049,0.162316625,0.183430064,0.104844539,0.052930211,0.029582284,0.115166127,0.146061462,0.058329054,0.179821466,0.11808222,0.111222046,0.335765422,0.251796302,0.063494307,0.103223283,0.082838847,0.477622606,0.230496304,0.250977505,0.251582078,0.34022778,1,0.399790904,0.093414305,0.47357594,0.055781923,0.121382275,0.269388075,0.119057129,0.111719727,0.05031232,0.427514284,0.078275757,0.0758639,0.178183672,0.126693035,0.132519008,0.116360335,0.32380667,0.405374193,0.150392221,0.179832442,0.033900601,0.047618902,0.478032882,0.1372238,0.046176806,0.462868001,0.050843933,0.230285991,0.080548707,0.082004423,0.209644069,0.482017597,0.221895379,0.011322165,0.10356343,0.01665883,0.037129335,0.133019533,0.143508379,0.066056464,0.088991037,0.141975359,0.125348876,0.018795783,0.278316679,0.146716522,0.018135029,0.040746489,0.097447896,0.020220489,0.044679023,0.081369202,0.08209098,0.027334002,0.056808413,0.138413169,0.045519732,0.259901106,0.117605035,0.111589292,0.012337654,0.069595848,0.048800078,0.054186907,0.012723413,0.036554895,0.040617176,0.08817177,0.127526972,0.028201846,0.021909795,0.104712909,0.012849904,0.001737212,0.053862378,0.04071089,0.003831812,0.056357971,0.006014107,0.012884923,0.006302392,0.007863286,0.003142492,0.007549526,0.001549009,0.034832661,0.02163336,0.005402629,0.068941933,0.030136094,0.177612521,0.082135393,0.066080777,0.014372074,0.007252301,0.057523651,0.002162686,0.002962582,0.007942726,0.012003823,0.01573586,0.133962527,0.063736586,0.05973271,0.168815384,0.012574976,0.100274612,0.016697958,0.017354934,0.026061531
Clostridium_scindens_ATCC_35704,0.146994964,0.05195912,0.095242098,0.023701764,0.016340726,0.393806598,0.021785675,0.035527544,0.059219663,0.065885596,0.130347097,0.144585035,0.057986092,0.100465971,0.140691796,0.057327525,0.077373618,0.075412642,0.051136134,0.070280702,0.077684332,0.079057012,0.080032476,0.095269819,0.05715466,0.028044801,0.012863721,0.056503673,0.067924936,0.026340209,0.175007066,0.051934467,0.090322168,0.709834029,0.564497167,0.03287284,0.096338773,0.038062773,0.454261238,0.175115724,0.188506243,0.147537644,0.666797363,0.399790904,1,0.052450378,0.230459524,0.023980004,0.050917451,0.533886129,0.068426054,0.053831131,0.023091645,0.57094736,0.050012762,0.032613013,0.08722737,0.058242079,0.064157505,0.051208923,0.331068358,0.217151216,0.069873789,0.11598398,0.01902878,0.032918248,0.236667147,0.064141083,0.0248133,0.326884172,0.026441265,0.110395504,0.036575762,0.037025027,0.122584081,0.251554741,0.249131044,0.026337449,0.225782767,0.03875152,0.086369699,0.296379458,0.199806028,0.073022999,0.085743305,0.260994365,0.235340511,0.043722469,0.470618483,0.341289764,0.042185432,0.062218036,0.226681828,0.047036598,0.092004558,0.189279812,0.190958802,0.063583945,0.132146874,0.20374701,0.105887314,0.181264536,0.215341608,0.258523776,0.028699665,0.050615442,0.113518008,0.088660142,0.029597013,0.085033446,0.094483063,0.150736869,0.271798971,0.06560271,0.050966236,0.206335774,0.029891253,0.004041077,0.057567182,0.054622499,0.008913503,0.101116696,0.013989925,0.029972714,0.01466053,0.018291457,0.007310018,0.017561593,0.003603281,0.058411225,0.045706801,0.012567514,0.138934972,0.032896224,0.124311988,0.077431541,0.059325868,0.033432103,0.016870194,0.133810651,0.005030808,0.006891514,0.01847625,0.027923113,0.023538793,0.238032149,0.142191155,0.114675591,0.345900684,0.02925172,0.172638525,0.038842538,0.040370787,0.048554698
Clostridium_sp_L2_50,0.048311191,0.003020169,0.175550498,0.125559255,0.226786957,0.086989355,0.18665198,0.150157644,0.122723809,0.106174277,0.16215139,0.153902144,0.151204832,0.076971873,0.128226801,0.078344209,0.20517862,0.20396782,0.098540465,0.185651649,0.183066722,0.185373394,0.208584809,0.176293218,0.129466121,0.211866585,0.17722759,0.227751771,0.201208749,0.262664362,0.0902387,0.205014552,0.107285377,0.045399353,0.034045761,0.20598976,0.119637926,0.238609867,0.061171939,0.150115521,0.051464528,0.164428482,0.044761683,0.093414305,0.052450378,1,0.109723599,0.195793249,0.208915514,0.031968195,0.111554961,0.22395461,0.238269141,0.057357963,0.164471639,0.217375463,0.189349186,0.19395601,0.170830449,0.24001099,0.093085922,0.091077673,0.172539541,0.125980361,0.17117954,0.194065097,0.110668442,0.19905053,0.229444877,0.072418869,0.166120654,0.169715009,0.179665669,0.21374448,0.193567676,0.128276159,0.030260024,0.001530887,0.014329836,0.002252466,0.005020314,0.016410383,0.037042386,0.048126512,0.081740695,0.021169283,0.017435399,0.002541406,0.030878779,0.019837764,0.002452065,0.005026279,0.013176078,0.002734043,0.006041119,0.011002053,0.011099646,0.003695872,0.007681152,0.012126927,0.006154792,0.071552992,0.020238104,0.015088158,0.001668193,0.112635056,0.006598333,0.008193508,0.001720352,0.004942643,0.00549191,0.011592448,0.01904692,0.003813215,0.002962457,0.015342195,0.001737455,0.000234891,0.017379267,0.004110152,0.000518105,0.007051327,0.000813177,0.00174219,0.000852156,0.001063207,0.000424901,0.001020783,0.000209444,0.004888354,0.002925079,0.000730498,0.012388753,0.005614717,0.054551906,0.010665721,0.113904317,0.00194327,0.000980595,0.00777786,0.00029242,0.000400575,0.001073948,0.001623055,0.002249205,0.0193499,0.008617921,0.008048094,0.023082586,0.001700282,0.014319473,0.002257756,0.002346587,0.003523819
Clostridium_sp_M62_1,0.196002026,0.012012832,0.334655045,0.065365155,0.059810945,0.445548294,0.060909073,0.096712822,0.090739404,0.097879256,0.32743561,0.390577991,0.110659756,0.167743839,0.297079488,0.144042263,0.240718237,0.138843921,0.090403364,0.251700887,0.286296117,0.262084215,0.250033467,0.311188403,0.120170467,0.09748857,0.055243676,0.195593887,0.236215199,0.08388999,0.141269649,0.190903188,0.123348521,0.180577584,0.135418256,0.072823349,0.112353862,0.148513353,0.397678522,0.22796525,0.309272342,0.363617218,0.182977479,0.47357594,0.230459524,0.109723599,1,0.09970857,0.210769292,0.144879265,0.204520444,0.177207484,0.089840996,0.240472649,0.110377492,0.129300515,0.275441511,0.179325302,0.217975598,0.194775189,0.275782698,0.482039044,0.245892026,0.206417701,0.054662925,0.068412505,0.590172912,0.240568377,0.083781928,0.407409649,0.081293265,0.300431572,0.140416039,0.138660193,0.262195951,0.527058578,0.198120764,0.006089159,0.056997445,0.008959265,0.019968481,0.07153907,0.099186582,0.047925095,0.104906714,0.079363377,0.067395827,0.010108537,0.186432333,0.07890543,0.009753178,0.023173535,0.052408332,0.010874756,0.02402877,0.043761069,0.044149248,0.014700466,0.030552062,0.07035338,0.02448091,0.208674436,0.061830381,0.060013698,0.006635298,0.102159845,0.026245109,0.038555485,0.006842763,0.019659542,0.021844273,0.04741955,0.071565644,0.0151672,0.01178328,0.058609902,0.006910791,0.000934288,0.052563351,0.021894673,0.002060782,0.03407776,0.003234439,0.006929624,0.003389482,0.004228944,0.00169006,0.004060201,0.000833071,0.020046231,0.01163461,0.002905581,0.040438479,0.015927021,0.192111525,0.052076741,0.086195397,0.007729427,0.003900351,0.030936723,0.001163112,0.001593303,0.004271668,0.006455761,0.007714289,0.076964932,0.034278094,0.039777569,0.087996955,0.006762932,0.056956225,0.008980308,0.009333636,0.014016119
Clostridium_sp_SS2_1,0.063544768,0.00124598,0.241466849,0.363810119,0.482329679,0.060892843,0.401386156,0.400445389,0.156315307,0.082841906,0.182259615,0.159374513,0.213818574,0.168360018,0.105532651,0.209964885,0.286449581,0.110645581,0.183133113,0.305580109,0.282051804,0.251382374,0.291415421,0.228054821,0.204163918,0.492993542,0.505435941,0.336493244,0.293272048,0.409482114,0.053491119,0.336108084,0.105839238,0.018729641,0.014045682,0.20799135,0.067352213,0.46661293,0.048022277,0.072257301,0.079792797,0.142519171,0.01897856,0.055781923,0.023980004,0.195793249,0.09970857,1,0.341713958,0.015026985,0.2301323,0.414406057,0.531412941,0.025630933,0.158922026,0.632702218,0.249555744,0.309492866,0.28975777,0.395423369,0.055896497,0.104380673,0.30866106,0.159224036,0.380819955,0.131816996,0.100962381,0.338626872,0.362076293,0.0670809,0.46138973,0.199630104,0.55311296,0.543929258,0.165020337,0.086304418,0.046721189,0.000631572,0.005911817,0.000929262,0.002071146,0.007420085,0.021676154,0.021707168,0.046345641,0.015144035,0.008571642,0.001048465,0.019932583,0.00818413,0.001011607,0.00462924,0.005435831,0.001127938,0.002492282,0.004538931,0.004579193,0.001524743,0.003168883,0.007720953,0.002539178,0.059266689,0.009275922,0.006224665,0.000688218,0.145094834,0.002722162,0.003999004,0.000709736,0.002039102,0.002265704,0.004918391,0.007857865,0.001573153,0.001222171,0.006329614,0.000716792,9.69E-05,0.022360138,0.002270932,0.000213746,0.005820366,0.000335478,0.000718746,0.00035156,0.000438629,0.000175294,0.000421127,8.64E-05,0.00207921,0.00120675,0.000301369,0.005111018,0.025901334,0.073074543,0.005604273,0.023542575,0.000801702,0.000404547,0.00320878,0.000120639,0.000165259,0.000443061,0.000669596,0.000991432,0.00798286,0.003555349,0.005064723,0.009522791,0.000701456,0.005907542,0.000931444,0.000968092,0.001453762
Collinsella_aerofaciens_ATCC_25986,0.128367009,0.00322475,0.447726671,0.212450685,0.190659151,0.110086702,0.211340669,0.236864045,0.172736081,0.125372034,0.347009748,0.31669818,0.19475567,0.180784117,0.188226486,0.19741993,0.352185032,0.123842569,0.195839428,0.469552305,0.42420905,0.445654584,0.442824341,0.383234733,0.203677532,0.255664453,0.201543372,0.469729534,0.406851324,0.291494406,0.098562223,0.417443488,0.193842159,0.044739596,0.033515768,0.141953318,0.121639386,0.485898098,0.104284271,0.147775434,0.140397706,0.237217958,0.044277862,0.121382275,0.050917451,0.208915514,0.210769292,0.341713958,1,0.035920454,0.320428191,0.479410792,0.323540487,0.059150166,0.233659701,0.395773399,0.465395051,0.399104473,0.358100458,0.510423755,0.103616365,0.212444618,0.449798599,0.187726149,0.213358561,0.157350672,0.210774018,0.490980767,0.214547315,0.139149165,0.253494506,0.398390148,0.405495057,0.448772806,0.209303942,0.191187031,0.08826167,0.001636553,0.014431941,0.002407937,0.005273388,0.017041868,0.057757238,0.038831627,0.052582653,0.037071762,0.021122278,0.002716821,0.038174926,0.020348093,0.002621313,0.011952152,0.013569476,0.002878041,0.006125428,0.011541737,0.011538902,0.003950971,0.008191551,0.019817627,0.006489825,0.103968529,0.024016099,0.01604565,0.001783336,0.261992343,0.007007891,0.009111265,0.001839095,0.005100612,0.005477884,0.012715698,0.019496369,0.004076413,0.00300958,0.01640153,0.001857379,0.000251104,0.03759433,0.005884523,0.000553866,0.014666391,0.000869304,0.001862441,0.000910974,0.001122241,0.000454229,0.000887855,0.0002239,0.004943426,0.003126976,0.000780919,0.011923587,0.010951272,0.1108576,0.011457913,0.078311005,0.0020774,0.001048278,0.008106148,0.000312604,0.000428224,0.001148075,0.001735083,0.002569036,0.018901586,0.009024736,0.008908592,0.020726121,0.00181764,0.014991407,0.002413593,0.002508555,0.003767043
Coprobacillus_sp_D7,0.122107543,0.078502258,0.060755446,0.014104582,0.009672073,0.24677752,0.012375923,0.026309582,0.043883683,0.051147845,0.076829324,0.083334822,0.035349229,0.060519265,0.097437666,0.040261753,0.048485905,0.046085964,0.039800692,0.044041155,0.048680614,0.044100808,0.05015207,0.059020811,0.033993922,0.016712855,0.00809253,0.032346733,0.042564922,0.015590813,0.123164469,0.033947624,0.066312633,0.57406387,0.558188461,0.020522002,0.080068217,0.024655307,0.298963487,0.117590706,0.134883375,0.093067098,0.549643292,0.269388075,0.533886129,0.031968195,0.144879265,0.015026985,0.035920454,1,0.042266656,0.031702883,0.013130148,0.411333279,0.036526954,0.02043683,0.050671052,0.034332929,0.036758743,0.032089891,0.198832692,0.143963287,0.044990302,0.070283459,0.011229699,0.023664008,0.148306635,0.040193784,0.014634029,0.22401287,0.015479184,0.067995124,0.022920072,0.023561541,0.082292367,0.15496826,0.225252568,0.041928552,0.303871106,0.061839524,0.137828427,0.446127515,0.203689565,0.084515413,0.071943094,0.290904984,0.282346243,0.069772144,0.504432597,0.437571143,0.067319347,0.085468326,0.348703875,0.075060819,0.094431813,0.299918581,0.284436121,0.099838304,0.207023275,0.387876335,0.157950055,0.144566837,0.270283372,0.319910714,0.045798812,0.03468336,0.172297425,0.081702474,0.042523185,0.125394094,0.143315765,0.184610095,0.40314447,0.097521077,0.08133172,0.184140016,0.046203112,0.006448735,0.045269823,0.074694101,0.014224133,0.118309581,0.022325068,0.043910906,0.023395216,0.029189435,0.011665299,0.028024721,0.005750102,0.087679231,0.067192613,0.02005519,0.160766294,0.04160072,0.07900512,0.061669228,0.048356467,0.050640954,0.026921389,0.200344035,0.008028144,0.010997452,0.029484328,0.044559594,0.047219151,0.294271237,0.202519937,0.134447081,0.364289354,0.04667978,0.236078526,0.061984769,0.064423543,0.072655064
Coprococcus_eutactus_ATCC_27759,0.101498339,0.004330933,0.341728133,0.160745038,0.151832387,0.114359135,0.157022459,0.247647685,0.126778195,0.15140803,0.324572162,0.281164599,0.136491764,0.124365692,0.191168081,0.122069363,0.274653535,0.101394427,0.166517351,0.333552803,0.333761802,0.341371007,0.402919566,0.340401798,0.174380425,0.235058945,0.131497958,0.356381138,0.308872733,0.226131941,0.066162661,0.23246752,0.111819794,0.061683358,0.048297175,0.187225546,0.113223095,0.300182882,0.08810529,0.125773581,0.076550566,0.192447738,0.059877905,0.119057129,0.068426054,0.111554961,0.204520444,0.2301323,0.320428191,0.042266656,1,0.327280661,0.195862856,0.08616456,0.166009088,0.241090687,0.378467234,0.390031907,0.258940329,0.416663645,0.115654659,0.157687662,0.327574028,0.170383081,0.132094488,0.147167241,0.20244822,0.3779332,0.141896103,0.138728658,0.218474032,0.267990858,0.261411237,0.299060036,0.171196216,0.195785183,0.040983864,0.002195297,0.0203916,0.003230044,0.007199148,0.019753392,0.074684358,0.030194028,0.079979861,0.028007871,0.022248302,0.003644386,0.035562748,0.028447424,0.00351627,0.01593051,0.018894543,0.003920628,0.008439302,0.015776984,0.015916932,0.005299894,0.011014799,0.01491832,0.008825994,0.106045058,0.025698882,0.021636472,0.002392195,0.248440298,0.009462033,0.00993922,0.002466991,0.007087767,0.007875419,0.01709596,0.025633319,0.005468163,0.004248173,0.019156344,0.002491517,0.000336835,0.011606132,0.005701676,0.000742965,0.009195619,0.001166098,0.002498307,0.001221995,0.001524642,0.00060931,0.001463806,0.000300343,0.006803889,0.004194574,0.001047536,0.014035258,0.125832123,0.13101541,0.016393302,0.090868367,0.002786656,0.001406176,0.011153479,0.000419331,0.000574426,0.001540045,0.002327467,0.001997032,0.025538551,0.012246151,0.013625835,0.030646631,0.00243821,0.020435385,0.00323763,0.003365014,0.005053169
Dorea_formicigenerans_ATCC_27755,0.113191749,0.002819556,0.49762,0.248661976,0.252317823,0.126163358,0.257519512,0.278175894,0.188658736,0.093495798,0.380569406,0.349851678,0.224503666,0.191607627,0.195628788,0.1717708,0.473567713,0.154578423,0.193389873,0.554675062,0.468688027,0.502180326,0.528304865,0.405647843,0.235951651,0.340680595,0.231786301,0.531635816,0.451279008,0.346602415,0.108422028,0.416812179,0.152964099,0.042383731,0.031784293,0.171855959,0.117774,0.495613799,0.081119617,0.164173347,0.098176178,0.262491896,0.042947015,0.111719727,0.053831131,0.22395461,0.177207484,0.414406057,0.479410792,0.031702883,0.327280661,1,0.398501223,0.057229448,0.246806072,0.523013271,0.505998889,0.445726519,0.435923585,0.590844048,0.123879581,0.208823873,0.51315349,0.202997629,0.255074758,0.167782361,0.216578739,0.517852551,0.255799678,0.107234233,0.335000759,0.422029044,0.534911382,0.605943641,0.295599731,0.196017258,0.076684147,0.001429199,0.013377986,0.002102847,0.004686843,0.01679108,0.046720372,0.038086073,0.093547514,0.034269781,0.019396963,0.002372595,0.039557543,0.018520053,0.002289188,0.010475612,0.012300866,0.002552436,0.005639841,0.010271249,0.010362359,0.003450376,0.007170936,0.013330789,0.005745964,0.13411594,0.020990694,0.014085937,0.001557384,0.233129032,0.006160043,0.009049436,0.001606079,0.004614331,0.005127114,0.011129939,0.017781741,0.003559924,0.002765677,0.014323427,0.001622046,0.000219289,0.046539252,0.005138943,0.00048369,0.013171039,0.000759162,0.001626466,0.000795552,0.000992584,0.000396677,0.000952978,0.000195532,0.004705092,0.002730783,0.000681975,0.011565838,0.022100511,0.142417935,0.012682037,0.076649465,0.00181419,0.000915459,0.007261221,0.000272996,0.000373967,0.001002612,0.001515245,0.002243534,0.018064595,0.008045481,0.011461078,0.02154934,0.001587342,0.013368311,0.002107786,0.002190717,0.003289752
Dorea_longicatena_DSM_13814,0.068803409,0.001272436,0.234605743,0.338082357,0.502297919,0.058983899,0.387685661,0.278710907,0.154721203,0.141929702,0.176089792,0.160425642,0.222820982,0.149571748,0.097273169,0.241176368,0.279172099,0.153151949,0.201327364,0.318078589,0.252158019,0.2763519,0.275332346,0.2365634,0.237970986,0.452020974,0.471700001,0.334732262,0.313184812,0.336666199,0.055163012,0.303429152,0.10894053,0.018753844,0.014343917,0.221001445,0.083841918,0.429826384,0.034064142,0.090749662,0.045177548,0.149215726,0.018497107,0.05031232,0.023091645,0.238269141,0.089840996,0.531412941,0.323540487,0.013130148,0.195862856,0.398501223,1,0.026175161,0.207395533,0.5023888,0.260647192,0.330674708,0.282053426,0.408470615,0.05708336,0.088133995,0.30638417,0.153932866,0.334831674,0.175111044,0.094950968,0.327839346,0.432091722,0.04714213,0.408964239,0.194245221,0.478966196,0.485161891,0.163052163,0.08850864,0.037316724,0.000644982,0.006037344,0.000948993,0.002115123,0.006580059,0.023144662,0.024962401,0.055824853,0.015465592,0.008753645,0.001070727,0.016706989,0.008357905,0.001033086,0.004727533,0.005551251,0.001151888,0.002545201,0.004635307,0.004676424,0.001557118,0.003236168,0.00484574,0.002593093,0.057447077,0.00947288,0.006356835,0.000702831,0.119442697,0.002779963,0.004083915,0.000724806,0.002082399,0.002313812,0.005022824,0.008024713,0.001606556,0.001248121,0.006464012,0.000732012,9.90E-05,0.019219646,0.002319151,0.000218284,0.005943951,0.000342602,0.000734007,0.000359024,0.000447943,0.000179016,0.000430069,8.82E-05,0.002123358,0.001232374,0.000307768,0.005219541,0.005980893,0.07941819,0.00572327,0.060377724,0.000818725,0.000413137,0.003276913,0.0001232,0.000168768,0.000452468,0.000683814,0.001012483,0.008152362,0.003630841,0.005172264,0.00972499,0.000716351,0.006032978,0.000951222,0.000988647,0.00148463
Enterococcus_faecalis_TX0104,0.151468852,0.048612349,0.10362816,0.024335726,0.017504477,0.363054096,0.022519089,0.038287774,0.069116709,0.079485444,0.13362536,0.155755295,0.062118527,0.110397478,0.157571241,0.056986612,0.081091851,0.086812757,0.060861287,0.071879375,0.081955128,0.08774926,0.0855424,0.099344391,0.059120141,0.02963018,0.012987582,0.059904657,0.072266625,0.03094972,0.173294778,0.049569135,0.084936334,0.594181568,0.531840037,0.039568907,0.104311132,0.042053581,0.363394465,0.178484603,0.15957715,0.147393682,0.616288642,0.427514284,0.57094736,0.057357963,0.240472649,0.025630933,0.059150166,0.411333279,0.08616456,0.057229448,0.026175161,1,0.063025745,0.034642482,0.095844989,0.066063678,0.071970339,0.054734457,0.263108444,0.236101377,0.070483699,0.119936937,0.020152379,0.038881918,0.252960758,0.068556946,0.02681787,0.331818017,0.029728054,0.12394315,0.03909386,0.041222032,0.113095785,0.292467655,0.176885457,0.024641011,0.201547488,0.036255472,0.080806487,0.21418583,0.208428264,0.085613253,0.074512538,0.235295497,0.222804381,0.040906234,0.308458405,0.31556936,0.039257171,0.075653971,0.212080885,0.044006895,0.083763626,0.177087993,0.178658838,0.0594884,0.123635081,0.119589889,0.099066941,0.188897408,0.198280213,0.242011542,0.026851073,0.052906796,0.10620613,0.08904174,0.027690621,0.079377006,0.088197381,0.188562264,0.25606855,0.061377134,0.047683419,0.161157432,0.027965909,0.003780785,0.062584235,0.063351644,0.00833937,0.094541458,0.013088812,0.028042123,0.013716222,0.017113275,0.006839168,0.016430422,0.003371188,0.059445824,0.047081797,0.01175802,0.124069669,0.029074625,0.171177335,0.121990899,0.068686322,0.031278687,0.015783557,0.125191691,0.004706766,0.006447621,0.017286165,0.02612454,0.019986752,0.219696635,0.137106902,0.079618029,0.298900492,0.027367569,0.166452361,0.036340627,0.037770439,0.039702465
Eubacterium_biforme_DSM_3989,0.0786921,0.004933663,0.22199844,0.115815783,0.141697806,0.065377414,0.181916883,0.103222809,0.059300695,0.14115997,0.189259483,0.174326602,0.109167195,0.107552169,0.138029479,0.15038673,0.201384621,0.252467638,0.102742694,0.293323975,0.227615052,0.247203946,0.22393517,0.247932905,0.193475201,0.203080657,0.13036357,0.283432323,0.22651502,0.139653183,0.113526966,0.201745866,0.064675106,0.050250866,0.042683059,0.169660546,0.195515055,0.2498915,0.064395479,0.10347228,0.061676749,0.123610368,0.045596228,0.078275757,0.050012762,0.164471639,0.110377492,0.158922026,0.233659701,0.036526954,0.166009088,0.246806072,0.207395533,0.063025745,1,0.184126947,0.254349884,0.198732031,0.196715536,0.280750964,0.042632681,0.113772716,0.267074235,0.11724595,0.144455743,0.227079014,0.122144514,0.268069426,0.153845796,0.072113702,0.186823994,0.165073824,0.176770357,0.220350985,0.096198369,0.135506942,0.065140863,0.00260482,0.018866162,0.003832594,0.008542117,0.020022137,0.058095442,0.014084983,0.049694731,0.022760215,0.021275771,0.00432423,0.033560425,0.032057999,0.003722765,0.005830708,0.022302351,0.004652003,0.008043179,0.01872011,0.018629292,0.006288565,0.013069561,0.011894716,0.010472444,0.07586971,0.02912126,0.023916989,0.002838448,0.205360499,0.011067608,0.014451849,0.002927197,0.007753866,0.00866455,0.013417429,0.027268281,0.006488225,0.004734102,0.021810673,0.002956298,0.00039967,0.048616911,0.0039795,0.000881561,0.0079937,0.001383628,0.002964355,0.001449952,0.001809058,0.000722974,0.001480168,0.000356371,0.005117586,0.004977053,0.00124295,0.017562928,0.005911349,0.109500101,0.01719757,0.153197356,0.003306494,0.001668492,0.01310447,0.000497556,0.000681583,0.001827334,0.002761645,0.001721154,0.020635149,0.012362255,0.007889013,0.026377314,0.002893047,0.017706615,0.003841596,0.003272144,0.002916885
Eubacterium_hallii_DSM_3353,0.072959879,0.001694543,0.318074817,0.310762144,0.392476237,0.082183764,0.368589005,0.365489981,0.154640686,0.105165959,0.245170978,0.210987419,0.221269715,0.136988009,0.122857811,0.221152691,0.344318008,0.126647756,0.187027624,0.373369072,0.355635206,0.324790632,0.376931676,0.280092901,0.237327691,0.447326761,0.383310698,0.403007521,0.354995471,0.410623243,0.066389401,0.428333384,0.116846271,0.025472475,0.01910225,0.178538836,0.0819257,0.499693832,0.065310714,0.104480782,0.093522051,0.179189507,0.025811006,0.0758639,0.032613013,0.217375463,0.129300515,0.632702218,0.395773399,0.02043683,0.241090687,0.523013271,0.5023888,0.034642482,0.184126947,1,0.322927073,0.367058421,0.335205081,0.476279658,0.076019722,0.141095755,0.400178503,0.19645778,0.351154316,0.136980865,0.136604958,0.38607761,0.313701378,0.072149615,0.399078574,0.259815502,0.557214525,0.561949167,0.21254873,0.11838609,0.058803356,0.000858944,0.008040123,0.001263804,0.002816776,0.010091381,0.030822481,0.01674509,0.073835812,0.020596019,0.011657507,0.001425921,0.027108486,0.011130488,0.001375794,0.006295806,0.007392777,0.001534005,0.003389525,0.006172985,0.006227742,0.002073664,0.004309708,0.010500563,0.003453304,0.073969118,0.012615334,0.008465599,0.000935983,0.186400335,0.003702164,0.00543868,0.000965248,0.002773197,0.003081377,0.006689054,0.010686764,0.002139502,0.001662163,0.00860833,0.000974844,0.000131792,0.027794332,0.003088487,0.000290696,0.007915748,0.000456254,0.000977501,0.000478124,0.00059654,0.000238402,0.000572736,0.000117514,0.002827744,0.001641191,0.000409865,0.006951029,0.005664161,0.092941428,0.00762186,0.042193544,0.001090322,0.000550188,0.004363969,0.00016407,0.000224753,0.000602566,0.000910657,0.001348356,0.010856759,0.004835306,0.006888068,0.012951078,0.000953987,0.008034308,0.001266772,0.001316613,0.001977129
Eubacterium_rectale_M104_1,0.19285501,0.00465925,0.677425303,0.187675657,0.158386553,0.191380788,0.187917403,0.204799152,0.160217576,0.137302845,0.569335396,0.541836482,0.177150166,0.20840759,0.308115369,0.183770028,0.474886456,0.164830594,0.177135012,0.587940879,0.554775267,0.610209813,0.614991169,0.580158947,0.216716086,0.249645814,0.139158573,0.537096608,0.52856026,0.238608847,0.118015518,0.37419499,0.182314157,0.070038114,0.052522794,0.156050454,0.156685847,0.396682319,0.122978499,0.234663856,0.128503434,0.328273969,0.070513029,0.178183672,0.08722737,0.189349186,0.275441511,0.249555744,0.465395051,0.050671052,0.378467234,0.505998889,0.260647192,0.095844989,0.254349884,0.322927073,1,0.490023441,0.351204029,0.554979626,0.164431731,0.316502775,0.5764158,0.224474674,0.173523615,0.139281349,0.33261061,0.554402666,0.184743323,0.172508537,0.23140484,0.494834527,0.352730044,0.385140324,0.289524959,0.319321172,0.099761094,0.002361717,0.022106806,0.003474905,0.007744897,0.026848244,0.078684786,0.031994533,0.076576347,0.046506665,0.032053023,0.003920657,0.063489463,0.030603951,0.003782829,0.017310701,0.02032689,0.00421784,0.009319705,0.016972997,0.017123554,0.005701665,0.011849803,0.020381416,0.00949507,0.173696641,0.034686626,0.023276678,0.002573541,0.23521074,0.010179325,0.014953979,0.002654007,0.007625073,0.008472434,0.018391961,0.029383907,0.005882691,0.004570217,0.023669125,0.002680392,0.000362369,0.061833207,0.008491982,0.000799287,0.02176483,0.001254497,0.002687697,0.001314631,0.001640222,0.0006555,0.001574774,0.000323111,0.007775053,0.004512554,0.001126947,0.019112275,0.019592817,0.185027258,0.020956766,0.097588071,0.002997905,0.001512775,0.011998996,0.00045112,0.000617972,0.001656792,0.002503906,0.003707387,0.029851317,0.013294967,0.01893916,0.035609775,0.002623044,0.022090818,0.003483067,0.003620107,0.005436237
Eubacterium_siraeum_70_3,0.176581338,0.003211511,0.442982619,0.233139833,0.228206713,0.122734988,0.235256487,0.280074862,0.130634389,0.140080285,0.39991217,0.355912524,0.207975502,0.162954079,0.211735352,0.183991908,0.405720204,0.17764076,0.205142007,0.46193027,0.400566549,0.452622397,0.507370649,0.416329229,0.244636867,0.300563164,0.197745903,0.476402987,0.444013437,0.31482921,0.071545537,0.338467755,0.121200458,0.048275611,0.036202716,0.184673025,0.122255215,0.380143749,0.086933062,0.19920401,0.093820794,0.227648353,0.047948387,0.126693035,0.058242079,0.19395601,0.179325302,0.309492866,0.399104473,0.034332929,0.390031907,0.445726519,0.330674708,0.066063678,0.198732031,0.367058421,0.490023441,1,0.302827688,0.496969558,0.106225154,0.19622547,0.438215229,0.162171351,0.211460901,0.131244529,0.226359902,0.456570227,0.214332761,0.13103603,0.258249976,0.368049814,0.3681406,0.405301884,0.230053642,0.217035091,0.046723079,0.001627876,0.015237697,0.00239517,0.005338374,0.017869057,0.053264777,0.032699811,0.065001794,0.023656676,0.019713953,0.002702416,0.040277717,0.021094577,0.002607414,0.011931855,0.014010843,0.002907257,0.006423851,0.011699084,0.01180286,0.003930022,0.008167788,0.01344876,0.006544726,0.105536472,0.023165207,0.016044062,0.001773881,0.190246768,0.007016367,0.010307423,0.001829344,0.005255782,0.005839848,0.012677142,0.02025363,0.004054799,0.003150142,0.016314566,0.001847531,0.000249773,0.036277163,0.005853322,0.000550929,0.015001981,0.000864695,0.001852566,0.000906144,0.001130566,0.000451821,0.001085454,0.000222713,0.005359159,0.003110397,0.000776778,0.013173638,0.020944335,0.144368658,0.014445002,0.081249299,0.002066385,0.00104272,0.008270624,0.000310946,0.000425954,0.001141988,0.001725883,0.002555414,0.020575805,0.009163906,0.010590808,0.024544974,0.001808002,0.015226677,0.002400795,0.002495254,0.003747069
Eubacterium_ventriosum_ATCC_27560,0.100338499,0.003498647,0.371386731,0.190467123,0.211410303,0.150912806,0.24139212,0.220214362,0.129721516,0.101586865,0.289823486,0.300594484,0.226357632,0.181226892,0.202032533,0.149814738,0.29826622,0.140835457,0.131577352,0.359805783,0.335375309,0.342426538,0.332203244,0.353102625,0.204417563,0.255462333,0.188538473,0.340689674,0.376164868,0.25558946,0.126836963,0.325142571,0.096351415,0.052341414,0.03943955,0.14781224,0.092457435,0.346689528,0.087441753,0.128504658,0.096926884,0.218809779,0.051590062,0.132519008,0.064157505,0.170830449,0.217975598,0.28975777,0.358100458,0.036758743,0.258940329,0.435923585,0.282053426,0.071970339,0.196715536,0.335205081,0.351204029,0.302827688,1,0.378536852,0.120268412,0.205376214,0.357378099,0.162389454,0.187010735,0.096329564,0.216345667,0.417608047,0.191604451,0.124299707,0.249071396,0.353433965,0.409539127,0.428667591,0.179433558,0.20228424,0.070137581,0.001773422,0.016600078,0.002609319,0.00581567,0.01884372,0.040517094,0.047460608,0.063905748,0.024123253,0.019842186,0.002944035,0.045950875,0.022980614,0.00284054,0.00616434,0.015263533,0.003167191,0.006902179,0.012745083,0.012858137,0.0042814,0.008898059,0.014028439,0.007129881,0.125807976,0.02604631,0.017478539,0.001932481,0.153878133,0.007643691,0.009377536,0.001992903,0.005725694,0.00636198,0.013810588,0.022064479,0.004417333,0.003431792,0.017659893,0.002012716,0.000272104,0.02824584,0.006376659,0.000600187,0.008473187,0.000942006,0.002018201,0.000987161,0.001231648,0.000492217,0.001182503,0.000242626,0.005838314,0.003388493,0.000846229,0.012667438,0.059333306,0.132210891,0.015736509,0.05076309,0.002251138,0.001135948,0.009010088,0.000338748,0.000464037,0.001244091,0.001880192,0.002265202,0.021976552,0.009983238,0.0116719,0.026739505,0.001969653,0.016588073,0.002615447,0.002718351,0.00408209
Faecalibacterium_prausnitzii_SL3_3,0.134724954,0.002660771,0.507309341,0.244196982,0.267912775,0.114857074,0.275031692,0.269195558,0.181840889,0.137213226,0.387055999,0.337252746,0.216965589,0.172045901,0.21918978,0.17923183,0.487689272,0.181956065,0.196851736,0.574369232,0.50757825,0.529097111,0.580974294,0.477761919,0.264878694,0.370268805,0.24054086,0.631099609,0.51541809,0.341089382,0.083682386,0.401193156,0.145883553,0.039996855,0.029994334,0.219656755,0.151147396,0.585678262,0.085327438,0.17136391,0.095710992,0.252404852,0.040528418,0.116360335,0.051208923,0.24001099,0.194775189,0.395423369,0.510423755,0.032089891,0.416663645,0.590844048,0.408470615,0.054734457,0.280750964,0.476279658,0.554979626,0.496969558,0.378536852,1,0.099351932,0.196142148,0.588897741,0.18003896,0.273373567,0.213392234,0.215820303,0.651203435,0.249953382,0.119728579,0.346399876,0.3940247,0.46985184,0.545964928,0.262283248,0.187147045,0.073825611,0.001348712,0.012624593,0.001984424,0.004422899,0.015845476,0.048397431,0.037244756,0.073739023,0.02965074,0.018304607,0.002238981,0.042565719,0.017477081,0.002160271,0.009885669,0.011608132,0.002408694,0.005322229,0.009692815,0.009778795,0.003256065,0.006767099,0.016487974,0.005422375,0.111017015,0.019808586,0.013292675,0.001469679,0.241942228,0.005813135,0.00853981,0.001515631,0.004354471,0.004838376,0.010503147,0.016780347,0.003359444,0.002609926,0.013516791,0.001530699,0.000206939,0.039003872,0.004849539,0.000456451,0.012429301,0.000716409,0.00153487,0.00075075,0.000936686,0.000374338,0.00089931,0.00018452,0.00444012,0.002576997,0.000643569,0.010914498,0.014440928,0.13385816,0.011967837,0.08806213,0.001712022,0.000863904,0.006852299,0.000257622,0.000352907,0.000946149,0.001429913,0.002117188,0.017047272,0.007592393,0.010815638,0.020335771,0.001497949,0.012615463,0.001989085,0.002067345,0.003104487
Gordonibacter_pamelaeae_7_10_1_bT_DSM_19378,0.160830273,0.021261785,0.179868214,0.046333362,0.037550964,0.39570306,0.039078832,0.083766389,0.081605652,0.076342357,0.199245794,0.243166447,0.08159984,0.115683624,0.192557834,0.102955056,0.123153146,0.084893194,0.086583143,0.116637707,0.132469886,0.146292615,0.145732568,0.159476185,0.069797038,0.062925205,0.030094314,0.11044819,0.150703206,0.072282041,0.210458632,0.122471813,0.201944221,0.268717592,0.226772345,0.039641225,0.068253164,0.07948502,0.285747031,0.191500366,0.185419088,0.213650303,0.261839658,0.32380667,0.331068358,0.093085922,0.275782698,0.055896497,0.103616365,0.198832692,0.115654659,0.123879581,0.05708336,0.263108444,0.042632681,0.076019722,0.164431731,0.106225154,0.120268412,0.099351932,1,0.24834424,0.123295696,0.142814731,0.033956757,0.044385251,0.295752463,0.120911973,0.055150348,0.248076894,0.048422753,0.222960616,0.085024762,0.087942282,0.243719761,0.287941199,0.163540186,0.011298957,0.104774138,0.016624684,0.037053229,0.110979475,0.121394204,0.048736265,0.092970041,0.143102119,0.118957659,0.018757257,0.25300544,0.139696991,0.018097857,0.036077519,0.096785097,0.020179043,0.042063235,0.080659764,0.081922714,0.027277974,0.05669197,0.074801681,0.045426428,0.2262521,0.10894028,0.109982555,0.012312365,0.052632269,0.04870005,0.045749657,0.011563026,0.034870101,0.039888572,0.067768616,0.11667507,0.02814404,0.021864886,0.08666465,0.012823565,0.001733651,0.036192177,0.034558685,0.003823958,0.054862102,0.00600178,0.012858512,0.006289474,0.007847168,0.003136051,0.007534051,0.001545834,0.027347353,0.020012975,0.005391555,0.057693221,0.02655612,0.155664752,0.036794909,0.050755437,0.014342615,0.007237436,0.057405742,0.002158253,0.00295651,0.007926446,0.011979218,0.017661414,0.12673873,0.063296184,0.07678983,0.160697871,0.0125492,0.093831527,0.016663731,0.017319361,0.024464097
Holdemania_filiformis_VPI_J1_31B_1_DSM_12042,0.240268092,0.011936883,0.382999188,0.090562976,0.056366526,0.412898306,0.07063386,0.111277526,0.103497524,0.087507222,0.36063784,0.42936305,0.105731785,0.225359205,0.311786892,0.14917156,0.271829016,0.129167831,0.1026437,0.290465929,0.288244962,0.267876517,0.277747405,0.284054604,0.118357752,0.104024485,0.05523082,0.20127206,0.222592006,0.100000808,0.144251029,0.193359892,0.125630504,0.175156123,0.132745869,0.075367749,0.095557242,0.153337308,0.420170552,0.223566803,0.296966677,0.327778565,0.178231336,0.405374193,0.217151216,0.091077673,0.482039044,0.104380673,0.212444618,0.143963287,0.157687662,0.208823873,0.088133995,0.236101377,0.113772716,0.141095755,0.316502775,0.19622547,0.205376214,0.196142148,0.24834424,1,0.28107793,0.203185505,0.059860577,0.056103324,0.538465779,0.244963918,0.069135875,0.400401811,0.093130309,0.348711603,0.145675409,0.146524534,0.259356832,0.442236626,0.265952719,0.006050661,0.056637087,0.008902621,0.019842233,0.070947047,0.100582119,0.041956182,0.066496423,0.114807157,0.078719732,0.010044627,0.185414164,0.078050634,0.009691514,0.023756528,0.052076988,0.010806002,0.023876852,0.043484396,0.043870121,0.014607524,0.030358901,0.07396918,0.024326133,0.233814743,0.079131359,0.059060888,0.006593348,0.099475026,0.026079179,0.030897874,0.006799501,0.019535248,0.021706166,0.047119747,0.072568696,0.015071308,0.011708782,0.053970472,0.006867098,0.000928381,0.089057889,0.016041118,0.002047753,0.055760955,0.00321399,0.006885813,0.003368052,0.004202207,0.001679375,0.004034531,0.000827804,0.019128038,0.011561052,0.002887211,0.045201934,0.029042835,0.197332234,0.049152356,0.059752825,0.007680559,0.003875692,0.03074113,0.001155758,0.001583229,0.004244661,0.006414946,0.009498234,0.070159867,0.034061376,0.034801307,0.089454823,0.006720175,0.054583089,0.008923531,0.009274625,0.013927504
Parabacteroides_distasonis_ATCC_8503,0.14460003,0.003730423,0.54474723,0.215175962,0.199937027,0.16189302,0.230837021,0.246455063,0.171377481,0.146940236,0.452376845,0.415639867,0.217326168,0.199499391,0.213110747,0.170360672,0.512824829,0.191171537,0.223372887,0.727474797,0.512662847,0.583485271,0.583090927,0.483471535,0.225298009,0.296660036,0.179055652,0.562968933,0.465663818,0.249164503,0.112339719,0.373428919,0.146664574,0.05487916,0.041406128,0.141818844,0.147157193,0.439051227,0.129510988,0.16740216,0.151219541,0.272236905,0.054575515,0.150392221,0.069873789,0.172539541,0.245892026,0.30866106,0.449798599,0.044990302,0.327574028,0.51315349,0.30638417,0.070483699,0.267074235,0.400178503,0.5764158,0.438215229,0.357378099,0.588897741,0.123295696,0.28107793,1,0.230003695,0.220175767,0.159020027,0.254515008,0.585259696,0.186817812,0.149289733,0.267587957,0.434869353,0.381642917,0.424991202,0.269828235,0.232672658,0.095408241,0.001890906,0.016395461,0.002782179,0.006200943,0.022215493,0.057208273,0.019008003,0.072290633,0.037863751,0.025169783,0.00313907,0.059612029,0.024432535,0.003028718,0.013859792,0.016274701,0.003377009,0.00746181,0.01358941,0.013709954,0.004565031,0.009487531,0.02311628,0.007602217,0.129165391,0.027109174,0.01777619,0.002060502,0.2003287,0.008150065,0.011972886,0.002124928,0.006105006,0.006783444,0.013353215,0.02352619,0.004709969,0.003659139,0.018900339,0.002146053,0.000290131,0.060232993,0.006799095,0.000639948,0.017425986,0.001004412,0.002151901,0.001052558,0.001313242,0.000524825,0.001260841,0.000258699,0.006225087,0.003612971,0.000902289,0.01530222,0.016896705,0.196343352,0.01677901,0.069900067,0.002400269,0.001211201,0.009606982,0.000361189,0.000494779,0.001326509,0.00200475,0.002968315,0.021810615,0.010550402,0.015163617,0.028167434,0.002100137,0.016251568,0.002788713,0.002898435,0.004352517
Parabacteroides_johnsonii_DSM_18315,0.062773777,0.007548922,0.237797955,0.119229564,0.086646402,0.22974239,0.109143127,0.119554638,0.178551263,0.155833422,0.260966453,0.279354366,0.118883635,0.190245856,0.139555846,0.195136217,0.223078874,0.092429158,0.157161456,0.231481898,0.19008383,0.234981506,0.235174486,0.200339023,0.109401346,0.162197973,0.088887062,0.175314068,0.176875021,0.117014852,0.097299573,0.253157126,0.189810304,0.098101339,0.078169229,0.058440933,0.082741212,0.158049128,0.131775846,0.109633502,0.121145758,0.210832121,0.093907754,0.179832442,0.11598398,0.125980361,0.206417701,0.159224036,0.187726149,0.070283459,0.170383081,0.202997629,0.153932866,0.119936937,0.11724595,0.19645778,0.224474674,0.162171351,0.162389454,0.18003896,0.142814731,0.203185505,0.230003695,1,0.094389619,0.057420665,0.235395421,0.181258945,0.10449059,0.128956445,0.112576138,0.225748786,0.186122987,0.19546102,0.235705308,0.243326613,0.162899092,0.003826457,0.031256024,0.005630045,0.012548291,0.034561684,0.102680196,0.025279539,0.04630947,0.088262556,0.049730794,0.006352254,0.079647297,0.048800282,0.006128944,0.015307925,0.03293365,0.00683375,0.01491152,0.027499668,0.027743602,0.009237844,0.019199064,0.0197819,0.015383923,0.156669191,0.042508207,0.037345231,0.004169654,0.075405539,0.016492554,0.019668036,0.004300026,0.011441955,0.013727047,0.024419248,0.047607839,0.009531142,0.00740467,0.03216802,0.004342774,0.000587111,0.022785145,0.009612732,0.001295005,0.016591367,0.002032537,0.00435461,0.002129967,0.002657489,0.001062042,0.00255145,0.000523506,0.011544706,0.007311246,0.001825881,0.020932074,0.008431735,0.240581999,0.018393623,0.037161578,0.00485721,0.002451,0.019440787,0.000730905,0.001001239,0.002684337,0.004056832,0.006006713,0.041689314,0.0204227,0.024873402,0.054932984,0.004249859,0.030101512,0.005532429,0.005399128,0.007259105
Parabacteroides_merdae_ATCC_43184,0.043940803,0.001205228,0.14575707,0.308764113,0.48365953,0.038500562,0.483546374,0.300990616,0.15508802,0.10132713,0.143616978,0.119146239,0.174194165,0.114626112,0.05098915,0.143731604,0.190139752,0.150949738,0.137918952,0.215408691,0.212070741,0.203135502,0.221583299,0.152865302,0.231839552,0.340375797,0.468201802,0.273713458,0.205769486,0.309107931,0.054649432,0.202275057,0.06462546,0.015735292,0.012326869,0.254206603,0.076202787,0.334052168,0.02766952,0.0599683,0.034761587,0.095965714,0.015196207,0.033900601,0.01902878,0.17117954,0.054662925,0.380819955,0.213358561,0.011229699,0.132094488,0.255074758,0.334831674,0.020152379,0.144455743,0.351154316,0.173523615,0.211460901,0.187010735,0.273373567,0.033956757,0.059860577,0.220175767,0.094389619,1,0.151708047,0.066143548,0.208601351,0.302379395,0.028928271,0.348814031,0.129040521,0.299226066,0.306822473,0.104120327,0.061337535,0.014319696,0.000610916,0.005314187,0.000898869,0.002003406,0.005726304,0.02164981,0.004475162,0.048503691,0.008262096,0.006794306,0.001014174,0.014361898,0.007522225,0.000978521,0.004477834,0.005206525,0.00105967,0.002410768,0.004376476,0.004392065,0.001474874,0.00306524,0.003318593,0.002456131,0.026707553,0.007179363,0.005986303,0.000665709,0.14398121,0.002611887,0.003868211,0.000686524,0.001967086,0.002191601,0.0040231,0.007419967,0.001521701,0.001182198,0.006043381,0.000693349,9.37E-05,0.021830614,0.001493696,0.000206755,0.005630003,0.000324506,0.000695238,0.000340061,0.000424283,0.000169561,0.000407354,8.36E-05,0.001798428,0.001167282,0.000291512,0.004736766,0.001518376,0.059492741,0.003670967,0.034976282,0.000775481,0.000391316,0.003103833,0.000116693,0.000159854,0.00042857,0.000647696,0.000847478,0.006997609,0.003439067,0.004042913,0.008923135,0.000678514,0.005192509,0.00090098,0.000936429,0.001101862
Prevotella_copri_CB7_DSM_18205,0.066136169,0.00349538,0.133380322,0.102840992,0.157235814,0.045069206,0.134347467,0.061163728,0.215879829,0.239599559,0.116115915,0.10217919,0.074897424,0.121141036,0.095815606,0.046709834,0.136248446,0.199941444,0.173999596,0.161893482,0.1009164,0.167484465,0.123729641,0.107957448,0.143685567,0.143551523,0.11745227,0.197515525,0.115442555,0.178541645,0.023926432,0.085239487,0.028996379,0.031189581,0.026711598,0.254307825,0.237952723,0.188319329,0.039543687,0.10043977,0.054436973,0.089239947,0.029183669,0.047618902,0.032918248,0.194065097,0.068412505,0.131816996,0.157350672,0.023664008,0.147167241,0.167782361,0.175111044,0.038881918,0.227079014,0.136980865,0.139281349,0.131244529,0.096329564,0.213392234,0.044385251,0.056103324,0.159020027,0.057420665,0.151708047,1,0.062994362,0.147999072,0.142813314,0.049397737,0.10183924,0.111431329,0.125518469,0.178321702,0.079332183,0.075397295,0.023920903,0.001908982,0.016684315,0.003123664,0.006419867,0.013473117,0.036400414,0.011707455,0.0366396,0.016738916,0.014780339,0.003524359,0.022975039,0.019535989,0.002885422,0.005345468,0.014832426,0.003374423,0.004744972,0.013417771,0.012699212,0.005081466,0.009686986,0.008139383,0.008075166,0.023408195,0.014234578,0.015966171,0.002204694,0.201695681,0.008089716,0.005574222,0.002270973,0.006450432,0.007111994,0.010427085,0.017752271,0.004560616,0.003962335,0.014063866,0.002161879,0.000325741,0.018386458,0.003156722,0.000718495,0.005871658,0.001127693,0.002407901,0.00108133,0.001474429,0.000589242,0.001415596,0.000290452,0.003410874,0.004056427,0.001013036,0.01578865,0.004670417,0.056864461,0.007560701,0.20616216,0.002453113,0.001359864,0.009577873,0.000405521,0.000555508,0.001489325,0.002118848,0.001362254,0.018560825,0.009837596,0.006983669,0.020596558,0.002357908,0.015852196,0.003131,0.002174511,0.00210445
Pseudoflavonifractor_capillosus_ATCC_29799,0.259965952,0.012297017,0.386733792,0.083876827,0.062027706,0.457159682,0.070915985,0.1142947,0.106184976,0.101128323,0.428185841,0.498858337,0.124389144,0.187510298,0.351522764,0.136238052,0.275953471,0.148302375,0.09679606,0.266871047,0.312571313,0.313337616,0.315314927,0.334595046,0.136119077,0.099721941,0.053081479,0.225029558,0.251964798,0.09996332,0.164418855,0.19251326,0.133999592,0.184849459,0.138621809,0.083473545,0.118486989,0.156378991,0.351210459,0.25109483,0.261100832,0.361447086,0.187306128,0.478032882,0.236667147,0.110668442,0.590172912,0.100962381,0.210774018,0.148306635,0.20244822,0.216578739,0.094950968,0.252960758,0.122144514,0.136604958,0.33261061,0.226359902,0.216345667,0.215820303,0.295752463,0.538465779,0.254515008,0.235395421,0.066143548,0.062994362,1,0.261839956,0.077489983,0.351957275,0.098483134,0.395137016,0.151877238,0.153795544,0.31581611,0.664870142,0.221370975,0.006233209,0.058345819,0.009171212,0.02044087,0.07323145,0.111273105,0.050532663,0.079721401,0.089395052,0.077534521,0.010347672,0.189447281,0.080772075,0.009983906,0.036563117,0.053648141,0.011132017,0.024597212,0.044796313,0.045193675,0.015048231,0.031274824,0.076200817,0.025060049,0.256868411,0.07136064,0.061433426,0.006792268,0.118964229,0.026865983,0.036094007,0.007004641,0.020124623,0.022361037,0.048541342,0.075800529,0.015526006,0.012062034,0.062469199,0.007074277,0.00095639,0.048969771,0.022412629,0.002109533,0.057443253,0.003310956,0.007093557,0.003469666,0.004328987,0.001730041,0.004156252,0.000852778,0.01960971,0.011909847,0.002974318,0.039164573,0.019416568,0.235657314,0.055310554,0.074739946,0.00791228,0.003992621,0.031668585,0.001190627,0.001630995,0.004372721,0.006608483,0.009784794,0.078785671,0.035089002,0.049098675,0.093983795,0.006922921,0.057506915,0.009192753,0.009554439,0.014347695
Roseburia_intestinalis_M50_1,0.153374392,0.003332714,0.522008786,0.207353849,0.213413752,0.138204085,0.222547458,0.248617084,0.136848048,0.126719709,0.434416012,0.404036993,0.191927865,0.198319057,0.26077821,0.195964275,0.46116602,0.163200562,0.160033944,0.574075365,0.4881756,0.504716498,0.519332536,0.536562165,0.259480838,0.312034185,0.195567086,0.495645163,0.516035429,0.251534043,0.093962309,0.351699143,0.165646562,0.050097551,0.037569021,0.157994447,0.142790584,0.519675262,0.102498392,0.182208016,0.103881042,0.289432824,0.050763353,0.1372238,0.064141083,0.19905053,0.240568377,0.338626872,0.490980767,0.040193784,0.3779332,0.517852551,0.327839346,0.068556946,0.268069426,0.38607761,0.554402666,0.456570227,0.417608047,0.651203435,0.120911973,0.244963918,0.585259696,0.181258945,0.208601351,0.147999072,0.261839956,1,0.197358038,0.143347706,0.307789625,0.441310018,0.437447303,0.469587201,0.275803885,0.234408644,0.080657645,0.001689312,0.015812773,0.002485564,0.005539846,0.019847049,0.05166421,0.04153477,0.076389931,0.027416709,0.022927201,0.002804406,0.050629986,0.021890695,0.002705819,0.012382168,0.014539618,0.003016978,0.00666629,0.012140612,0.012248304,0.004078343,0.008476044,0.020651801,0.006791727,0.140675529,0.024810991,0.016649571,0.001840828,0.178317266,0.007281168,0.01069643,0.001898384,0.005454137,0.006060246,0.013155583,0.02101801,0.004207829,0.00326903,0.016930284,0.001917257,0.000259199,0.060366313,0.006074228,0.000571722,0.015568162,0.000897329,0.001922482,0.000940342,0.001173234,0.000468872,0.00112642,0.000231118,0.005561416,0.003227784,0.000806094,0.013670816,0.031277012,0.132104765,0.014990162,0.072203297,0.002144371,0.001082072,0.00858276,0.000322682,0.000442029,0.001185087,0.001791019,0.002651856,0.021352344,0.009509755,0.013546989,0.02547131,0.001876237,0.015801338,0.002491402,0.002589426,0.003888485
Ruminococcus_bromii_L2_63,0.046369004,0.001354051,0.152662367,0.238865116,0.436723003,0.055699173,0.300342146,0.26098274,0.099062424,0.114999659,0.117288684,0.113373993,0.165308004,0.077739681,0.065295718,0.169716003,0.17041093,0.151858969,0.152418048,0.200600615,0.173755622,0.174185183,0.181920034,0.157833581,0.152143451,0.391515903,0.390403604,0.223149154,0.217907206,0.295849341,0.061151235,0.193834219,0.087239838,0.020000456,0.015217055,0.26446953,0.08826874,0.318128348,0.032745671,0.079327583,0.038657122,0.114926636,0.020401442,0.046176806,0.0248133,0.229444877,0.083781928,0.362076293,0.214547315,0.014634029,0.141896103,0.255799678,0.432091722,0.02681787,0.153845796,0.313701378,0.184743323,0.214332761,0.191604451,0.249953382,0.055150348,0.069135875,0.186817812,0.10449059,0.302379395,0.142813314,0.077489983,0.197358038,1,0.038429875,0.266405902,0.132132888,0.282594697,0.285236887,0.105796397,0.080080361,0.026262787,0.000686352,0.006423122,0.001009862,0.002250788,0.007954355,0.021825847,0.025538376,0.054898528,0.009029821,0.007334459,0.001139405,0.017193942,0.008893988,0.001041558,0.002829365,0.005907313,0.00122577,0.002708452,0.004932619,0.004976373,0.001656993,0.003443738,0.005911512,0.002759416,0.037264373,0.009132952,0.006764567,0.000747911,0.093378369,0.002958271,0.004345861,0.000771296,0.002215966,0.002462222,0.005209114,0.008375222,0.001709602,0.001328177,0.006878619,0.000778964,1.05E-04,0.024526277,0.002467903,0.000232285,0.002752683,0.000364576,0.000781087,0.000382052,0.000476674,0.000190499,0.000457654,9.39E-05,0.001817779,0.001311419,0.000327509,0.005554326,0.002673199,0.062214438,0.005716853,0.051510368,0.000871238,0.000439636,0.003487096,0.000131103,0.000179592,0.00048149,0.000727674,0.000514551,0.008375508,0.003863726,0.004160798,0.010304401,0.000762298,0.006419938,0.001012234,0.00105206,0.001579856
Ruminococcus_gnavus_ATCC_29149,0.227974069,0.018574287,0.229527795,0.055511946,0.029861666,0.413681707,0.038549842,0.08608563,0.084991698,0.071568523,0.19219066,0.205177473,0.079826369,0.139143363,0.262549534,0.10107652,0.155269065,0.101287886,0.067991156,0.15029324,0.173553028,0.132471,0.147670752,0.176298673,0.080972443,0.05260862,0.029732552,0.103096106,0.127272248,0.061655516,0.141107414,0.110140924,0.089719759,0.279209746,0.209384221,0.071833475,0.085871579,0.094162858,0.468201707,0.18104929,0.302897407,0.21819942,0.27648145,0.462868001,0.326884172,0.072418869,0.407409649,0.0670809,0.139149165,0.22401287,0.138728658,0.107234233,0.04714213,0.331818017,0.072113702,0.072149615,0.172508537,0.13103603,0.124299707,0.119728579,0.248076894,0.400401811,0.149289733,0.128956445,0.028928271,0.049397737,0.351957275,0.143347706,0.038429875,1,0.055916857,0.187490908,0.088375038,0.082784355,0.163099198,0.31771915,0.226753091,0.009415081,0.085266971,0.013852849,0.030875342,0.110613981,0.114858284,0.049142946,0.069022845,0.118580799,0.102304842,0.015629858,0.233779869,0.122003876,0.0150804,0.0283653,0.081033961,0.016814589,0.037153375,0.067663531,0.068263735,0.022729916,0.047239714,0.115099124,0.037852476,0.264600719,0.110370793,0.092793408,0.010259523,0.073510169,0.040580288,0.044865466,0.010580306,0.030397659,0.033775698,0.0652085,0.105790911,0.023451582,0.018219352,0.086858253,0.010685491,0.0014446,0.040614826,0.023802849,0.003186389,0.038814991,0.005001103,0.010714612,0.00524083,0.006538809,0.002613177,0.006277898,0.001288097,0.024705753,0.017989479,0.004492621,0.05332624,0.064783786,0.127117212,0.049567798,0.052373619,0.01195127,0.006030738,0.047834479,0.001798408,0.002463571,0.006604869,0.009981923,0.013458953,0.101365255,0.053000919,0.046825884,0.132073015,0.010456871,0.073859181,0.013885386,0.014431703,0.019313337
Ruminococcus_lactaris_ATCC_29176,0.047071089,0.001480387,0.206807502,0.346713697,0.359638477,0.055082539,0.357476769,0.367358982,0.125945691,0.068525325,0.16173262,0.14907517,0.143753552,0.130430918,0.122079899,0.164605916,0.228816572,0.162928174,0.114589814,0.256170613,0.235475544,0.22777063,0.246210524,0.210244454,0.205463974,0.325543324,0.353871855,0.261409743,0.237545005,0.270898756,0.060788917,0.235496769,0.066363811,0.022027877,0.016688111,0.206649814,0.053250922,0.39056777,0.037732054,0.063302895,0.038194661,0.140812387,0.021727254,0.050843933,0.026441265,0.166120654,0.081293265,0.46138973,0.253494506,0.015479184,0.218474032,0.335000759,0.408964239,0.029728054,0.186823994,0.399078574,0.23140484,0.258249976,0.249071396,0.346399876,0.048422753,0.093130309,0.267587957,0.112576138,0.348814031,0.10183924,0.098483134,0.307789625,0.266405902,0.055916857,1,0.17714845,0.416427157,0.368667845,0.146220006,0.091573175,0.029002865,0.00075039,0.006919591,0.001104085,0.002460792,0.00786156,0.021392868,0.018506356,0.035285062,0.010508503,0.008576163,0.001245714,0.018219642,0.009723819,0.001201921,0.005500143,0.00645848,0.001340138,0.002961157,0.005392844,0.005440681,0.001811595,0.003765048,0.005461223,0.003016876,0.057273463,0.009649293,0.007395718,0.000817693,0.130247836,0.003234285,0.004533134,0.00084326,0.002422721,0.002691953,0.005677033,0.009336173,0.001869112,0.001452099,0.007520411,0.000851643,0.000115136,0.022449439,0.002698164,0.000253958,0.003705113,0.000398592,0.000853964,0.000417699,0.000521149,0.000208273,0.000500354,0.000102662,0.002470374,0.001433778,0.000358066,0.004583947,0.002592912,0.069171338,0.006658611,0.014654534,0.000952527,0.000480655,0.003812451,0.000143335,0.000196349,0.000526414,0.000795568,0.001154585,0.008761325,0.004224221,0.005142354,0.011314323,0.000833422,0.006614244,0.001106678,0.00115022,0.00172726
Ruminococcus_obeum_A2_162,0.168820025,0.006077829,0.550064215,0.161304753,0.124259271,0.23717918,0.154233146,0.188029602,0.165901986,0.101258505,0.561056999,0.544850996,0.218043123,0.215636565,0.271791481,0.155756097,0.386332166,0.144761492,0.146434078,0.419540424,0.391269786,0.467678671,0.489732271,0.461426701,0.190169943,0.188982024,0.109391603,0.405951972,0.408522859,0.198631148,0.136812208,0.292543882,0.189245825,0.091362266,0.068514145,0.106408786,0.133384934,0.284682732,0.160339755,0.261388711,0.167902765,0.319121484,0.092576481,0.230285991,0.110395504,0.169715009,0.300431572,0.199630104,0.398390148,0.067995124,0.267990858,0.422029044,0.194245221,0.12394315,0.165073824,0.259815502,0.494834527,0.368049814,0.353433965,0.3940247,0.222960616,0.348711603,0.434869353,0.225748786,0.129040521,0.111431329,0.395137016,0.441310018,0.132132888,0.187490908,0.17714845,1,0.278941135,0.313645421,0.351459515,0.40783514,0.092663142,0.003080778,0.028837554,0.004532892,0.010102947,0.036194811,0.071249544,0.076241519,0.06631582,0.048141823,0.041254397,0.00511436,0.076635301,0.039921782,0.004934568,0.015740415,0.026515716,0.005502025,0.012157228,0.02214068,0.022337077,0.007437622,0.015457653,0.02844,0.012385986,0.192987487,0.043833668,0.030363611,0.003357094,0.211469031,0.013278573,0.019506942,0.00346206,0.009946641,0.011051993,0.023991669,0.038330277,0.007673764,0.005961688,0.030875544,0.003496478,0.000472698,0.047466413,0.011077493,0.001042642,0.028330598,0.001636447,0.003506007,0.00171489,0.002139612,0.000855077,0.002054237,0.000421488,0.010142284,0.005886469,0.001470063,0.024931293,0.018476281,0.213189023,0.027337367,0.077061698,0.003910663,0.001973362,0.01565227,0.00058847,0.000806123,0.002161228,0.003266258,0.004836157,0.038939997,0.017342819,0.024705472,0.046451705,0.00342167,0.028816699,0.004543539,0.004722303,0.007091381
Ruminococcus_sp_SR1_5,0.086136985,0.001900444,0.343011091,0.296836699,0.314360183,0.08658462,0.302823914,0.315090585,0.191536756,0.090245655,0.260083278,0.229319284,0.237064313,0.225400769,0.144560185,0.196397846,0.312680206,0.086567736,0.186644434,0.397147079,0.329020036,0.337813977,0.351157444,0.332311002,0.236272348,0.378782532,0.331987337,0.385755122,0.393736345,0.341130576,0.077145938,0.423715816,0.148991246,0.028567589,0.021423329,0.143341138,0.08562839,0.520861161,0.058770241,0.108283934,0.073191716,0.213735665,0.028947255,0.080548707,0.036575762,0.179665669,0.140416039,0.55311296,0.405495057,0.022920072,0.261411237,0.534911382,0.478966196,0.03909386,0.176770357,0.557214525,0.352730044,0.3681406,0.409539127,0.46985184,0.085024762,0.145675409,0.381642917,0.186122987,0.299226066,0.125518469,0.151877238,0.437447303,0.282594697,0.088375038,0.416427157,0.278941135,1,0.631215009,0.219288492,0.13283327,0.069867286,0.000963312,0.009017064,0.001417366,0.003159038,0.011317566,0.033656413,0.017501951,0.071443967,0.023098604,0.01307399,0.001599183,0.030306123,0.012482933,0.001542964,0.007060798,0.008291061,0.001720399,0.00380138,0.006923053,0.006984464,0.002325631,0.004833373,0.011776467,0.003872909,0.086602953,0.014148201,0.009494239,0.001049712,0.184910588,0.004152008,0.006099524,0.001082533,0.003110163,0.00345579,0.007501829,0.011985294,0.002399469,0.001864129,0.009654312,0.001093295,0.000147805,0.029806259,0.003463763,0.000326018,0.008877577,0.000511692,0.001096275,0.00053622,0.000669024,0.000267369,0.000642329,0.000131793,0.003171338,0.001840609,0.000459666,0.00688455,0.009628794,0.096288613,0.008547978,0.037183889,0.001222805,0.00061704,0.004894226,0.000184006,0.000252062,0.000675783,0.001021309,0.001512193,0.012175944,0.005422835,0.007725025,0.01452474,0.001069904,0.009010543,0.001420695,0.001476592,0.002217367
Ruminococcus_torques_L2_14,0.092493755,0.0020039,0.36508153,0.287993604,0.32684231,0.081938706,0.314026782,0.310851961,0.217762138,0.086573067,0.277848138,0.242262026,0.261354916,0.224910153,0.153923063,0.174557467,0.373481583,0.128843305,0.208679358,0.427819592,0.364340224,0.36484924,0.400069648,0.347072212,0.227557889,0.441353484,0.323881815,0.470439389,0.424469325,0.404623247,0.085316682,0.435140779,0.143077339,0.030122737,0.022589562,0.176597002,0.090042887,0.553921585,0.056283423,0.114303588,0.067542475,0.209415892,0.030523071,0.082004423,0.037025027,0.21374448,0.138660193,0.543929258,0.448772806,0.023561541,0.299060036,0.605943641,0.485161891,0.041222032,0.220350985,0.561949167,0.385140324,0.405301884,0.428667591,0.545964928,0.087942282,0.146524534,0.424991202,0.19546102,0.306822473,0.178321702,0.153795544,0.469587201,0.285236887,0.082784355,0.368667845,0.313645421,0.631215009,1,0.212620933,0.14094561,0.067638566,0.001015753,0.00950793,0.001494524,0.003331008,0.011933666,0.036449442,0.030342179,0.071089347,0.024356034,0.013785705,0.001686238,0.026780178,0.013162473,0.001626959,0.00744517,0.008742405,0.001814054,0.004008318,0.007299927,0.00736468,0.002452233,0.005096489,0.010486585,0.004083741,0.095318159,0.014918393,0.010011081,0.001106856,0.20971905,0.004378032,0.006431566,0.001141464,0.003279473,0.003643915,0.00791021,0.012637743,0.00253009,0.001965607,0.010179869,0.001152812,0.000155852,0.035133075,0.003652322,0.000343766,0.00936085,0.000539547,0.001155953,0.000565411,0.000705444,0.000281924,0.000677295,0.000138967,0.003343977,0.001940807,0.000484689,0.00822001,0.026839586,0.098602011,0.009013309,0.05022643,0.001289371,0.00065063,0.005160656,0.000194022,0.000265784,0.000712571,0.001076907,0.001594513,0.012838772,0.005718041,0.008145556,0.015315431,0.001128147,0.009501054,0.001498034,0.001556974,0.002338075
Streptococcus_thermophilus_LMD_9,0.154753075,0.006926326,0.317094873,0.139247542,0.11424628,0.218054096,0.112561889,0.177326583,0.10860977,0.114006029,0.316874486,0.318794921,0.114530689,0.129859379,0.18489896,0.153964554,0.28429692,0.106831913,0.175573901,0.255072464,0.257021091,0.279844245,0.311456333,0.277235275,0.125785213,0.16074485,0.096418955,0.244351548,0.274476069,0.144526032,0.145738625,0.247791756,0.182904685,0.097312434,0.075169907,0.055528296,0.089437857,0.208600393,0.164549649,0.184367493,0.137553338,0.287636541,0.098573046,0.209644069,0.122584081,0.193567676,0.262195951,0.165020337,0.209303942,0.082292367,0.171196216,0.295599731,0.163052163,0.113095785,0.096198369,0.21254873,0.289524959,0.230053642,0.179433558,0.262283248,0.243719761,0.259356832,0.269828235,0.235705308,0.104120327,0.079332183,0.31581611,0.275803885,0.105796397,0.163099198,0.146220006,0.351459515,0.219288492,0.212620933,1,0.262767701,0.115825908,0.003510871,0.032604606,0.005165708,0.011513372,0.040833464,0.053054185,0.039757421,0.116936651,0.071455234,0.047071351,0.005828352,0.09876315,0.043710851,0.00562346,0.013260691,0.029235512,0.006270137,0.013183129,0.024827963,0.024954946,0.008095706,0.017341091,0.042866415,0.01305265,0.165389926,0.047844703,0.031592939,0.003825762,0.122954113,0.014564165,0.018149719,0.003945382,0.011335245,0.012594911,0.023313049,0.037133457,0.008656048,0.006793971,0.030500248,0.003984605,0.000538689,0.021659858,0.01262397,0.0011882,0.032355058,0.001864904,0.003995464,0.001954298,0.002438313,0.00097445,0.00234102,0.00048033,0.011558201,0.006106717,0.001675292,0.026141418,0.014886535,0.175221088,0.022036299,0.08148002,0.004456612,0.002248854,0.016871003,0.000670624,0.000918662,0.002462946,0.003722245,0.00551131,0.044376229,0.019763969,0.028154487,0.052035656,0.003899353,0.032839664,0.005177841,0.005381562,0.008081376
Subdoligranulum_variabile_DSM_15176,0.215823478,0.01421754,0.352181502,0.073399583,0.057709186,0.423609801,0.06969503,0.096430103,0.109423852,0.112005626,0.42123338,0.477784849,0.123984524,0.191964196,0.32970385,0.123267554,0.250023655,0.164222838,0.09599659,0.246477362,0.2701154,0.298333472,0.278890845,0.314194135,0.132108854,0.093837024,0.046246718,0.203532058,0.23768615,0.0920033,0.184599096,0.168855202,0.150800409,0.213718873,0.160271482,0.093096661,0.136665515,0.140896517,0.308246668,0.294831165,0.20548841,0.337117641,0.216559219,0.482017597,0.251554741,0.128276159,0.527058578,0.086304418,0.191187031,0.15496826,0.195785183,0.196017258,0.08850864,0.292467655,0.135506942,0.11838609,0.319321172,0.217035091,0.20228424,0.187147045,0.287941199,0.442236626,0.232672658,0.243326613,0.061337535,0.075397295,0.664870142,0.234408644,0.080080361,0.31771915,0.091573175,0.40783514,0.13283327,0.14094561,0.262767701,1,0.160267242,0.007206699,0.06745815,0.010603553,0.023633284,0.083669812,0.135979789,0.059074754,0.081318049,0.098998451,0.085879259,0.01196375,0.155549655,0.093386893,0.011543172,0.033948712,0.062026799,0.012870593,0.028438755,0.05179251,0.052251931,0.017398433,0.036159262,0.062421107,0.028973876,0.267359339,0.08142542,0.071027974,0.00785307,0.118408488,0.031061858,0.045631549,0.008098611,0.023267646,0.025853338,0.05612243,0.089663972,0.017950826,0.013945858,0.072225512,0.008179124,0.001105757,0.067466425,0.025912988,0.002438996,0.043430535,0.003828054,0.008201414,0.004011551,0.005005079,0.002000236,0.004805367,0.000985964,0.023725303,0.013769903,0.003438841,0.052837839,0.020966996,0.233662951,0.063948844,0.095285647,0.009148004,0.00461618,0.03661452,0.001376577,0.001885721,0.005055644,0.007640583,0.011312963,0.091090257,0.040569131,0.047189666,0.108661993,0.008004129,0.067409365,0.010628458,0.011046632,0.016588489
Clostridium_symbiosum_WAL_14163,0.135833279,0.024400254,0.120475168,0.031256522,0.014098972,0.257046795,0.019460268,0.035106413,0.095456745,0.036881535,0.105615948,0.123568189,0.034706988,0.147049102,0.162827777,0.067091716,0.093105821,0.045346211,0.088029243,0.105277235,0.082790888,0.081021598,0.079598262,0.082178741,0.038929871,0.051087818,0.02516091,0.058145896,0.067564076,0.048876771,0.083923708,0.112960442,0.167628957,0.20087232,0.180221644,0.021446849,0.05421084,0.071794011,0.315758374,0.104007199,0.189175484,0.148473483,0.209591853,0.221895379,0.249131044,0.030260024,0.198120764,0.046721189,0.08826167,0.225252568,0.040983864,0.076684147,0.037316724,0.176885457,0.065140863,0.058803356,0.099761094,0.046723079,0.070137581,0.073825611,0.163540186,0.265952719,0.095408241,0.162899092,0.014319696,0.023920903,0.221370975,0.080657645,0.026262787,0.226753091,0.029002865,0.092663142,0.069867286,0.067638566,0.115825908,0.160267242,1,0.013517895,0.103781025,0.019889511,0.044329902,0.153288797,0.093714615,0.042160151,0.06005314,0.256031225,0.133891449,0.022440888,0.300759533,0.14472835,0.021651992,0.026989008,0.112766929,0.02350721,0.030971781,0.095026461,0.09801105,0.032634941,0.067825383,0.147591877,0.051254179,0.14347706,0.104019422,0.113458377,0.013842363,0.036247577,0.058263976,0.039514223,0.01281061,0.034986389,0.046661351,0.060208886,0.128576834,0.033099034,0.026158806,0.062835618,0.015341912,0.002074113,0.050606383,0.028557512,0.004574923,0.051104064,0.007180435,0.014450897,0.007524628,0.009388229,0.003751922,0.00901362,0.001849411,0.029388237,0.022083909,0.006450372,0.057643009,0.023946653,0.092735154,0.047456496,0.05170133,0.01715928,0.008658754,0.067944303,0.002582101,0.003537122,0.009483075,0.014331749,0.021220181,0.092313115,0.065027668,0.065530254,0.127429127,0.015013667,0.074953873,0.019936226,0.020720612,0.021349705
Actinobacillus_pleuropneumoniae_sv_7_AP76,0.007458406,0.179375114,0.002553503,0.000578967,0.000431328,0.010371861,0.000629129,0.001126628,0.002546434,0.002742819,0.003443589,0.003957109,0.00186394,0.003041725,0.005167939,0.001695247,0.002037824,0.002226164,0.002294339,0.001851014,0.002046007,0.002269341,0.002107851,0.002536735,0.001710604,0.000738628,0.000340123,0.001563737,0.00178897,0.001043201,0.010417431,0.001695639,0.005162025,0.03372046,0.044965571,0.000979174,0.005995211,0.001036243,0.013151649,0.006937387,0.006071172,0.003911535,0.033278189,0.011322165,0.026337449,0.001530887,0.006089159,0.000631572,0.001636553,0.041928552,0.002195297,0.001429199,0.000644982,0.024641011,0.00260482,0.000858944,0.002361717,0.001627876,0.001773422,0.001348712,0.011298957,0.006050661,0.001890906,0.003826457,0.000610916,0.001908982,0.006233209,0.001689312,0.000686352,0.009415081,0.00075039,0.003080778,0.000963312,0.001015753,0.003510871,0.007206699,0.013517895,1,0.099268771,0.348998686,0.220319261,0.085116556,0.027867437,0.024342959,0.010557753,0.039326593,0.073681582,0.328781619,0.031685413,0.077170344,0.318148063,0.048348216,0.110539752,0.297033479,0.142871682,0.139145577,0.13792215,0.299793414,0.199304363,0.059526117,0.223151502,0.009948734,0.068087262,0.101462823,0.339983288,0.003488669,0.17838712,0.093985762,0.237982778,0.150412886,0.154305419,0.056940156,0.08037452,0.30642132,0.307382396,0.099521973,0.810022071,0.140172881,0.017323164,0.077291131,0.093532271,0.055768778,0.109964531,0.20420189,0.28627391,0.11743953,0.224940993,0.13551646,0.091368663,0.097972659,0.254148557,0.187053862,0.083037659,0.012889748,0.004705832,0.014348322,0.0090733,0.737837208,0.358544105,0.170394035,0.17533977,0.212089872,0.313638539,0.320721093,0.177043943,0.078648173,0.146977961,0.081292207,0.066322166,0.36211567,0.097568148,0.338180447,0.206118933,0.133183943
Actinomyces_odontolyticus_ATCC_17982,0.060011247,0.186035369,0.023902007,0.006003869,0.004037437,0.095822242,0.005700368,0.010622363,0.020194011,0.023641704,0.032233637,0.037040439,0.015723416,0.026768244,0.047525704,0.015868321,0.019075005,0.020127487,0.018521178,0.016532779,0.019151606,0.021242121,0.019730497,0.023745051,0.014961706,0.006913916,0.00318371,0.01463733,0.016745611,0.009023762,0.083150941,0.014535173,0.044718885,0.275986683,0.356063698,0.008863287,0.045312588,0.009699728,0.114137631,0.057357788,0.053604826,0.036613844,0.26583719,0.10356343,0.225782767,0.014329836,0.056997445,0.005911817,0.014431941,0.303871106,0.0203916,0.013377986,0.006037344,0.201547488,0.018866162,0.008040123,0.022106806,0.015237697,0.016600078,0.012624593,0.104774138,0.056637087,0.016395461,0.031256024,0.005314187,0.016684315,0.058345819,0.015812773,0.006423122,0.085266971,0.006919591,0.028837554,0.009017064,0.00950793,0.032604606,0.06745815,0.103781025,0.099268771,1,0.157070135,0.325260353,0.4039929,0.160912946,0.095193643,0.058308291,0.262917916,0.386854126,0.177348651,0.24612803,0.450508621,0.151593531,0.117031109,0.504058516,0.176619944,0.174819382,0.510146557,0.5232703,0.240389407,0.451954089,0.214500534,0.318670528,0.080989528,0.355406557,0.527280876,0.112574492,0.021639374,0.405621428,0.133543889,0.110269198,0.262833061,0.302360084,0.219603969,0.429519852,0.246310897,0.206733473,0.306684172,0.109846468,0.016391752,0.040454701,0.073859894,0.03615569,0.173535563,0.056747096,0.095370866,0.058676046,0.070427511,0.029651502,0.071234789,0.014615929,0.137376303,0.148694052,0.050977394,0.225812674,0.039185231,0.034603395,0.042409829,0.044650577,0.120825359,0.068430278,0.398914496,0.020406382,0.027953932,0.073762696,0.113264046,0.073907006,0.464249607,0.454043736,0.228020429,0.455582787,0.118653252,0.475598035,0.157150668,0.11336286,0.098051717
Anaerococcus_hydrogenalis_DSM_7454,0.010852973,0.276508417,0.003757088,0.000995642,0.000634633,0.015260604,0.000925668,0.001701706,0.003746687,0.004303365,0.005066713,0.00582228,0.002742502,0.004475433,0.007603831,0.002494296,0.002998345,0.00327546,0.003555908,0.002723484,0.003010386,0.003338988,0.00310138,0.003732416,0.002516891,0.001086779,0.000500438,0.0023008,0.002632195,0.001523101,0.015327653,0.002443015,0.007595129,0.04961449,0.066159948,0.001440704,0.008821035,0.001524672,0.019350636,0.010207302,0.0089328,0.005755225,0.048963757,0.01665883,0.03875152,0.002252466,0.008959265,0.000929262,0.002407937,0.061839524,0.003230044,0.002102847,0.000948993,0.036255472,0.003832594,0.001263804,0.003474905,0.00239517,0.002609319,0.001984424,0.016624684,0.008902621,0.002782179,0.005630045,0.000898869,0.003123664,0.009171212,0.002485564,0.001009862,0.013852849,0.001104085,0.004532892,0.001417366,0.001494524,0.005165708,0.010603553,0.019889511,0.348998686,0.157070135,1,0.435601961,0.12523597,0.040390497,0.037082428,0.015253518,0.058140967,0.106489483,0.577105573,0.04662023,0.113544337,0.29344036,0.092638216,0.170951154,0.340340066,0.147684512,0.204731396,0.202931311,0.518795102,0.293245832,0.114725403,0.338122121,0.015679323,0.100179973,0.149286997,0.353830069,0.005495308,0.336020449,0.109136778,0.261242099,0.216595569,0.224126839,0.101992054,0.118258792,0.563508903,0.591027911,0.112300549,0.349238066,0.104281769,0.020258583,0.093346302,0.098855701,0.100273533,0.16467789,0.245594587,0.299050299,0.155214789,0.185765425,0.174221678,0.089321315,0.184781605,0.502265186,0.195429556,0.140369133,0.024600568,0.008501676,0.025751249,0.014202635,0.350058206,0.379470618,0.287899571,0.129822223,0.175021769,0.346183879,0.344937615,0.192235333,0.103143854,0.235715137,0.130631821,0.092951725,0.418023176,0.137976217,0.431666673,0.238170518,0.217412748
Anaerofustis_stercorihominis_DSM_17244,0.022900288,0.324972415,0.008373828,0.002255516,0.001414475,0.034012957,0.002063135,0.003792776,0.008242725,0.009591376,0.01129273,0.012976745,0.00611251,0.009974881,0.01694748,0.005559306,0.006682736,0.007300371,0.007717185,0.006070123,0.006709572,0.007441963,0.006912381,0.00831884,0.005609667,0.002422221,0.001115381,0.005128041,0.005866656,0.003192727,0.031735827,0.004929545,0.016861888,0.110581174,0.147457823,0.003211054,0.019660394,0.003398202,0.043128853,0.022352909,0.019909496,0.012827292,0.109130814,0.037129335,0.086369699,0.005020314,0.019968481,0.002071146,0.005273388,0.137828427,0.007199148,0.004686843,0.002115123,0.080806487,0.008542117,0.002816776,0.007744897,0.005338374,0.00581567,0.004422899,0.037053229,0.019842233,0.006200943,0.012548291,0.002003406,0.006419867,0.02044087,0.005539846,0.002250788,0.030875342,0.002460792,0.010102947,0.003159038,0.003331008,0.011513372,0.023633284,0.044329902,0.220319261,0.325260353,0.435601961,1,0.268303843,0.079431423,0.061706568,0.029616137,0.10838674,0.201186539,0.431306067,0.103907542,0.242498223,0.225795016,0.121852697,0.375599066,0.299402101,0.17426103,0.42780222,0.430405425,0.475547923,0.528633291,0.212855378,0.43048167,0.034567699,0.206462661,0.316936303,0.229261197,0.011233998,0.548598971,0.134715779,0.172553359,0.306933728,0.358890649,0.164913915,0.262200534,0.475003877,0.415565192,0.160144036,0.228783933,0.046788134,0.027601913,0.122817136,0.062441061,0.159895237,0.118623513,0.194942853,0.164800233,0.124782738,0.084636376,0.112389487,0.041719277,0.183399668,0.342819086,0.11384131,0.20686012,0.038012915,0.017643653,0.037591312,0.028371875,0.246831786,0.189783149,0.529761617,0.058247377,0.079790881,0.164281082,0.230713623,0.125930227,0.193473611,0.362505672,0.180088006,0.180537388,0.295452265,0.254177435,0.350763552,0.246267028,0.172582351
Anaerostipes_caccae_DSM_14662,0.078959614,0.126363837,0.03000007,0.007327122,0.005067498,0.121854802,0.00613149,0.013069682,0.023572479,0.02488179,0.040457329,0.043728754,0.017871632,0.030034608,0.047487023,0.019501274,0.023941567,0.023026258,0.020370929,0.02174682,0.02403771,0.021282309,0.024764292,0.02980307,0.017038037,0.008677848,0.003995962,0.016534834,0.02101788,0.007907463,0.070686701,0.017982422,0.039841986,0.321080882,0.352448019,0.01059059,0.04542125,0.012174397,0.150786974,0.075394331,0.071327749,0.045955048,0.359462061,0.133019533,0.296379458,0.016410383,0.07153907,0.007420085,0.017041868,0.446127515,0.019753392,0.01679108,0.006580059,0.21418583,0.020022137,0.010091381,0.026848244,0.017869057,0.01884372,0.015845476,0.110979475,0.070947047,0.022215493,0.034561684,0.005726304,0.013473117,0.07323145,0.019847049,0.007954355,0.110613981,0.00786156,0.036194811,0.011317566,0.011933666,0.040833464,0.083669812,0.153288797,0.085116556,0.4039929,0.12523597,0.268303843,1,0.149768366,0.082246447,0.060396685,0.23302101,0.278831576,0.140399339,0.345817974,0.409271807,0.111318181,0.095975876,0.462279121,0.142289143,0.123120715,0.429098778,0.505493414,0.195736081,0.418062221,0.371131855,0.250631943,0.080869595,0.302098378,0.429683654,0.081596817,0.022229467,0.325612666,0.107821027,0.072326054,0.171300037,0.223171728,0.208228391,0.418877297,0.193290452,0.156691619,0.191639776,0.09660163,0.013059828,0.038282928,0.103871233,0.028806385,0.146539693,0.045030764,0.072713738,0.04737945,0.054992934,0.023624292,0.052459168,0.011644974,0.134168438,0.116726286,0.040211325,0.194942505,0.036159292,0.041570892,0.062299039,0.044005527,0.108044842,0.054520572,0.352476133,0.016258412,0.022271784,0.059710977,0.084113376,0.051041024,0.256048817,0.300392492,0.164549873,0.324426366,0.094149149,0.289350407,0.119937573,0.130469066,0.07375386
Bifidobacterium_angulatum_DSM_20098,0.05819802,0.03544137,0.069139132,0.023013509,0.01547785,0.128376634,0.018048474,0.025879153,0.040809514,0.035883993,0.107147893,0.107292421,0.042759921,0.057574887,0.095823519,0.032890621,0.05751427,0.03566855,0.026685462,0.060424309,0.061138772,0.081345443,0.067859902,0.065122497,0.058096468,0.026505074,0.012205017,0.056113422,0.04687049,0.037374979,0.113248006,0.052698786,0.084713551,0.224458914,0.231345845,0.025710291,0.050919061,0.036708695,0.132239064,0.074973059,0.063835251,0.071560412,0.223102267,0.143508379,0.199806028,0.037042386,0.099186582,0.021676154,0.057757238,0.203689565,0.074684358,0.046720372,0.023144662,0.208428264,0.058095442,0.030822481,0.078684786,0.053264777,0.040517094,0.048397431,0.121394204,0.100582119,0.057208273,0.102680196,0.02164981,0.036400414,0.111273105,0.05166421,0.021825847,0.114858284,0.021392868,0.071249544,0.033656413,0.036449442,0.053054185,0.135979789,0.093714615,0.027867437,0.160912946,0.040390497,0.079431423,0.149768366,1,0.063330667,0.065235383,0.181805125,0.221003279,0.046262384,0.174309882,0.20041796,0.042364486,0.054327656,0.161972431,0.041505276,0.048662226,0.147232901,0.145557454,0.063463797,0.114442775,0.089727628,0.08867089,0.128184868,0.160267081,0.184702331,0.026630554,0.07099713,0.100904696,0.055865239,0.025038741,0.067625455,0.067881511,0.081250902,0.234800184,0.065448131,0.050426113,0.126839554,0.031627688,0.00427583,0.026678302,0.034996879,0.009431304,0.054763528,0.013858619,0.025446583,0.015512186,0.018408043,0.00765817,0.015371857,0.003812602,0.043737816,0.040968562,0.012447357,0.069176736,0.024559022,0.046335669,0.038977625,0.059393627,0.035374233,0.017850213,0.110537412,0.005323057,0.006841649,0.017303908,0.027485701,0.031424735,0.163886957,0.131966335,0.091796576,0.204560214,0.030566825,0.143952431,0.040513738,0.024416652,0.021444699
Bifidobacterium_animalis_lactis_AD011,0.033586547,0.026471411,0.038018507,0.004575807,0.016693451,0.058673336,0.017333694,0.007828545,0.096488456,0.022146649,0.037395021,0.0411888,0.072139035,0.017559498,0.022811416,0.009786106,0.020139892,0.01802871,0.016772197,0.02285188,0.019806373,0.034121959,0.030328217,0.028030474,0.011098826,0.013926689,0.013163576,0.020523482,0.01997084,0.026509809,0.048176529,0.019644459,0.056665598,0.082829716,0.090416778,0.008807918,0.029477255,0.029491357,0.059784566,0.10659351,0.031242395,0.027957045,0.09228228,0.066056464,0.073022999,0.048126512,0.047925095,0.021707168,0.038831627,0.084515413,0.030194028,0.038086073,0.024962401,0.085613253,0.014084983,0.01674509,0.031994533,0.032699811,0.047460608,0.037244756,0.048736265,0.041956182,0.019008003,0.025279539,0.004475162,0.011707455,0.050532663,0.04153477,0.025538376,0.049142946,0.018506356,0.076241519,0.017501951,0.030342179,0.039757421,0.059074754,0.042160151,0.024342959,0.095193643,0.037082428,0.061706568,0.082246447,0.063330667,1,0.044561505,0.077342173,0.088485065,0.0428936,0.074049353,0.096581148,0.032453089,0.060140318,0.090594667,0.033617242,0.037291203,0.091335471,0.092636038,0.050933722,0.082112099,0.058727604,0.061992692,0.045985193,0.084410772,0.096753078,0.023150996,0.021849589,0.075603914,0.03179112,0.020830935,0.041551284,0.048545167,0.053229783,0.09293017,0.050396357,0.043011421,0.068711143,0.026163583,0.003964468,0.01791858,0.043394903,0.00661542,0.037063326,0.011509942,0.022521679,0.013854233,0.014238618,0.007171439,0.011751098,0.003534972,0.026164557,0.03527444,0.012000685,0.046159267,0.02386321,0.055839074,0.053593067,0.035513295,0.028880546,0.016550377,0.077830829,0.004935437,0.006760869,0.014477705,0.02427397,0.019977587,0.097774524,0.084797746,0.05685276,0.092513578,0.028169716,0.100205378,0.036045799,0.020949874,0.0188187
Bifidobacterium_bifidum_NCIMB_41171,0.06366582,0.013658193,0.076956575,0.025609591,0.040756983,0.105137404,0.02411264,0.055519934,0.026155781,0.089315715,0.089281209,0.08809766,0.022240036,0.035180008,0.043629775,0.015396553,0.089322087,0.025612222,0.12599247,0.073679089,0.080050946,0.085051028,0.107444435,0.068932878,0.095297715,0.055732926,0.032215428,0.063991778,0.049656484,0.094173721,0.051139695,0.068253338,0.053035599,0.083541497,0.081468634,0.012136534,0.077926044,0.06752756,0.072639249,0.092807436,0.062330269,0.065036109,0.08298732,0.088991037,0.085743305,0.081740695,0.104906714,0.046345641,0.052582653,0.071943094,0.079979861,0.093547514,0.055824853,0.074512538,0.049694731,0.073835812,0.076576347,0.065001794,0.063905748,0.073739023,0.092970041,0.066496423,0.072290633,0.04630947,0.048503691,0.0366396,0.079721401,0.076389931,0.054898528,0.069022845,0.035285062,0.06631582,0.071443967,0.071089347,0.116936651,0.081318049,0.06005314,0.010557753,0.058308291,0.015253518,0.029616137,0.060396685,0.065235383,0.044561505,1,0.069737321,0.074399753,0.017526794,0.066980463,0.070257565,0.014878227,0.023499717,0.056564344,0.01587595,0.017686937,0.054331099,0.054227367,0.023073913,0.042823322,0.036102833,0.031394421,0.063290224,0.058349914,0.063415277,0.009770812,0.047712056,0.037929018,0.018887226,0.009273984,0.024574437,0.027140541,0.028824537,0.064031242,0.024445007,0.019746047,0.057267544,0.011931035,0.001619925,0.015954066,0.01258532,0.003573109,0.023406913,0.005074874,0.009675432,0.005876889,0.006928328,0.002899811,0.006748559,0.001444428,0.016854629,0.015619944,0.004716544,0.030515009,0.015095017,0.035888922,0.016933024,0.090894345,0.013288646,0.006762665,0.037128161,0.002016673,0.002591051,0.007406476,0.010334266,0.010431617,0.079041961,0.049289802,0.059141256,0.070930057,0.011717967,0.061620962,0.015486126,0.009594234,0.008240354
Bifidobacterium_breve_DSM_20213,0.065606285,0.051542885,0.049920313,0.011634369,0.005907457,0.149885488,0.008704084,0.01773923,0.055565302,0.034403813,0.051842462,0.064355406,0.023343555,0.072935449,0.078930098,0.040649159,0.048863577,0.030557975,0.050689243,0.044384205,0.037622197,0.037588209,0.032107211,0.039646278,0.02235085,0.017711066,0.008155565,0.027356175,0.032440702,0.022822462,0.123193093,0.040632247,0.110488053,0.279337462,0.314420842,0.013490323,0.051159543,0.024847355,0.156640283,0.075141242,0.073979324,0.05844434,0.271450611,0.141975359,0.260994365,0.021169283,0.079363377,0.015144035,0.037071762,0.290904984,0.028007871,0.034269781,0.015465592,0.235295497,0.022760215,0.020596019,0.046506665,0.023656676,0.024123253,0.02965074,0.143102119,0.114807157,0.037863751,0.088262556,0.008262096,0.016738916,0.089395052,0.027416709,0.009029821,0.118580799,0.010508503,0.048141823,0.023098604,0.024356034,0.071455234,0.098998451,0.256031225,0.039326593,0.262917916,0.058140967,0.10838674,0.23302101,0.181805125,0.077342173,0.069737321,1,0.424110238,0.068582494,0.224481882,0.272064332,0.062780563,0.083497032,0.234709349,0.061795583,0.080177493,0.218356117,0.209279275,0.090453526,0.158846327,0.129140748,0.126040666,0.113607405,0.202818623,0.246978172,0.038039525,0.025015041,0.142625857,0.080837496,0.036430483,0.101991021,0.104777213,0.133139754,0.246823694,0.096015316,0.077563334,0.194727101,0.04356233,0.006398892,0.033432946,0.059433126,0.014043725,0.089136445,0.020172555,0.037891581,0.023177447,0.027966986,0.011386102,0.027590122,0.005705659,0.078742256,0.058912503,0.018545481,0.134288633,0.026318739,0.047777715,0.049196674,0.037697529,0.047959348,0.026665152,0.146017793,0.007966094,0.010162449,0.02925644,0.040918309,0.065005008,0.250962177,0.201016488,0.196281116,0.302819268,0.045276684,0.202834369,0.059786503,0.052005924,0.037013337
Bifidobacterium_dentium_ATCC_27678,0.056096151,0.086116935,0.034655915,0.008871931,0.004801828,0.13498663,0.006964628,0.014447814,0.028969732,0.028820825,0.044257143,0.053705545,0.019575937,0.041282032,0.066397824,0.02300774,0.027657165,0.024954146,0.027714579,0.025121806,0.02776823,0.030799303,0.027136032,0.033807614,0.019033986,0.010024601,0.004616113,0.021222906,0.024279738,0.013470336,0.125556284,0.022080424,0.066610426,0.277890409,0.337111408,0.010890239,0.046621865,0.014063796,0.138673852,0.063541534,0.062971011,0.051032686,0.268811607,0.125348876,0.235340511,0.017435399,0.067395827,0.008571642,0.021122278,0.282346243,0.022248302,0.019396963,0.008753645,0.222804381,0.021275771,0.011657507,0.032053023,0.019713953,0.019842186,0.018304607,0.118957659,0.078719732,0.025169783,0.049730794,0.006794306,0.014780339,0.077534521,0.022927201,0.007334459,0.102304842,0.008576163,0.041254397,0.01307399,0.013785705,0.047071351,0.085879259,0.133891449,0.073681582,0.386854126,0.106489483,0.201186539,0.278831576,0.221003279,0.088485065,0.074399753,0.424110238,1,0.122285124,0.231721679,0.354453577,0.104230192,0.101531191,0.350928426,0.099386572,0.101478169,0.346029972,0.338247227,0.161976454,0.282413448,0.166596839,0.21495403,0.093044595,0.291352388,0.361643339,0.070651199,0.023309657,0.245241128,0.100649166,0.065418299,0.191035921,0.184827485,0.147373943,0.3325112,0.152518124,0.138543888,0.265629488,0.083610316,0.011305307,0.037560849,0.060670164,0.024936394,0.114971134,0.036297725,0.075998514,0.041014263,0.048751655,0.020450489,0.049130269,0.010080531,0.107164169,0.113022034,0.035158848,0.159300538,0.032731161,0.04257732,0.04243684,0.040665591,0.092705976,0.047196012,0.272740349,0.014074178,0.019279684,0.042050224,0.073234094,0.11426295,0.379692974,0.332981673,0.337900257,0.378947977,0.079605959,0.32207428,0.105194988,0.058284488,0.053247133
Bifidobacterium_gallicum_DSM_20093,0.012796172,0.233336623,0.004239038,0.001108233,0.000716042,0.017218197,0.00104441,0.001919997,0.004227303,0.00485539,0.005716658,0.006569148,0.003094303,0.00504953,0.008579232,0.002814258,0.003382966,0.003695628,0.004012051,0.003072846,0.003396551,0.003767305,0.003499217,0.004211201,0.002839752,0.001226188,0.000564633,0.002595941,0.002969846,0.001731805,0.017293846,0.002814909,0.008569413,0.055978913,0.074646781,0.001625514,0.009952575,0.001720254,0.021832887,0.0113234,0.010078677,0.006493491,0.055244705,0.018795783,0.043722469,0.002541406,0.010108537,0.001048465,0.002716821,0.069772144,0.003644386,0.002372595,0.001070727,0.040906234,0.00432423,0.001425921,0.003920657,0.002702416,0.002944035,0.002238981,0.018757257,0.010044627,0.00313907,0.006352254,0.001014174,0.003524359,0.010347672,0.002804406,0.001139405,0.015629858,0.001245714,0.00511436,0.001599183,0.001686238,0.005828352,0.01196375,0.022440888,0.328781619,0.177348651,0.577105573,0.431306067,0.140399339,0.046262384,0.0428936,0.017526794,0.068582494,0.122285124,1,0.052600557,0.128109522,0.325458315,0.086828218,0.192248118,0.316875356,0.156483901,0.230993829,0.228962834,0.47883759,0.324885082,0.112152492,0.330381881,0.017624267,0.11303081,0.168437161,0.30353498,0.005895795,0.342303112,0.113543157,0.234896863,0.245082997,0.259901769,0.102845151,0.133428735,0.449228776,0.525674451,0.131979306,0.329206665,0.09210261,0.020826902,0.106543791,0.107544889,0.110532654,0.134708724,0.25179588,0.26390497,0.175749306,0.157542367,0.167962792,0.079653898,0.172613271,0.391933568,0.181762537,0.140748296,0.024744025,0.008447871,0.027527412,0.015235776,0.336157037,0.355684019,0.296224401,0.111694078,0.138910205,0.303791134,0.293732131,0.201877018,0.121329778,0.269153021,0.147136144,0.107843559,0.476624781,0.16376272,0.553671936,0.236919529,0.191150167
Blautia_hydrogenotrophica_DSM_10507,0.142748216,0.058755699,0.076598265,0.017946218,0.012072236,0.305814329,0.015953667,0.030804685,0.047463057,0.044905763,0.088554051,0.102835833,0.042696569,0.059749205,0.086974983,0.044881193,0.063426998,0.042597108,0.042633276,0.058418503,0.064572525,0.056400972,0.066524342,0.071585268,0.038046044,0.02080793,0.010734357,0.040915027,0.054209789,0.01973187,0.142167898,0.048474407,0.071750504,0.39762359,0.390571508,0.019508109,0.071926903,0.029125475,0.355987267,0.137992784,0.17144303,0.114748985,0.415786984,0.278316679,0.470618483,0.030878779,0.186432333,0.019932583,0.038174926,0.504432597,0.035562748,0.039557543,0.016706989,0.308458405,0.033560425,0.027108486,0.063489463,0.040277717,0.045950875,0.042565719,0.25300544,0.185414164,0.059612029,0.079647297,0.014361898,0.022975039,0.189447281,0.050629986,0.017193942,0.233779869,0.018219642,0.076635301,0.030306123,0.026780178,0.09876315,0.155549655,0.300759533,0.031685413,0.24612803,0.04662023,0.103907542,0.345817974,0.174309882,0.074049353,0.066980463,0.224481882,0.231721679,0.052600557,1,0.357811194,0.050751416,0.060594144,0.270473037,0.056587639,0.084706802,0.225985548,0.22729512,0.076495015,0.158980025,0.323166966,0.123110645,0.114320655,0.24029146,0.270598548,0.034104592,0.03751556,0.136568465,0.079777774,0.031620099,0.092593342,0.108513274,0.131932274,0.305758065,0.077539815,0.061315211,0.142032876,0.035960836,0.00486164,0.040510836,0.052554706,0.010723439,0.137682623,0.016830657,0.033839577,0.017637432,0.022005638,0.008794358,0.021127571,0.004334948,0.058229429,0.051520198,0.015119417,0.114408692,0.030500754,0.110501888,0.046902398,0.048955994,0.040220676,0.020295779,0.159982118,0.006052342,0.008290874,0.022227955,0.033593055,0.033348396,0.217043957,0.158303853,0.098208047,0.301092721,0.035191443,0.175061302,0.046729729,0.048568298,0.039574448
Butyrivibrio_fibrisolvens_16_4,0.065621124,0.130884397,0.03308917,0.008337705,0.005589298,0.134402161,0.008150807,0.013951595,0.030534251,0.035946501,0.044623211,0.051277593,0.023709204,0.03941573,0.066189367,0.021477373,0.026406824,0.028847407,0.029147549,0.023986084,0.026512867,0.02940691,0.027314265,0.032649045,0.022166594,0.009571403,0.004407425,0.020263448,0.023182085,0.011116881,0.10387832,0.018187659,0.056330821,0.436961379,0.582679415,0.012688475,0.072863077,0.013427992,0.169182347,0.075131052,0.076638766,0.050687028,0.413139469,0.146716522,0.341289764,0.019837764,0.07890543,0.00818413,0.020348093,0.437571143,0.028447424,0.018520053,0.008357905,0.31556936,0.032057999,0.011130488,0.030603951,0.021094577,0.022980614,0.017477081,0.139696991,0.078050634,0.024432535,0.048800282,0.007522225,0.019535989,0.080772075,0.021890695,0.008893988,0.122003876,0.009723819,0.039921782,0.012482933,0.013162473,0.043710851,0.093386893,0.14472835,0.077170344,0.450508621,0.113544337,0.242498223,0.409271807,0.20041796,0.096581148,0.070257565,0.272064332,0.354453577,0.128109522,0.357811194,1,0.109255964,0.114632262,0.63262154,0.134467356,0.158041641,0.54371798,0.532489642,0.186304869,0.387198469,0.21189512,0.302680678,0.111786521,0.396179288,0.61035361,0.07932627,0.029969454,0.320505985,0.137026386,0.072953027,0.190935974,0.240155278,0.203373075,0.627693307,0.190977223,0.139196556,0.307790262,0.087583209,0.011840604,0.04635042,0.093626293,0.026117112,0.143815373,0.040848364,0.07758802,0.042956255,0.053595094,0.021418803,0.043335993,0.010557836,0.105383342,0.119891582,0.03289641,0.196851593,0.038071594,0.054301602,0.074190141,0.054729778,0.097958119,0.049430705,0.37916174,0.014740578,0.020192561,0.05413655,0.081816439,0.048089014,0.353208717,0.345990875,0.159562522,0.491512352,0.085709338,0.341512584,0.112814346,0.095148811,0.078275946
Campylobacter_concisus_13826,0.011081081,0.225255723,0.004090017,0.001068867,0.00069087,0.016612901,0.001007694,0.0018525,0.004078695,0.004684702,0.005515693,0.006338214,0.002985525,0.004872017,0.008277634,0.002715324,0.003264039,0.00356571,0.00387101,0.002964822,0.003277147,0.003634868,0.003376205,0.004063159,0.002739922,0.001183082,0.000544784,0.002504682,0.002865443,0.001670925,0.016234392,0.002542518,0.008210224,0.054011009,0.071212632,0.001568371,0.008353106,0.001659779,0.021065365,0.009080414,0.009724367,0.006265216,0.051017246,0.018135029,0.042185432,0.002452065,0.009753178,0.001011607,0.002621313,0.067319347,0.00351627,0.002289188,0.001033086,0.039257171,0.003722765,0.001375794,0.003782829,0.002607414,0.00284054,0.002160271,0.018097857,0.009691514,0.003028718,0.006128944,0.000978521,0.002885422,0.009983906,0.002705819,0.001041558,0.0150804,0.001201921,0.004934568,0.001542964,0.001626959,0.00562346,0.011543172,0.021651992,0.318148063,0.151593531,0.29344036,0.225795016,0.111318181,0.042364486,0.032453089,0.014878227,0.062780563,0.104230192,0.325458315,0.050751416,0.109255964,1,0.063039253,0.156402124,0.234559061,0.115360082,0.185961494,0.170682857,0.308010444,0.218388281,0.102085295,0.262785758,0.017011991,0.08245909,0.124993457,0.235589887,0.00433813,0.205651505,0.075396972,0.188507833,0.235165212,0.166089354,0.076720556,0.110394726,0.255605187,0.403271692,0.140417083,0.33725737,0.093552972,0.015468188,0.080585107,0.065905341,0.06847351,0.12368172,0.164058298,0.199563283,0.118174106,0.146748842,0.106238957,0.070999647,0.107771977,0.244858486,0.1375527,0.099734045,0.01539846,0.00589761,0.018891116,0.010690963,0.352390511,0.267617909,0.18669471,0.117830873,0.144850177,0.215011885,0.209775122,0.292056707,0.123032326,0.213489276,0.13481893,0.098385064,0.324183541,0.139290557,0.332474049,0.154475054,0.133025159
Campylobacter_hominis_ATCC_BAA_381,0.058817088,0.075498997,0.01871643,0.002090229,0.003161509,0.038996089,0.004611336,0.008425563,0.018664618,0.021437785,0.025240501,0.02900446,0.013662135,0.010128232,0.013340199,0.006607215,0.013906493,0.008223077,0.017714226,0.013567396,0.014996636,0.016633611,0.015449935,0.014439188,0.007119809,0.005413932,0.002492999,0.011461739,0.013112625,0.00321539,0.059605773,0.012428538,0.013476492,0.076991575,0.091981026,0.003938604,0.013784698,0.007595358,0.050142473,0.027136857,0.020747741,0.028670415,0.086838623,0.040746489,0.062218036,0.005026279,0.023173535,0.00462924,0.011952152,0.085468326,0.01593051,0.010475612,0.004727533,0.075653971,0.005830708,0.006295806,0.017310701,0.011931855,0.00616434,0.009885669,0.036077519,0.023756528,0.013859792,0.015307925,0.004477834,0.005345468,0.036563117,0.012382168,0.002829365,0.0283653,0.005500143,0.015740415,0.007060798,0.00744517,0.013260691,0.033948712,0.026989008,0.048348216,0.117031109,0.092638216,0.121852697,0.095975876,0.054327656,0.060140318,0.023499717,0.083497032,0.101531191,0.086828218,0.060594144,0.114632262,0.063039253,1,0.130974632,0.076783935,0.061934914,0.130589045,0.126805674,0.093446474,0.130221654,0.068326671,0.09825939,0.035398349,0.086959542,0.11913848,0.060410637,0.023457184,0.117799928,0.067161865,0.055822523,0.077865437,0.080272978,0.132241878,0.124608861,0.115144944,0.079542319,0.0689001,0.048236993,0.019941197,0.016324651,0.117234586,0.021066359,0.053896621,0.026203566,0.063376526,0.040233274,0.029482819,0.034390948,0.042865606,0.015763414,0.062087644,0.087715036,0.03809131,0.063396186,0.014335417,0.046684928,0.018571408,0.011260052,0.048925051,0.05466094,0.112834956,0.023881424,0.027570834,0.050180892,0.059610836,0.047556252,0.103850522,0.136174864,0.06824146,0.116811022,0.072500166,0.120632488,0.07995451,0.041761088,0.059097569
Candidatus_Sulcia_muelleri_GWSS,0.052195588,0.193077878,0.021977552,0.00573843,0.003712365,0.0892688,0.005414807,0.009832778,0.021664467,0.02511827,0.029638366,0.034058151,0.016042604,0.0261796,0.044297061,0.014590693,0.017539193,0.019160208,0.020509697,0.015931358,0.017609626,0.019531825,0.018141908,0.021686565,0.014722868,0.006357247,0.002927375,0.013458814,0.015397349,0.007698899,0.071754793,0.012484411,0.040521136,0.29022612,0.38701083,0.00842758,0.05159974,0.008918761,0.113193947,0.053896022,0.052253521,0.033665903,0.286419574,0.097447896,0.226681828,0.013176078,0.052408332,0.005435831,0.013569476,0.348703875,0.018894543,0.012300866,0.005551251,0.212080885,0.022302351,0.007392777,0.02032689,0.014010843,0.015263533,0.011608132,0.096785097,0.052076988,0.016274701,0.03293365,0.005206525,0.014832426,0.053648141,0.014539618,0.005907313,0.081033961,0.00645848,0.026515716,0.008291061,0.008742405,0.029235512,0.062026799,0.112766929,0.110539752,0.504058516,0.170951154,0.375599066,0.462279121,0.161972431,0.090594667,0.056564344,0.234709349,0.350928426,0.192248118,0.270473037,0.63262154,0.156402124,0.130974632,1,0.18865847,0.176164636,0.74150312,0.670810477,0.278399631,0.568997383,0.25032776,0.392840511,0.078547285,0.37428983,0.589440697,0.122425191,0.023755247,0.463818784,0.139424174,0.105367658,0.229807502,0.316587446,0.219288611,0.644362253,0.241007243,0.194625382,0.283574533,0.124091131,0.017827089,0.041348392,0.092750592,0.036656244,0.173077528,0.057691795,0.120625431,0.064674483,0.071287105,0.032247924,0.05903975,0.015895766,0.121530232,0.186851084,0.045803088,0.225621686,0.039125113,0.041885322,0.066347185,0.049245755,0.138199428,0.074422347,0.500720576,0.022193259,0.030401707,0.078316052,0.122506632,0.064118478,0.339678373,0.393341132,0.180307433,0.411318051,0.124938656,0.372566544,0.159773626,0.137404804,0.098152115
Citrobacter_koseri_ATCC_BAA_895,0.013309707,0.258261418,0.004560354,0.001086556,0.000770318,0.018523323,0.001123575,0.002065531,0.004547729,0.004872887,0.006149976,0.007067084,0.003328849,0.005432281,0.009229531,0.003027576,0.003639392,0.003975753,0.003944298,0.003305765,0.003654007,0.004052864,0.003764455,0.004530407,0.003055003,0.001319132,0.000607432,0.002792711,0.003194958,0.001863075,0.016267737,0.002700313,0.008633262,0.060222072,0.08030495,0.001748727,0.010706973,0.001850648,0.023487803,0.012389624,0.010842633,0.006985693,0.059359153,0.020220489,0.047036598,0.002734043,0.010874756,0.001127938,0.002878041,0.075060819,0.003920628,0.002552436,0.001151888,0.044006895,0.004652003,0.001534005,0.00421784,0.002907257,0.003167191,0.002408694,0.020179043,0.010806002,0.003377009,0.00683375,0.00105967,0.003374423,0.011132017,0.003016978,0.00122577,0.016814589,0.001340138,0.005502025,0.001720399,0.001814054,0.006270137,0.012870593,0.02350721,0.297033479,0.176619944,0.340340066,0.299402101,0.142289143,0.041505276,0.033617242,0.01587595,0.061795583,0.099386572,0.316875356,0.056587639,0.134467356,0.234559061,0.076783935,0.18865847,1,0.277026052,0.234769915,0.206870452,0.2923227,0.262628834,0.088159002,0.299355979,0.017951066,0.106856848,0.16544221,0.511684622,0.005612681,0.251820299,0.189135057,0.406944542,0.226238586,0.25530215,0.165323648,0.135028002,0.380416587,0.282735292,0.125426482,0.288824697,0.084529496,0.032705946,0.077632679,0.08147585,0.101621236,0.134068467,0.167008868,0.162838815,0.118604263,0.13208922,0.143346696,0.067231592,0.142194022,0.222033998,0.146549248,0.136136145,0.017583354,0.007338362,0.015767696,0.013965418,0.288071458,0.202714479,0.228192332,0.098499758,0.131876918,0.235678324,0.511137591,0.130626383,0.113390208,0.195396247,0.092061817,0.108587493,0.295989535,0.123294009,0.287724295,0.194318015,0.134262223
Citrobacter_sp_30_2,0.019226715,0.220043154,0.010076519,0.001952544,0.001702087,0.040928978,0.002482643,0.004395544,0.008456091,0.008727324,0.013588936,0.01561537,0.006175205,0.011777492,0.01896295,0.006592457,0.008041569,0.008784791,0.007710524,0.007304391,0.008073863,0.008955174,0.008317909,0.01001035,0.006286301,0.002914743,0.001342176,0.006170751,0.007059552,0.003278676,0.026807471,0.004910281,0.014404289,0.115097219,0.12648363,0.003863973,0.014731709,0.004089175,0.044720623,0.021580442,0.020664344,0.013714887,0.099327133,0.044679023,0.092004558,0.006041119,0.02402877,0.002492282,0.006125428,0.094431813,0.008439302,0.005639841,0.002545201,0.083763626,0.008043179,0.003389525,0.009319705,0.006423851,0.006902179,0.005322229,0.042063235,0.023876852,0.00746181,0.01491152,0.002410768,0.004744972,0.024597212,0.00666629,0.002708452,0.037153375,0.002961157,0.012157228,0.00380138,0.004008318,0.013183129,0.028438755,0.030971781,0.142871682,0.174819382,0.147684512,0.17426103,0.123120715,0.048662226,0.037291203,0.017686937,0.080177493,0.101478169,0.156483901,0.084706802,0.158041641,0.115360082,0.061934914,0.176164636,0.277026052,1,0.200821869,0.166012052,0.165645437,0.182181486,0.078242719,0.203614517,0.027958948,0.102345465,0.156086082,0.221752739,0.006508949,0.174797471,0.315801789,0.250989308,0.151770839,0.191476712,0.138195152,0.137940295,0.228511169,0.147115133,0.170993073,0.147639167,0.037648162,0.066468388,0.086365311,0.033570548,0.125639254,0.054838954,0.132189135,0.077211866,0.087899915,0.058030659,0.064088578,0.029427353,0.075378136,0.206078681,0.072408325,0.1056598,0.015699192,0.021118384,0.039638712,0.014683757,0.150836398,0.092710237,0.174463657,0.043978936,0.058860546,0.081483471,0.239382635,0.076157506,0.159315015,0.157235409,0.069327685,0.136778951,0.114974525,0.123974363,0.116789031,0.103571597,0.078609132
Clostridium_difficile_630,0.04576482,0.224949598,0.018351303,0.004789648,0.003099833,0.074539639,0.004521376,0.008257145,0.018169445,0.020694575,0.024748099,0.028438629,0.013395609,0.021860022,0.036893347,0.01218326,0.014645264,0.015998815,0.017129313,0.013302718,0.014704076,0.016309116,0.015148532,0.018230796,0.012293626,0.005308315,0.002444365,0.011238139,0.012856819,0.006816773,0.063595612,0.010814638,0.035701502,0.242339432,0.323154872,0.007037047,0.043085893,0.007447184,0.094517188,0.046969478,0.043631802,0.028111101,0.238294856,0.081369202,0.189279812,0.011002053,0.043761069,0.004538931,0.011541737,0.299918581,0.015776984,0.010271249,0.004635307,0.177087993,0.01872011,0.006172985,0.016972997,0.011699084,0.012745083,0.009692815,0.080659764,0.043484396,0.01358941,0.027499668,0.004376476,0.013417771,0.044796313,0.012140612,0.004932619,0.067663531,0.005392844,0.02214068,0.006923053,0.007299927,0.024827963,0.05179251,0.095026461,0.139145577,0.510146557,0.204731396,0.42780222,0.429098778,0.147232901,0.091335471,0.054331099,0.218356117,0.346029972,0.230993829,0.225985548,0.54371798,0.185961494,0.130589045,0.74150312,0.234769915,0.200821869,1,0.661355961,0.333528379,0.614611792,0.261021543,0.482971066,0.067475479,0.337352232,0.538259678,0.151625597,0.019656247,0.463613205,0.150123265,0.127792141,0.296470799,0.381791901,0.222246427,0.551310447,0.299200542,0.238028803,0.278853807,0.154209418,0.021349752,0.042057919,0.115381773,0.047091673,0.176317403,0.073728831,0.141508365,0.077454273,0.09588536,0.038620169,0.074784518,0.019036797,0.142303138,0.214588091,0.059217262,0.260105824,0.039589823,0.035366424,0.073722183,0.04206854,0.168429303,0.08912833,0.501870346,0.026578685,0.036409136,0.085801864,0.147522933,0.076208189,0.363471304,0.425919178,0.188710636,0.405151038,0.152802192,0.394421613,0.194347796,0.157565802,0.10884114
Clostridium_hylemonae_DSM_15053,0.045590064,0.208743749,0.018514087,0.004734372,0.00312733,0.075200836,0.004561482,0.008208103,0.018310504,0.020970188,0.024967625,0.028690892,0.013514433,0.02205393,0.037469975,0.012269902,0.014775173,0.016140731,0.017054065,0.013420719,0.014834507,0.016453785,0.015282906,0.018392511,0.012402676,0.005355402,0.002466047,0.011337826,0.012970864,0.006489867,0.062865641,0.010595617,0.034379812,0.244489084,0.32523671,0.007099469,0.042918529,0.007513244,0.095355595,0.046105584,0.044018835,0.028360458,0.241282415,0.08209098,0.190958802,0.011099646,0.044149248,0.004579193,0.011538902,0.284436121,0.015916932,0.010362359,0.004676424,0.178658838,0.018629292,0.006227742,0.017123554,0.01180286,0.012858137,0.009778795,0.081922714,0.043870121,0.013709954,0.027743602,0.004392065,0.012699212,0.045193675,0.012248304,0.004976373,0.068263735,0.005440681,0.022337077,0.006984464,0.00736468,0.024954946,0.052251931,0.09801105,0.13792215,0.5232703,0.202931311,0.430405425,0.505493414,0.145557454,0.092636038,0.054227367,0.209279275,0.338247227,0.228962834,0.22729512,0.532489642,0.170682857,0.126805674,0.670810477,0.206870452,0.166012052,0.661355961,1,0.325686489,0.687051894,0.239193273,0.409983716,0.069650439,0.406613756,0.621722429,0.134062901,0.021037638,0.542441203,0.135106192,0.12205529,0.246699866,0.345452443,0.188757715,0.526204159,0.289883919,0.22864395,0.254044481,0.156532468,0.021162036,0.03500749,0.093944672,0.044081402,0.167598458,0.073261485,0.120926745,0.076773262,0.088691233,0.038280604,0.068343573,0.018869418,0.129727211,0.191583166,0.0658127,0.20987616,0.039919691,0.032996422,0.060356669,0.047791362,0.175074952,0.088344676,0.565155298,0.026344994,0.036089012,0.083734131,0.139987261,0.072022242,0.321028144,0.442071712,0.20470353,0.360895088,0.153183407,0.376588894,0.194360591,0.166980176,0.11386121
Clostridium_perfringens_ATCC_13124,0.017826838,0.300822365,0.006164673,0.001624339,0.001041313,0.025039777,0.001518846,0.002792179,0.006147608,0.007061012,0.008313521,0.009553265,0.004499929,0.007343342,0.012476454,0.004092669,0.00491972,0.005374412,0.005834575,0.004468724,0.004939476,0.00547865,0.005088781,0.006124192,0.004129744,0.001783199,0.000821125,0.003775179,0.004318935,0.002504369,0.025141006,0.003890418,0.012462175,0.081408032,0.108556012,0.002363925,0.014473657,0.0025017,0.031750748,0.016748259,0.014657042,0.00944324,0.080340301,0.027334002,0.063583945,0.003695872,0.014700466,0.001524743,0.003950971,0.099838304,0.005299894,0.003450376,0.001557118,0.0594884,0.006288565,0.002073664,0.005701665,0.003930022,0.0042814,0.003256065,0.027277974,0.014607524,0.004565031,0.009237844,0.001474874,0.005081466,0.015048231,0.004078343,0.001656993,0.022729916,0.001811595,0.007437622,0.002325631,0.002452233,0.008095706,0.017398433,0.032634941,0.299793414,0.240389407,0.518795102,0.475547923,0.195736081,0.063463797,0.050933722,0.023073913,0.090453526,0.161976454,0.47883759,0.076495015,0.186304869,0.308010444,0.093446474,0.278399631,0.2923227,0.165645437,0.333528379,0.325686489,1,0.453333996,0.141354162,0.595108787,0.023769535,0.152273208,0.233001458,0.272800985,0.00839069,0.408449852,0.120558565,0.208827902,0.289443142,0.284553819,0.109083575,0.191991698,0.520272878,0.485015752,0.173704885,0.306082697,0.063554992,0.02498947,0.117606413,0.070486449,0.11610666,0.129179802,0.204150342,0.205675712,0.160544811,0.11108145,0.120009358,0.054614391,0.147030246,0.379904623,0.122004836,0.201669357,0.030479434,0.013994371,0.041326553,0.021439407,0.33094184,0.25237548,0.415891911,0.079120735,0.099982454,0.215201447,0.266244573,0.150231089,0.163461829,0.314440647,0.158917055,0.158419675,0.321976396,0.215934165,0.368105089,0.202200869,0.186867629
Clostridium_phytofermentans_ISDg,0.032269346,0.251784813,0.012812076,0.003287853,0.002164167,0.052040311,0.003156627,0.005692608,0.012776608,0.014471181,0.017278039,0.019854605,0.009352227,0.01526171,0.025929886,0.008505818,0.010224682,0.011169672,0.0119862,0.009287375,0.010265742,0.01138631,0.010576042,0.012727944,0.008582871,0.003706033,0.001706548,0.007845976,0.008976068,0.004682896,0.047731972,0.007452715,0.025397897,0.169190777,0.225612578,0.004912958,0.030080683,0.005199298,0.065987761,0.03337654,0.030461813,0.01962594,0.166971705,0.056808413,0.132146874,0.007681152,0.030552062,0.003168883,0.008191551,0.207023275,0.011014799,0.007170936,0.003236168,0.123635081,0.013069561,0.004309708,0.011849803,0.008167788,0.008898059,0.006767099,0.05669197,0.030358901,0.009487531,0.019199064,0.00306524,0.009686986,0.031274824,0.008476044,0.003443738,0.047239714,0.003765048,0.015457653,0.004833373,0.005096489,0.017341091,0.036159262,0.067825383,0.199304363,0.451954089,0.293245832,0.528633291,0.418062221,0.114442775,0.082112099,0.042823322,0.158846327,0.282413448,0.324885082,0.158980025,0.387198469,0.218388281,0.130221654,0.568997383,0.262628834,0.182181486,0.614611792,0.687051894,0.453333996,1,0.222680071,0.493203739,0.049946566,0.313490635,0.482211955,0.188435781,0.016140207,0.578676025,0.139694487,0.149004224,0.283947658,0.366217191,0.160092764,0.402928024,0.394749625,0.305802541,0.254288788,0.221346367,0.030580194,0.032975675,0.095398123,0.050329427,0.149929792,0.087814955,0.150181675,0.104116148,0.11379792,0.055317376,0.084463104,0.027267246,0.145900958,0.26057983,0.073670377,0.222409361,0.040235867,0.023919795,0.047443576,0.040840614,0.242649554,0.127662449,0.628704395,0.038069826,0.052150416,0.115413535,0.192331679,0.095891303,0.284641202,0.45335431,0.204579414,0.286716154,0.205384128,0.351804883,0.262133952,0.197364364,0.137725996
Clostridium_ramosum_VPI_0427_DSM_1402,0.070146604,0.097542605,0.031216504,0.005711943,0.004123459,0.119933886,0.004441041,0.01413896,0.013553225,0.01483292,0.032587455,0.032116897,0.010380765,0.020404547,0.035928329,0.020724347,0.024912342,0.016519503,0.011961506,0.022628603,0.025012384,0.015132927,0.025768427,0.027137636,0.01175058,0.007210652,0.004157989,0.012296794,0.021288529,0.004702729,0.040120719,0.017214579,0.023874505,0.19426266,0.194468666,0.007947852,0.027716827,0.012668041,0.157967094,0.057089297,0.071970727,0.041213257,0.203601066,0.138413169,0.20374701,0.012126927,0.07035338,0.007720953,0.019817627,0.387876335,0.01491832,0.013330789,0.00484574,0.119589889,0.011894716,0.010500563,0.020381416,0.01344876,0.014028439,0.016487974,0.074801681,0.07396918,0.02311628,0.0197819,0.003318593,0.008139383,0.076200817,0.020651801,0.005911512,0.115099124,0.005461223,0.02844,0.011776467,0.010486585,0.042866415,0.062421107,0.147591877,0.059526117,0.214500534,0.114725403,0.212855378,0.371131855,0.089727628,0.058727604,0.036102833,0.129140748,0.166596839,0.112152492,0.323166966,0.21189512,0.102085295,0.068326671,0.25032776,0.088159002,0.078242719,0.261021543,0.239193273,0.141354162,0.222680071,1,0.172628669,0.064198207,0.243542996,0.214120702,0.062374056,0.012788867,0.19016239,0.067835309,0.048776104,0.121557884,0.14177099,0.124466636,0.223804645,0.135975663,0.136314586,0.105495784,0.065526914,0.012550918,0.027616397,0.05653218,0.017379336,0.112579579,0.033913548,0.064558617,0.043681151,0.037835561,0.022161549,0.032339566,0.011191197,0.089069452,0.112147878,0.030209723,0.13203766,0.057152914,0.023101293,0.034170712,0.026496254,0.072414104,0.049903625,0.198251711,0.015427961,0.021289442,0.045633785,0.063451917,0.078035537,0.167606385,0.169542454,0.122742454,0.163829004,0.078506859,0.162825954,0.096101975,0.117556386,0.113455777
Clostridium_sp_7_2_43FAA,0.027185254,0.284778032,0.010266125,0.002676594,0.001734115,0.041699123,0.002529358,0.004649859,0.010237705,0.011547765,0.013844634,0.015909198,0.0074938,0.01222898,0.020674359,0.006815585,0.008192885,0.008950091,0.009570418,0.007441835,0.008225785,0.00912368,0.008474424,0.010198711,0.006877326,0.002969589,0.001367432,0.006286863,0.007192389,0.00415209,0.037587657,0.006260979,0.019895873,0.13557004,0.180779985,0.00393668,0.023819619,0.00416612,0.052875006,0.027891132,0.024200863,0.015725972,0.132461421,0.045519732,0.105887314,0.006154792,0.02448091,0.002539178,0.006489825,0.157950055,0.008825994,0.005745964,0.002593093,0.099066941,0.010472444,0.003453304,0.00949507,0.006544726,0.007129881,0.005422375,0.045426428,0.024326133,0.007602217,0.015383923,0.002456131,0.008075166,0.025060049,0.006791727,0.002759416,0.037852476,0.003016876,0.012385986,0.003872909,0.004083741,0.01305265,0.028973876,0.051254179,0.223151502,0.318670528,0.338122121,0.43048167,0.250631943,0.08867089,0.061992692,0.031394421,0.126040666,0.21495403,0.330381881,0.123110645,0.302680678,0.262785758,0.09825939,0.392840511,0.299355979,0.203614517,0.482971066,0.409983716,0.595108787,0.493203739,0.172628669,1,0.03583957,0.217280635,0.335177197,0.211797562,0.012051761,0.409473466,0.134742908,0.164381292,0.343296841,0.348656692,0.13716219,0.28650976,0.410985073,0.36377406,0.24395154,0.237122207,0.03816394,0.033489893,0.116016482,0.061054349,0.139493093,0.100298526,0.162506886,0.132204731,0.14179831,0.068536611,0.098802238,0.033191322,0.142063882,0.281256819,0.07979078,0.27413035,0.033412274,0.02149827,0.057758006,0.030061763,0.253336372,0.154759774,0.471902226,0.047510965,0.064249659,0.142559878,0.22882162,0.105559274,0.237173032,0.346457612,0.157136797,0.246977188,0.214956099,0.257960957,0.256026977,0.159432517,0.14859093
Clostridium_spiroforme_DSM_1552,0.125955143,0.016881917,0.183332736,0.053733652,0.037243991,0.216802817,0.042119847,0.082973547,0.044823681,0.055431947,0.176083807,0.202907799,0.059830309,0.094963485,0.253138603,0.070575152,0.170284859,0.065815667,0.051515853,0.138916191,0.140012643,0.140203567,0.138102673,0.148757314,0.066012195,0.061339306,0.030628694,0.120267119,0.119119271,0.041594144,0.122287255,0.116900348,0.096842022,0.177931499,0.150473204,0.046383465,0.058303846,0.070521335,0.167115972,0.140778186,0.107273545,0.211987513,0.167439366,0.259901106,0.181264536,0.071552992,0.208674436,0.059266689,0.103968529,0.144566837,0.106045058,0.13411594,0.057447077,0.188897408,0.07586971,0.073969118,0.173696641,0.105536472,0.125807976,0.111017015,0.2262521,0.233814743,0.129165391,0.156669191,0.026707553,0.023408195,0.256868411,0.140675529,0.037264373,0.264600719,0.057273463,0.192987487,0.086602953,0.095318159,0.165389926,0.267359339,0.14347706,0.009948734,0.080989528,0.015679323,0.034567699,0.080869595,0.128184868,0.045985193,0.063290224,0.113607405,0.093044595,0.017624267,0.114320655,0.111786521,0.017011991,0.035398349,0.078547285,0.017951066,0.027958948,0.067475479,0.069650439,0.023769535,0.049946566,0.064198207,0.03583957,1,0.105342809,0.085977421,0.010300447,0.053913983,0.042467612,0.049736064,0.009529289,0.028862313,0.033647056,0.057164387,0.110184219,0.024774122,0.020621542,0.058444217,0.011043777,0.001635068,0.076745562,0.036308248,0.003606509,0.027098526,0.005652269,0.009520953,0.005931824,0.00740094,0.00295772,0.007105628,0.00145793,0.023772279,0.01561671,0.00504973,0.048689135,0.101742311,0.066330191,0.021129005,0.028613278,0.01218061,0.00682588,0.048209064,0.002035525,0.002788388,0.007475709,0.010617685,0.016728319,0.083822999,0.057274483,0.044089091,0.112251819,0.011835592,0.064308026,0.01571615,0.013013552,0.016526563
Collinsella_intestinalis_DSM_13280,0.05759707,0.098652023,0.037503382,0.009509277,0.00633493,0.107949545,0.009222903,0.016804522,0.020355537,0.024688763,0.050576105,0.050663061,0.016691826,0.032784705,0.059704847,0.020262138,0.029929588,0.023088399,0.018947881,0.027185913,0.030049778,0.030569596,0.030958085,0.037257111,0.017308151,0.010848263,0.004995392,0.022966664,0.026274658,0.011172274,0.107780008,0.018282195,0.044624395,0.262453572,0.310973012,0.011892454,0.046873368,0.015219334,0.138662961,0.049359703,0.060570807,0.050028831,0.235454003,0.117605035,0.215341608,0.020238104,0.061830381,0.009275922,0.024016099,0.270283372,0.025698882,0.020990694,0.00947288,0.198280213,0.02912126,0.012615334,0.034686626,0.023165207,0.02604631,0.019808586,0.10894028,0.079131359,0.027109174,0.042508207,0.007179363,0.014234578,0.07136064,0.024810991,0.009132952,0.110370793,0.009649293,0.043833668,0.014148201,0.014918393,0.047844703,0.08142542,0.104019422,0.068087262,0.355406557,0.100179973,0.206462661,0.302098378,0.160267081,0.084410772,0.058349914,0.202818623,0.291352388,0.11303081,0.24029146,0.396179288,0.08245909,0.086959542,0.37428983,0.106856848,0.102345465,0.337352232,0.406613756,0.152273208,0.313490635,0.243542996,0.217280635,0.105342809,1,0.535294261,0.066388617,0.036780317,0.283232678,0.101780739,0.062005255,0.141848293,0.167564046,0.13740382,0.333406528,0.161839437,0.114647622,0.199196536,0.076715412,0.010446945,0.03012336,0.057576614,0.019222646,0.122994094,0.033784739,0.058962382,0.03790023,0.041955003,0.018897773,0.032195692,0.009315161,0.078634103,0.09466561,0.031821862,0.137741471,0.080630526,0.032056213,0.045118822,0.052046413,0.085599535,0.043612626,0.300097386,0.013005587,0.017815862,0.043025071,0.070502145,0.042955888,0.219133203,0.250196368,0.13224363,0.280523013,0.075621202,0.231176806,0.099980547,0.081032673,0.101471961
Collinsella_stercoris_DSM_13279,0.053122981,0.15779559,0.025166879,0.006060701,0.004251094,0.102223265,0.006116522,0.011138068,0.023125359,0.027350843,0.033939412,0.039000585,0.018152143,0.029259983,0.048725968,0.016267446,0.020084437,0.02194069,0.021620618,0.018243277,0.020165092,0.022366235,0.020774616,0.025001618,0.016859414,0.007279794,0.003352189,0.015411924,0.017631774,0.008987647,0.086925907,0.014727903,0.043403835,0.33048071,0.416506853,0.009650569,0.05401276,0.010213029,0.129481588,0.057224846,0.057383076,0.038551415,0.308085021,0.111589292,0.258523776,0.015088158,0.060013698,0.006224665,0.01604565,0.319910714,0.021636472,0.014085937,0.006356835,0.242011542,0.023916989,0.008465599,0.023276678,0.016044062,0.017478539,0.013292675,0.109982555,0.059060888,0.01777619,0.037345231,0.005986303,0.015966171,0.061433426,0.016649571,0.006764567,0.092793408,0.007395718,0.030363611,0.009494239,0.010011081,0.031592939,0.071027974,0.113458377,0.101462823,0.527280876,0.149286997,0.316936303,0.429683654,0.184702331,0.096753078,0.063415277,0.246978172,0.361643339,0.168437161,0.270598548,0.61035361,0.124993457,0.11913848,0.589440697,0.16544221,0.156086082,0.538259678,0.621722429,0.233001458,0.482211955,0.214120702,0.335177197,0.085977421,0.535294261,1,0.103686425,0.028713284,0.42831389,0.145472135,0.095820686,0.205084485,0.265924145,0.195374129,0.495181314,0.244797716,0.171335303,0.277670319,0.115153556,0.015567912,0.03630275,0.094253662,0.029415902,0.159838362,0.051130994,0.08943076,0.056478469,0.063889007,0.028161236,0.049048611,0.013881341,0.110113309,0.141292937,0.0484153,0.189531681,0.039258826,0.038670892,0.070594793,0.059065107,0.12833149,0.064991013,0.466425976,0.01938077,0.026548984,0.066749876,0.107571462,0.061067793,0.301381632,0.373483511,0.180330144,0.390103644,0.11268981,0.331245082,0.149637635,0.118430686,0.096614307
Cronobacter_sakazakii_ATCC_BAA_894,0.007985559,0.235991949,0.002782527,0.000678736,0.000470014,0.011302117,0.000685556,0.001260296,0.002774824,0.003162007,0.003752445,0.004312024,0.002031117,0.003314539,0.005631454,0.001847294,0.002220597,0.00242583,0.002633532,0.002017033,0.002229514,0.002472879,0.002296905,0.002764255,0.001864028,0.000804876,0.000370628,0.001703989,0.001949423,0.001136766,0.010482165,0.001789654,0.005312226,0.036744861,0.048998551,0.001066996,0.006532924,0.001129184,0.014331225,0.007559604,0.006615698,0.004262363,0.036262923,0.012337654,0.028699665,0.001668193,0.006635298,0.000688218,0.001783336,0.045798812,0.002392195,0.001557384,0.000702831,0.026851073,0.002838448,0.000935983,0.002573541,0.001773881,0.001932481,0.001469679,0.012312365,0.006593348,0.002060502,0.004169654,0.000665709,0.002204694,0.006792268,0.001840828,0.000747911,0.010259523,0.000817693,0.003357094,0.001049712,0.001106856,0.003825762,0.00785307,0.013842363,0.339983288,0.112574492,0.353830069,0.229261197,0.081596817,0.026630554,0.023150996,0.009770812,0.038039525,0.070651199,0.30353498,0.034104592,0.07932627,0.235589887,0.060410637,0.122425191,0.511684622,0.221752739,0.151625597,0.134062901,0.272800985,0.188435781,0.062374056,0.211797562,0.010300447,0.066388617,0.103686425,1,0.003966993,0.190058083,0.165509796,0.581081093,0.180291581,0.19233679,0.092793578,0.08225546,0.287534142,0.285569152,0.089517637,0.299042852,0.137326396,0.028521529,0.07682152,0.067575632,0.079163173,0.128972114,0.204281326,0.241099818,0.095677717,0.226267894,0.142863383,0.0999717,0.112582197,0.251451464,0.217098219,0.104842067,0.013757388,0.005289412,0.013626972,0.010585015,0.297652508,0.322745902,0.183727988,0.162342648,0.21947701,0.333895073,0.574992131,0.175534792,0.080630689,0.140540076,0.072769733,0.068003625,0.295350695,0.090660908,0.267258085,0.190925047,0.143728375
Desulfovibrio_piger_ATCC_29098,0.085750603,0.005406944,0.189800095,0.090943731,0.105069671,0.074641976,0.111714766,0.156853988,0.174916173,0.114813002,0.239307704,0.190917987,0.133691003,0.139182646,0.075497381,0.051443984,0.185538684,0.048855914,0.136467652,0.203629785,0.254872697,0.26634604,0.259659848,0.226945723,0.153377482,0.130181326,0.089597059,0.290767203,0.205977408,0.180772194,0.105527622,0.177743276,0.053407997,0.047324169,0.040121063,0.096374926,0.229085074,0.237531937,0.072558968,0.076841527,0.07517536,0.142188059,0.047296326,0.069595848,0.050615442,0.112635056,0.102159845,0.145094834,0.261992343,0.03468336,0.248440298,0.233129032,0.119442697,0.052906796,0.205360499,0.186400335,0.23521074,0.190246768,0.153878133,0.241942228,0.052632269,0.099475026,0.2003287,0.075405539,0.14398121,0.201695681,0.118964229,0.178317266,0.093378369,0.073510169,0.130247836,0.211469031,0.184910588,0.20971905,0.122954113,0.118408488,0.036247577,0.003488669,0.021639374,0.005495308,0.011233998,0.022229467,0.07099713,0.021849589,0.047712056,0.025015041,0.023309657,0.005895795,0.03751556,0.029969454,0.00433813,0.023457184,0.023755247,0.005612681,0.006508949,0.019656247,0.021037638,0.00839069,0.016140207,0.012788867,0.012051761,0.053913983,0.036780317,0.028713284,0.003966993,1,0.016097857,0.006109859,0.003572875,0.008266965,0.008895711,0.015101992,0.026368324,0.00813591,0.006029466,0.023335227,0.003879387,0.00057306,0.00504905,0.007666162,0.001021241,0.009258383,0.001853263,0.004073524,0.002078993,0.002103019,0.001036625,0.001715124,0.000510977,0.009346902,0.00615046,0.001782185,0.010888108,0.007336901,0.054261052,0.008629137,0.108433069,0.004267862,0.002392343,0.01646151,0.000713413,0.000977278,0.002460888,0.003862489,0.002007674,0.020205596,0.01430037,0.008734125,0.02789867,0.003860294,0.022829962,0.004932463,0.003506325,0.003982505
Desulfovibrio_vulgaris_Miyazaki_F,0.031394901,0.239032675,0.011005946,0.002788058,0.001859083,0.04470414,0.002711634,0.004977722,0.010845181,0.012606202,0.014842338,0.017055683,0.008033835,0.013110253,0.022274526,0.007306745,0.008783299,0.009595073,0.010186893,0.007978125,0.008818571,0.009781172,0.009085127,0.010933674,0.007372936,0.00318359,0.001465975,0.006739922,0.007710703,0.004108357,0.042057387,0.006539204,0.021715434,0.145339798,0.193807765,0.004220374,0.025825662,0.004466348,0.056685406,0.028925475,0.026167583,0.016859253,0.14343355,0.048800078,0.113518008,0.006598333,0.026245109,0.002722162,0.007007891,0.172297425,0.009462033,0.006160043,0.002779963,0.10620613,0.011067608,0.003702164,0.010179325,0.007016367,0.007643691,0.005813135,0.04870005,0.026079179,0.008150065,0.016492554,0.002611887,0.008089716,0.026865983,0.007281168,0.002958271,0.040580288,0.003234285,0.013278573,0.004152008,0.004378032,0.014564165,0.031061858,0.058263976,0.17838712,0.405621428,0.336020449,0.548598971,0.325612666,0.100904696,0.075603914,0.037929018,0.142625857,0.245241128,0.342303112,0.136568465,0.320505985,0.205651505,0.117799928,0.463818784,0.251820299,0.174797471,0.463613205,0.542441203,0.408449852,0.578676025,0.19016239,0.409473466,0.042467612,0.283232678,0.42831389,0.190058083,0.016097857,1,0.123308883,0.158466068,0.248690231,0.284085287,0.169420137,0.326518423,0.393845525,0.319933963,0.205974456,0.188489723,0.035598555,0.026778919,0.099887732,0.05089591,0.146539692,0.092739262,0.156584691,0.118010761,0.105765443,0.064395231,0.090216409,0.031741936,0.169151005,0.282535613,0.087919278,0.205011697,0.037196956,0.020554009,0.035191595,0.036534084,0.199188136,0.148612488,0.577023279,0.044317272,0.060708557,0.142536282,0.193365249,0.099580716,0.219992279,0.376456931,0.179282779,0.224097081,0.216090041,0.285888301,0.26799198,0.168057871,0.142209621
Enterobacter_cancerogenus_ATCC_35316,0.024264558,0.120382013,0.01616833,0.002765133,0.002731093,0.044373844,0.003983537,0.006095205,0.009803768,0.010857967,0.019766397,0.025055721,0.006329613,0.015806831,0.025422201,0.007252011,0.012903141,0.013063467,0.006839376,0.011720298,0.012954957,0.01436907,0.013346543,0.016062158,0.007251865,0.004561232,0.002153596,0.009901309,0.01132744,0.004639137,0.047480556,0.009308848,0.023521305,0.112848221,0.111482253,0.005588066,0.020168989,0.006561307,0.044505313,0.03795131,0.023633898,0.017522592,0.098664166,0.054186907,0.088660142,0.008193508,0.038555485,0.003999004,0.009111265,0.081702474,0.00993922,0.009049436,0.004083915,0.08904174,0.014451849,0.00543868,0.014953979,0.010307423,0.009377536,0.00853981,0.045749657,0.030897874,0.011972886,0.019668036,0.003868211,0.005574222,0.036094007,0.01069643,0.004345861,0.044865466,0.004533134,0.019506942,0.006099524,0.006431566,0.018149719,0.045631549,0.039514223,0.093985762,0.133543889,0.109136778,0.134715779,0.107821027,0.055865239,0.03179112,0.018887226,0.080837496,0.100649166,0.113543157,0.079777774,0.137026386,0.075396972,0.067161865,0.139424174,0.189135057,0.315801789,0.150123265,0.135106192,0.120558565,0.139694487,0.067835309,0.134742908,0.049736064,0.101780739,0.145472135,0.165509796,0.006109859,0.123308883,1,0.176704297,0.112846551,0.135265543,0.10893768,0.115983346,0.164114229,0.105535212,0.188334365,0.091542109,0.023903175,0.143348063,0.050812653,0.021442456,0.070244009,0.039209999,0.082315447,0.057477696,0.051609175,0.040259603,0.043322048,0.017948051,0.065576282,0.105697857,0.04869062,0.174123372,0.016399196,0.023306729,0.016711404,0.027276048,0.095254998,0.070451862,0.155760579,0.029745479,0.039291318,0.067242878,0.15346686,0.055742782,0.107325954,0.1101701,0.06202867,0.100895882,0.085230671,0.07899782,0.091491668,0.074325924,0.06091556
Enterobacter_sp_638,0.008972046,0.261968861,0.002869528,0.0007434,0.00048471,0.011655499,0.000706991,0.001183927,0.002861584,0.003286755,0.003869772,0.004446848,0.002094624,0.003418174,0.005807532,0.001905053,0.002290028,0.002501678,0.002715874,0.002080099,0.002299224,0.002550199,0.002368722,0.002850685,0.001922311,0.000830042,0.000382217,0.001757268,0.002010375,0.00117231,0.009718639,0.001881225,0.004922451,0.037893757,0.048983158,0.001100358,0.006737188,0.00116449,0.014779317,0.007795969,0.00682255,0.004395633,0.03739675,0.012723413,0.029597013,0.001720352,0.006842763,0.000709736,0.001839095,0.042523185,0.002466991,0.001606079,0.000724806,0.027690621,0.002927197,0.000965248,0.002654007,0.001829344,0.001992903,0.001515631,0.011563026,0.006799501,0.002124928,0.004300026,0.000686524,0.002270973,0.007004641,0.001898384,0.000771296,0.010580306,0.00084326,0.00346206,0.001082533,0.001141464,0.003945382,0.008098611,0.01281061,0.237982778,0.110269198,0.261242099,0.172553359,0.072326054,0.025038741,0.020830935,0.009273984,0.036430483,0.065418299,0.234896863,0.031620099,0.072953027,0.188507833,0.055822523,0.105367658,0.406944542,0.250989308,0.127792141,0.12205529,0.208827902,0.149004224,0.048776104,0.164381292,0.009529289,0.062005255,0.095820686,0.581081093,0.003572875,0.158466068,0.176704297,1,0.180452567,0.197111239,0.095039323,0.074923317,0.201358769,0.213729578,0.085564727,0.209341318,0.13103352,0.026755474,0.07148303,0.061304817,0.063164096,0.105440835,0.153847783,0.199092576,0.098959732,0.192477599,0.132706074,0.088308624,0.095476279,0.175739143,0.186719283,0.095875352,0.01125945,0.005438366,0.014452399,0.010484448,0.212264945,0.217053874,0.157955965,0.147603254,0.193599653,0.217711797,0.494754889,0.136860797,0.079572319,0.123329041,0.067890235,0.060049456,0.223349007,0.072860175,0.203903962,0.163199361,0.117527929
Enterococcus_faecalis_TX1322,0.023608304,0.344606443,0.008244273,0.002249423,0.001392592,0.033486732,0.002031216,0.003573434,0.007556196,0.009362977,0.011118017,0.012775978,0.006017941,0.009820556,0.01668528,0.005473297,0.006579345,0.007187425,0.006984909,0.00597621,0.006605766,0.007326826,0.006805437,0.008190136,0.005522878,0.002384746,0.001098124,0.005048703,0.005775891,0.003327191,0.029108877,0.004798808,0.015368755,0.108684703,0.138617342,0.003161374,0.017923982,0.003345627,0.042461592,0.020555808,0.01960147,0.012628837,0.104401935,0.036554895,0.085033446,0.004942643,0.019659542,0.002039102,0.005100612,0.125394094,0.007087767,0.004614331,0.002082399,0.079377006,0.007753866,0.002773197,0.007625073,0.005255782,0.005725694,0.004354471,0.034870101,0.019535248,0.006105006,0.011441955,0.001967086,0.006450432,0.020124623,0.005454137,0.002215966,0.030397659,0.002422721,0.009946641,0.003110163,0.003279473,0.011335245,0.023267646,0.034986389,0.150412886,0.262833061,0.216595569,0.306933728,0.171300037,0.067625455,0.041551284,0.024574437,0.101991021,0.191035921,0.245082997,0.092593342,0.190935974,0.235165212,0.077865437,0.229807502,0.226238586,0.151770839,0.296470799,0.246699866,0.289443142,0.283947658,0.121557884,0.343296841,0.028862313,0.141848293,0.205084485,0.180291581,0.008266965,0.248690231,0.112846551,0.180452567,1,0.442168103,0.196475232,0.180711707,0.22987274,0.309927621,0.207492741,0.15407438,0.043526942,0.025292371,0.108241072,0.07663822,0.149584507,0.125486157,0.160740289,0.135830882,0.128022435,0.077697864,0.157829854,0.042273995,0.207966583,0.207264054,0.103119927,0.281252419,0.022244574,0.014901224,0.026489529,0.017954985,0.178394146,0.125734061,0.250487386,0.050488638,0.065244632,0.123807981,0.178705529,0.122381341,0.225845457,0.372117493,0.180944395,0.184303097,0.243761687,0.246858528,0.312222868,0.142141678,0.143529243
Enterococcus_sp_7L76,0.024857112,0.374655695,0.009160445,0.002499398,0.001547348,0.037208054,0.002256941,0.004009656,0.009125132,0.010352058,0.012353543,0.01419575,0.006686704,0.010911897,0.018539486,0.006081534,0.007310496,0.00798615,0.008606188,0.006640336,0.007339854,0.008141044,0.007561713,0.009100292,0.006136626,0.002649759,0.001220157,0.005609757,0.006417756,0.003499387,0.030025854,0.005085664,0.017068374,0.120968907,0.157563622,0.003512692,0.021125398,0.003717421,0.047180274,0.024184354,0.021779747,0.014032257,0.115172281,0.040617176,0.094483063,0.00549191,0.021844273,0.002265704,0.005477884,0.143315765,0.007875419,0.005127114,0.002313812,0.088197381,0.00866455,0.003081377,0.008472434,0.005839848,0.00636198,0.004838376,0.039888572,0.021706166,0.006783444,0.013727047,0.002191601,0.007111994,0.022361037,0.006060246,0.002462222,0.033775698,0.002691953,0.011051993,0.00345579,0.003643915,0.012594911,0.025853338,0.046661351,0.154305419,0.302360084,0.224126839,0.358890649,0.223171728,0.067881511,0.048545167,0.027140541,0.104777213,0.184827485,0.259901769,0.108513274,0.240155278,0.166089354,0.080272978,0.316587446,0.25530215,0.191476712,0.381791901,0.345452443,0.284553819,0.366217191,0.14177099,0.348656692,0.033647056,0.167564046,0.265924145,0.19233679,0.008895711,0.284085287,0.135265543,0.197111239,0.442168103,1,0.180389245,0.242209435,0.232719384,0.292099142,0.162504924,0.168516978,0.036737026,0.028022038,0.093675695,0.085846699,0.162577785,0.123263758,0.16488764,0.103582941,0.137820154,0.064825637,0.162415432,0.033679523,0.207696804,0.204455738,0.094607412,0.270459408,0.024111979,0.018008996,0.036640476,0.022057994,0.186051129,0.123356524,0.320791215,0.048126246,0.058384943,0.140025295,0.192334105,0.114945124,0.222019079,0.348401152,0.160149564,0.203987166,0.212988562,0.235445783,0.260560394,0.191752366,0.133642783
Escherichia_fergusonii_UMN026_ATCC_35469,0.064943281,0.132052451,0.019885495,0.004570927,0.003358983,0.077583351,0.004556718,0.007526785,0.014487973,0.018439035,0.026817072,0.030816135,0.013372735,0.02335955,0.037764773,0.011661922,0.015869626,0.017336336,0.014237139,0.014414842,0.015933355,0.017672579,0.016414968,0.019754914,0.011887128,0.005752096,0.002409482,0.01213417,0.013931666,0.006648154,0.046077311,0.009209691,0.023302645,0.18487078,0.206460452,0.007625353,0.025697871,0.008069778,0.090864171,0.042651604,0.044583107,0.027566882,0.212587524,0.08817177,0.150736869,0.011592448,0.04741955,0.004918391,0.012715698,0.184610095,0.01709596,0.011129939,0.005022824,0.188562264,0.013417429,0.006689054,0.018391961,0.012677142,0.013810588,0.010503147,0.067768616,0.047119747,0.013353215,0.024419248,0.0040231,0.010427085,0.048541342,0.013155583,0.005209114,0.0652085,0.005677033,0.023991669,0.007501829,0.00791021,0.023313049,0.05612243,0.060208886,0.056940156,0.219603969,0.101992054,0.164913915,0.208228391,0.081250902,0.053229783,0.028824537,0.133139754,0.147373943,0.102845151,0.131932274,0.203373075,0.076720556,0.132241878,0.219288611,0.165323648,0.138195152,0.222246427,0.188757715,0.109083575,0.160092764,0.124466636,0.13716219,0.057164387,0.13740382,0.195374129,0.092793578,0.015101992,0.169420137,0.10893768,0.095039323,0.196475232,0.180389245,1,0.229737038,0.135370528,0.096525179,0.112643209,0.056563785,0.019140965,0.03814817,0.198293241,0.023294754,0.155017241,0.042610595,0.088909442,0.053932801,0.046426196,0.030533538,0.045616501,0.016791458,0.131101148,0.137743343,0.042150654,0.163770797,0.018195046,0.039377479,0.053984673,0.015824581,0.063951194,0.055230021,0.137374437,0.023158199,0.031060786,0.070147799,0.106997348,0.044266768,0.143600347,0.179115964,0.094145105,0.190948492,0.094536409,0.155848367,0.10704302,0.102392131,0.065902226
Eubacterium_dolichum_DSM_3991,0.066138524,0.135083482,0.031770051,0.007512475,0.005366477,0.117223027,0.007827474,0.012078514,0.028176826,0.031032744,0.042844281,0.049233382,0.020018898,0.036374873,0.055685225,0.018246351,0.025354101,0.027102632,0.024595609,0.023029865,0.025455917,0.028234587,0.026225366,0.031490873,0.018933353,0.009189834,0.004231721,0.019455634,0.022257918,0.011430177,0.087325126,0.018551406,0.048775191,0.349176007,0.443916452,0.012182642,0.062308918,0.012892677,0.13838512,0.066971557,0.064390694,0.045471356,0.33499288,0.127526972,0.271798971,0.01904692,0.071565644,0.007857865,0.019496369,0.40314447,0.025633319,0.017781741,0.008024713,0.25606855,0.027268281,0.010686764,0.029383907,0.02025363,0.022064479,0.016780347,0.11667507,0.072568696,0.02352619,0.047607839,0.007419967,0.017752271,0.075800529,0.02101801,0.008375222,0.105790911,0.009336173,0.038330277,0.011985294,0.012637743,0.037133457,0.089663972,0.128576834,0.08037452,0.429519852,0.118258792,0.262200534,0.418877297,0.234800184,0.09293017,0.064031242,0.246823694,0.3325112,0.133428735,0.305758065,0.627693307,0.110394726,0.124608861,0.644362253,0.135028002,0.137940295,0.551310447,0.526204159,0.191991698,0.402928024,0.223804645,0.28650976,0.110184219,0.333406528,0.495181314,0.08225546,0.026368324,0.326518423,0.115983346,0.074923317,0.180711707,0.242209435,0.229737038,1,0.178020893,0.142725043,0.230880745,0.090384906,0.012332236,0.041249882,0.093557486,0.027201516,0.151545732,0.042693336,0.090716885,0.044739834,0.055820406,0.02230813,0.046267421,0.010996206,0.103964927,0.134282056,0.036070887,0.196645064,0.037476789,0.047376026,0.074231702,0.047613994,0.101427024,0.051483108,0.350886653,0.015352619,0.021030973,0.056384344,0.085213524,0.046977293,0.332079245,0.328005308,0.161338478,0.422796526,0.089268061,0.339294576,0.115061493,0.099036025,0.077632789
Finegoldia_magna_ATCC_29328,0.016308078,0.239551414,0.006360399,0.001449773,0.001074375,0.02583478,0.001567069,0.00288083,0.005929794,0.006394713,0.008577472,0.009856578,0.004323882,0.007576491,0.012872577,0.00422261,0.005075919,0.005545048,0.005312739,0.004610605,0.005096303,0.005652596,0.005250347,0.006318633,0.004260862,0.001839815,0.000847195,0.00389504,0.00445606,0.002579965,0.025888042,0.00412409,0.012814025,0.083992706,0.112002624,0.002438978,0.013781685,0.002581128,0.032511636,0.01656613,0.014917861,0.009743059,0.07625336,0.028201846,0.06560271,0.003813215,0.0151672,0.001573153,0.004076413,0.097521077,0.005468163,0.003559924,0.001606556,0.061377134,0.006488225,0.002139502,0.005882691,0.004054799,0.004417333,0.003359444,0.02814404,0.015071308,0.004709969,0.009531142,0.001521701,0.004560616,0.015526006,0.004207829,0.001709602,0.023451582,0.001869112,0.007673764,0.002399469,0.00253009,0.008656048,0.017950826,0.033099034,0.30642132,0.246310897,0.563508903,0.475003877,0.193290452,0.065448131,0.050396357,0.024445007,0.096015316,0.152518124,0.449228776,0.077539815,0.190977223,0.255605187,0.115144944,0.241007243,0.380416587,0.228511169,0.299200542,0.289883919,0.520272878,0.394749625,0.135975663,0.410985073,0.024774122,0.161839437,0.244797716,0.287534142,0.00813591,0.393845525,0.164114229,0.201358769,0.22987274,0.232719384,0.135370528,0.178020893,1,0.46276741,0.177209033,0.3199094,0.06159924,0.033219992,0.081460976,0.074792907,0.109547521,0.129213875,0.198964277,0.181584504,0.123135881,0.111428602,0.123386836,0.054925801,0.166989975,0.384405251,0.131524092,0.155164865,0.030579263,0.011458295,0.027582995,0.020309373,0.331717774,0.241095976,0.372168011,0.076685985,0.105049233,0.215607295,0.310972617,0.144749581,0.153795148,0.261037057,0.14558751,0.151389316,0.305383914,0.183475587,0.333571306,0.191610433,0.177541452
Fusobacterium_nucleatum_nucleatum_ATCC_25586,0.013883374,0.260129235,0.004941345,0.001325813,0.000834673,0.02007084,0.001217444,0.002238094,0.004927666,0.005659813,0.006663772,0.007657499,0.003606955,0.005886117,0.010000605,0.003280513,0.003943442,0.004307905,0.004676752,0.003581943,0.003959278,0.004391458,0.004078954,0.004908897,0.003310231,0.001429338,0.000658179,0.003026026,0.003461878,0.002014686,0.020159023,0.003192315,0.00998916,0.065253281,0.087013968,0.001894823,0.011105431,0.002005259,0.025450075,0.012361145,0.011748473,0.007569307,0.064397432,0.021909795,0.050966236,0.002962457,0.01178328,0.001222171,0.00300958,0.08133172,0.004248173,0.002765677,0.001248121,0.047683419,0.004734102,0.001662163,0.004570217,0.003150142,0.003431792,0.002609926,0.021864886,0.011708782,0.003659139,0.00740467,0.001182198,0.003962335,0.012062034,0.00326903,0.001328177,0.018219352,0.001452099,0.005961688,0.001864129,0.001965607,0.006793971,0.013945858,0.026158806,0.307382396,0.206733473,0.591027911,0.415565192,0.156691619,0.050426113,0.043011421,0.019746047,0.077563334,0.138543888,0.525674451,0.061315211,0.139196556,0.403271692,0.079542319,0.194625382,0.282735292,0.147115133,0.238028803,0.22864395,0.485015752,0.305802541,0.136314586,0.36377406,0.020621542,0.114647622,0.171335303,0.285569152,0.006029466,0.319933963,0.105535212,0.213729578,0.309927621,0.292099142,0.096525179,0.142725043,0.46276741,1,0.145162837,0.331000482,0.079289298,0.020733395,0.087152454,0.137281277,0.128868392,0.193627944,0.207752908,0.224899249,0.191881689,0.141876254,0.250308197,0.068167157,0.200726762,0.422500689,0.151579099,0.171483271,0.026689363,0.009756156,0.024272988,0.015540676,0.349841294,0.298305628,0.290829682,0.098161454,0.134135616,0.259453173,0.269318748,0.244403025,0.144759693,0.309330371,0.158855828,0.126682466,0.369201878,0.186310711,0.425443751,0.217714978,0.193856235
Haemophilus_influenzae_NTHi_86_028NP,0.040485741,0.110512695,0.025591195,0.005789693,0.004322768,0.091185869,0.006305133,0.009388555,0.01963527,0.019112841,0.034511634,0.037545423,0.013918562,0.027030668,0.048560359,0.014120775,0.020423063,0.022310612,0.01498691,0.01855086,0.020505077,0.022743332,0.021124878,0.025423147,0.015663899,0.007402532,0.003408707,0.01567177,0.017929047,0.009091527,0.085583943,0.014477971,0.039708097,0.238563601,0.265144558,0.009813279,0.044205459,0.010385222,0.096327567,0.056855159,0.04050662,0.032636683,0.206471142,0.104712909,0.206335774,0.015342195,0.058609902,0.006329614,0.01640153,0.184140016,0.019156344,0.014323427,0.006464012,0.161157432,0.021810673,0.00860833,0.023669125,0.016314566,0.017659893,0.013516791,0.08666465,0.053970472,0.018900339,0.03216802,0.006043381,0.014063866,0.062469199,0.016930284,0.006878619,0.086858253,0.007520411,0.030875544,0.009654312,0.010179869,0.030500248,0.072225512,0.062835618,0.099521973,0.306684172,0.112300549,0.160144036,0.191639776,0.126839554,0.068711143,0.057267544,0.194727101,0.265629488,0.131979306,0.142032876,0.307790262,0.140417083,0.0689001,0.283574533,0.125426482,0.170993073,0.278853807,0.254044481,0.173704885,0.254288788,0.105495784,0.24395154,0.058444217,0.199196536,0.277670319,0.089517637,0.023335227,0.205974456,0.188334365,0.085564727,0.207492741,0.162504924,0.112643209,0.230880745,0.177209033,0.145162837,1,0.113244247,0.015258605,0.060452308,0.051058107,0.027110246,0.077280927,0.036821047,0.070497767,0.046052925,0.040495532,0.026964893,0.041495878,0.01242936,0.075412642,0.106388166,0.032237885,0.145932308,0.027446857,0.029427974,0.045301768,0.038303354,0.12654285,0.056726614,0.240482739,0.018947144,0.026014177,0.049952141,0.082323478,0.061487522,0.289647639,0.291889269,0.172061184,0.351970817,0.101179879,0.305105131,0.135136545,0.075697575,0.05694488
Haemophilus_parasuis_SH0165,0.008477778,0.177061693,0.002898056,0.000661986,0.000489529,0.011771373,0.00071402,0.001245915,0.002890033,0.003091194,0.003908244,0.004491056,0.002115448,0.003452156,0.005865268,0.001923992,0.002312794,0.002526548,0.002582242,0.002100778,0.002322082,0.002575552,0.002392271,0.002879025,0.001941421,0.000838294,0.000386016,0.001774738,0.002030361,0.001183964,0.011823091,0.001924437,0.005858555,0.03827048,0.051032933,0.001111297,0.006804166,0.001176067,0.014926247,0.007873473,0.006890377,0.004439333,0.037768532,0.012849904,0.029891253,0.001737455,0.006910791,0.000716792,0.001857379,0.046203112,0.002491517,0.001622046,0.000732012,0.027965909,0.002956298,0.000974844,0.002680392,0.001847531,0.002012716,0.001530699,0.012823565,0.006867098,0.002146053,0.004342774,0.000693349,0.002161879,0.007074277,0.001917257,0.000778964,0.010685491,0.000851643,0.003496478,0.001093295,0.001152812,0.003984605,0.008179124,0.015341912,0.810022071,0.109846468,0.349238066,0.228783933,0.09660163,0.031627688,0.026163583,0.011931035,0.04356233,0.083610316,0.329206665,0.035960836,0.087583209,0.33725737,0.048236993,0.124091131,0.288824697,0.147639167,0.154209418,0.156532468,0.306082697,0.221346367,0.065526914,0.237122207,0.011043777,0.076715412,0.115153556,0.299042852,0.003879387,0.188489723,0.091542109,0.209341318,0.15407438,0.168516978,0.056563785,0.090384906,0.3199094,0.331000482,0.113244247,1,0.120596991,0.017599719,0.072723164,0.097410761,0.056456216,0.102095147,0.201911647,0.265438418,0.113465557,0.193756593,0.128810256,0.080786878,0.099050678,0.259984761,0.167301968,0.08755927,0.01367333,0.00518964,0.015644495,0.010110864,0.845833365,0.318768042,0.180213614,0.153779517,0.185619114,0.276949362,0.284428652,0.173524785,0.086590506,0.156858681,0.085935569,0.075077984,0.362884614,0.106237103,0.334619674,0.20944027,0.130549874
Helicobacter_pullorum_MIT_98_5489,0.001279551,0.077733578,0.000391796,0.0001069,6.62E-05,0.001591403,9.65E-05,0.000177457,0.000390711,0.000448763,0.000528366,0.000607158,0.000285993,0.000466706,0.000792941,0.00026011,0.000312673,0.000341571,0.000370816,0.00028401,0.000313928,0.000348196,0.000323417,0.000389223,0.000262466,0.000113331,5.22E-05,0.000239931,0.00027449,0.000160063,0.001598395,0.00026017,0.000792033,0.005173887,0.006899276,0.000150239,0.000919873,0.000158996,0.002017919,0.001064435,0.000931528,0.000600165,0.005106027,0.001737212,0.004041077,0.000234891,0.000934288,9.69E-05,0.000251104,0.006448735,0.000336835,0.000219289,9.90E-05,0.003780785,0.00039967,0.000131792,0.000362369,0.000249773,0.000272104,0.000206939,0.001733651,0.000928381,0.000290131,0.000587111,9.37E-05,0.000325741,0.00095639,0.000259199,1.05E-04,0.0014446,0.000115136,0.000472698,0.000147805,0.000155852,0.000538689,0.001105757,0.002074113,0.140172881,0.016391752,0.104281769,0.046788134,0.013059828,0.00427583,0.003964468,0.001619925,0.006398892,0.011305307,0.09210261,0.00486164,0.011840604,0.093552972,0.019941197,0.017827089,0.084529496,0.037648162,0.021349752,0.021162036,0.063554992,0.030580194,0.012550918,0.03816394,0.001635068,0.010446945,0.015567912,0.137326396,0.00057306,0.035598555,0.023903175,0.13103352,0.043526942,0.036737026,0.019140965,0.012332236,0.06159924,0.079289298,0.015258605,0.120596991,1,0.004259564,0.039714588,0.091452715,0.016635492,0.101125186,0.124201652,0.254388571,0.094902305,0.45306355,0.139967025,0.353821098,0.046606665,0.080302474,0.276374231,0.018960029,0.002676858,0.00115026,0.011166539,0.00149893,0.105689628,0.23637295,0.030199966,0.506501477,0.445876212,0.213940337,0.141649762,0.096067543,0.012139139,0.027256124,0.019133333,0.010176118,0.138148358,0.016164791,0.103964507,0.09430894,0.066658107
Klebsiella_pneumoniae_342,0.050729557,0.02197363,0.048921092,0.013305962,0.015413183,0.061560978,0.021536761,0.032694204,0.022956675,0.025678886,0.040794285,0.060052149,0.00688982,0.049094745,0.033313646,0.010052234,0.058616488,0.02599833,0.007673628,0.058255586,0.059388436,0.040844727,0.051003203,0.030392482,0.008834566,0.016088394,0.012154024,0.039579417,0.03145721,0.020691145,0.034992696,0.037050946,0.084146285,0.060265892,0.05591719,0.011712213,0.04535493,0.037029357,0.05030853,0.085277152,0.037737413,0.037820413,0.060258688,0.053862378,0.057567182,0.017379267,0.052563351,0.022360138,0.03759433,0.045269823,0.011606132,0.046539252,0.019219646,0.062584235,0.048616911,0.027794332,0.061833207,0.036277163,0.02824584,0.039003872,0.036192177,0.089057889,0.060232993,0.022785145,0.021830614,0.018386458,0.048969771,0.060366313,0.024526277,0.040614826,0.022449439,0.047466413,0.029806259,0.035133075,0.021659858,0.067466425,0.050606383,0.017323164,0.040454701,0.020258583,0.027601913,0.038282928,0.026678302,0.01791858,0.015954066,0.033432946,0.037560849,0.020826902,0.040510836,0.04635042,0.015468188,0.016324651,0.041348392,0.032705946,0.066468388,0.042057919,0.03500749,0.02498947,0.032975675,0.027616397,0.033489893,0.076745562,0.03012336,0.03630275,0.028521529,0.00504905,0.026778919,0.143348063,0.026755474,0.025292371,0.028022038,0.03814817,0.041249882,0.033219992,0.020733395,0.060452308,0.017599719,0.004259564,1,0.00951935,0.004573858,0.01980299,0.005784413,0.018355801,0.009569231,0.00647951,0.00721798,0.009802752,0.003202857,0.013232169,0.029024819,0.008400307,0.102579017,0.01070596,0.040287419,0.003568178,0.059610103,0.017996454,0.011754214,0.033178037,0.005232094,0.006969032,0.01233525,0.025506439,0.011475626,0.056912562,0.029439431,0.034522728,0.038008731,0.017340045,0.030995115,0.019219851,0.012612925,0.012755444
Lactobacillus_acidophilus_NCFM,0.028598572,0.102574269,0.00918158,0.002304267,0.001550918,0.032039546,0.002262149,0.003938268,0.006470659,0.006837555,0.012382045,0.014228503,0.006702132,0.008735972,0.015807109,0.004832754,0.007327364,0.006721865,0.005367723,0.006655657,0.007356789,0.008159827,0.00757916,0.009121288,0.006150785,0.002655872,0.001222972,0.0056227,0.006432563,0.003541207,0.022554946,0.005878911,0.009437441,0.067200608,0.085124224,0.003209513,0.009502817,0.00342335,0.033302034,0.023102155,0.016661261,0.014064633,0.076903183,0.04071089,0.054622499,0.004110152,0.021894673,0.002270932,0.005884523,0.074694101,0.005701676,0.005138943,0.002319151,0.063351644,0.0039795,0.003088487,0.008491982,0.005853322,0.006376659,0.004849539,0.034558685,0.016041118,0.006799095,0.009612732,0.001493696,0.003156722,0.022412629,0.006074228,0.002467903,0.023802849,0.002698164,0.011077493,0.003463763,0.003652322,0.01262397,0.025912988,0.028557512,0.077291131,0.073859894,0.093346302,0.122817136,0.103871233,0.034996879,0.043394903,0.01258532,0.059433126,0.060670164,0.106543791,0.052554706,0.093626293,0.080585107,0.117234586,0.092750592,0.077632679,0.086365311,0.115381773,0.093944672,0.117606413,0.095398123,0.05653218,0.116016482,0.036308248,0.057576614,0.094253662,0.07682152,0.007666162,0.099887732,0.050812653,0.07148303,0.108241072,0.093675695,0.198293241,0.093557486,0.081460976,0.087152454,0.051058107,0.072723164,0.039714588,0.00951935,1,0.024348644,0.087500032,0.042501558,0.0820422,0.108573781,0.083746832,0.067924714,0.048244554,0.031505262,0.180423304,0.084151045,0.079060221,0.087024943,0.008461481,0.017302349,0.130231351,0.007540026,0.074587928,0.094815934,0.085341766,0.04637147,0.054354543,0.077113349,0.085130027,0.065516763,0.074246939,0.099356002,0.049403521,0.091406048,0.096281216,0.098305151,0.100364454,0.073612557,0.080837301
Lactobacillus_casei_casei_BL23,0.002671735,0.087201099,0.000864194,0.000235792,0.000145976,0.003510196,0.000212919,0.000391421,0.000861801,0.000989847,0.001165429,0.001339223,0.000630822,0.001029425,0.001749009,0.00057373,0.00068967,0.000753411,0.000817919,0.000626447,0.00069244,0.000768024,0.00071337,0.000858519,0.000578927,0.000249977,0.000115109,0.000529223,0.000605449,0.00035173,0.003525619,0.000573863,0.001747008,0.011412169,0.015217904,0.000331386,0.002028987,0.0003507,0.004450973,0.002347851,0.002054695,0.001323799,0.01126249,0.003831812,0.008913503,0.000518105,0.002060782,0.000213746,0.000553866,0.014224133,0.000742965,0.00048369,0.000218284,0.00833937,0.000881561,0.000290696,0.000799287,0.000550929,0.000600187,0.000456451,0.003823958,0.002047753,0.000639948,0.001295005,0.000206755,0.000718495,0.002109533,0.000571722,0.000232285,0.003186389,0.000253958,0.001042642,0.000326018,0.000343766,0.0011882,0.002438996,0.004574923,0.093532271,0.03615569,0.098855701,0.062441061,0.028806385,0.009431304,0.00661542,0.003573109,0.014043725,0.024936394,0.107544889,0.010723439,0.026117112,0.065905341,0.021066359,0.036656244,0.08147585,0.033570548,0.047091673,0.044081402,0.070486449,0.050329427,0.017379336,0.061054349,0.003606509,0.019222646,0.029415902,0.067575632,0.001021241,0.05089591,0.021442456,0.061304817,0.07663822,0.085846699,0.023294754,0.027201516,0.074792907,0.137281277,0.027110246,0.097410761,0.091452715,0.004573858,0.024348644,1,0.028425611,0.234044521,0.146927272,0.148752432,0.263837801,0.132709471,0.345414701,0.107110296,0.069622924,0.074570184,0.10005694,0.035240477,0.00392525,0.00214238,0.008039389,0.002402841,0.093286329,0.124095789,0.048594873,0.097524814,0.08385682,0.08834358,0.074527216,0.065172192,0.026775596,0.060119503,0.034878577,0.022445713,0.151962289,0.036181857,0.152537874,0.077512303,0.059810884
Lactobacillus_delbrueckii_bulgaricus_ATCC_11842,0.071387753,0.12082588,0.023532261,0.006420702,0.003974981,0.048425772,0.005797855,0.004393083,0.009767756,0.011111847,0.031735007,0.036467452,0.010627977,0.013642705,0.035184608,0.006704367,0.018779929,0.009936342,0.008573547,0.017058355,0.018855345,0.020913522,0.019425281,0.023377733,0.011146425,0.006806963,0.00313446,0.014410901,0.016486569,0.008986116,0.026610284,0.014462297,0.015544096,0.117778596,0.135418658,0.004602549,0.018793371,0.009549681,0.090800248,0.021446639,0.051572547,0.032921692,0.117756394,0.056357971,0.101116696,0.007051327,0.03407776,0.005820366,0.014666391,0.118309581,0.009195619,0.013171039,0.005943951,0.094541458,0.0079937,0.007915748,0.02176483,0.015001981,0.008473187,0.012429301,0.054862102,0.055760955,0.017425986,0.016591367,0.005630003,0.005871658,0.057443253,0.015568162,0.002752683,0.038814991,0.003705113,0.028330598,0.008877577,0.00936085,0.032355058,0.043430535,0.051104064,0.055768778,0.173535563,0.100273533,0.159895237,0.146539693,0.054763528,0.037063326,0.023406913,0.089136445,0.114971134,0.110532654,0.137682623,0.143815373,0.06847351,0.053896621,0.173077528,0.101621236,0.125639254,0.176317403,0.167598458,0.11610666,0.149929792,0.112579579,0.139493093,0.027098526,0.122994094,0.159838362,0.079163173,0.009258383,0.146539692,0.070244009,0.063164096,0.149584507,0.162577785,0.155017241,0.151545732,0.109547521,0.128868392,0.077280927,0.056456216,0.016635492,0.01980299,0.087500032,0.028425611,1,0.037182664,0.05059203,0.047081053,0.05718107,0.028885168,0.054767776,0.01328326,0.106877451,0.084553501,0.033694191,0.131963928,0.019914443,0.019340096,0.019015779,0.017333693,0.060695092,0.060363068,0.130906578,0.020438131,0.025790555,0.061423668,0.073578955,0.054634621,0.140574162,0.165284849,0.075011596,0.145883569,0.077737228,0.140094583,0.094718358,0.090066006,0.071190989
Lactobacillus_fermentum_IFO_3956,0.004408843,0.151600365,0.001356369,0.000370081,0.000229113,0.005509325,0.000334181,0.000614343,0.001352615,0.001553585,0.001829165,0.002101937,0.000990087,0.001615704,0.002745106,0.000900481,0.001082451,0.001182494,0.00128374,0.000983222,0.001086798,0.001205429,0.001119648,0.001347463,0.000908638,0.000392345,0.000180666,0.000830626,0.000950265,0.000554128,0.005533531,0.000804449,0.002741964,0.017911633,0.023884811,0.000520118,0.003184536,0.000550431,0.006985893,0.003685001,0.003224885,0.002077729,0.017676708,0.006014107,0.013989925,0.000813177,0.003234439,0.000335478,0.000869304,0.022325068,0.001166098,0.000759162,0.000342602,0.013088812,0.001383628,0.000456254,0.001254497,0.000864695,0.000942006,0.000716409,0.00600178,0.00321399,0.001004412,0.002032537,0.000324506,0.001127693,0.003310956,0.000897329,0.000364576,0.005001103,0.000398592,0.001636447,0.000511692,0.000539547,0.001864904,0.003828054,0.007180435,0.109964531,0.056747096,0.16467789,0.118623513,0.045030764,0.013858619,0.011509942,0.005074874,0.020172555,0.036297725,0.134708724,0.016830657,0.040848364,0.12368172,0.026203566,0.057691795,0.134068467,0.054838954,0.073728831,0.073261485,0.129179802,0.087814955,0.033913548,0.100298526,0.005652269,0.033784739,0.051130994,0.128972114,0.001853263,0.092739262,0.039209999,0.105440835,0.125486157,0.123263758,0.042610595,0.042693336,0.129213875,0.193627944,0.036821047,0.102095147,0.101125186,0.005784413,0.042501558,0.234044521,0.037182664,1,0.223963782,0.19668808,0.313343486,0.172564902,0.249011041,0.140668429,0.097064215,0.16763361,0.320208388,0.058660315,0.007016906,0.003729793,0.008098116,0.004273219,0.111472303,0.163428299,0.093648512,0.126374363,0.151057922,0.121880047,0.152306518,0.085862634,0.041545503,0.089964672,0.050930686,0.035229007,0.177675717,0.053062357,0.181742665,0.092778528,0.081114465
Lactobacillus_gasseri_ATCC_33323,0.009229819,0.178234061,0.002905954,0.000727216,0.000490863,0.011803453,0.000715966,0.0013162,0.002897909,0.003328477,0.003918895,0.004503295,0.002121213,0.003461564,0.005881252,0.001929236,0.002319097,0.002533434,0.002750349,0.002106503,0.00232841,0.002582571,0.002398791,0.002886871,0.001946712,0.000840579,0.000387068,0.001779574,0.002035895,0.001187191,0.009839662,0.001550773,0.005407528,0.038374777,0.050407536,0.001114326,0.006822709,0.001179272,0.014966925,0.00789493,0.006909155,0.004451431,0.037871461,0.012884923,0.029972714,0.00174219,0.006929624,0.000718746,0.001862441,0.043910906,0.002498307,0.001626466,0.000734007,0.028042123,0.002964355,0.000977501,0.002687697,0.001852566,0.002018201,0.00153487,0.012858512,0.006885813,0.002151901,0.00435461,0.000695238,0.002407901,0.007093557,0.001922482,0.000781087,0.010714612,0.000853964,0.003506007,0.001096275,0.001155953,0.003995464,0.008201414,0.014450897,0.20420189,0.095370866,0.245594587,0.194942853,0.072713738,0.025446583,0.022521679,0.009675432,0.037891581,0.075998514,0.25179588,0.033839577,0.07758802,0.164058298,0.063376526,0.120625431,0.167008868,0.132189135,0.141508365,0.120926745,0.204150342,0.150181675,0.064558617,0.162506886,0.009520953,0.058962382,0.08943076,0.204281326,0.004073524,0.156584691,0.082315447,0.153847783,0.160740289,0.16488764,0.088909442,0.090716885,0.198964277,0.207752908,0.070497767,0.201911647,0.124201652,0.018355801,0.0820422,0.146927272,0.05059203,0.223963782,1,0.278493739,0.214130026,0.222676529,0.193265002,0.097076751,0.119892883,0.421784914,0.332518868,0.076889372,0.011809475,0.007146157,0.024789017,0.007949926,0.192589152,0.293451889,0.145358505,0.143825641,0.171439109,0.227635038,0.188724414,0.147706752,0.070528514,0.128309205,0.086700077,0.063560085,0.287520922,0.077462936,0.278476124,0.180195412,0.134158029
Lactobacillus_helveticus_DPC_4571,0.004540859,0.226183235,0.001421387,0.000387821,0.000240095,0.005773413,0.0003502,0.000643792,0.001417452,0.001628055,0.001916846,0.002202693,0.001037547,0.001693152,0.002876692,0.000943646,0.001134338,0.001239177,0.001345276,0.001030352,0.001138893,0.001263211,0.001173319,0.001412053,0.000952194,0.000411152,0.000189326,0.000870442,0.000995816,0.00058069,0.00579878,0.000943864,0.0028734,0.018770224,0.025029726,0.000545049,0.003337187,0.000576816,0.00732076,0.003861641,0.00337947,0.002177325,0.018524038,0.006302392,0.01466053,0.000852156,0.003389482,0.00035156,0.000910974,0.023395216,0.001221995,0.000795552,0.000359024,0.013716222,0.001449952,0.000478124,0.001314631,0.000906144,0.000987161,0.00075075,0.006289474,0.003368052,0.001052558,0.002129967,0.000340061,0.00108133,0.003469666,0.000940342,0.000382052,0.00524083,0.000417699,0.00171489,0.00053622,0.000565411,0.001954298,0.004011551,0.007524628,0.28627391,0.058676046,0.299050299,0.164800233,0.04737945,0.015512186,0.013854233,0.005876889,0.023177447,0.041014263,0.26390497,0.017637432,0.042956255,0.199563283,0.040233274,0.064674483,0.162838815,0.077211866,0.077454273,0.076773262,0.205675712,0.104116148,0.043681151,0.132204731,0.005931824,0.03790023,0.056478469,0.241099818,0.002078993,0.118010761,0.057477696,0.199092576,0.135830882,0.103582941,0.053932801,0.044739834,0.181584504,0.224899249,0.046052925,0.265438418,0.254388571,0.009569231,0.108573781,0.148752432,0.047081053,0.19668808,0.278493739,1,0.195384045,0.392290325,0.203708169,0.20654053,0.124428964,0.222465767,0.36190499,0.067655438,0.008461254,0.003923035,0.023604252,0.005109726,0.262798742,0.411148027,0.097125866,0.30192379,0.288429295,0.344286735,0.235764002,0.185995373,0.0440393,0.094910625,0.064464161,0.036917703,0.312758163,0.057776018,0.270287436,0.192639869,0.144995373
Lactobacillus_hilgardii_ATCC_8290,0.005599042,0.137412173,0.001773417,0.000483871,0.000299559,0.007203296,0.000436933,0.000803238,0.001768508,0.002031271,0.002391585,0.002748227,0.001294513,0.00211249,0.003589153,0.001177355,0.001415276,0.001546079,0.001678456,0.001285536,0.00142096,0.001576066,0.001463911,0.001761772,0.001188021,0.00051298,0.000236216,0.001086021,0.001242446,0.000724507,0.007234945,0.001126576,0.003585046,0.023418986,0.031228758,0.00068004,0.004163697,0.000719674,0.009133869,0.004818041,0.004216452,0.002716576,0.023111827,0.007863286,0.018291457,0.001063207,0.004228944,0.000438629,0.001122241,0.029189435,0.001524642,0.000992584,0.000447943,0.017113275,0.001809058,0.00059654,0.001640222,0.001130566,0.001231648,0.000936686,0.007847168,0.004202207,0.001313242,0.002657489,0.000424283,0.001474429,0.004328987,0.001173234,0.000476674,0.006538809,0.000521149,0.002139612,0.000669024,0.000705444,0.002438313,0.005005079,0.009388229,0.11743953,0.070427511,0.155214789,0.124782738,0.054992934,0.018408043,0.014238618,0.006928328,0.027966986,0.048751655,0.175749306,0.022005638,0.053595094,0.118174106,0.029482819,0.071287105,0.118604263,0.087899915,0.09588536,0.088691233,0.160544811,0.11379792,0.037835561,0.14179831,0.00740094,0.041955003,0.063889007,0.095677717,0.002103019,0.105765443,0.051609175,0.098959732,0.128022435,0.137820154,0.046426196,0.055820406,0.123135881,0.191881689,0.040495532,0.113465557,0.094902305,0.00647951,0.083746832,0.263837801,0.05718107,0.313343486,0.214130026,0.195384045,1,0.14062211,0.294456759,0.110499111,0.102530704,0.152257353,0.187815187,0.061544822,0.007290919,0.005059756,0.023857769,0.005111738,0.124994158,0.137650951,0.094543402,0.095241569,0.131515169,0.085662577,0.137544562,0.06698293,0.051074747,0.106093206,0.045143041,0.046060993,0.162616734,0.066365221,0.167649678,0.106704309,0.080106216
Lactobacillus_johnsonii_NCC_533,0.002177542,0.135785635,0.00070873,0.000193375,0.000119716,0.002878733,0.000174616,0.000321007,0.000706768,0.000811779,0.000955776,0.001098305,0.000517341,0.000844238,0.001434373,0.00047052,0.000565603,0.000617877,0.00067078,0.000513753,0.000567874,0.000629861,0.000585039,0.000704076,0.000474782,0.000205008,9.44E-05,0.000434019,0.000496533,0.000289543,0.002891381,0.000459563,0.001432732,0.00935919,0.012480296,0.000271772,0.001663984,0.000287612,0.00365027,0.001925487,0.001685068,0.001085655,0.009236437,0.003142492,0.007310018,0.000424901,0.00169006,0.000175294,0.000454229,0.011665299,0.00060931,0.000396677,0.000179016,0.006839168,0.000722974,0.000238402,0.0006555,0.000451821,0.000492217,0.000374338,0.003136051,0.001679375,0.000524825,0.001062042,0.000169561,0.000589242,0.001730041,0.000468872,0.000190499,0.002613177,0.000208273,0.000855077,0.000267369,0.000281924,0.00097445,0.002000236,0.003751922,0.224940993,0.029651502,0.185765425,0.084636376,0.023624292,0.00765817,0.007171439,0.002899811,0.011386102,0.020450489,0.157542367,0.008794358,0.021418803,0.146748842,0.034390948,0.032247924,0.13208922,0.058030659,0.038620169,0.038280604,0.11108145,0.055317376,0.022161549,0.068536611,0.00295772,0.018897773,0.028161236,0.226267894,0.001036625,0.064395231,0.040259603,0.192477599,0.077697864,0.064825637,0.030533538,0.02230813,0.111428602,0.141876254,0.026964893,0.193756593,0.45306355,0.00721798,0.067924714,0.132709471,0.028885168,0.172564902,0.222676529,0.392290325,0.14062211,1,0.180354403,0.30855161,0.079104945,0.143537011,0.443461398,0.034211401,0.004842243,0.00190296,0.012262819,0.002711458,0.178786819,0.389420447,0.05462957,0.47191033,0.454842835,0.329871998,0.207057848,0.162131845,0.02195883,0.049304372,0.033178631,0.018407867,0.231995051,0.028950589,0.176545765,0.15609986,0.111748777
Lactobacillus_paracasei_ATCC_25302,0.004736873,0.135539774,0.001702654,0.000464564,0.000287606,0.006915871,0.000419498,0.000771187,0.001697941,0.001950219,0.002296156,0.002638568,0.00124286,0.002028197,0.003445939,0.001130376,0.001358804,0.001484388,0.001611483,0.001234241,0.001364261,0.001513178,0.001405498,0.001691474,0.001140616,0.000492511,0.000226791,0.001042687,0.00119287,0.000695598,0.006946257,0.001115973,0.003441995,0.022484524,0.029982671,0.000652905,0.003997557,0.000690958,0.008769411,0.004625792,0.004048207,0.002608179,0.022189621,0.007549526,0.017561593,0.001020783,0.004060201,0.000421127,0.000887855,0.028024721,0.001463806,0.000952978,0.000430069,0.016430422,0.001480168,0.000572736,0.001574774,0.001085454,0.001182503,0.00089931,0.007534051,0.004034531,0.001260841,0.00255145,0.000407354,0.001415596,0.004156252,0.00112642,0.000457654,0.006277898,0.000500354,0.002054237,0.000642329,0.000677295,0.00234102,0.004805367,0.00901362,0.13551646,0.071234789,0.174221678,0.112389487,0.052459168,0.015371857,0.011751098,0.006748559,0.027590122,0.049130269,0.167962792,0.021127571,0.043335993,0.106238957,0.042865606,0.05903975,0.143346696,0.064088578,0.074784518,0.068343573,0.120009358,0.084463104,0.032339566,0.098802238,0.007105628,0.032195692,0.049048611,0.142863383,0.001715124,0.090216409,0.043322048,0.132706074,0.157829854,0.162415432,0.045616501,0.046267421,0.123386836,0.250308197,0.041495878,0.128810256,0.139967025,0.009802752,0.048244554,0.345414701,0.054767776,0.249011041,0.193265002,0.203708169,0.294456759,0.180354403,1,0.130256506,0.140102093,0.124499928,0.189167447,0.070312049,0.006852759,0.004186948,0.009546945,0.00421314,0.133206029,0.160322032,0.081190974,0.141784371,0.157224125,0.150679245,0.166679097,0.095769123,0.052017039,0.110849038,0.052175215,0.044223071,0.215738113,0.062749488,0.211246962,0.11943834,0.101017793
Lactobacillus_reuteri_SD2112_ATCC_55730,0.00112868,0.063955234,0.00034935,9.53E-05,5.90E-05,0.001418996,8.61E-05,0.000158232,0.000348383,0.000400145,0.000471125,0.00054138,0.000255009,0.000416145,0.000707037,0.00023193,0.000278799,0.000304566,0.000330643,0.000253241,0.000279919,0.000310473,0.00028838,0.000347056,0.000234031,0.000101053,4.65E-05,0.000213938,0.000244753,0.000142723,0.00142523,0.000231984,0.000706227,0.004613367,0.006151834,0.000133963,0.000820217,0.000141771,0.001799305,0.000949118,0.00083061,0.000535145,0.004552859,0.001549009,0.003603281,0.000209444,0.000833071,8.64E-05,0.0002239,0.005750102,0.000300343,0.000195532,8.82E-05,0.003371188,0.000356371,0.000117514,0.000323111,0.000222713,0.000242626,0.00018452,0.001545834,0.000827804,0.000258699,0.000523506,8.36E-05,0.000290452,0.000852778,0.000231118,9.39E-05,0.001288097,0.000102662,0.000421488,0.000131793,0.000138967,0.00048033,0.000985964,0.001849411,0.091368663,0.014615929,0.089321315,0.041719277,0.011644974,0.003812602,0.003534972,0.001444428,0.005705659,0.010080531,0.079653898,0.004334948,0.010557836,0.070999647,0.015763414,0.015895766,0.067231592,0.029427353,0.019036797,0.018869418,0.054614391,0.027267246,0.011191197,0.033191322,0.00145793,0.009315161,0.013881341,0.0999717,0.000510977,0.031741936,0.017948051,0.088308624,0.042273995,0.033679523,0.016791458,0.010996206,0.054925801,0.068167157,0.01242936,0.080786878,0.353821098,0.003202857,0.031505262,0.107110296,0.01328326,0.140668429,0.097076751,0.20654053,0.110499111,0.30855161,0.130256506,1,0.038292693,0.071602794,0.231314148,0.016882277,0.002386857,0.001066102,0.007726693,0.001336542,0.078212498,0.169948873,0.026928211,0.335652509,0.29236215,0.156770196,0.107093535,0.073011097,0.010824028,0.024303294,0.017060497,0.009073674,0.111161242,0.014626507,0.087331578,0.06316009,0.057014371
Lactobacillus_sakei_sakei_23K,0.024502669,0.182569987,0.008406432,0.002293668,0.001419983,0.031585769,0.002071168,0.003807544,0.007704291,0.00783589,0.0113367,0.013027272,0.00613631,0.010013719,0.01316643,0.005181307,0.006708756,0.007328796,0.006546366,0.006093758,0.006735697,0.00747094,0.006939295,0.00835123,0.005631509,0.002431652,0.001119724,0.005148008,0.005889499,0.003434342,0.029361483,0.005571681,0.010430961,0.075552538,0.090200203,0.003223556,0.010789999,0.003411434,0.031092698,0.014428213,0.014162373,0.011706757,0.081156863,0.034832661,0.058411225,0.004888354,0.020046231,0.00207921,0.004943426,0.087679231,0.006803889,0.004705092,0.002123358,0.059445824,0.005117586,0.002827744,0.007775053,0.005359159,0.005838314,0.00444012,0.027347353,0.019128038,0.006225087,0.011544706,0.001798428,0.003410874,0.01960971,0.005561416,0.001817779,0.024705753,0.002470374,0.010142284,0.003171338,0.003343977,0.011558201,0.023725303,0.029388237,0.097972659,0.137376303,0.184781605,0.183399668,0.134168438,0.043737816,0.026164557,0.016854629,0.078742256,0.107164169,0.172613271,0.058229429,0.105383342,0.107771977,0.062087644,0.121530232,0.142194022,0.075378136,0.142303138,0.129727211,0.147030246,0.145900958,0.089069452,0.142063882,0.023772279,0.078634103,0.110113309,0.112582197,0.009346902,0.169151005,0.065576282,0.095476279,0.207966583,0.207696804,0.131101148,0.103964927,0.166989975,0.200726762,0.075412642,0.099050678,0.046606665,0.013232169,0.180423304,0.069622924,0.106877451,0.097064215,0.119892883,0.124428964,0.102530704,0.079104945,0.140102093,0.038292693,1,0.149917878,0.090966015,0.165684546,0.014234651,0.022342181,0.076200002,0.010001236,0.101626544,0.135603033,0.138767798,0.056008795,0.063516014,0.119665037,0.116531308,0.100765592,0.097127419,0.148381098,0.079328886,0.105323269,0.146398584,0.116181272,0.152869977,0.110758509,0.104700236
Lactobacillus_salivarius_HO66_ATCC_11741,0.014513081,0.250014631,0.004879,0.001123923,0.000824142,0.019817606,0.001202083,0.002132641,0.004865494,0.005588403,0.006579695,0.007560884,0.003561446,0.005811852,0.009874427,0.003239123,0.003893688,0.004253552,0.004617745,0.003536749,0.003909324,0.004336051,0.00402749,0.004846961,0.003268466,0.001411304,0.000649875,0.002987847,0.0034182,0.001978843,0.015686252,0.002483922,0.008338041,0.058027102,0.075317044,0.001870916,0.010585849,0.001979958,0.02473714,0.012933261,0.011600242,0.007404311,0.06358493,0.02163336,0.045706801,0.002925079,0.01163461,0.00120675,0.003126976,0.067192613,0.004194574,0.002730783,0.001232374,0.047081797,0.004977053,0.001641191,0.004512554,0.003110397,0.003388493,0.002576997,0.020012975,0.011561052,0.003612971,0.007311246,0.001167282,0.004056427,0.011909847,0.003227784,0.001311419,0.017989479,0.001433778,0.005886469,0.001840609,0.001940807,0.006106717,0.013769903,0.022083909,0.254148557,0.148694052,0.502265186,0.342819086,0.116726286,0.040968562,0.03527444,0.015619944,0.058912503,0.113022034,0.391933568,0.051520198,0.119891582,0.244858486,0.087715036,0.186851084,0.222033998,0.206078681,0.214588091,0.191583166,0.379904623,0.26057983,0.112147878,0.281256819,0.01561671,0.09466561,0.141292937,0.251451464,0.00615046,0.282535613,0.105697857,0.175739143,0.207264054,0.204455738,0.137743343,0.134282056,0.384405251,0.422500689,0.106388166,0.259984761,0.080302474,0.029024819,0.084151045,0.074570184,0.084553501,0.16763361,0.421784914,0.222465767,0.152257353,0.143537011,0.124499928,0.071602794,0.149917878,1,0.182771305,0.137429038,0.022755767,0.012232141,0.024911049,0.013874788,0.265428172,0.313560617,0.250521104,0.099969973,0.135429145,0.264129598,0.23309445,0.16391556,0.103116051,0.205745612,0.126228704,0.094730078,0.320159255,0.126254874,0.32388955,0.188414352,0.18269375
Lactobacillus_ultunensis_DSM_16047,0.003879879,0.132855861,0.001218462,0.000332453,0.000205818,0.00494917,0.000300203,0.000551881,0.001215089,0.001395625,0.001643187,0.001888225,0.000889421,0.001451429,0.002466,0.000808926,0.000972394,0.001062265,0.001153217,0.000883254,0.000976299,0.001082868,0.001005809,0.001210461,0.000816254,0.000352453,0.000162297,0.000746173,0.000853648,0.000497787,0.004945564,0.000751531,0.002463178,0.016090487,0.021456348,0.000467235,0.002860752,0.000494467,0.006275609,0.003310332,0.002896998,0.001866478,0.015879447,0.005402629,0.012567514,0.000730498,0.002905581,0.000301369,0.000780919,0.02005519,0.001047536,0.000681975,0.000307768,0.01175802,0.00124295,0.000409865,0.001126947,0.000776778,0.000846229,0.000643569,0.005391555,0.002887211,0.000902289,0.001825881,0.000291512,0.001013036,0.002974318,0.000806094,0.000327509,0.004492621,0.000358066,0.001470063,0.000459666,0.000484689,0.001675292,0.003438841,0.006450372,0.187053862,0.050977394,0.195429556,0.11384131,0.040211325,0.012447357,0.012000685,0.004716544,0.018545481,0.035158848,0.181762537,0.015119417,0.03289641,0.1375527,0.03809131,0.045803088,0.146549248,0.072408325,0.059217262,0.0658127,0.122004836,0.073670377,0.030209723,0.07979078,0.00504973,0.031821862,0.0484153,0.217098219,0.001782185,0.087919278,0.04869062,0.186719283,0.103119927,0.094607412,0.042150654,0.036070887,0.131524092,0.151579099,0.032237885,0.167301968,0.276374231,0.008400307,0.079060221,0.10005694,0.033694191,0.320208388,0.332518868,0.36190499,0.187815187,0.443461398,0.189167447,0.231314148,0.090966015,0.182771305,1,0.047555778,0.006468342,0.003423576,0.014648217,0.003625578,0.158585321,0.30058475,0.081927081,0.277648207,0.323947155,0.257128497,0.228250331,0.14252881,0.037752014,0.078410323,0.053510562,0.031647134,0.221722998,0.047210331,0.184061285,0.149809328,0.113954548
Lactococcus_lactis_cremoris_MG1363,0.056129651,0.17022228,0.020664302,0.005638188,0.003490536,0.058041543,0.00509125,0.005703183,0.018426985,0.020872348,0.027867351,0.032023036,0.009938111,0.023778916,0.027892836,0.009227418,0.016491154,0.018015307,0.010708097,0.014979394,0.016557379,0.018364718,0.017057854,0.020528607,0.009657253,0.005977375,0.002752453,0.012654594,0.014477294,0.00811819,0.037172141,0.012119432,0.018616648,0.148335835,0.168508474,0.007923997,0.038885554,0.008385828,0.066630035,0.055041994,0.033747063,0.031654227,0.135353774,0.068941933,0.138934972,0.012388753,0.040438479,0.005111018,0.011923587,0.160766294,0.014035258,0.011565838,0.005219541,0.124069669,0.017562928,0.006951029,0.019112275,0.013173638,0.012667438,0.010914498,0.057693221,0.045201934,0.01530222,0.020932074,0.004736766,0.01578865,0.039164573,0.013670816,0.005554326,0.05332624,0.004583947,0.024931293,0.00688455,0.00822001,0.026141418,0.052837839,0.057643009,0.083037659,0.225812674,0.140369133,0.20686012,0.194942505,0.069176736,0.046159267,0.030515009,0.134288633,0.159300538,0.140748296,0.114408692,0.196851593,0.099734045,0.063396186,0.225621686,0.136136145,0.1056598,0.260105824,0.20987616,0.201669357,0.222409361,0.13203766,0.27413035,0.048689135,0.137741471,0.189531681,0.104842067,0.010888108,0.205011697,0.174123372,0.095875352,0.281252419,0.270459408,0.163770797,0.196645064,0.155164865,0.171483271,0.145932308,0.08755927,0.018960029,0.102579017,0.087024943,0.035240477,0.131963928,0.058660315,0.076889372,0.067655438,0.061544822,0.034211401,0.070312049,0.016882277,0.165684546,0.137429038,0.047555778,1,0.027610579,0.044407854,0.044846398,0.048559219,0.094454562,0.072656212,0.225339344,0.023603676,0.030719876,0.086230167,0.09574214,0.05901114,0.199736055,0.207619345,0.112043824,0.205951135,0.105906308,0.180174971,0.129832226,0.073161987,0.08026338
Megamonas_hypermegale_ART12_1,0.011855879,0.016994191,0.019072923,0.006088803,0.01721711,0.023371657,0.032413689,0.042741864,0.005781451,0.006555293,0.018986955,0.012874531,0.004717481,0.009587082,0.038020239,0.007782827,0.035608923,0.007212189,0.005513971,0.018044989,0.020457723,0.008556936,0.013809306,0.019052756,0.005501794,0.042337401,0.016275836,0.025429767,0.013745262,0.002354474,0.015409532,0.003527404,0.009913875,0.03511026,0.035150243,0.051593312,0.011821958,0.008712825,0.030250563,0.011979139,0.017301925,0.011632107,0.030696802,0.030136094,0.032896224,0.005614717,0.015927021,0.025901334,0.010951272,0.04160072,0.125832123,0.022100511,0.005980893,0.029074625,0.005911349,0.005664161,0.019592817,0.020944335,0.059333306,0.014440928,0.02655612,0.029042835,0.016896705,0.008431735,0.001518376,0.004670417,0.019416568,0.031277012,0.002673199,0.064783786,0.002592912,0.018476281,0.009628794,0.026839586,0.014886535,0.020966996,0.023946653,0.012889748,0.039185231,0.024600568,0.038012915,0.036159292,0.024559022,0.02386321,0.015095017,0.026318739,0.032731161,0.024744025,0.030500754,0.038071594,0.01539846,0.014335417,0.039125113,0.017583354,0.015699192,0.039589823,0.039919691,0.030479434,0.040235867,0.057152914,0.033412274,0.101742311,0.080630526,0.039258826,0.013757388,0.007336901,0.037196956,0.016399196,0.01125945,0.022244574,0.024111979,0.018195046,0.037476789,0.030579263,0.026689363,0.027446857,0.01367333,0.002676858,0.01070596,0.008461481,0.00392525,0.019914443,0.007016906,0.011809475,0.008461254,0.007290919,0.004842243,0.006852759,0.002386857,0.014234651,0.022755767,0.006468342,0.027610579,1,0.009093918,0.004861708,0.014969597,0.014856325,0.010587208,0.039607026,0.003332468,0.004565022,0.009629819,0.013769925,0.009508545,0.032282819,0.033659354,0.024814148,0.035619733,0.016410581,0.032608595,0.020090108,0.012642886,0.024094758
Methanobrevibacter_smithii_DSM_2375,0.184035194,0.013333961,0.197174018,0.060096376,0.047001948,0.234478406,0.066440766,0.067597594,0.134184656,0.141833567,0.215641284,0.237557558,0.143582615,0.100076745,0.101878534,0.079417679,0.171238826,0.101394605,0.146798673,0.186360712,0.145086403,0.233965635,0.191331814,0.171203389,0.055785669,0.074459342,0.041285371,0.159758596,0.142509307,0.053331099,0.131544032,0.12877675,0.071875541,0.100588308,0.087020731,0.052931744,0.094894112,0.079598931,0.15030191,0.143273835,0.125908962,0.149377541,0.116729558,0.177612521,0.124311988,0.054551906,0.192111525,0.073074543,0.1108576,0.07900512,0.13101541,0.142417935,0.07941819,0.171177335,0.109500101,0.092941428,0.185027258,0.144368658,0.132210891,0.13385816,0.155664752,0.197332234,0.196343352,0.240581999,0.059492741,0.056864461,0.235657314,0.132104765,0.062214438,0.127117212,0.069171338,0.213189023,0.096288613,0.098602011,0.175221088,0.233662951,0.092735154,0.004705832,0.034603395,0.008501676,0.017643653,0.041570892,0.046335669,0.055839074,0.035888922,0.047777715,0.04257732,0.008447871,0.110501888,0.054301602,0.00589761,0.046684928,0.041885322,0.007338362,0.021118384,0.035366424,0.032996422,0.013994371,0.023919795,0.023101293,0.02149827,0.066330191,0.032056213,0.038670892,0.005289412,0.054261052,0.020554009,0.023306729,0.005438366,0.014901224,0.018008996,0.039377479,0.047376026,0.011458295,0.009756156,0.029427974,0.00518964,0.00115026,0.040287419,0.017302349,0.00214238,0.019340096,0.003729793,0.007146157,0.003923035,0.005059756,0.00190296,0.004186948,0.001066102,0.022342181,0.012232141,0.003423576,0.044407854,0.009093918,1,0.060719886,0.063205957,0.005998888,0.004095666,0.024156666,0.001298451,0.001645817,0.003170318,0.0052692,0.003266291,0.039833914,0.020979355,0.011976886,0.054607884,0.004804017,0.033735108,0.006191427,0.005256806,0.011147119
Methanosphaera_stadtmanae_DSM_3091,0.033317908,0.025563175,0.022658577,0.00618232,0.003816744,0.062006768,0.005582598,0.007926118,0.01330784,0.013686388,0.03055678,0.035113523,0.009774132,0.019240359,0.02234427,0.009319019,0.018082686,0.019753932,0.010897229,0.016425028,0.018155302,0.020137064,0.018704077,0.022509787,0.009734857,0.006554241,0.003018087,0.013875867,0.015874471,0.008780508,0.029317944,0.015046298,0.016077238,0.09128483,0.09187009,0.008688728,0.029872787,0.009195129,0.063534227,0.040001355,0.020466264,0.031142427,0.111417076,0.082135393,0.077431541,0.010665721,0.052076741,0.005604273,0.011457913,0.061669228,0.016393302,0.012682037,0.00572327,0.121990899,0.01719757,0.00762186,0.020956766,0.014445002,0.015736509,0.011967837,0.036794909,0.049152356,0.01677901,0.018393623,0.003670967,0.007560701,0.055310554,0.014990162,0.005716853,0.049567798,0.006658611,0.027337367,0.008547978,0.009013309,0.022036299,0.063948844,0.047456496,0.014348322,0.042409829,0.025751249,0.037591312,0.062299039,0.038977625,0.053593067,0.016933024,0.049196674,0.04243684,0.027527412,0.046902398,0.074190141,0.018891116,0.018571408,0.066347185,0.015767696,0.039638712,0.073722183,0.060356669,0.041326553,0.047443576,0.034170712,0.057758006,0.021129005,0.045118822,0.070594793,0.013626972,0.008629137,0.035191595,0.016711404,0.014452399,0.026489529,0.036640476,0.053984673,0.074231702,0.027582995,0.024272988,0.045301768,0.015644495,0.011166539,0.003568178,0.130231351,0.008039389,0.019015779,0.008098116,0.024789017,0.023604252,0.023857769,0.012262819,0.009546945,0.007726693,0.076200002,0.024911049,0.014648217,0.044846398,0.004861708,0.060719886,1,0.027519581,0.016477106,0.017997259,0.043127177,0.011274259,0.01111532,0.014265612,0.016647583,0.014947865,0.068671244,0.035855381,0.021878376,0.079960742,0.017402416,0.079189321,0.019983723,0.024007839,0.067035367
Mitsuokella_multacida_DSM_20544,0.057371595,0.01537105,0.081143993,0.047690456,0.033608955,0.056133537,0.031838809,0.017881657,0.068171811,0.184442606,0.068091617,0.068960549,0.025899673,0.032164022,0.042975714,0.047238883,0.04096036,0.105370873,0.051610338,0.091438869,0.054688827,0.083802002,0.064337156,0.078755744,0.031239074,0.030021953,0.031551095,0.103188043,0.078133746,0.055713871,0.040160528,0.053832037,0.032249835,0.063482561,0.061295271,0.063573297,0.354647796,0.07835611,0.064465921,0.240613087,0.041811951,0.128706126,0.065200689,0.066080777,0.059325868,0.113904317,0.086195397,0.023542575,0.078311005,0.048356467,0.090868367,0.076649465,0.060377724,0.068686322,0.153197356,0.042193544,0.097588071,0.081249299,0.05076309,0.08806213,0.050755437,0.059752825,0.069900067,0.037161578,0.034976282,0.20616216,0.074739946,0.072203297,0.051510368,0.052373619,0.014654534,0.077061698,0.037183889,0.05022643,0.08148002,0.095285647,0.05170133,0.0090733,0.044650577,0.014202635,0.028371875,0.044005527,0.059393627,0.035513295,0.090894345,0.037697529,0.040665591,0.015235776,0.048955994,0.054729778,0.010690963,0.011260052,0.049245755,0.013965418,0.014683757,0.04206854,0.047791362,0.021439407,0.040840614,0.026496254,0.030061763,0.028613278,0.052046413,0.059065107,0.010585015,0.108433069,0.036534084,0.027276048,0.010484448,0.017954985,0.022057994,0.015824581,0.047613994,0.020309373,0.015540676,0.038303354,0.010110864,0.00149893,0.059610103,0.007540026,0.002402841,0.017333693,0.004273219,0.007949926,0.005109726,0.005111738,0.002711458,0.00421314,0.001336542,0.010001236,0.013874788,0.003625578,0.048559219,0.014969597,0.063205957,0.027519581,1,0.011043342,0.006257551,0.04224712,0.001866045,0.002556225,0.005650853,0.009947184,0.005318832,0.040998837,0.029765249,0.019171082,0.043205401,0.009714026,0.040523496,0.01231472,0.00985331,0.013060182
Pasteurella_multocida_multocida_Pm70,0.009579146,0.187198658,0.003241353,0.00075757,0.000547517,0.013165783,0.000798601,0.001369759,0.00323238,0.003492434,0.004371206,0.005023057,0.002366039,0.003861091,0.006560054,0.002151904,0.002586763,0.002825838,0.002913808,0.002349632,0.002597151,0.002880646,0.002675654,0.003220068,0.002171398,0.000937597,0.000431743,0.001984969,0.002270873,0.001324214,0.013223628,0.002141552,0.006552546,0.042803915,0.057078179,0.001242939,0.007610173,0.001315381,0.016694376,0.008806147,0.007706595,0.004965206,0.042242507,0.014372074,0.033432103,0.00194327,0.007729427,0.000801702,0.0020774,0.050640954,0.002786656,0.00181419,0.000818725,0.031278687,0.003306494,0.001090322,0.002997905,0.002066385,0.002251138,0.001712022,0.014342615,0.007680559,0.002400269,0.00485721,0.000775481,0.002453113,0.00791228,0.002144371,0.000871238,0.01195127,0.000952527,0.003910663,0.001222805,0.001289371,0.004456612,0.009148004,0.01715928,0.737837208,0.120825359,0.350058206,0.246831786,0.108044842,0.035374233,0.028880546,0.013288646,0.047959348,0.092705976,0.336157037,0.040220676,0.097958119,0.352390511,0.048925051,0.138199428,0.288071458,0.150836398,0.168429303,0.175074952,0.33094184,0.242649554,0.072414104,0.253336372,0.01218061,0.085599535,0.12833149,0.297652508,0.004267862,0.199188136,0.095254998,0.212264945,0.178394146,0.186051129,0.063951194,0.101427024,0.331717774,0.349841294,0.12654285,0.845833365,0.105689628,0.017996454,0.074587928,0.093286329,0.060695092,0.111472303,0.192589152,0.262798742,0.124994158,0.178786819,0.133206029,0.078212498,0.101626544,0.265428172,0.158585321,0.094454562,0.014856325,0.005998888,0.016477106,0.011043342,1,0.302362695,0.192750485,0.141010999,0.17019144,0.258156765,0.284715851,0.170272977,0.094836475,0.171942093,0.094968036,0.082032807,0.368228912,0.117023158,0.360927688,0.219018148,0.13335527
Pediococcus_pentosaceus_ATCC_25745,0.00491683,0.215522225,0.001635621,0.000446274,0.000276283,0.006643594,0.000402983,0.000740825,0.001631093,0.001873439,0.002205757,0.002534688,0.001193928,0.001948347,0.003310273,0.001085874,0.001305308,0.001425948,0.001548039,0.001185649,0.00131055,0.001453604,0.001350163,0.00162488,0.00109571,0.000473121,0.000217862,0.001001637,0.001145907,0.000668212,0.006672783,0.001086125,0.003306484,0.021599309,0.028802254,0.0006272,0.003840174,0.000663755,0.008424159,0.004443675,0.00388883,0.002505496,0.021316017,0.007252301,0.016870194,0.000980595,0.003900351,0.000404547,0.001048278,0.026921389,0.001406176,0.000915459,0.000413137,0.015783557,0.001668492,0.000550188,0.001512775,0.00104272,0.001135948,0.000863904,0.007237436,0.003875692,0.001211201,0.002451,0.000391316,0.001359864,0.003992621,0.001082072,0.000439636,0.006030738,0.000480655,0.001973362,0.00061704,0.00065063,0.002248854,0.00461618,0.008658754,0.358544105,0.068430278,0.379470618,0.189783149,0.054520572,0.017850213,0.016550377,0.006762665,0.026665152,0.047196012,0.355684019,0.020295779,0.049430705,0.267617909,0.05466094,0.074422347,0.202714479,0.092710237,0.08912833,0.088344676,0.25237548,0.127662449,0.049903625,0.154759774,0.00682588,0.043612626,0.064991013,0.322745902,0.002392343,0.148612488,0.070451862,0.217053874,0.125734061,0.123356524,0.055230021,0.051483108,0.241095976,0.298305628,0.056726614,0.318768042,0.23637295,0.011754214,0.094815934,0.124095789,0.060363068,0.163428299,0.293451889,0.411148027,0.137650951,0.389420447,0.160322032,0.169948873,0.135603033,0.313560617,0.30058475,0.072656212,0.010587208,0.004095666,0.017997259,0.006257551,0.302362695,1,0.124131932,0.287297979,0.306561715,0.529752629,0.274812623,0.244795698,0.050404147,0.110411986,0.072220896,0.042482011,0.357857266,0.065995688,0.336113451,0.221851038,0.187068563
Porphyromonas_gingivalis_ATCC_33277,0.031773468,0.220562576,0.012973385,0.003353625,0.002191415,0.052695517,0.00319637,0.005765575,0.012931162,0.014859704,0.017495576,0.020104582,0.009469975,0.015453861,0.026182984,0.00861291,0.010353414,0.011310302,0.012166373,0.009404306,0.010394991,0.011529668,0.010709198,0.012888193,0.008690933,0.003752693,0.001728034,0.00794476,0.00908908,0.004909222,0.047086608,0.007378669,0.024802464,0.17132095,0.228453122,0.004974814,0.03045941,0.005264759,0.066818571,0.032238245,0.030845339,0.019873037,0.168346489,0.057523651,0.133810651,0.00777786,0.030936723,0.00320878,0.008106148,0.200344035,0.011153479,0.007261221,0.003276913,0.125191691,0.01310447,0.004363969,0.011998996,0.008270624,0.009010088,0.006852299,0.057405742,0.03074113,0.009606982,0.019440787,0.003103833,0.009577873,0.031668585,0.00858276,0.003487096,0.047834479,0.003812451,0.01565227,0.004894226,0.005160656,0.016871003,0.03661452,0.067944303,0.170394035,0.398914496,0.287899571,0.529761617,0.352476133,0.110537412,0.077830829,0.037128161,0.146017793,0.272740349,0.296224401,0.159982118,0.37916174,0.18669471,0.112834956,0.500720576,0.228192332,0.174463657,0.501870346,0.565155298,0.415891911,0.628704395,0.198251711,0.471902226,0.048209064,0.300097386,0.466425976,0.183727988,0.01646151,0.577023279,0.155760579,0.157955965,0.250487386,0.320791215,0.137374437,0.350886653,0.372168011,0.290829682,0.240482739,0.180213614,0.030199966,0.033178037,0.085341766,0.048594873,0.130906578,0.093648512,0.145358505,0.097125866,0.094543402,0.05462957,0.081190974,0.026928211,0.138767798,0.250521104,0.081927081,0.225339344,0.039607026,0.024156666,0.043127177,0.04224712,0.192750485,0.124131932,1,0.037596472,0.051501987,0.106263455,0.174183559,0.092401224,0.232384049,0.374367909,0.189366643,0.25385844,0.19224217,0.289474365,0.237538469,0.175472299,0.123712448
Proteus_mirabilis_HI4320,0.001592936,0.091512438,0.000487753,0.000133082,8.24E-05,0.001981166,0.000120172,0.000220919,0.000486403,0.000558672,0.000657772,0.000755861,0.000356038,0.000581011,0.000987146,0.000323815,0.000389252,0.000425227,0.000461636,0.000353569,0.000390815,0.000433475,0.000402628,0.000484551,0.000326748,0.000141088,6.50E-05,0.000298695,0.000341717,0.000199266,0.00198987,0.00032389,0.000986016,0.006441063,0.008589032,0.000187035,0.001145166,0.000197936,0.002512143,0.001325135,0.001159676,0.000747156,0.006356584,0.002162686,0.005030808,0.00029242,0.001163112,0.000120639,0.000312604,0.008028144,0.000419331,0.000272996,0.0001232,0.004706766,0.000497556,0.00016407,0.00045112,0.000310946,0.000338748,0.000257622,0.002158253,0.001155758,0.000361189,0.000730905,0.000116693,0.000405521,0.001190627,0.000322682,0.000131103,0.001798408,0.000143335,0.00058847,0.000184006,0.000194022,0.000670624,0.001376577,0.002582101,0.17533977,0.020406382,0.129822223,0.058247377,0.016258412,0.005323057,0.004935437,0.002016673,0.007966094,0.014074178,0.111694078,0.006052342,0.014740578,0.117830873,0.023881424,0.022193259,0.098499758,0.043978936,0.026578685,0.026344994,0.079120735,0.038069826,0.015427961,0.047510965,0.002035525,0.013005587,0.01938077,0.162342648,0.000713413,0.044317272,0.029745479,0.147603254,0.050488638,0.048126246,0.023158199,0.015352619,0.076685985,0.098161454,0.018947144,0.153779517,0.506501477,0.005232094,0.04637147,0.097524814,0.020438131,0.126374363,0.143825641,0.30192379,0.095241569,0.47191033,0.141784371,0.335652509,0.056008795,0.099969973,0.277648207,0.023603676,0.003332468,0.001298451,0.011274259,0.001866045,0.141010999,0.287297979,0.037596472,1,0.609480888,0.255748623,0.158632591,0.119253126,0.015112229,0.033931632,0.023819426,0.01266843,0.164432139,0.019935622,0.123439538,0.115475558,0.080870539
Proteus_penneri_ATCC_35198,0.002172197,0.098626536,0.000668155,0.000182304,0.000112862,0.002713924,0.000164619,0.000302629,0.000666305,0.000765304,0.000901057,0.001035426,0.000487723,0.000795905,0.001352254,0.000443582,0.000533221,0.000582503,0.000632378,0.00048434,0.000535363,0.000593801,0.000551545,0.000663768,0.0004476,0.000193271,8.90E-05,0.000409171,0.000468106,0.000272966,0.002725848,0.000410023,0.001350707,0.008823369,0.01176579,0.000256213,0.00156872,0.000271146,0.003441289,0.001815252,0.001588596,0.001023501,0.008707644,0.002962582,0.006891514,0.000400575,0.001593303,0.000165259,0.000428224,0.010997452,0.000574426,0.000373967,0.000168768,0.006447621,0.000681583,0.000224753,0.000617972,0.000425954,0.000464037,0.000352907,0.00295651,0.001583229,0.000494779,0.001001239,0.000159854,0.000555508,0.001630995,0.000442029,0.000179592,0.002463571,0.000196349,0.000806123,0.000252062,0.000265784,0.000918662,0.001885721,0.003537122,0.212089872,0.027953932,0.175021769,0.079790881,0.022271784,0.006841649,0.006760869,0.002591051,0.010162449,0.019279684,0.138910205,0.008290874,0.020192561,0.144850177,0.027570834,0.030401707,0.131876918,0.058860546,0.036409136,0.036089012,0.099982454,0.052150416,0.021289442,0.064249659,0.002788388,0.017815862,0.026548984,0.21947701,0.000977278,0.060708557,0.039291318,0.193599653,0.065244632,0.058384943,0.031060786,0.021030973,0.105049233,0.134135616,0.026014177,0.185619114,0.445876212,0.006969032,0.054354543,0.08385682,0.025790555,0.151057922,0.171439109,0.288429295,0.131515169,0.454842835,0.157224125,0.29236215,0.063516014,0.135429145,0.323947155,0.030719876,0.004565022,0.001645817,0.01111532,0.002556225,0.17019144,0.306561715,0.051501987,0.609480888,1,0.273107896,0.215283506,0.124773929,0.020701671,0.044417054,0.028648607,0.017354003,0.199902998,0.025514738,0.155908018,0.123967154,0.087634881
Pseudomonas_aeruginosa_LESB58,0.005503834,0.178616173,0.001791333,0.00048876,0.000302585,0.007276069,0.000441347,0.000811353,0.001786375,0.002051792,0.002415747,0.002775992,0.001307591,0.002133832,0.003625414,0.00118925,0.001429574,0.001561699,0.001695413,0.001298524,0.001435315,0.001591989,0.0014787,0.00177957,0.001200023,0.000518163,0.000238603,0.001096993,0.001254998,0.000672649,0.006168302,0.001189525,0.00347164,0.023655581,0.031544253,0.00068691,0.004205761,0.000726945,0.009226146,0.004866716,0.00425905,0.002744021,0.02334532,0.007942726,0.01847625,0.001073948,0.004271668,0.000443061,0.001148075,0.029484328,0.001540045,0.001002612,0.000452468,0.017286165,0.001827334,0.000602566,0.001656792,0.001141988,0.001244091,0.000946149,0.007926446,0.004244661,0.001326509,0.002684337,0.00042857,0.001489325,0.004372721,0.001185087,0.00048149,0.006604869,0.000526414,0.002161228,0.000675783,0.000712571,0.002462946,0.005055644,0.009483075,0.313638539,0.073762696,0.346183879,0.164281082,0.059710977,0.017303908,0.014477705,0.007406476,0.02925644,0.042050224,0.303791134,0.022227955,0.05413655,0.215011885,0.050180892,0.078316052,0.235678324,0.081483471,0.085801864,0.083734131,0.215201447,0.115413535,0.045633785,0.142559878,0.007475709,0.043025071,0.066749876,0.333895073,0.002460888,0.142536282,0.067242878,0.217711797,0.123807981,0.140025295,0.070147799,0.056384344,0.215607295,0.259453173,0.049952141,0.276949362,0.213940337,0.01233525,0.077113349,0.08834358,0.061423668,0.121880047,0.227635038,0.344286735,0.085662577,0.329871998,0.150679245,0.156770196,0.119665037,0.264129598,0.257128497,0.086230167,0.009629819,0.003170318,0.014265612,0.005650853,0.258156765,0.529752629,0.106263455,0.255748623,0.273107896,1,0.291714038,0.204637445,0.046604732,0.103361393,0.068064432,0.04191966,0.348525125,0.059504139,0.309361537,0.197969478,0.173359537
Salmonella_enterica_sv_Heidelberg_SL476_CVM30485,0.00818567,0.234570285,0.002707238,0.000647807,0.000457296,0.010996306,0.000667007,0.001226195,0.002699744,0.003032057,0.003650912,0.00419535,0.001976159,0.003224855,0.005479079,0.00179731,0.002160512,0.002360192,0.002533307,0.001962456,0.002169188,0.002405969,0.002234756,0.002689461,0.001813592,0.000783098,0.0003606,0.001657883,0.001896676,0.001106008,0.01079253,0.0017222,0.005472808,0.035750624,0.047672755,0.001038126,0.006356157,0.00109863,0.013943453,0.007355057,0.006436691,0.004147032,0.035281726,0.012003823,0.027923113,0.001623055,0.006455761,0.000669596,0.001735083,0.044559594,0.002327467,0.001515245,0.000683814,0.02612454,0.002761645,0.000910657,0.002503906,0.001725883,0.001880192,0.001429913,0.011979218,0.006414946,0.00200475,0.004056832,0.000647696,0.002118848,0.006608483,0.001791019,0.000727674,0.009981923,0.000795568,0.003266258,0.001021309,0.001076907,0.003722245,0.007640583,0.014331749,0.320721093,0.113264046,0.344937615,0.230713623,0.084113376,0.027485701,0.02427397,0.010334266,0.040918309,0.073234094,0.293732131,0.033593055,0.081816439,0.209775122,0.059610836,0.122506632,0.511137591,0.239382635,0.147522933,0.139987261,0.266244573,0.192331679,0.063451917,0.22882162,0.010617685,0.070502145,0.107571462,0.574992131,0.003862489,0.193365249,0.15346686,0.494754889,0.178705529,0.192334105,0.106997348,0.085213524,0.310972617,0.269318748,0.082323478,0.284428652,0.141649762,0.025506439,0.085130027,0.074527216,0.073578955,0.152306518,0.188724414,0.235764002,0.137544562,0.207057848,0.166679097,0.107093535,0.116531308,0.23309445,0.228250331,0.09574214,0.013769925,0.0052692,0.016647583,0.009947184,0.284715851,0.274812623,0.174183559,0.158632591,0.215283506,0.291714038,1,0.148930849,0.077651385,0.143192375,0.065439058,0.069692678,0.270376084,0.089808162,0.242104416,0.184207258,0.151840487
Staphylococcus_saprophyticus_saprophyticus_ATCC_15305,0.005145337,0.145245104,0.004008449,0.001093692,0.000512018,0.016281586,0.000908457,0.001815555,0.003997352,0.004393692,0.005405692,0.006211809,0.002148601,0.004774853,0.008112551,0.002661172,0.003198944,0.003253036,0.003793809,0.002905694,0.00321179,0.003562377,0.003308872,0.003982127,0.002078283,0.001159488,0.000533919,0.00245473,0.002808296,0.001637601,0.016353121,0.002661787,0.008103266,0.028321977,0.035552451,0.001315661,0.003740976,0.001626678,0.020645253,0.003843487,0.009530432,0.006140267,0.024922783,0.01573586,0.023538793,0.002249205,0.007714289,0.000991432,0.002569036,0.047219151,0.001997032,0.002243534,0.001012483,0.019986752,0.001721154,0.001348356,0.003707387,0.002555414,0.002265202,0.002117188,0.017661414,0.009498234,0.002968315,0.006006713,0.000847478,0.001362254,0.009784794,0.002651856,0.000514551,0.013458953,0.001154585,0.004836157,0.001512193,0.001594513,0.00551131,0.011312963,0.021220181,0.177043943,0.073907006,0.192235333,0.125930227,0.051041024,0.031424735,0.019977587,0.010431617,0.065005008,0.11426295,0.201877018,0.033348396,0.048089014,0.292056707,0.047556252,0.064118478,0.130626383,0.076157506,0.076208189,0.072022242,0.150231089,0.095891303,0.078035537,0.105559274,0.016728319,0.042955888,0.061067793,0.175534792,0.002007674,0.099580716,0.055742782,0.136860797,0.122381341,0.114945124,0.044266768,0.046977293,0.144749581,0.244403025,0.061487522,0.173524785,0.096067543,0.011475626,0.065516763,0.065172192,0.054634621,0.085862634,0.147706752,0.185995373,0.06698293,0.162131845,0.095769123,0.073011097,0.100765592,0.16391556,0.14252881,0.05901114,0.009508545,0.003266291,0.014947865,0.005318832,0.170272977,0.244795698,0.092401224,0.119253126,0.124773929,0.204637445,0.148930849,1,0.090833368,0.106026028,0.188973177,0.045633148,0.213610806,0.066805367,0.203889664,0.148573646,0.131862723
Streptococcus_gordonii_Challis_CH1,0.061822054,0.138582876,0.032275418,0.008336305,0.005451842,0.122199421,0.007077342,0.012705092,0.025300232,0.029211086,0.043525805,0.050016538,0.019675236,0.034847588,0.055191648,0.019680324,0.025757409,0.025322785,0.024548335,0.021617421,0.025860844,0.028683714,0.026642533,0.032063477,0.019140214,0.009336017,0.004299035,0.019765115,0.022611975,0.012489561,0.089137147,0.018918957,0.049099394,0.273821142,0.349963058,0.011161051,0.04849187,0.013097761,0.130699085,0.067512658,0.061250559,0.048229392,0.283766936,0.133962527,0.238032149,0.0193499,0.076964932,0.00798286,0.018901586,0.294271237,0.025538551,0.018064595,0.008152362,0.219696635,0.020635149,0.010856759,0.029851317,0.020575805,0.021976552,0.017047272,0.12673873,0.070159867,0.021810615,0.041689314,0.006997609,0.018560825,0.078785671,0.021352344,0.008375508,0.101365255,0.008761325,0.038939997,0.012175944,0.012838772,0.044376229,0.091090257,0.092313115,0.078648173,0.464249607,0.103143854,0.193473611,0.256048817,0.163886957,0.097774524,0.079041961,0.250962177,0.379692974,0.121329778,0.217043957,0.353208717,0.123032326,0.103850522,0.339678373,0.113390208,0.159315015,0.363471304,0.321028144,0.163461829,0.284641202,0.167606385,0.237173032,0.083822999,0.219133203,0.301381632,0.080630689,0.020205596,0.219992279,0.107325954,0.079572319,0.225845457,0.222019079,0.143600347,0.332079245,0.153795148,0.144759693,0.289647639,0.086590506,0.012139139,0.056912562,0.074246939,0.026775596,0.140574162,0.041545503,0.070528514,0.0440393,0.051074747,0.02195883,0.052017039,0.010824028,0.097127419,0.103116051,0.037752014,0.199736055,0.032282819,0.039833914,0.068671244,0.040998837,0.094836475,0.050404147,0.232384049,0.015112229,0.020701671,0.046604732,0.077651385,0.090833368,1,0.411762228,0.292105578,0.443672792,0.087870307,0.567177598,0.116680514,0.074561494,0.062922507
Streptococcus_infantarius_infantarius_ATCC_BAA_102,0.037535165,0.241333179,0.014374596,0.00357332,0.002428102,0.058386981,0.003541599,0.006492312,0.013543233,0.01623374,0.019385213,0.02227601,0.010467964,0.01712298,0.028555701,0.009543161,0.011471651,0.01253189,0.012808904,0.010420034,0.011517719,0.012774949,0.011865862,0.014280203,0.009629611,0.004158009,0.001914674,0.008802846,0.010070761,0.00566122,0.054397799,0.00919244,0.028050095,0.182292537,0.247824014,0.005512127,0.030267156,0.005833388,0.072607197,0.036406351,0.03268064,0.022019457,0.18554958,0.063736586,0.142191155,0.008617921,0.034278094,0.003555349,0.009024736,0.202519937,0.012246151,0.008045481,0.003630841,0.137106902,0.012362255,0.004835306,0.013294967,0.009163906,0.009983238,0.007592393,0.063296184,0.034061376,0.010550402,0.0204227,0.003439067,0.009837596,0.035089002,0.009509755,0.003863726,0.053000919,0.004224221,0.017342819,0.005422835,0.005718041,0.019763969,0.040569131,0.065027668,0.146977961,0.454043736,0.235715137,0.362505672,0.300392492,0.131966335,0.084797746,0.049289802,0.201016488,0.332981673,0.269153021,0.158303853,0.345990875,0.213489276,0.136174864,0.393341132,0.195396247,0.157235409,0.425919178,0.442071712,0.314440647,0.45335431,0.169542454,0.346457612,0.057274483,0.250196368,0.373483511,0.140540076,0.01430037,0.376456931,0.1101701,0.123329041,0.372117493,0.348401152,0.179115964,0.328005308,0.261037057,0.309330371,0.291889269,0.156858681,0.027256124,0.029439431,0.099356002,0.060119503,0.165284849,0.089964672,0.128309205,0.094910625,0.106093206,0.049304372,0.110849038,0.024303294,0.148381098,0.205745612,0.078410323,0.207619345,0.033659354,0.020979355,0.035855381,0.029765249,0.171942093,0.110411986,0.374367909,0.033931632,0.044417054,0.103361393,0.143192375,0.106026028,0.411762228,1,0.28985279,0.362470163,0.197296041,0.501999073,0.261983874,0.147326959,0.117349029
Streptococcus_mutans_UA159,0.025706312,0.11324678,0.020477131,0.005460278,0.00280502,0.083174363,0.003368634,0.00640112,0.013130442,0.011951331,0.027614936,0.03173298,0.00759606,0.020808675,0.029105367,0.0099123,0.016341781,0.012203844,0.012324902,0.014843714,0.016407406,0.017077565,0.016903348,0.020342665,0.007715854,0.005923233,0.002727522,0.012539972,0.014346162,0.008344458,0.057909418,0.009346515,0.02940319,0.110970956,0.144384072,0.004895564,0.018091297,0.008309871,0.07066154,0.024908164,0.043432577,0.031367511,0.106545212,0.05973271,0.114675591,0.008048094,0.039777569,0.005064723,0.008908592,0.134447081,0.013625835,0.011461078,0.005172264,0.079618029,0.007889013,0.006888068,0.01893916,0.010590808,0.0116719,0.010815638,0.07678983,0.034801307,0.015163617,0.024873402,0.004042913,0.006983669,0.049098675,0.013546989,0.004160798,0.046825884,0.005142354,0.024705472,0.007725025,0.008145556,0.028154487,0.047189666,0.065530254,0.081292207,0.228020429,0.130631821,0.180088006,0.164549873,0.091796576,0.05685276,0.059141256,0.196281116,0.337900257,0.147136144,0.098208047,0.159562522,0.13481893,0.06824146,0.180307433,0.092061817,0.069327685,0.188710636,0.20470353,0.158917055,0.204579414,0.122742454,0.157136797,0.044089091,0.13224363,0.180330144,0.072769733,0.008734125,0.179282779,0.06202867,0.067890235,0.180944395,0.160149564,0.094145105,0.161338478,0.14558751,0.158855828,0.172061184,0.085935569,0.019133333,0.034522728,0.049403521,0.034878577,0.075011596,0.050930686,0.086700077,0.064464161,0.045143041,0.033178631,0.052175215,0.017060497,0.079328886,0.126228704,0.053510562,0.112043824,0.024814148,0.011976886,0.021878376,0.019171082,0.094968036,0.072220896,0.189366643,0.023819426,0.028648607,0.068064432,0.065439058,0.188973177,0.292105578,0.28985279,1,0.178419163,0.134529943,0.246548871,0.175431882,0.075026777,0.070181731
Streptococcus_pneumoniae_Hungary19A_6,0.072803372,0.113013792,0.038501496,0.009719454,0.006503527,0.156386043,0.009392237,0.016923006,0.030582023,0.035944647,0.051922136,0.059664962,0.025078656,0.044876472,0.070512379,0.025233665,0.030726133,0.032085162,0.02818893,0.027909438,0.030849522,0.034216937,0.031782002,0.038248671,0.023492482,0.011136978,0.005128339,0.023577898,0.026973931,0.014619244,0.124882951,0.023812427,0.061387533,0.392619483,0.470516457,0.01432654,0.061468719,0.015624381,0.180391734,0.088946564,0.078688709,0.0589778,0.384267407,0.168815384,0.345900684,0.023082586,0.087996955,0.009522791,0.020726121,0.364289354,0.030646631,0.02154934,0.00972499,0.298900492,0.026377314,0.012951078,0.035609775,0.024544974,0.026739505,0.020335771,0.160697871,0.089454823,0.028167434,0.054932984,0.008923135,0.020596558,0.093983795,0.02547131,0.010304401,0.132073015,0.011314323,0.046451705,0.01452474,0.015315431,0.052035656,0.108661993,0.127429127,0.066322166,0.455582787,0.092951725,0.180537388,0.324426366,0.204560214,0.092513578,0.070930057,0.302819268,0.378947977,0.107843559,0.301092721,0.491512352,0.098385064,0.116811022,0.411318051,0.108587493,0.136778951,0.405151038,0.360895088,0.158419675,0.286716154,0.163829004,0.246977188,0.112251819,0.280523013,0.390103644,0.068003625,0.02789867,0.224097081,0.100895882,0.060049456,0.184303097,0.203987166,0.190948492,0.422796526,0.151389316,0.126682466,0.351970817,0.075077984,0.010176118,0.038008731,0.091406048,0.022445713,0.145883569,0.035229007,0.063560085,0.036917703,0.046060993,0.018407867,0.044223071,0.009073674,0.105323269,0.094730078,0.031647134,0.205951135,0.035619733,0.054607884,0.079960742,0.043205401,0.082032807,0.042482011,0.25385844,0.01266843,0.017354003,0.04191966,0.069692678,0.045633148,0.443672792,0.362470163,0.178419163,1,0.073660796,0.436802844,0.097812102,0.07099569,0.066937654
Streptococcus_pyogenes_M4_MGAS10750,0.008764926,0.258297011,0.002836051,0.000766205,0.000479055,0.01151952,0.000698743,0.001284539,0.0028282,0.00324841,0.003824626,0.004394969,0.002070187,0.003378296,0.005739778,0.001882828,0.002263311,0.002472492,0.002684189,0.002055831,0.0022724,0.002520447,0.002341088,0.002817428,0.001899884,0.000820359,0.000377758,0.001736767,0.001986921,0.001158633,0.011570132,0.001873232,0.005733209,0.037451671,0.049941067,0.001087521,0.006658589,0.001150904,0.014606895,0.007705017,0.006742955,0.004344352,0.036960462,0.012574976,0.02925172,0.001700282,0.006762932,0.000701456,0.00181764,0.04667978,0.00243821,0.001587342,0.000716351,0.027367569,0.002893047,0.000953987,0.002623044,0.001808002,0.001969653,0.001497949,0.0125492,0.006720175,0.002100137,0.004249859,0.000678514,0.002357908,0.006922921,0.001876237,0.000762298,0.010456871,0.000833422,0.00342167,0.001069904,0.001128147,0.003899353,0.008004129,0.015013667,0.36211567,0.118653252,0.418023176,0.295452265,0.094149149,0.030566825,0.028169716,0.011717967,0.045276684,0.079605959,0.476624781,0.035191443,0.085709338,0.324183541,0.072500166,0.124938656,0.295989535,0.114974525,0.152802192,0.153183407,0.321976396,0.205384128,0.078506859,0.214956099,0.011835592,0.075621202,0.11268981,0.295350695,0.003860294,0.216090041,0.085230671,0.223349007,0.243761687,0.212988562,0.094536409,0.089268061,0.305383914,0.369201878,0.101179879,0.362884614,0.138148358,0.017340045,0.096281216,0.151962289,0.077737228,0.177675717,0.287520922,0.312758163,0.162616734,0.231995051,0.215738113,0.111161242,0.146398584,0.320159255,0.221722998,0.105906308,0.016410581,0.004804017,0.017402416,0.009714026,0.368228912,0.357857266,0.19224217,0.164432139,0.199902998,0.348525125,0.270376084,0.213610806,0.087870307,0.197296041,0.134529943,0.073660796,1,0.118102302,0.713841559,0.257544019,0.191687173
Streptococcus_sanguinis_SK36,0.053188154,0.165760518,0.023884721,0.006269443,0.004034517,0.088570327,0.005574989,0.009666082,0.017840759,0.021998169,0.032210326,0.037013652,0.014429732,0.025148123,0.041084794,0.014469472,0.01906121,0.019678053,0.017444688,0.01616036,0.019137756,0.021226759,0.019716228,0.023727879,0.013471005,0.006908916,0.003181407,0.014626744,0.016733501,0.009474451,0.078804498,0.015174646,0.039964675,0.212976897,0.281131046,0.00866759,0.042945343,0.009692714,0.091282001,0.057730545,0.04247025,0.034328191,0.227322019,0.100274612,0.172638525,0.014319473,0.056956225,0.005907542,0.014991407,0.236078526,0.020435385,0.013368311,0.006032978,0.166452361,0.017706615,0.008034308,0.022090818,0.015226677,0.016588073,0.012615463,0.093831527,0.054583089,0.016251568,0.030101512,0.005192509,0.015852196,0.057506915,0.015801338,0.006419938,0.073859181,0.006614244,0.028816699,0.009010543,0.009501054,0.032839664,0.067409365,0.074953873,0.097568148,0.475598035,0.137976217,0.254177435,0.289350407,0.143952431,0.100205378,0.061620962,0.202834369,0.32207428,0.16376272,0.175061302,0.341512584,0.139290557,0.120632488,0.372566544,0.123294009,0.123974363,0.394421613,0.376588894,0.215934165,0.351804883,0.162825954,0.257960957,0.064308026,0.231176806,0.331245082,0.090660908,0.022829962,0.285888301,0.07899782,0.072860175,0.246858528,0.235445783,0.155848367,0.339294576,0.183475587,0.186310711,0.305105131,0.106237103,0.016164791,0.030995115,0.098305151,0.036181857,0.140094583,0.053062357,0.077462936,0.057776018,0.066365221,0.028950589,0.062749488,0.014626507,0.116181272,0.126254874,0.047210331,0.180174971,0.032608595,0.033735108,0.079189321,0.040523496,0.117023158,0.065995688,0.289474365,0.019935622,0.025514738,0.059504139,0.089808162,0.066805367,0.567177598,0.501999073,0.246548871,0.436802844,0.118102302,1,0.157339059,0.09827194,0.079077434
Streptococcus_suis_05ZYH33,0.011517832,0.269891903,0.003765912,0.000997626,0.000636124,0.015296448,0.000927842,0.001705703,0.003755487,0.004313473,0.005078613,0.005835955,0.002748943,0.004485945,0.007621691,0.002500154,0.003005388,0.003283153,0.003486458,0.002729881,0.003017457,0.003346831,0.003108664,0.003741183,0.002522803,0.001089331,0.000501614,0.002306204,0.002638377,0.001536602,0.015363654,0.002466031,0.007612968,0.049731022,0.066315341,0.001444088,0.008841753,0.001528254,0.019396086,0.010132777,0.008953781,0.005768743,0.04907876,0.016697958,0.038842538,0.002257756,0.008980308,0.000931444,0.002413593,0.061984769,0.00323763,0.002107786,0.000951222,0.036340627,0.003841596,0.001266772,0.003483067,0.002400795,0.002615447,0.001989085,0.016663731,0.008923531,0.002788713,0.005532429,0.00090098,0.003131,0.009192753,0.002491402,0.001012234,0.013885386,0.001106678,0.004543539,0.001420695,0.001498034,0.005177841,0.010628458,0.019936226,0.338180447,0.157150668,0.431666673,0.350763552,0.119937573,0.040513738,0.036045799,0.015486126,0.059786503,0.105194988,0.553671936,0.046729729,0.112814346,0.332474049,0.07995451,0.159773626,0.287724295,0.116789031,0.194347796,0.194360591,0.368105089,0.262133952,0.096101975,0.256026977,0.01571615,0.099980547,0.149637635,0.267258085,0.004932463,0.26799198,0.091491668,0.203903962,0.312222868,0.260560394,0.10704302,0.115061493,0.333571306,0.425443751,0.135136545,0.334619674,0.103964507,0.019219851,0.100364454,0.152537874,0.094718358,0.181742665,0.278476124,0.270287436,0.167649678,0.176545765,0.211246962,0.087331578,0.152869977,0.32388955,0.184061285,0.129832226,0.020090108,0.006191427,0.019983723,0.01231472,0.360927688,0.336113451,0.237538469,0.123439538,0.155908018,0.309361537,0.242104416,0.203889664,0.116680514,0.261983874,0.175431882,0.097812102,0.713841559,0.157339059,1,0.247199142,0.192439413
Thermoanaerobacter_sp_X514,0.011433617,0.220222539,0.003914081,0.001067944,0.000661152,0.015898282,0.000964347,0.001772813,0.003903246,0.004003956,0.00527843,0.006065569,0.0028571,0.004662443,0.007921564,0.002598522,0.003123634,0.003412328,0.003199418,0.002837287,0.003136178,0.003222606,0.003230974,0.003888379,0.002622062,0.001132191,0.000521349,0.002396941,0.002742183,0.000903105,0.010209264,0.002253412,0.006315927,0.051687676,0.0689245,0.001500906,0.008405741,0.001588382,0.020159219,0.010633823,0.009306065,0.005995712,0.051009751,0.017354934,0.040370787,0.002346587,0.009333636,0.000968092,0.002508555,0.064423543,0.003365014,0.002190717,0.000988647,0.037770439,0.003272144,0.001316613,0.003620107,0.002495254,0.002718351,0.002067345,0.017319361,0.009274625,0.002898435,0.005399128,0.000936429,0.002174511,0.009554439,0.002589426,0.00105206,0.014431703,0.00115022,0.004722303,0.001476592,0.001556974,0.005381562,0.011046632,0.020720612,0.206118933,0.11336286,0.238170518,0.246267028,0.130469066,0.024416652,0.020949874,0.009594234,0.052005924,0.058284488,0.236919529,0.048568298,0.095148811,0.154475054,0.041761088,0.137404804,0.194318015,0.103571597,0.157565802,0.166980176,0.202200869,0.197364364,0.117556386,0.159432517,0.013013552,0.081032673,0.118430686,0.190925047,0.003506325,0.168057871,0.074325924,0.163199361,0.142141678,0.191752366,0.102392131,0.099036025,0.191610433,0.217714978,0.075697575,0.20944027,0.09430894,0.012612925,0.073612557,0.077512303,0.090066006,0.092778528,0.180195412,0.192639869,0.106704309,0.15609986,0.11943834,0.06316009,0.110758509,0.188414352,0.149809328,0.073161987,0.012642886,0.005256806,0.024007839,0.00985331,0.219018148,0.221851038,0.175472299,0.115475558,0.123967154,0.197969478,0.184207258,0.148573646,0.074561494,0.147326959,0.075026777,0.07099569,0.257544019,0.09827194,0.247199142,1,0.143262312
Tropheryma_whipplei_Twist,0.008967514,0.178004856,0.005877691,0.001603709,0.000992837,0.023874108,0.00144814,0.002007521,0.004635149,0.004360877,0.007926504,0.009108535,0.003770284,0.00700149,0.008390079,0.003116965,0.004690694,0.005124219,0.003728634,0.004260693,0.00470953,0.005223604,0.004851884,0.005839095,0.003937494,0.001700186,0.000782899,0.003599434,0.004117877,0.00096092,0.012192069,0.002835531,0.008748225,0.056954109,0.057542011,0.002253878,0.008116839,0.002385239,0.030272665,0.00614703,0.012673954,0.009003632,0.049747148,0.026061531,0.048554698,0.003523819,0.014016119,0.001453762,0.003767043,0.072655064,0.005053169,0.003289752,0.00148463,0.039702465,0.002916885,0.001977129,0.005436237,0.003747069,0.00408209,0.003104487,0.024464097,0.013927504,0.004352517,0.007259105,0.001101862,0.00210445,0.014347695,0.003888485,0.001579856,0.019313337,0.00172726,0.007091381,0.002217367,0.002338075,0.008081376,0.016588489,0.021349705,0.133183943,0.098051717,0.217412748,0.172582351,0.07375386,0.021444699,0.0188187,0.008240354,0.037013337,0.053247133,0.191150167,0.039574448,0.078275946,0.133025159,0.059097569,0.098152115,0.134262223,0.078609132,0.10884114,0.11386121,0.186867629,0.137725996,0.113455777,0.14859093,0.016526563,0.101471961,0.096614307,0.143728375,0.003982505,0.142209621,0.06091556,0.117527929,0.143529243,0.133642783,0.065902226,0.077632789,0.177541452,0.193856235,0.05694488,0.130549874,0.066658107,0.012755444,0.080837301,0.059810884,0.071190989,0.081114465,0.134158029,0.144995373,0.080106216,0.111748777,0.101017793,0.057014371,0.104700236,0.18269375,0.113954548,0.08026338,0.024094758,0.011147119,0.067035367,0.013060182,0.13335527,0.187068563,0.123712448,0.080870539,0.087634881,0.173359537,0.151840487,0.131862723,0.062922507,0.117349029,0.070181731,0.066937654,0.191687173,0.079077434,0.192439413,0.143262312,1
