,,,,,,,,,,,,,,,,,,,,,,,,,,,,,,,,,,,,,,,,,,,,,,,,,,,,,,,,,,,,,,,,,,,,,,,,,,,,,,,,,,,,,,,,,,,,,,,,,,,,,,,,,,,,,,,,,,,,,,,,,,,,,,,,,,,,,,,,,,,,,,,,,,,,,,,,,,
Jaccard Similarity,Escherichia_coli_O157_H7_EC4115,Leuconostoc_mesenteroides_mesenteroides_ATCC_8293,Coprococcus_comes_ATCC_27758,Akkermansia_muciniphila_ATCC_BAA_835,Alistipes_putredinis_DSM_17216,Anaerotruncus_colihominis_DSM_17241,Bacteroides_caccae_ATCC_43185,Bacteroides_cellulosilyticus_DSM_14838,Bacteroides_coprocola_M16_DSM_17136,Bacteroides_coprophilus_DSM_18228,Bacteroides_dorei_5_1_36_D4,Bacteroides_dorei_DSM_17855,Bacteroides_eggerthii_DSM_20697,Bacteroides_finegoldii_DSM_17565,Bacteroides_fragilis_3_1_12,Bacteroides_intestinalis_341_DSM_17393,Bacteroides_ovatus_ATCC_8483,Bacteroides_pectinophilus_ATCC_43243,Bacteroides_plebeius_M12_DSM_17135,Bacteroides_sp_2_1_7,Bacteroides_sp_2_2_4,Bacteroides_sp_4_3_47FAA,Bacteroides_sp_9_1_42FAA,Bacteroides_sp_D1,Bacteroides_stercoris_ATCC_43183,Bacteroides_thetaiotaomicron_VPI_5482,Bacteroides_uniformis_ATCC_8492,Bacteroides_vulgatus_ATCC_8482,Bacteroides_xylanisolvens_XB1A,Bifidobacterium_adolescentis_L2_32,Bifidobacterium_catenulatum_DSM_16992,Bifidobacterium_longum_longum_CCUG_52486,Bifidobacterium_pseudocatenulatum_DSM_20438,Blautia_hansenii_VPI_C7_24_DSM_20583,Bryantella_formatexigens_I_52_DSM_14469,Butyrivibrio_crossotus_DSM_2876,Catenibacterium_mitsuokai_DSM_15897,Clostridiales_sp_SS3_4,Clostridium_asparagiforme_DSM_15981,Clostridium_bartlettii_DSM_16795,Clostridium_bolteae_ATCC_BAA_613,Clostridium_leptum_DSM_753,Clostridium_methylpentosum_R2_DSM_5476,Clostridium_nexile_DSM_1787,Clostridium_scindens_ATCC_35704,Clostridium_sp_L2_50,Clostridium_sp_M62_1,Clostridium_sp_SS2_1,Collinsella_aerofaciens_ATCC_25986,Coprobacillus_sp_D7,Coprococcus_eutactus_ATCC_27759,Dorea_formicigenerans_ATCC_27755,Dorea_longicatena_DSM_13814,Enterococcus_faecalis_TX0104,Eubacterium_biforme_DSM_3989,Eubacterium_hallii_DSM_3353,Eubacterium_rectale_M104_1,Eubacterium_siraeum_70_3,Eubacterium_ventriosum_ATCC_27560,Faecalibacterium_prausnitzii_SL3_3,Gordonibacter_pamelaeae_7_10_1_bT_DSM_19378,Holdemania_filiformis_VPI_J1_31B_1_DSM_12042,Parabacteroides_distasonis_ATCC_8503,Parabacteroides_johnsonii_DSM_18315,Parabacteroides_merdae_ATCC_43184,Prevotella_copri_CB7_DSM_18205,Pseudoflavonifractor_capillosus_ATCC_29799,Roseburia_intestinalis_M50_1,Ruminococcus_bromii_L2_63,Ruminococcus_gnavus_ATCC_29149,Ruminococcus_lactaris_ATCC_29176,Ruminococcus_obeum_A2_162,Ruminococcus_sp_SR1_5,Ruminococcus_torques_L2_14,Streptococcus_thermophilus_LMD_9,Subdoligranulum_variabile_DSM_15176,Clostridium_symbiosum_WAL_14163,Actinobacillus_pleuropneumoniae_sv_7_AP76,Actinomyces_odontolyticus_ATCC_17982,Anaerococcus_hydrogenalis_DSM_7454,Anaerofustis_stercorihominis_DSM_17244,Anaerostipes_caccae_DSM_14662,Bifidobacterium_angulatum_DSM_20098,Bifidobacterium_animalis_lactis_AD011,Bifidobacterium_bifidum_NCIMB_41171,Bifidobacterium_breve_DSM_20213,Bifidobacterium_dentium_ATCC_27678,Bifidobacterium_gallicum_DSM_20093,Blautia_hydrogenotrophica_DSM_10507,Butyrivibrio_fibrisolvens_16_4,Campylobacter_concisus_13826,Campylobacter_hominis_ATCC_BAA_381,Candidatus_Sulcia_muelleri_GWSS,Citrobacter_koseri_ATCC_BAA_895,Citrobacter_sp_30_2,Clostridium_difficile_630,Clostridium_hylemonae_DSM_15053,Clostridium_perfringens_ATCC_13124,Clostridium_phytofermentans_ISDg,Clostridium_ramosum_VPI_0427_DSM_1402,Clostridium_sp_7_2_43FAA,Clostridium_spiroforme_DSM_1552,Collinsella_intestinalis_DSM_13280,Collinsella_stercoris_DSM_13279,Cronobacter_sakazakii_ATCC_BAA_894,Desulfovibrio_piger_ATCC_29098,Desulfovibrio_vulgaris_Miyazaki_F,Enterobacter_cancerogenus_ATCC_35316,Enterobacter_sp_638,Enterococcus_faecalis_TX1322,Enterococcus_sp_7L76,Escherichia_fergusonii_UMN026_ATCC_35469,Eubacterium_dolichum_DSM_3991,Finegoldia_magna_ATCC_29328,Fusobacterium_nucleatum_nucleatum_ATCC_25586,Haemophilus_influenzae_NTHi_86_028NP,Haemophilus_parasuis_SH0165,Helicobacter_pullorum_MIT_98_5489,Klebsiella_pneumoniae_342,Lactobacillus_acidophilus_NCFM,Lactobacillus_casei_casei_BL23,Lactobacillus_delbrueckii_bulgaricus_ATCC_11842,Lactobacillus_fermentum_IFO_3956,Lactobacillus_gasseri_ATCC_33323,Lactobacillus_helveticus_DPC_4571,Lactobacillus_hilgardii_ATCC_8290,Lactobacillus_johnsonii_NCC_533,Lactobacillus_paracasei_ATCC_25302,Lactobacillus_reuteri_SD2112_ATCC_55730,Lactobacillus_sakei_sakei_23K,Lactobacillus_salivarius_HO66_ATCC_11741,Lactobacillus_ultunensis_DSM_16047,Lactococcus_lactis_cremoris_MG1363,Megamonas_hypermegale_ART12_1,Methanobrevibacter_smithii_DSM_2375,Methanosphaera_stadtmanae_DSM_3091,Mitsuokella_multacida_DSM_20544,Pasteurella_multocida_multocida_Pm70,Pediococcus_pentosaceus_ATCC_25745,Porphyromonas_gingivalis_ATCC_33277,Proteus_mirabilis_HI4320,Proteus_penneri_ATCC_35198,Pseudomonas_aeruginosa_LESB58,Salmonella_enterica_sv_Heidelberg_SL476_CVM30485,Staphylococcus_saprophyticus_saprophyticus_ATCC_15305,Streptococcus_gordonii_Challis_CH1,Streptococcus_infantarius_infantarius_ATCC_BAA_102,Streptococcus_mutans_UA159,Streptococcus_pneumoniae_Hungary19A_6,Streptococcus_pyogenes_M4_MGAS10750,Streptococcus_sanguinis_SK36,Streptococcus_suis_05ZYH33,Thermoanaerobacter_sp_X514,Tropheryma_whipplei_Twist
Escherichia_coli_O157_H7_EC4115,1,0.012604783,0.18310306,0.152956379,0.067564997,0.131459565,0.071816459,0.116619765,0.181284302,0.148719503,0.181700407,0.205156113,0.091297976,0.16989905,0.218447469,0.115516883,0.138371688,0.152917549,0.043937372,0.150260729,0.167386074,0.127808798,0.198876318,0.181512388,0.123811352,0.11263284,0.057851139,0.144976565,0.167621021,0.117048422,0.060006943,0.157393685,0.119837309,0.276473414,0.059530565,0.059337416,0.094446042,0.112055566,0.168299137,0.20447074,0.234920365,0.144462614,0.078331932,0.112169865,0.18098305,0.109148119,0.197117947,0.13840214,0.132090329,0.056895315,0.085776566,0.153698693,0.065131219,0.115424034,0.086222972,0.17085036,0.155554547,0.112501974,0.089236924,0.132486279,0.068764891,0.223316652,0.15357488,0.177525494,0.048055175,0.014953061,0.215360571,0.111594442,0.087316261,0.283302206,0.053093264,0.155711289,0.144326496,0.067979923,0.189489127,0.18897844,0.086063939,0.008235913,0.04422995,0.00622776,0.00935002,0.042283521,0.05950009,0.012504818,0.145067775,0.042279479,0.055047238,0.004993549,0.050012058,0.041799841,0.017389136,0.015045936,0.029641008,0.014484313,0.013956537,0.028518507,0.023434867,0.017356575,0.018392374,0.022935316,0.022683183,0.082418619,0.030837641,0.036271921,0.008222448,0.038149777,0.012765606,0.026417291,0.011683907,0.016499814,0.015727882,0.098891734,0.049528518,0.008352531,0.031441267,0.07105749,0.009547023,0.000627339,0.017042992,0.029923901,0.002450993,0.005432594,0.054300919,0.017429975,0.028922904,0.004233846,0.198848257,0.00386172,0.019618975,0.0223044,0.020586714,0.031462711,0.027001919,0.009075816,0.154628207,0.004788346,0.065956265,0.011405717,0.012434347,0.022812359,0.00225105,0.002475902,0.024867523,0.010089935,0.001848249,0.09152816,0.02788541,0.071486408,0.083739638,0.008640645,0.047519717,0.010025173,0.00577134,0.006550151
Leuconostoc_mesenteroides_mesenteroides_ATCC_8293,0.012604783,1,0.012795365,0.009435848,0.00264303,0.060799604,0.003012564,0.007558562,0.013014269,0.013254722,0.015204734,0.022013125,0.007021086,0.01352628,0.015997536,0.015424809,0.008293616,0.045904872,0.007243465,0.007193873,0.010374761,0.010993109,0.010927277,0.012577742,0.007171535,0.003511131,0.001883191,0.007592262,0.010310675,0.006434654,0.034597524,0.013733842,0.042529977,0.04512642,0.134999674,0.004371314,0.008367659,0.004501682,0.055180773,0.015376233,0.022539512,0.018429163,0.114757408,0.024113695,0.061332763,0.004214227,0.025392011,0.004571972,0.007255683,0.104274701,0.006153472,0.006467763,0.00325649,0.077977615,0.004596758,0.005309547,0.010425783,0.007547282,0.00848637,0.006360222,0.089761705,0.030789037,0.009765556,0.009124258,0.002756707,0.003514911,0.030682619,0.007028259,0.001874134,0.014427617,0.003102395,0.017898155,0.004926942,0.004939778,0.030409649,0.03952898,0.142044376,0.08808004,0.149097879,0.191047321,0.204713364,0.207371534,0.102930449,0.244541677,0.031871762,0.2299629,0.136974732,0.127551508,0.172639172,0.150706052,0.088146706,0.152430802,0.198672201,0.147294283,0.148916168,0.215130982,0.210903006,0.113449374,0.221331803,0.080512725,0.133054936,0.076783662,0.259296652,0.248177612,0.149498715,0.034824603,0.202082577,0.065363586,0.124183052,0.178971,0.181370834,0.076548286,0.108600023,0.238129101,0.146797007,0.075653863,0.091403055,0.025440638,0.11960135,0.067901478,0.345939321,0.092995723,0.046224175,0.079171174,0.045406101,0.142083652,0.005410331,0.324160482,0.032086981,0.152728523,0.02157062,0.036995894,0.232390223,0.309100453,0.077154436,0.066581595,0.011290848,0.09196543,0.013424873,0.167083776,0.038633894,0.032671355,0.057672722,0.129909883,0.068225326,0.058208394,0.165894056,0.122161829,0.10517432,0.182026893,0.074763589,0.159716554,0.180482249,0.087266287
Coprococcus_comes_ATCC_27758,0.18310306,0.012795365,1,0.185711811,0.15247042,0.193965979,0.144953748,0.219747823,0.146305407,0.114501056,0.542267512,0.498711928,0.175281176,0.250215854,0.323320074,0.175708992,0.435684759,0.188077468,0.129650241,0.439451938,0.532285224,0.627338786,0.635520182,0.546159079,0.198169904,0.208776652,0.129288497,0.517528814,0.542810788,0.336750347,0.160025941,0.403401773,0.143904434,0.08802795,0.04623944,0.148189805,0.181574372,0.375194373,0.115544008,0.216982957,0.166610784,0.301555135,0.060310317,0.160664257,0.106716412,0.174629787,0.309864627,0.326206871,0.452891641,0.053770819,0.345549108,0.457778496,0.229001508,0.091330974,0.234833061,0.383600254,0.613645819,0.413253382,0.341546835,0.484855906,0.089436793,0.337617815,0.51969121,0.205268428,0.152522872,0.134134268,0.291371598,0.438444386,0.166370794,0.147253345,0.201763675,0.565753413,0.364579676,0.339487878,0.280673019,0.312450336,0.072447448,0.003877753,0.035310092,0.003679886,0.005695739,0.027099804,0.062727962,0.00727243,0.11284035,0.023733321,0.03814853,0.002499658,0.035724908,0.030756499,0.008142908,0.014664095,0.020834069,0.0066723,0.006266508,0.017416716,0.01575018,0.013055189,0.012035986,0.022198544,0.013702751,0.147284344,0.019431818,0.02231026,0.003844673,0.184668869,0.007429443,0.028116877,0.006347571,0.009082258,0.009969269,0.044333312,0.053971288,0.004696343,0.015484129,0.041599354,0.004518975,0.000328475,0.00909533,0.013470136,0.004791296,0.006418821,0.024755369,0.010266962,0.013141596,0.002895748,0.02374643,0.005274242,0.010505563,0.018465907,0.028965869,0.014151084,0.015581711,0.026821155,0.143314342,0.006964562,0.150631547,0.005412286,0.019759344,0.015280065,0.001207318,0.007083997,0.011223481,0.004550491,0.000964616,0.062988404,0.015156349,0.036485273,0.050845056,0.004270249,0.040001584,0.004925818,0.003135448,0.005393656
Akkermansia_muciniphila_ATCC_BAA_835,0.152956379,0.009435848,0.185711811,1,0.165930811,0.080609617,0.158880078,0.194047407,0.035069068,0.055766445,0.126945845,0.112633567,0.186282554,0.087275247,0.047359324,0.141119954,0.162810521,0.067368995,0.026811533,0.195477052,0.17274414,0.161114032,0.179671753,0.136970124,0.100163465,0.128704627,0.149247719,0.16808322,0.145168735,0.253934685,0.058345088,0.242897473,0.091762797,0.028089685,0.023323134,0.181845751,0.098361846,0.11532618,0.038734643,0.074649529,0.042382409,0.159548478,0.023643688,0.059463016,0.03204351,0.085032315,0.090752573,0.189660809,0.247881167,0.020657031,0.130221574,0.193417008,0.217296489,0.042292561,0.135021056,0.233443691,0.13232033,0.158624936,0.138308962,0.181964943,0.085768687,0.158666228,0.132017756,0.153723176,0.142420299,0.050994259,0.089789978,0.129665959,0.168703374,0.06126985,0.102407464,0.19619511,0.268594673,0.133389106,0.05538776,0.095878712,0.024511234,0.0018538,0.010803192,0.00280701,0.004097593,0.010903442,0.022103143,0.004723617,0.027180014,0.012049594,0.012755366,0.001980892,0.016913589,0.0160916,0.003938903,0.011769483,0.010937498,0.00395238,0.003190924,0.009990752,0.009089201,0.00759638,0.007484333,0.005444314,0.009685403,0.061287233,0.01138792,0.012668711,0.00254362,0.035217914,0.004725561,0.005332428,0.002988561,0.005945807,0.005452083,0.023426238,0.015618116,0.003455502,0.004924245,0.009042477,0.00206992,0.000276644,0.003369529,0.001367988,0.003961829,0.00196921,0.001589129,0.004275154,0.001206823,0.001680571,0.000582044,0.004204536,0.000549352,0.004422981,0.008150887,0.000808616,0.007529423,0.017421927,0.065449585,0.001127277,0.124918607,0.002309704,0.00136815,0.007812208,0.001016811,0.005966191,0.009452493,0.003027815,0.000812406,0.010046912,0.005846283,0.006708756,0.012207821,0.002387089,0.006678919,0.002466166,0.002357325,0.004214186
Alistipes_putredinis_DSM_17216,0.067564997,0.00264303,0.15247042,0.165930811,1,0.040179723,0.350012892,0.205950969,0.081514851,0.110396298,0.125757328,0.103105595,0.34756473,0.135758533,0.057501194,0.066418358,0.190198676,0.038122493,0.148927286,0.293668256,0.155069189,0.17212254,0.178555535,0.136266758,0.211792248,0.383037794,0.547436107,0.246719288,0.175803115,0.275985174,0.04686895,0.137827083,0.046109325,0.017767258,0.009551289,0.261606816,0.083679718,0.264575337,0.024480242,0.060017568,0.048758283,0.122602993,0.01245779,0.081647008,0.021530753,0.214989998,0.063310007,0.340121339,0.239372898,0.011797319,0.163643777,0.247038377,0.370203013,0.018865464,0.148050584,0.311492494,0.177991643,0.265224648,0.152658205,0.257682956,0.02875821,0.075697367,0.20525282,0.097190612,0.486223063,0.149926769,0.062485702,0.247527329,0.423460377,0.097475274,0.220811738,0.116687454,0.328734158,0.319323715,0.05135735,0.060440046,0.01435893,0.000800995,0.004967469,0.000760123,0.001176521,0.005597776,0.012090177,0.001502204,0.02602035,0.004902391,0.007666144,0.000516333,0.007379391,0.006353109,0.001682011,0.003029038,0.004303517,0.00137824,0.001294419,0.003597623,0.003253381,0.0026967,0.002486171,0.008199769,0.002830461,0.024544524,0.004013866,0.004608441,0.000794161,0.048340596,0.001534637,0.005807865,0.001311164,0.001876045,0.002059267,0.009157556,0.01080003,0.000970084,0.003198425,0.008592826,0.000933446,6.79E-05,0.001878745,0.002782412,0.000989697,0.001325881,0.005113507,0.002120759,0.002714548,0.00059815,0.003925806,0.001089455,0.001722807,0.002808463,0.003300886,0.002923069,0.003218582,0.005540218,0.02747496,0.00143861,0.07833076,0.00111797,0.001305018,0.003156273,0.000249385,0.001463281,0.002318339,0.000939956,0.000199253,0.01015568,0.003130718,0.006623299,0.009726415,0.000882069,0.005379849,0.001017484,0.000647663,0.001114122
Anaerotruncus_colihominis_DSM_17241,0.131459565,0.060799604,0.193965979,0.080609617,0.040179723,1,0.042881164,0.090667146,0.126489383,0.129926414,0.198885136,0.283469153,0.082838887,0.148072383,0.25242831,0.173552023,0.128486968,0.490577065,0.073447835,0.0998563,0.146676633,0.162531705,0.169596613,0.190182162,0.081613467,0.053734412,0.028380566,0.118835054,0.159268634,0.071929608,0.169003036,0.152137639,0.191623832,0.258230292,0.219715473,0.052707559,0.060296104,0.075711396,0.418068047,0.159011249,0.238508117,0.2258076,0.269584841,0.306864304,0.348846129,0.066239767,0.388975394,0.0751974,0.11278432,0.218990336,0.095565522,0.106378375,0.05094342,0.39966009,0.045516439,0.087328649,0.142325336,0.118629162,0.120889424,0.102137653,0.389176553,0.465409105,0.136755388,0.161778898,0.03651321,0.039284142,0.44948153,0.112432545,0.037305027,0.188150232,0.055531504,0.281858933,0.07950247,0.080419306,0.256829036,0.458399359,0.325736051,0.018425881,0.116283578,0.017485677,0.027064386,0.128769859,0.149295926,0.034556329,0.09556886,0.112773377,0.154606191,0.011877598,0.169753678,0.146145341,0.030597284,0.053004928,0.098997032,0.031704701,0.029776504,0.082758829,0.07483997,0.044770334,0.057191271,0.072878342,0.065111223,0.309047366,0.092333972,0.106011432,0.018268692,0.125843597,0.03530241,0.071047749,0.03016169,0.043156074,0.047370874,0.121148022,0.167755359,0.022315566,0.071110428,0.127079078,0.021472765,0.001560814,0.043218184,0.044775921,0.022766754,0.030202851,0.064225793,0.048785416,0.046676504,0.013759696,0.026932994,0.025061561,0.046614881,0.07065558,0.05121966,0.041817615,0.073139755,0.074545101,0.191269437,0.018700058,0.049540217,0.025614001,0.027352864,0.072606131,0.0057368,0.017685555,0.053330501,0.021622523,0.004583557,0.168611321,0.072018268,0.094689537,0.209022763,0.0202909,0.112947964,0.023405958,0.014898677,0.025628982
Bacteroides_caccae_ATCC_43185,0.071816459,0.003012564,0.144953748,0.158880078,0.350012892,0.042881164,1,0.166219705,0.062244866,0.060980138,0.143880711,0.104250713,0.308878212,0.133951881,0.069183473,0.036063397,0.200610076,0.040842471,0.11556998,0.221313365,0.195992513,0.193352931,0.200009284,0.156399599,0.178425691,0.266079186,0.410915199,0.248146833,0.179550554,0.204601153,0.057375977,0.119535989,0.048569196,0.016016125,0.010675851,0.169272435,0.025989691,0.275811911,0.033201319,0.074083819,0.041265357,0.096171968,0.013984402,0.085612292,0.020258921,0.163025278,0.066278593,0.328514764,0.237101742,0.013426457,0.139240523,0.234440506,0.313830083,0.019781992,0.146799255,0.275140573,0.14930056,0.176563076,0.209798106,0.250735576,0.033342762,0.07982401,0.180659594,0.110201494,0.321725429,0.215651524,0.068328202,0.243725429,0.241352534,0.103811132,0.358773614,0.131821498,0.289007357,0.299231072,0.043888198,0.062589321,0.015677786,0.000912985,0.005206316,0.000866399,0.001341015,0.006058756,0.013544357,0.001712234,0.010542043,0.005587816,0.008241749,0.000588524,0.008351296,0.007152085,0.001917181,0.003452541,0.0048479,0.001570939,0.001475398,0.004100623,0.003708251,0.003073738,0.002833774,0.009346216,0.003226201,0.036151662,0.004575063,0.005252768,0.000905197,0.029012524,0.001749202,0.005012022,0.001494484,0.002131612,0.002347183,0.008597542,0.012245695,0.001105716,0.003645612,0.009322115,0.001063956,7.73E-05,0.002141421,0.0011499,0.001128072,0.000941782,0.001920425,0.002002653,0.001238106,0.00068178,0.000908441,0.001241777,0.001602725,0.002839629,0.003398866,0.001013023,0.003020535,0.006314821,0.024490698,0.001639749,0.053491671,0.001274279,0.001129954,0.003597566,0.000284253,0.001667869,0.002642477,0.001071376,0.000227111,0.008192156,0.003568438,0.003903543,0.00865644,0.001005395,0.005540104,0.001159743,0.000738216,0.001269892
Bacteroides_cellulosilyticus_DSM_14838,0.116619765,0.007558562,0.219747823,0.194047407,0.205950969,0.090667146,0.166219705,1,0.067697546,0.048613568,0.167528482,0.135783237,0.124329567,0.081637307,0.150682358,0.196913839,0.253465541,0.068896264,0.082074615,0.24002874,0.20498082,0.162247848,0.220288562,0.199467137,0.085013298,0.383440672,0.177904377,0.19931941,0.184107328,0.275977892,0.052539086,0.296358747,0.071004462,0.048295558,0.024902169,0.153210637,0.056717758,0.216249242,0.052024,0.087038133,0.144098014,0.207592888,0.029136508,0.065103561,0.053410384,0.157118457,0.117914038,0.360736804,0.311254423,0.027166496,0.111048059,0.250003662,0.247166754,0.042464516,0.166333499,0.273541243,0.177541439,0.250003382,0.258092845,0.244908572,0.070117578,0.146607245,0.242716411,0.264468636,0.199303611,0.058395211,0.103107285,0.206456671,0.261303938,0.071376088,0.313815321,0.180132967,0.324056209,0.249355534,0.129096554,0.099431572,0.03533827,0.002314677,0.021630852,0.002271979,0.003516577,0.016561616,0.021905622,0.004490033,0.081631068,0.014359931,0.019357154,0.001543301,0.020631761,0.01758274,0.003653218,0.008329424,0.012699119,0.004119511,0.00386224,0.010407135,0.009492571,0.006173067,0.007349054,0.011211599,0.008363624,0.068364644,0.011253524,0.012965773,0.00237372,0.052849627,0.004586975,0.016453825,0.003822103,0.005526834,0.006120254,0.019404287,0.024653435,0.002899545,0.008795413,0.013294251,0.002648546,0.000202802,0.004858512,0.008316528,0.00295817,0.003963011,0.015284085,0.005521087,0.008113685,0.001787849,0.016164226,0.003256343,0.006486186,0.011214482,0.057038832,0.008736948,0.007085019,0.0165481,0.06232374,0.003965933,0.055786163,0.003122541,0.053725362,0.009091665,0.000745404,0.001303297,0.005383478,0.002809495,0.000595559,0.045047157,0.008983843,0.022083872,0.027460097,0.002593219,0.037095011,0.002990394,0.001935841,0.002519595
Bacteroides_coprocola_M16_DSM_17136,0.181284302,0.013014269,0.146305407,0.035069068,0.081514851,0.126489383,0.062244866,0.067697546,1,0.090499714,0.137721469,0.168353265,0.172549976,0.11703527,0.125385966,0.140966007,0.146409207,0.136568095,0.104627281,0.184555387,0.140444453,0.132179555,0.147120484,0.165448809,0.117378737,0.099028204,0.095996387,0.128339402,0.166424595,0.066268756,0.114481356,0.173293512,0.137449932,0.217684278,0.063530337,0.079350694,0.073012388,0.131657307,0.105419733,0.099824662,0.232348487,0.1148235,0.073260669,0.117565011,0.130881776,0.103488072,0.135295054,0.134567415,0.122951589,0.064148167,0.099985691,0.158050899,0.114363756,0.091734668,0.171531111,0.15810336,0.152565544,0.125855357,0.178094557,0.125718321,0.072919921,0.107685814,0.135124336,0.085441944,0.083129337,0.084338122,0.149782114,0.130699196,0.138744198,0.175539652,0.069557562,0.148507578,0.142884514,0.143414696,0.206784444,0.169110195,0.065452956,0.005734082,0.04772673,0.005441493,0.008422361,0.037355461,0.039258831,0.010753832,0.072828018,0.031124769,0.042049687,0.003696275,0.049631398,0.043848914,0.010176501,0.01668208,0.030807597,0.009866414,0.009266364,0.025754314,0.023289988,0.015610347,0.017797762,0.02278825,0.019196042,0.06080047,0.028319382,0.032253167,0.005685165,0.035306872,0.010986011,0.020470631,0.008600066,0.013430049,0.014741683,0.037599292,0.04704238,0.006944541,0.018313803,0.039797356,0.006682264,0.000485721,0.011688831,0.019918459,0.005857704,0.007104197,0.036606073,0.012678272,0.019432642,0.004281979,0.177443294,0.007407721,0.015534707,0.025802189,0.032934826,0.020925384,0.02190488,0.031919694,0.06500354,0.003371181,0.048452186,0.008003215,0.026465325,0.022594823,0.001785276,0.002111293,0.013497884,0.006728868,0.00142639,0.083783747,0.022411882,0.053951228,0.071516223,0.006314471,0.055089623,0.007283868,0.004636426,0.005022551
Bacteroides_coprophilus_DSM_18228,0.148719503,0.013254722,0.114501056,0.055766445,0.110396298,0.129926414,0.060980138,0.048613568,0.090499714,1,0.114958528,0.132421768,0.104914551,0.399321421,0.082227966,0.07632607,0.130396871,0.147266056,0.201635327,0.081550826,0.119575878,0.127181199,0.099467678,0.124926966,0.112602449,0.096175099,0.078560745,0.132750242,0.116427587,0.069474258,0.051954127,0.072081848,0.054199679,0.09737026,0.08176111,0.110551308,0.037850158,0.080414807,0.119057905,0.089379608,0.076811217,0.07918921,0.093093034,0.118713134,0.105291159,0.184092859,0.127379211,0.056085616,0.0628423,0.079606053,0.105929805,0.074110592,0.083154803,0.111454194,0.073198225,0.069512643,0.142626701,0.079917808,0.076771164,0.098069246,0.0857695,0.138126735,0.125416677,0.078467592,0.093610088,0.068243057,0.133501046,0.091611774,0.08408231,0.208162518,0.054368989,0.099580184,0.079584024,0.066987132,0.106016113,0.146153966,0.068602939,0.007255629,0.035492113,0.006885401,0.010657246,0.042553655,0.048041026,0.013607377,0.026669996,0.035417571,0.0509891,0.004677087,0.061961987,0.056644181,0.014982974,0.017079135,0.038982438,0.012484481,0.011725207,0.032588259,0.02947002,0.020238971,0.022520424,0.029261558,0.025105017,0.072874705,0.036358699,0.041744525,0.007193732,0.147781024,0.013901164,0.026057055,0.011175918,0.016993732,0.018653409,0.05249375,0.060269045,0.008787285,0.023448578,0.040070398,0.008455412,0.000614608,0.015080507,0.008426662,0.003655427,0.012010197,0.014331166,0.012964313,0.009127778,0.005418208,0.005606239,0.005606918,0.012298966,0.018554223,0.016660558,0.007339826,0.028401362,0.036463562,0.050066327,0.004549842,0.033857949,0.010016597,0.007979501,0.028590392,0.002259002,0.003500397,0.015372581,0.008514383,0.001804885,0.055442305,0.028358908,0.026653975,0.065726415,0.007990025,0.040880257,0.009216653,0.005866709,0.007193863
Bacteroides_dorei_5_1_36_D4,0.181700407,0.015204734,0.542267512,0.126945845,0.125757328,0.198885136,0.143880711,0.167528482,0.137721469,0.114958528,1,0.604855955,0.177111453,0.25117796,0.315114198,0.137969818,0.418415275,0.221383972,0.171165813,0.344239583,0.509234549,0.514639367,0.614749316,0.538372943,0.249094422,0.182681407,0.09492446,0.418782747,0.491223581,0.219352531,0.150918212,0.292870997,0.115074193,0.094434752,0.054946332,0.106661352,0.107571125,0.309575899,0.173307496,0.357164671,0.169632508,0.255613833,0.071666756,0.210346509,0.122174304,0.214730983,0.333025407,0.259184183,0.302473467,0.067867216,0.256314513,0.319062241,0.165300962,0.108528607,0.207935735,0.310180707,0.496198137,0.336393455,0.292747094,0.37913291,0.092196349,0.32390639,0.39502791,0.195121604,0.11484071,0.095439446,0.369759419,0.413353852,0.109537141,0.169366862,0.193966876,0.436533978,0.25554432,0.258195432,0.239814165,0.344534238,0.086089311,0.004607935,0.036583051,0.004372809,0.006768248,0.0322027,0.07011994,0.008641829,0.099584966,0.028202308,0.044183047,0.002970344,0.042451912,0.036547951,0.009676218,0.017425346,0.024757127,0.007928695,0.007446493,0.020696285,0.018715941,0.015513483,0.014302364,0.047171353,0.016282981,0.154884738,0.023090832,0.026511284,0.004568625,0.142843552,0.008828409,0.03047571,0.00754282,0.010792449,0.011846484,0.049991385,0.064134087,0.005580665,0.018399792,0.049432517,0.005369898,0.000390327,0.010807981,0.016006565,0.005693498,0.007627485,0.028589045,0.012200232,0.01561616,0.003441018,0.019671587,0.006267382,0.012483762,0.02194304,0.025215771,0.016815735,0.018515749,0.031871581,0.112978789,0.00827599,0.085659617,0.006431421,0.014492274,0.018157304,0.001434656,0.008417914,0.013336864,0.005407349,0.001146254,0.064938772,0.018010291,0.036896504,0.060419186,0.005074338,0.037968913,0.00585335,0.003725853,0.006409283
Bacteroides_dorei_DSM_17855,0.205156113,0.022013125,0.498711928,0.112633567,0.103105595,0.283469153,0.104250713,0.135783237,0.168353265,0.132421768,0.604855955,1,0.16231183,0.271054736,0.369369565,0.190340698,0.346636176,0.323568177,0.168881546,0.28456811,0.434787156,0.454054414,0.488353986,0.461980214,0.184455804,0.140097302,0.075736716,0.340853408,0.412234988,0.199540395,0.132509732,0.306186859,0.168272729,0.123138109,0.079550259,0.096008501,0.109425498,0.222013983,0.231430991,0.305575144,0.192143081,0.299024992,0.103757773,0.271913919,0.165370298,0.149648627,0.428047893,0.1948602,0.275122954,0.098256871,0.24193831,0.273727649,0.126305826,0.157125663,0.152091229,0.237434692,0.426166898,0.269343261,0.253668527,0.284251321,0.132077477,0.44081487,0.358355528,0.207567318,0.090601278,0.086973831,0.519751417,0.314786926,0.086859536,0.191620777,0.127541904,0.508621123,0.210391712,0.198722553,0.301579549,0.526818197,0.122350523,0.006671281,0.05593498,0.00633087,0.009798941,0.046622459,0.09640881,0.012511476,0.109914055,0.040830767,0.065630671,0.004300407,0.061461075,0.052913432,0.014009046,0.025228086,0.035842899,0.011479015,0.010780891,0.02996369,0.027096585,0.022460127,0.020706691,0.06593348,0.023574192,0.179123745,0.033430469,0.038382535,0.006614369,0.164350922,0.012781603,0.043096326,0.010920352,0.015625103,0.017151115,0.076270959,0.092852117,0.008079581,0.026638871,0.071567463,0.007774437,0.000565109,0.015647591,0.023174001,0.008242939,0.011042929,0.032264163,0.017663264,0.022608781,0.00498184,0.019500562,0.009073797,0.018073754,0.031768718,0.037946465,0.023660519,0.026806751,0.046143072,0.171094827,0.011981821,0.08592025,0.009311289,0.022929694,0.0262878,0.002077068,0.012187297,0.01930886,0.007828658,0.001659524,0.090074153,0.026074959,0.044125808,0.087473753,0.00734653,0.0571091,0.008474369,0.00539422,0.009279238
Bacteroides_eggerthii_DSM_20697,0.091297976,0.007021086,0.175281176,0.186282554,0.34756473,0.082838887,0.308878212,0.124329567,0.172549976,0.104914551,0.177111453,0.16231183,1,0.147782844,0.064855438,0.051427207,0.187830505,0.082782084,0.163732668,0.230608009,0.183206363,0.209265394,0.211524321,0.155106364,0.129447658,0.213586976,0.26340943,0.242107018,0.173019387,0.184686241,0.102018446,0.162329069,0.113721005,0.036510725,0.024623048,0.138204546,0.036517726,0.21440447,0.047659511,0.10415744,0.049516094,0.149104218,0.031169853,0.121740252,0.040180354,0.147994342,0.095247078,0.263908238,0.235037938,0.030243359,0.167832135,0.238740008,0.257183757,0.040553008,0.201392381,0.264447832,0.181780051,0.267375262,0.162640421,0.238393166,0.070432948,0.12696904,0.196203408,0.073352624,0.241880856,0.051666501,0.113493721,0.260344407,0.230612524,0.149294993,0.151350647,0.197071728,0.25530612,0.284403506,0.094834942,0.117339206,0.027995887,0.002127805,0.010866942,0.002019231,0.003125372,0.014087047,0.031023942,0.003990535,0.021483695,0.0119891,0.017077313,0.001371615,0.019391433,0.016876738,0.004468185,0.007733468,0.011432092,0.003661232,0.003438565,0.009556918,0.008642455,0.005675973,0.006604399,0.021782304,0.007518988,0.053362837,0.010545321,0.012103813,0.002109653,0.067237346,0.004076692,0.007891193,0.003390334,0.004983626,0.005470348,0.018203534,0.018369876,0.002576982,0.006623374,0.022600327,0.002479656,0.000180241,0.00453985,0.003539581,0.002629085,0.003522142,0.005306915,0.005536579,0.003745745,0.001588958,0.002863044,0.002894087,0.003720592,0.006246409,0.00771553,0.003219632,0.008550013,0.007999551,0.031043008,0.001453024,0.045069236,0.002969836,0.002558671,0.008384494,0.000662481,0.003614316,0.005903502,0.00249695,0.000529305,0.019735414,0.008316608,0.009908661,0.021181555,0.002343176,0.013270968,0.0027029,0.001720486,0.002959613
Bacteroides_finegoldii_DSM_17565,0.16989905,0.01352628,0.250215854,0.087275247,0.135758533,0.148072383,0.133951881,0.081637307,0.11703527,0.399321421,0.25117796,0.271054736,0.147782844,1,0.132043028,0.093070154,0.268765257,0.164869558,0.24915719,0.229900056,0.293858939,0.282232242,0.268109159,0.319006439,0.20255067,0.217207197,0.13587383,0.288788053,0.308157171,0.154381897,0.134284006,0.158191987,0.135743415,0.070500543,0.048880795,0.113862469,0.090774889,0.220143913,0.117181212,0.119191294,0.092565907,0.15703861,0.063755449,0.134338986,0.092600336,0.161896972,0.17563674,0.16797919,0.195223681,0.048901574,0.171325168,0.225409529,0.176342217,0.088730241,0.151866589,0.198005839,0.285242275,0.155672359,0.211663655,0.24921195,0.086660725,0.201482009,0.269450664,0.186524947,0.155342499,0.159097209,0.17716962,0.225022398,0.095587585,0.187486284,0.133447615,0.196897036,0.208071594,0.213771465,0.143709434,0.198697519,0.064437524,0.004099264,0.024233545,0.003890094,0.006021099,0.0285294,0.052284212,0.007687856,0.049754,0.025089049,0.038005341,0.002642447,0.037765637,0.032513416,0.008608059,0.013468707,0.022024182,0.007053445,0.006624473,0.018411618,0.016649885,0.013800946,0.012723523,0.015874447,0.0144855,0.086803259,0.02054183,0.023584698,0.004064294,0.169800765,0.007853839,0.019792843,0.006710166,0.009601068,0.010538748,0.039720491,0.054230807,0.004964614,0.016368636,0.043974311,0.004777114,0.000347239,0.009614886,0.006443951,0.005064992,0.006785486,0.010786945,0.010310442,0.006841874,0.003061163,0.004914404,0.005575525,0.008152952,0.013664445,0.01296872,0.005826499,0.016471792,0.028353271,0.095071927,0.007362401,0.053080323,0.005721455,0.005660078,0.016152915,0.001276284,0.004213645,0.011864605,0.004810431,0.001019718,0.037817497,0.016022132,0.018564383,0.04217907,0.004514181,0.026070499,0.005207197,0.003314556,0.005701761
Bacteroides_fragilis_3_1_12,0.218447469,0.015997536,0.323320074,0.047359324,0.057501194,0.25242831,0.069183473,0.150682358,0.125385966,0.082227966,0.315114198,0.369369565,0.064855438,0.132043028,1,0.172402682,0.275577196,0.248947633,0.080084947,0.181442838,0.319150075,0.240497292,0.293390778,0.296911178,0.102877692,0.089921259,0.045604065,0.207658549,0.287905753,0.124529599,0.092287116,0.238622985,0.102104318,0.186149464,0.109219753,0.0453837,0.069435172,0.160163453,0.294156868,0.247959148,0.257060469,0.215593083,0.133626213,0.1823566,0.249488996,0.095119336,0.42134888,0.135422234,0.167870184,0.12072662,0.127124007,0.175250722,0.073796393,0.165080716,0.067323579,0.164500921,0.226068782,0.126171639,0.138454582,0.188609855,0.122448043,0.290925337,0.232003125,0.152687171,0.051810606,0.05788248,0.329922928,0.193202652,0.060714596,0.178456389,0.101645507,0.33033601,0.145245398,0.123392368,0.207991368,0.293934078,0.15453837,0.009724607,0.082405424,0.009228397,0.014283742,0.066525431,0.103499534,0.018237756,0.19928928,0.055578121,0.066842329,0.006268627,0.085932717,0.074993128,0.016723915,0.035835813,0.051060176,0.016732756,0.015715113,0.043677538,0.03949821,0.032739727,0.030183775,0.046697716,0.034318184,0.173864964,0.047021,0.054236434,0.009641648,0.065330203,0.018631515,0.067576945,0.015918402,0.022776435,0.025000875,0.080176177,0.132910047,0.011777462,0.038098973,0.082031625,0.011332658,0.000823749,0.021199736,0.03378033,0.004460951,0.009476815,0.06208137,0.023227906,0.032956418,0.00691261,0.056868539,0.007072764,0.026345789,0.042721606,0.06302238,0.035488006,0.030025063,0.021346298,0.11839057,0.016180823,0.021740677,0.0135729,0.051474359,0.037946358,0.003027705,0.005275419,0.025105448,0.011411695,0.002419059,0.152613556,0.038009004,0.086888626,0.117668813,0.010708906,0.103678118,0.012352937,0.007863058,0.010240088
Bacteroides_intestinalis_341_DSM_17393,0.115516883,0.015424809,0.175708992,0.141119954,0.066418358,0.173552023,0.036063397,0.196913839,0.140966007,0.07632607,0.137969818,0.190340698,0.051427207,0.093070154,0.172402682,1,0.135099407,0.199834508,0.059804291,0.154411368,0.148294334,0.152959939,0.135223998,0.145858583,0.056452455,0.126557222,0.068208544,0.135013923,0.140904071,0.143273778,0.06106187,0.25854835,0.06492953,0.102343571,0.082634949,0.068724166,0.092044795,0.115195082,0.148086652,0.159886404,0.105929102,0.131957155,0.106289816,0.149356587,0.120335623,0.109909396,0.181980294,0.10494167,0.149816282,0.079776487,0.119262838,0.123370991,0.128860389,0.141454023,0.078242129,0.130846889,0.148335592,0.163067421,0.094833878,0.138086988,0.09932723,0.217685773,0.177016084,0.09790053,0.084562641,0.04493086,0.217088839,0.123315277,0.108453898,0.102950273,0.126747446,0.206676096,0.144415657,0.109944366,0.230116698,0.231251321,0.090297569,0.007336868,0.066808139,0.006962495,0.010776572,0.04568289,0.063573115,0.013759734,0.059945589,0.044904414,0.059507914,0.004729455,0.066922927,0.056923525,0.015406715,0.022903928,0.038785814,0.012624265,0.01185649,0.032953139,0.029799985,0.0195267,0.022772578,0.024130093,0.025253924,0.090776273,0.036296752,0.041702876,0.007274278,0.083551067,0.014056811,0.053198281,0.012009865,0.017184005,0.018862265,0.03716575,0.072899407,0.008885673,0.02735787,0.052754785,0.008550085,0.000621489,0.017208736,0.006361148,0.006198123,0.007386582,0.01471594,0.010750366,0.007065775,0.005478874,0.00386349,0.008178996,0.017235333,0.034938252,0.173973205,0.005269547,0.023087299,0.018127785,0.134139819,0.01268987,0.18791243,0.010240267,0.164641697,0.028862778,0.002284295,0.003373347,0.018351006,0.008609716,0.001825093,0.121372841,0.028528072,0.025770867,0.074228762,0.008079486,0.113842436,0.009319849,0.005932396,0.007106549
Bacteroides_ovatus_ATCC_8483,0.138371688,0.008293616,0.435684759,0.162810521,0.190198676,0.128486968,0.200610076,0.253465541,0.146409207,0.130396871,0.418415275,0.346636176,0.187830505,0.268765257,0.275577196,0.135099407,1,0.129269177,0.183405843,0.377136192,0.624540981,0.447104796,0.534206725,0.430159299,0.200525434,0.257605476,0.18236285,0.414175082,0.47552847,0.303213593,0.115486049,0.346343263,0.078580433,0.087032663,0.033314593,0.148863852,0.121411067,0.421311449,0.105499599,0.20563406,0.185193406,0.193955745,0.043424457,0.127181228,0.086041656,0.207880428,0.240298176,0.407414999,0.377148975,0.041148674,0.234423856,0.410538845,0.25273799,0.060719723,0.147894196,0.391426208,0.400610981,0.304099217,0.315035106,0.447816518,0.05395922,0.211481885,0.442679263,0.18631638,0.192768701,0.138948691,0.210980048,0.427722833,0.210793329,0.144633658,0.274974007,0.350490171,0.403637116,0.343636416,0.189569231,0.197152922,0.052196939,0.002793844,0.024084858,0.002651284,0.004103666,0.019524867,0.043285157,0.00523964,0.109292335,0.016510201,0.025102849,0.001800953,0.025739083,0.022159443,0.005866803,0.010238922,0.015010531,0.004807259,0.004514894,0.012548396,0.01134769,0.009406003,0.008671688,0.026810021,0.009872559,0.096528182,0.014000237,0.016074097,0.00277001,0.142125296,0.005352766,0.020257648,0.004573298,0.006543586,0.007182659,0.031062664,0.038885235,0.003383621,0.011156006,0.029971504,0.003255831,0.00023666,0.006553003,0.009704964,0.003452033,0.004146954,0.017835749,0.007397141,0.009468258,0.002086329,0.038758317,0.003799986,0.007569048,0.013304317,0.0251707,0.010195573,0.011226312,0.017336166,0.054272809,0.005017828,0.041434838,0.003899444,0.018393882,0.011008982,0.000869848,0.005103878,0.008086294,0.003278538,0.000694987,0.049298712,0.010919847,0.02628691,0.036528029,0.003076629,0.033081816,0.003548953,0.002259028,0.003886022
Bacteroides_pectinophilus_ATCC_43243,0.152917549,0.045904872,0.188077468,0.067368995,0.038122493,0.490577065,0.040842471,0.068896264,0.136568095,0.147266056,0.221383972,0.323568177,0.082782084,0.164869558,0.248947633,0.199834508,0.129269177,1,0.092065784,0.099471167,0.150604217,0.161586336,0.16061868,0.181924668,0.083369886,0.048384823,0.025607333,0.109676382,0.150689974,0.073198248,0.137206993,0.141926382,0.154787086,0.258170005,0.24585316,0.061271616,0.075091909,0.077413695,0.398672689,0.211187952,0.17717566,0.212798799,0.32066742,0.377088334,0.353874872,0.092183803,0.481033667,0.067202847,0.100082019,0.22670294,0.123406741,0.095068841,0.046955313,0.434659277,0.067124312,0.078044372,0.153797614,0.106200735,0.117426591,0.093488109,0.279627902,0.369404813,0.126706338,0.148168516,0.03511513,0.048393676,0.481913781,0.103307495,0.036759344,0.181166763,0.058533227,0.263082744,0.072153519,0.072609178,0.270365696,0.59810903,0.257054856,0.020617852,0.113651302,0.019565799,0.030284006,0.13346645,0.215622531,0.038667203,0.08555608,0.12618907,0.185261865,0.013290575,0.189947834,0.163531014,0.0432955,0.077968379,0.110773869,0.035476341,0.033318762,0.092603945,0.083743047,0.060045753,0.063994832,0.065240601,0.072856953,0.271628247,0.103318162,0.118622714,0.020441963,0.122845967,0.039502039,0.089026682,0.03374977,0.048289987,0.053006186,0.109691991,0.18612749,0.02497026,0.077514765,0.162562576,0.024027198,0.00174649,0.048359485,0.023085064,0.01913705,0.0341286,0.039394136,0.042924028,0.025075704,0.01539657,0.011882566,0.024734196,0.03538502,0.063340095,0.055249155,0.020006338,0.082847303,0.054345034,0.21714468,0.030862739,0.078532808,0.0287769,0.018950709,0.081243467,0.006419259,0.033236129,0.059674779,0.024194771,0.005128824,0.149509813,0.080585672,0.077110759,0.189424054,0.022704736,0.103926528,0.026190366,0.016671046,0.028677845
Bacteroides_plebeius_M12_DSM_17135,0.043937372,0.007243465,0.129650241,0.026811533,0.148927286,0.073447835,0.11556998,0.082074615,0.104627281,0.201635327,0.171165813,0.168881546,0.163732668,0.24915719,0.080084947,0.059804291,0.183405843,0.092065784,1,0.170014549,0.158248635,0.190154495,0.174276901,0.142064454,0.109026365,0.106363829,0.110782301,0.192163765,0.154989258,0.113443975,0.092399746,0.094489738,0.037140559,0.051426847,0.04546446,0.097958007,0.05671231,0.153801303,0.061989976,0.099945324,0.042953678,0.064408801,0.049168624,0.100448141,0.054901898,0.193819577,0.091133918,0.12705992,0.139938477,0.059116051,0.175960702,0.179579783,0.141259417,0.060103836,0.116383128,0.144290859,0.183515744,0.144748205,0.077889565,0.17145556,0.045716266,0.101285274,0.176670495,0.059961643,0.119988767,0.130531653,0.11731798,0.173966624,0.078897084,0.07230845,0.103648152,0.11674772,0.107994198,0.157169701,0.098957892,0.103376668,0.037186255,0.004778396,0.021412963,0.004478394,0.007018625,0.024108161,0.032465672,0.008941643,0.016126834,0.021019003,0.028541647,0.003080225,0.036387248,0.034581102,0.007404151,0.014246734,0.025137831,0.008222001,0.007721961,0.021233244,0.019121916,0.016049107,0.01483145,0.047493257,0.015735574,0.042857545,0.02157333,0.024752575,0.004737632,0.150821342,0.009154998,0.016870389,0.006919753,0.011191693,0.012100921,0.023271678,0.048132419,0.005597632,0.011208632,0.024585302,0.005568546,0.000404767,0.009495176,0.003999263,0.002139509,0.005105056,0.007654228,0.006229105,0.004458871,0.003336143,0.00253583,0.003425175,0.006209101,0.011255854,0.010344177,0.003286832,0.016744327,0.012985859,0.031985454,0.001874743,0.021003953,0.00628517,0.005217373,0.018696104,0.001487728,0.00167981,0.008836896,0.005607383,0.001188657,0.029264759,0.018192178,0.015615037,0.034116894,0.005262052,0.022227655,0.006069883,0.003863684,0.004104901
Bacteroides_sp_2_1_7,0.150260729,0.007193873,0.439451938,0.195477052,0.293668256,0.0998563,0.221313365,0.24002874,0.184555387,0.081550826,0.344239583,0.28456811,0.230608009,0.229900056,0.181442838,0.154411368,0.377136192,0.099471167,0.170014549,1,0.437168755,0.482531975,0.507157709,0.384200475,0.260164009,0.354133541,0.245497315,0.517825536,0.454746178,0.398009167,0.104199575,0.38551958,0.104100676,0.055896656,0.025996965,0.13848885,0.181575932,0.379714319,0.060272123,0.122583237,0.121573078,0.207297169,0.033907963,0.111793475,0.061707267,0.163524437,0.172332708,0.366558279,0.447092524,0.032110272,0.24909225,0.446165405,0.341451848,0.05134855,0.254187197,0.443610021,0.403464868,0.395092051,0.278582884,0.518499508,0.046169959,0.186885801,0.484374041,0.191298606,0.264577521,0.162566709,0.165836005,0.434854632,0.253364726,0.115174224,0.235811464,0.322349287,0.404446912,0.369264805,0.163930612,0.164871809,0.036881138,0.00218017,0.019852214,0.002068924,0.003202287,0.015236185,0.035267224,0.004088741,0.075122997,0.013343464,0.021448054,0.00140537,0.020085433,0.01729207,0.004578146,0.00824452,0.011713433,0.003751334,0.003523187,0.009792112,0.008855144,0.007339953,0.006766931,0.02231836,0.007704028,0.079676724,0.010925052,0.012543384,0.002161571,0.089349647,0.004177018,0.015808009,0.003568763,0.005106272,0.005604972,0.024925293,0.030344003,0.002640401,0.008705563,0.021424088,0.00254068,0.000184677,0.005113621,0.007573246,0.002693786,0.003608821,0.013918086,0.005772342,0.007388533,0.001628062,0.018638659,0.00296531,0.005906489,0.010381993,0.024408312,0.007956092,0.008760426,0.015079521,0.074034576,0.00391565,0.163195128,0.003042922,0.01904702,0.008590834,0.000678784,0.0039828,0.006310121,0.0025584,0.000542331,0.043340202,0.008521277,0.02051293,0.028586358,0.002400841,0.030607223,0.002769417,0.001762827,0.003032448
Bacteroides_sp_2_2_4,0.167386074,0.010374761,0.532285224,0.17274414,0.155069189,0.146676633,0.195992513,0.20498082,0.140444453,0.119575878,0.509234549,0.434787156,0.183206363,0.293858939,0.319150075,0.148294334,0.624540981,0.150604217,0.158248635,0.437168755,1,0.568595702,0.608944136,0.549799933,0.237181997,0.248018902,0.154993782,0.493840763,0.602777737,0.307095708,0.114716679,0.400335415,0.101479822,0.084447485,0.037491947,0.112223618,0.141337888,0.421851725,0.118830616,0.285750997,0.162437334,0.20723092,0.048900921,0.163270993,0.098213785,0.194914308,0.26465686,0.369166196,0.413889116,0.046308352,0.277893618,0.448486534,0.238065455,0.069941489,0.171358887,0.44937274,0.423321677,0.332920226,0.344911694,0.496034592,0.065485553,0.249469194,0.494544397,0.204458732,0.171867251,0.143634717,0.255728682,0.466080469,0.172886685,0.181553453,0.238900694,0.455788062,0.390200307,0.318204784,0.237496396,0.236502971,0.058741971,0.003144167,0.02809664,0.002983732,0.00461823,0.021973112,0.050861201,0.005896645,0.095094872,0.019243494,0.029238544,0.002026777,0.028966535,0.024938041,0.006602447,0.011889968,0.016892718,0.005410047,0.005081022,0.014121853,0.01277059,0.010585432,0.00975904,0.032186787,0.01111049,0.115320514,0.015755742,0.018089645,0.003117345,0.109982573,0.006023955,0.022797777,0.005146749,0.007364093,0.008083301,0.035946417,0.043761098,0.003807898,0.01255487,0.033729664,0.003664083,0.000266335,0.007374692,0.010921881,0.003884888,0.00520452,0.020072194,0.008324676,0.010655493,0.002347936,0.030948759,0.00427647,0.00851814,0.014972561,0.051017262,0.011474008,0.012633991,0.021747177,0.08020555,0.005647019,0.06461762,0.0043884,0.043269295,0.012389411,0.00097892,0.005743859,0.009100244,0.003689638,0.000782132,0.066819205,0.012289099,0.029583055,0.041226281,0.003462411,0.050982331,0.00399396,0.00254229,0.004373294
Bacteroides_sp_4_3_47FAA,0.127808798,0.010993109,0.627338786,0.161114032,0.17212254,0.162531705,0.193352931,0.162247848,0.132179555,0.127181199,0.514639367,0.454054414,0.209265394,0.282232242,0.240497292,0.152959939,0.447104796,0.161586336,0.190154495,0.482531975,0.568595702,1,0.583266052,0.550391761,0.265828357,0.226048034,0.159155824,0.660859403,0.568915764,0.319107281,0.133018897,0.294366201,0.091469687,0.072775099,0.039726511,0.152892191,0.157538745,0.425274835,0.101580416,0.230503049,0.109812326,0.20732715,0.051815474,0.176686383,0.091789744,0.202398654,0.229099627,0.320582478,0.415807,0.049068385,0.344759299,0.462999935,0.257619813,0.078466802,0.240251489,0.387613134,0.559462582,0.421677269,0.325554123,0.532660603,0.075189509,0.261383692,0.487908306,0.160955654,0.187819222,0.189244213,0.253718246,0.512345314,0.168545256,0.151667402,0.240634825,0.464225716,0.363910901,0.375422368,0.241097986,0.258709405,0.057839032,0.003331563,0.030336587,0.003161566,0.004893482,0.023282736,0.053892589,0.006248092,0.067655245,0.020390429,0.032775224,0.002147575,0.030692975,0.026424377,0.006995961,0.012598625,0.017899544,0.005732492,0.005383857,0.014963532,0.013531732,0.011216337,0.01034069,0.034105157,0.011772688,0.103455507,0.016694803,0.01916781,0.003303142,0.166064297,0.00638299,0.024156552,0.005453502,0.007803002,0.008565075,0.038088866,0.044043169,0.004034853,0.013303155,0.035739992,0.003882467,0.000282209,0.007814232,0.011572838,0.004116432,0.005514715,0.02126852,0.008820837,0.011290573,0.002487875,0.017381162,0.004531353,0.009025831,0.015864943,0.028353092,0.012157872,0.013386992,0.023043335,0.091585269,0.005983588,0.126805924,0.004649954,0.020348319,0.013127834,0.001037264,0.0060862,0.009642629,0.003909544,0.000828748,0.057729158,0.013021543,0.029703476,0.043683416,0.003668775,0.037871507,0.004232005,0.002693813,0.004633948
Bacteroides_sp_9_1_42FAA,0.198876318,0.010927277,0.635520182,0.179671753,0.178555535,0.169596613,0.200009284,0.220288562,0.147120484,0.099467678,0.614749316,0.488353986,0.211524321,0.268109159,0.293390778,0.135223998,0.534206725,0.16061868,0.174276901,0.507157709,0.608944136,0.583266052,1,0.54205931,0.259393079,0.2550097,0.14838447,0.559332917,0.607833044,0.332044746,0.160677481,0.402418661,0.122296931,0.076686383,0.03948861,0.138662156,0.140986281,0.409645288,0.125159034,0.267807895,0.173741771,0.28257353,0.051505178,0.159500026,0.096002353,0.204931644,0.277009348,0.374160324,0.470603688,0.04877454,0.279911308,0.471507123,0.236637521,0.077996905,0.227740504,0.432988522,0.57748424,0.414604247,0.326504616,0.511164828,0.075899574,0.292132816,0.522034811,0.231280501,0.17297625,0.120299718,0.288058582,0.512234595,0.174525491,0.150387928,0.224329882,0.459823075,0.401459332,0.333916247,0.210470325,0.266833453,0.061870321,0.003311612,0.028175608,0.003142633,0.004864177,0.023143307,0.049745987,0.006210675,0.091465388,0.020268322,0.032578951,0.002134715,0.03050917,0.026266136,0.006954066,0.012523178,0.017792353,0.005698163,0.005351616,0.014873923,0.013450698,0.011149168,0.010278765,0.033900919,0.011702188,0.13113057,0.016594827,0.019053024,0.003283361,0.130463083,0.006344765,0.024011891,0.005420844,0.007756274,0.008513784,0.037860771,0.046091629,0.00401069,0.013223489,0.035525964,0.003859217,0.000280519,0.007767437,0.011503534,0.00409178,0.005481691,0.021141154,0.008768014,0.01122296,0.002472977,0.021296579,0.004504217,0.00897178,0.015769936,0.020273486,0.012085065,0.013306824,0.02290534,0.113612481,0.005947755,0.0931617,0.004622108,0.012373156,0.013049218,0.001031053,0.006049753,0.009584884,0.003886132,0.000823785,0.048916906,0.012943564,0.031158524,0.043421819,0.003646805,0.029361404,0.004206662,0.002677681,0.004606198
Bacteroides_sp_D1,0.181512388,0.012577742,0.546159079,0.136970124,0.136266758,0.190182162,0.156399599,0.199467137,0.165448809,0.124926966,0.538372943,0.461980214,0.155106364,0.319006439,0.296911178,0.145858583,0.430159299,0.181924668,0.142064454,0.384200475,0.549799933,0.550391761,0.54205931,1,0.218541727,0.21709315,0.128543792,0.494313354,0.728365794,0.251124686,0.150713381,0.303974866,0.121719316,0.103284959,0.045453002,0.122155886,0.142663322,0.390816364,0.139018593,0.206126005,0.179946186,0.212795083,0.059284561,0.147289037,0.119068539,0.191731446,0.26926212,0.28986594,0.364720455,0.052016458,0.328604784,0.423197097,0.220382298,0.083529033,0.2381069,0.352738126,0.509730013,0.365449902,0.401546936,0.467531472,0.082981842,0.303073212,0.468203538,0.221554686,0.148556169,0.147094084,0.269358018,0.452823193,0.14673417,0.167164917,0.216104378,0.414500696,0.336810039,0.333311617,0.255641403,0.267025844,0.071215265,0.003811801,0.034142193,0.003617299,0.005598866,0.026638891,0.061661088,0.00714874,0.090994238,0.023329666,0.03551796,0.002457144,0.0351173,0.030233394,0.008004414,0.014414689,0.020479724,0.006558818,0.006159928,0.017120493,0.015482302,0.012833147,0.011831278,0.021020424,0.013469696,0.126901709,0.019101323,0.021930808,0.003779283,0.096431793,0.007303084,0.023672397,0.006239612,0.008927788,0.009799712,0.043579293,0.053053346,0.004616468,0.015220776,0.040891834,0.004442116,0.000322889,0.008940637,0.013241037,0.004709806,0.00630965,0.024334331,0.010092342,0.012918084,0.002846497,0.038676615,0.005184538,0.010326885,0.01815184,0.030216297,0.013910403,0.015316698,0.026364982,0.115199394,0.006846109,0.081618077,0.005320235,0.021142155,0.015020183,0.001186784,0.006963513,0.011032593,0.004473097,0.00094821,0.062545965,0.014898571,0.035864733,0.049245715,0.004197621,0.041140561,0.00484204,0.003082121,0.005301921
Bacteroides_stercoris_ATCC_43183,0.123811352,0.007171535,0.198169904,0.100163465,0.211792248,0.081613467,0.178425691,0.085013298,0.117378737,0.112602449,0.249094422,0.184455804,0.129447658,0.20255067,0.102877692,0.056452455,0.200525434,0.083369886,0.109026365,0.260164009,0.237181997,0.265828357,0.259393079,0.218541727,1,0.184738705,0.193578631,0.325463633,0.266717981,0.148139911,0.044562862,0.110637234,0.052676552,0.088255646,0.02564218,0.169667457,0.15442022,0.245585103,0.073033482,0.129775875,0.130568675,0.101163428,0.032392966,0.091079607,0.064587762,0.124837042,0.112549203,0.195761468,0.230934889,0.032010564,0.135726215,0.232994614,0.173969026,0.041936748,0.181553098,0.231468245,0.223339592,0.226930516,0.156087211,0.253250515,0.0430527,0.12299662,0.24000532,0.115577117,0.226996541,0.253750972,0.120092255,0.283000748,0.182466012,0.114757047,0.242133628,0.161213001,0.196562992,0.205311698,0.127956288,0.116662751,0.031703095,0.0021734,0.011529765,0.002062499,0.003192343,0.014905943,0.032090732,0.004076045,0.048996351,0.012447978,0.016874255,0.001401006,0.020023064,0.017238375,0.00456393,0.005160527,0.01167706,0.003739685,0.003512247,0.009761705,0.008827647,0.007317161,0.006745919,0.022249058,0.007680106,0.060779698,0.010891128,0.012504434,0.002154859,0.048844844,0.004164048,0.008096136,0.003557681,0.005090416,0.005587567,0.019311094,0.026273669,0.002632202,0.007013408,0.023284448,0.002532791,0.000184104,0.004833383,0.00754973,0.002685422,0.003569504,0.013357611,0.005754417,0.00736559,0.001623006,0.067022226,0.002956102,0.004031334,0.006807122,0.008095871,0.007931387,0.008568782,0.015032697,0.041457133,0.001679383,0.120652482,0.003033473,0.002832288,0.008564157,0.000676676,0.003970432,0.006044966,0.002550455,0.000540647,0.026116415,0.008494817,0.020449233,0.025349086,0.002393385,0.013778392,0.002760818,0.001757353,0.003023032
Bacteroides_thetaiotaomicron_VPI_5482,0.11263284,0.003511131,0.208776652,0.128704627,0.383037794,0.053734412,0.266079186,0.383440672,0.099028204,0.096175099,0.182681407,0.140097302,0.213586976,0.217207197,0.089921259,0.126557222,0.257605476,0.048384823,0.106363829,0.354133541,0.248018902,0.226048034,0.2550097,0.21709315,0.184738705,1,0.421869965,0.301310426,0.239235604,0.252314157,0.05681098,0.218335754,0.048942206,0.043569885,0.012519601,0.12344222,0.092602954,0.360084379,0.034759719,0.074675651,0.101053977,0.139262622,0.016460758,0.047193424,0.032497848,0.203344202,0.086411254,0.464069343,0.307504109,0.012723693,0.117383529,0.330012767,0.375822269,0.02462476,0.193667155,0.353739918,0.217684852,0.260587984,0.261560885,0.327378603,0.026115983,0.097271158,0.254380622,0.212101006,0.363150286,0.123573294,0.079049794,0.303844232,0.348347066,0.093061508,0.380596687,0.141933513,0.414219593,0.375014809,0.100695221,0.080050685,0.019873365,0.001064081,0.009689318,0.001009785,0.001562948,0.007436362,0.014952081,0.001995602,0.046858064,0.006512577,0.010468204,0.000685922,0.009803146,0.00841267,0.002234467,0.004023923,0.005717004,0.001830923,0.001719571,0.00477926,0.004321952,0.003582429,0.003302753,0.004126769,0.003760124,0.041705207,0.005332217,0.00612208,0.001055003,0.037183065,0.002038688,0.007715453,0.001741815,0.002492231,0.002735632,0.012165348,0.014810071,0.001288707,0.004248945,0.011415133,0.001240036,9.01E-05,0.002495817,0.003696293,0.001314763,0.00117401,0.006793034,0.002817321,0.003606139,0.000794612,0.027392199,0.001447286,0.002882795,0.005067165,0.026675233,0.003883149,0.004275723,0.007359899,0.032650101,0.001911121,0.060153911,0.001485167,0.023878315,0.004192949,0.000331296,0.001943895,0.003079796,0.001248684,0.000264697,0.022613628,0.004159001,0.010011796,0.013805165,0.001171784,0.017253954,0.001351676,0.000860387,0.001480054
Bacteroides_uniformis_ATCC_8492,0.057851139,0.001883191,0.129288497,0.149247719,0.547436107,0.028380566,0.410915199,0.177904377,0.095996387,0.078560745,0.09492446,0.075736716,0.26340943,0.13587383,0.045604065,0.068208544,0.18236285,0.025607333,0.110782301,0.245497315,0.154993782,0.159155824,0.14838447,0.128543792,0.193578631,0.421869965,1,0.227302551,0.163612271,0.239958185,0.04451185,0.124467525,0.043944257,0.023315713,0.006701506,0.24622382,0.08314344,0.299397736,0.015002497,0.03960554,0.046930693,0.09015131,0.008417866,0.042356171,0.01556988,0.161249056,0.045002279,0.3400898,0.223067051,0.008342694,0.148135266,0.25573493,0.430948251,0.012600566,0.143360585,0.307111468,0.152388451,0.219302993,0.158614239,0.247645174,0.020835588,0.054201888,0.180019309,0.099762562,0.538660362,0.226401741,0.043503497,0.232537508,0.405645169,0.065916793,0.309326962,0.09726662,0.332850095,0.338637298,0.05878171,0.042621716,0.008017708,0.000570718,0.005076818,0.000541597,0.000838285,0.003851037,0.009198048,0.001070339,0.025132263,0.003327274,0.005614608,0.000367894,0.005228222,0.004526667,0.001175348,0.002158226,0.003066308,0.000982013,0.000922289,0.00256335,0.002318073,0.001921431,0.001771427,0.005842434,0.002016738,0.01574184,0.002829878,0.003247981,0.00056585,0.041097125,0.001093447,0.004138174,0.00093422,0.001336705,0.001467253,0.006429706,0.007482307,0.000691196,0.001780112,0.005468882,0.000665092,4.83E-05,0.001338628,0.001982502,0.000705171,0.000944706,0.003643435,0.001511066,0.001934148,0.000426189,0.017456365,0.00077625,0.001546183,0.002717767,0.014307227,0.002082722,0.002293278,0.003947472,0.019150333,0.001025027,0.06508736,0.000796567,0.012807104,0.002248883,0.00017769,0.001042605,1.65E-03,0.00066973,1.42E-04,0.011885087,0.002230675,0.005369814,0.007354131,0.000628485,0.009254136,0.00072497,0.000461468,0.000793825
Bacteroides_vulgatus_ATCC_8482,0.144976565,0.007592262,0.517528814,0.16808322,0.246719288,0.118835054,0.248146833,0.19931941,0.128339402,0.132750242,0.418782747,0.340853408,0.242107018,0.288788053,0.207658549,0.135013923,0.414175082,0.109676382,0.192163765,0.517825536,0.493840763,0.660859403,0.559332917,0.494313354,0.325463633,0.301310426,0.227302551,1,0.594402163,0.328967475,0.09558946,0.279939184,0.083495947,0.056861124,0.02743665,0.180797668,0.138438393,0.528322379,0.086131321,0.197468776,0.104412108,0.18382007,0.03578575,0.143872092,0.069667277,0.243588372,0.17961126,0.360413664,0.430118057,0.033888506,0.334984257,0.503484043,0.323384913,0.054192179,0.273401685,0.446511637,0.534140312,0.491197075,0.314213668,0.634432502,0.054353497,0.207299346,0.534963471,0.156998711,0.267382594,0.222766486,0.196287433,0.628082623,0.228095116,0.144395079,0.276103182,0.376692125,0.434005151,0.448422949,0.187228202,0.182339405,0.042628397,0.002300905,0.020951609,0.002183498,0.003379626,0.016079949,0.037220286,0.004315171,0.061735284,0.014082412,0.021186957,0.001483198,0.021197744,0.018249687,0.004831679,0.008701093,0.01236211,0.003959078,0.003718298,0.010334388,0.009345532,0.007746432,0.007141677,0.023554328,0.008130669,0.074682885,0.01153007,0.013238024,0.002281276,0.129968906,0.004408337,0.01668344,0.003766397,0.005389052,0.005915369,0.026305629,0.032024422,0.002786624,0.009187668,0.024683407,0.00268138,0.000194904,0.005396808,0.007992645,0.002842965,0.003808674,0.014688855,0.006092008,0.007797702,0.001718222,0.017698253,0.003129526,0.006233584,0.010956937,0.024886219,0.008396692,0.009245569,0.01591461,0.07360662,0.004132495,0.127297557,0.003211436,0.019241625,0.009066585,0.000716375,0.004203363,0.006659569,0.002700081,0.000572365,0.045255355,0.008993177,0.021648914,0.03016944,0.002533797,0.031433808,0.002922785,0.001860451,0.003200382
Bacteroides_xylanisolvens_XB1A,0.167621021,0.010310675,0.542810788,0.145168735,0.175803115,0.159268634,0.179550554,0.184107328,0.166424595,0.116427587,0.491223581,0.412234988,0.173019387,0.308157171,0.287905753,0.140904071,0.47552847,0.150689974,0.154989258,0.454746178,0.602777737,0.568915764,0.607833044,0.728365794,0.266717981,0.239235604,0.163612271,0.594402163,1,0.27191692,0.140465714,0.328567784,0.106728291,0.08338875,0.037260356,0.128892122,0.147629773,0.447755611,0.118096589,0.197287404,0.161679936,0.209464992,0.048598855,0.139490377,0.09760711,0.211845951,0.255344764,0.338421375,0.391846574,0.046022301,0.323734893,0.44239603,0.240894549,0.070410312,0.222065811,0.395368635,0.49816664,0.382741277,0.368580264,0.508787013,0.070416881,0.259395209,0.538565857,0.192165699,0.194628859,0.160768942,0.239866354,0.502704773,0.186611985,0.152042123,0.23003695,0.416299504,0.385814329,0.342521989,0.230457153,0.232069717,0.058379117,0.003124745,0.028453342,0.002965301,0.004589702,0.021837382,0.050547027,0.005860221,0.092422877,0.019124626,0.029925321,0.002014257,0.028787606,0.024783996,0.006561664,0.011816523,0.01678837,0.005376628,0.005049636,0.014034621,0.012691705,0.010520045,0.009698758,0.025400056,0.011041859,0.109550523,0.015658418,0.017977904,0.003098088,0.094471574,0.005986744,0.020573301,0.005114957,0.007318605,0.00803337,0.035724373,0.043490782,0.003784376,0.012477317,0.033521313,0.00364145,0.00026469,0.007329138,0.010854415,0.00386089,0.005172371,0.019948206,0.008273254,0.010589673,0.002333432,0.030249388,0.004250054,0.008465522,0.014880074,0.03556672,0.011403132,0.01255595,0.021612843,0.095848407,0.005612137,0.075510929,0.004361292,0.027972025,0.01231288,0.000972873,0.005708379,0.009044031,0.003666846,0.000777301,0.063666639,0.012213188,0.029400318,0.040971623,0.003441024,0.044839108,0.003969289,0.002526586,0.00434628
Bifidobacterium_adolescentis_L2_32,0.117048422,0.006434654,0.336750347,0.253934685,0.275985174,0.071929608,0.204601153,0.275977892,0.066268756,0.069474258,0.219352531,0.199540395,0.184686241,0.154381897,0.124529599,0.143273778,0.303213593,0.073198248,0.113443975,0.398009167,0.307095708,0.319107281,0.332044746,0.251124686,0.148139911,0.252314157,0.239958185,0.328967475,0.27191692,1,0.151252099,0.340940807,0.109224854,0.027434096,0.017955476,0.296010766,0.263428805,0.381488217,0.040217144,0.10567599,0.099223137,0.229678653,0.022313816,0.108782423,0.030822629,0.143167145,0.128947444,0.422038966,0.477536539,0.024727927,0.273840602,0.44599827,0.370480791,0.038369013,0.249784091,0.473129459,0.335440057,0.361382595,0.255752818,0.413624449,0.060849128,0.153498182,0.365746311,0.175972588,0.282825248,0.175511267,0.113111659,0.329337947,0.294131549,0.119828231,0.209907417,0.243060381,0.461232201,0.358621736,0.104994241,0.111066805,0.022458495,0.001692054,0.009526609,0.001864072,0.002770984,0.009906749,0.032970206,0.003773383,0.067907154,0.011569111,0.015910187,0.001315971,0.015445402,0.0129977,0.002949788,0.007080571,0.009217868,0.002624431,0.002656862,0.007647144,0.006926563,0.006768925,0.005437467,0.018997806,0.006889641,0.064838043,0.009373399,0.010376496,0.001803891,0.13164769,0.003397475,0.011612201,0.002740276,0.004078126,0.004534319,0.015749132,0.023165258,0.002340877,0.005662155,0.015084861,0.001987692,0.000172929,0.003436983,0.000974175,0.002522429,0.003304789,0.001050179,0.002866079,0.001140689,0.001028341,0.000461582,0.002712923,0.000412204,0.004266971,0.005534812,0.000575189,0.006461654,0.013966116,0.065008343,0.003666568,0.138640656,0.002336843,0.000908242,0.006534993,0.000635605,0.003729445,0.004805151,0.001932484,0.000507832,0.010701886,0.005355883,0.006133162,0.013813889,0.001637129,0.007376767,0.001825385,0.001577108,0.002698452
Bifidobacterium_catenulatum_DSM_16992,0.060006943,0.034597524,0.160025941,0.058345088,0.04686895,0.169003036,0.057375977,0.052539086,0.114481356,0.051954127,0.150918212,0.132509732,0.102018446,0.134284006,0.092287116,0.06106187,0.115486049,0.137206993,0.092399746,0.104199575,0.114716679,0.133018897,0.160677481,0.150713381,0.044562862,0.05681098,0.04451185,0.09558946,0.140465714,0.151252099,1,0.161829335,0.216441991,0.083276268,0.077899369,0.085196799,0.139698286,0.105572362,0.094802084,0.100455018,0.053270444,0.113841254,0.093104509,0.087287619,0.095651949,0.054899578,0.107869054,0.113397238,0.166717579,0.070740122,0.109297296,0.172588594,0.090556049,0.114235318,0.196384107,0.11802474,0.154648384,0.130913743,0.151905895,0.12490221,0.17084605,0.150866345,0.112447826,0.065195963,0.071418232,0.060916698,0.111747662,0.119558892,0.063374555,0.060705225,0.065230423,0.164723918,0.137007777,0.137364711,0.118538168,0.144996912,0.06836326,0.009477812,0.043057096,0.010056125,0.015097584,0.04551909,0.12151845,0.020244971,0.067236223,0.060691807,0.05772577,0.007025223,0.066101512,0.058274151,0.015860939,0.021582499,0.046290681,0.014871135,0.015059949,0.037869019,0.034039126,0.01966644,0.02697098,0.023228989,0.028542581,0.132262705,0.041831482,0.046434793,0.010409413,0.147360471,0.018049023,0.024217263,0.013781493,0.020986463,0.022822895,0.035293582,0.059168187,0.012803171,0.026178015,0.052689115,0.011200897,0.000923172,0.020667603,0.005480403,0.013465814,0.017717402,0.006180293,0.008017974,0.006537002,0.005950602,0.002321292,0.014790129,0.002915845,0.020469499,0.011595798,0.003738912,0.026137053,0.03614658,0.128682238,0.006267846,0.096507696,0.013058709,0.004332783,0.032101145,0.003230451,0.003497003,0.01316203,0.011208935,0.002711029,0.043942949,0.028600703,0.025246511,0.061502331,0.00963752,0.035006999,0.010498834,0.008812095,0.007956213
Bifidobacterium_longum_longum_CCUG_52486,0.157393685,0.013733842,0.403401773,0.242897473,0.137827083,0.152137639,0.119535989,0.296358747,0.173293512,0.072081848,0.292870997,0.306186859,0.162329069,0.158191987,0.238622985,0.25854835,0.346343263,0.141926382,0.094489738,0.38551958,0.400335415,0.294366201,0.402418661,0.303974866,0.110637234,0.218335754,0.124467525,0.279939184,0.328567784,0.340940807,0.161829335,1,0.233516557,0.086454563,0.041478586,0.104345026,0.142095488,0.245461186,0.086325395,0.160831926,0.159160212,0.281821443,0.049790355,0.124058879,0.096313957,0.112574353,0.225095979,0.265991409,0.414608711,0.042773356,0.185350994,0.315591093,0.216646126,0.087211362,0.170984833,0.316216749,0.300599616,0.282911081,0.317041968,0.333877054,0.112968803,0.266499171,0.367471361,0.222860427,0.146723883,0.045302168,0.216346197,0.273241614,0.172141668,0.125098739,0.174741683,0.385185183,0.33692276,0.25066743,0.248417092,0.223920385,0.059711547,0.003587767,0.037008469,0.003931622,0.005719214,0.026179119,0.054723991,0.007665082,0.132105739,0.025691047,0.039668821,0.0027068,0.033402047,0.02801708,0.006069895,0.015868676,0.020106305,0.006916454,0.006528832,0.016711889,0.01466242,0.013913181,0.011437736,0.015120659,0.014144382,0.132091598,0.019404516,0.022531444,0.004163273,0.089343224,0.007242128,0.030391882,0.006869903,0.00937731,0.009797343,0.044243863,0.045078999,0.004911533,0.014427384,0.036272321,0.004254224,0.000355696,0.009647588,0.014586381,0.005188342,0.006895225,0.026786543,0.011117765,0.014230615,0.003102235,0.030349048,0.005691616,0.011376139,0.019391135,0.076076437,0.015316349,0.015744447,0.013801076,0.081905873,0.007541702,0.127162959,0.005158615,0.065744378,0.015305614,0.001307366,0.007671034,0.009591822,0.004813095,0.001044552,0.083719462,0.015862917,0.03897818,0.052452181,0.004434682,0.065404946,0.005307067,0.003319744,0.005274395
Bifidobacterium_pseudocatenulatum_DSM_20438,0.119837309,0.042529977,0.143904434,0.091762797,0.046109325,0.191623832,0.048569196,0.071004462,0.137449932,0.054199679,0.115074193,0.168272729,0.113721005,0.135743415,0.102104318,0.06492953,0.078580433,0.154787086,0.037140559,0.104100676,0.101479822,0.091469687,0.122296931,0.121719316,0.052676552,0.048942206,0.043944257,0.083495947,0.106728291,0.109224854,0.216441991,0.233516557,1,0.095559228,0.097893515,0.061567408,0.066835121,0.071851323,0.116686914,0.075361481,0.068764818,0.243439396,0.11319483,0.100667438,0.109026841,0.030249998,0.145616697,0.087144668,0.149999037,0.087769783,0.058653932,0.105933524,0.076094468,0.13609818,0.094289773,0.124068309,0.139783324,0.120542095,0.148648512,0.117621148,0.32074593,0.197007787,0.115415742,0.10334424,0.038591028,0.02924042,0.155449962,0.099386151,0.03847054,0.064224746,0.021942193,0.183125086,0.112433103,0.10365289,0.145554047,0.166980561,0.091674918,0.012314068,0.052141902,0.01230774,0.019049959,0.066893408,0.082323647,0.024323355,0.102625742,0.071683699,0.076723945,0.008360351,0.092060825,0.073778374,0.018999176,0.0267472,0.060385913,0.021486732,0.020958953,0.050836866,0.045233303,0.022809025,0.036360235,0.031670112,0.033366167,0.103838525,0.053075533,0.061439219,0.012858886,0.138985023,0.023447598,0.032235638,0.017755248,0.026493251,0.029741723,0.067197456,0.072186692,0.015707381,0.03526379,0.073628184,0.014466705,0.001098619,0.024839365,0.0149816,0.016024962,0.016795842,0.01754318,0.018128293,0.016235273,0.009328764,0.008865851,0.01764022,0.014095074,0.026290234,0.016159226,0.013040004,0.032437319,0.042596408,0.147462247,0.006064291,0.072486077,0.017162365,0.006694671,0.043629757,0.002937759,0.003259249,0.021777818,0.015219565,0.003226254,0.063973307,0.042870587,0.038950928,0.085347351,0.014282268,0.051701566,0.015464192,0.010486814,0.009824004
Blautia_hansenii_VPI_C7_24_DSM_20583,0.276473414,0.04512642,0.08802795,0.028089685,0.017767258,0.258230292,0.016016125,0.048295558,0.217684278,0.09737026,0.094434752,0.123138109,0.036510725,0.070500543,0.186149464,0.102343571,0.087032663,0.258170005,0.051426847,0.055896656,0.084447485,0.072775099,0.076686383,0.103284959,0.088255646,0.043569885,0.023315713,0.056861124,0.08338875,0.027434096,0.083276268,0.086454563,0.095559228,1,0.279641421,0.023345419,0.099368417,0.048214371,0.283752128,0.086710678,0.328137571,0.08688195,0.318090391,0.153532745,0.528456184,0.035055558,0.160255095,0.057359816,0.036734085,0.244159846,0.050974193,0.078061644,0.018150669,0.327048216,0.030430265,0.06661341,0.068649437,0.040180707,0.043575294,0.040351356,0.199056234,0.138737389,0.07641733,0.091710223,0.022228991,0.02187344,0.166925526,0.043091589,0.035257707,0.277788628,0.022180413,0.09371918,0.061813258,0.027874283,0.276743789,0.182036076,0.23423541,0.024155907,0.103002662,0.02292332,0.035480788,0.162035451,0.148711346,0.045302553,0.205176045,0.132088109,0.142992544,0.015571258,0.207156391,0.191593184,0.037421699,0.05595826,0.129146914,0.041564135,0.039036313,0.108494923,0.098113481,0.053530521,0.074976442,0.070828103,0.08132828,0.151400784,0.120893021,0.1364807,0.023949835,0.064496461,0.046280649,0.069056963,0.038461346,0.052744325,0.060506511,0.137635129,0.183669947,0.029255194,0.084428929,0.12472825,0.028150302,0.002046191,0.047563741,0.083910277,0.014041059,0.037016981,0.130952453,0.060027722,0.081863681,0.018038645,0.492862877,0.020523672,0.028970225,0.05031841,0.035639524,0.088152141,0.074461434,0.042106904,0.109510355,0.016111046,0.03653198,0.03371506,0.011830208,0.091691746,0.007520813,0.0152433,0.062983589,0.02834663,0.006008938,0.204327535,0.083551603,0.211095374,0.241909337,0.026600903,0.113172967,0.030684673,0.019531823,0.027771697
Bryantella_formatexigens_I_52_DSM_14469,0.059530565,0.134999674,0.04623944,0.023323134,0.009551289,0.219715473,0.010675851,0.024902169,0.063530337,0.08176111,0.054946332,0.079550259,0.024623048,0.048880795,0.109219753,0.082634949,0.033314593,0.24585316,0.04546446,0.025996965,0.037491947,0.039726511,0.03948861,0.045453002,0.02564218,0.012519601,0.006701506,0.02743665,0.037260356,0.017955476,0.077899369,0.041478586,0.097893515,0.279641421,1,0.015796901,0.043196377,0.019032402,0.312672514,0.076789034,0.097404574,0.066564796,0.62797983,0.116184829,0.37326001,0.024019614,0.128398799,0.016522032,0.025419187,0.500136807,0.038163686,0.023372975,0.011768188,0.488783232,0.025285561,0.019187455,0.037847846,0.027220302,0.030667747,0.022984347,0.25446722,0.111264342,0.035290423,0.05195292,0.009899656,0.016896547,0.137035367,0.025398474,0.010210568,0.079547011,0.014805784,0.064679724,0.017804811,0.017851196,0.103306953,0.147989727,0.385971424,0.081018246,0.264711617,0.079583274,0.123179243,0.38462773,0.253708019,0.157277631,0.077605377,0.353965455,0.294871239,0.054058997,0.633064999,0.660373441,0.090580194,0.141658922,0.447892721,0.13720125,0.130582077,0.375827819,0.340622209,0.149570397,0.260296967,0.150237786,0.228060845,0.17280732,0.396062062,0.447763371,0.083147044,0.062323482,0.160673302,0.150431836,0.122018958,0.161776135,0.193387806,0.154909546,0.392961624,0.101565746,0.1666686,0.195705302,0.088947658,0.007103795,0.145788587,0.042659307,0.037132351,0.102332701,0.050429258,0.091475427,0.049810876,0.057747311,0.009184673,0.059052332,0.038971029,0.127876324,0.052977874,0.031808221,0.243263624,0.098081806,0.139481828,0.04396133,0.034942533,0.095227598,0.019609401,0.320216256,0.026110133,0.034711008,0.171793477,0.095537151,0.02086133,0.182297298,0.24591643,0.136694967,0.361224662,0.092350799,0.186608432,0.099354333,0.067808955,0.078443229
Butyrivibrio_crossotus_DSM_2876,0.059337416,0.004371314,0.148189805,0.181845751,0.261606816,0.052707559,0.169272435,0.153210637,0.079350694,0.110551308,0.106661352,0.096008501,0.138204546,0.113862469,0.0453837,0.068724166,0.148863852,0.061271616,0.097958007,0.13848885,0.112223618,0.152892191,0.138662156,0.122155886,0.169667457,0.12344222,0.24622382,0.180797668,0.128892122,0.296010766,0.085196799,0.104345026,0.061567408,0.023345419,0.015796901,1,0.165727639,0.214458544,0.033204124,0.057881992,0.032994389,0.097378282,0.020603971,0.05442152,0.02696886,0.188863658,0.06259215,0.206010942,0.220589099,0.015151282,0.26633061,0.22013895,0.355241203,0.029824484,0.243379276,0.249390031,0.189350973,0.23567446,0.172508936,0.218828477,0.046977159,0.075188018,0.121939293,0.094164562,0.257183256,0.298655166,0.065632584,0.188671512,0.367527062,0.033784504,0.217254641,0.117475459,0.253818307,0.246869514,0.062107124,0.07609292,0.018856697,0.001324767,0.00758778,0.001257169,0.00194585,0.008052823,0.019286888,0.002484499,0.012420124,0.008108076,0.012004192,0.000853965,0.012204793,0.010507423,0.002666251,0.004906743,0.007117597,0.002279475,0.002140844,0.005950118,0.005380775,0.003501508,0.004111885,0.004461381,0.004681307,0.03675294,0.006638543,0.007621912,0.001313466,0.09624495,0.00253814,0.009594886,0.002168537,0.003102796,0.003405827,0.009720956,0.012372518,0.001604424,0.004979631,0.01022263,0.001543829,0.000112218,0.003107261,0.001198369,0.001636863,0.002192878,0.002223928,0.002435039,0.001326203,0.000989282,0.000850603,0.001801853,0.001797299,0.004027188,0.004801644,0.001000036,0.005323221,0.009162981,0.04095978,0.002379321,0.067088279,0.001849014,0.001537778,0.005220169,0.000412459,0.002420124,0.003834307,0.001554596,0.000329544,0.011312397,0.005177903,0.004840347,0.012420369,0.001458856,0.007449451,0.00168282,0.001071171,0.001842649
Catenibacterium_mitsuokai_DSM_15897,0.094446042,0.008367659,0.181574372,0.098361846,0.083679718,0.060296104,0.025989691,0.056717758,0.073012388,0.037850158,0.107571125,0.109425498,0.036517726,0.090774889,0.069435172,0.092044795,0.121411067,0.075091909,0.05671231,0.181575932,0.141337888,0.157538745,0.140986281,0.142663322,0.15442022,0.092602954,0.08314344,0.138438393,0.147629773,0.263428805,0.139698286,0.142095488,0.066835121,0.099368417,0.043196377,0.165727639,1,0.20130294,0.05056022,0.042719691,0.079300846,0.0621077,0.042933794,0.055719835,0.087217069,0.056236308,0.084437986,0.126779201,0.197067236,0.03707694,0.124842062,0.227283163,0.196004777,0.05609239,0.221468569,0.168695423,0.219560628,0.166995872,0.09339226,0.203977857,0.03952675,0.09923124,0.138084907,0.057203202,0.15404109,0.224254103,0.076811296,0.148166695,0.17151085,0.075971059,0.062992041,0.108037152,0.168493419,0.14874163,0.141587447,0.091561928,0.037379772,0.004641973,0.021911437,0.004418024,0.006610209,0.026470831,0.040108416,0.008731186,0.070373297,0.02247236,0.034135941,0.003001057,0.035124158,0.03432225,0.005836954,0.010657812,0.023721854,0.007415475,0.007315964,0.020376065,0.018875495,0.015500401,0.014429829,0.012265403,0.014017856,0.026744045,0.022844246,0.025692792,0.004615865,0.116140605,0.008919695,0.009379542,0.005749103,0.008993359,0.009689687,0.026827707,0.045607712,0.00563837,0.012669902,0.024396361,0.00518895,0.000394363,0.00687725,0.016172075,0.002181239,0.007706355,0.024570511,0.010082221,0.015777633,0.002548134,0.054509732,0.003434108,0.004680869,0.007518589,0.007366233,0.016989612,0.014997901,0.007682812,0.068810418,0.002235617,0.144708159,0.005856132,0.002188023,0.017675364,0.001375825,0.001503491,0.007706642,0.00523532,0.001158106,0.040101251,0.014983511,0.03751078,0.041524954,0.004461803,0.022257336,0.004880999,0.003764379,0.003865317
Clostridiales_sp_SS3_4,0.112055566,0.004501682,0.375194373,0.11532618,0.264575337,0.075711396,0.275811911,0.216249242,0.131657307,0.080414807,0.309575899,0.222013983,0.21440447,0.220143913,0.160163453,0.115195082,0.421311449,0.077413695,0.153801303,0.379714319,0.421851725,0.425274835,0.409645288,0.390816364,0.245585103,0.360084379,0.299397736,0.528322379,0.447755611,0.381488217,0.105572362,0.245461186,0.071851323,0.048214371,0.019032402,0.214458544,0.20130294,1,0.060323141,0.136916149,0.118098111,0.172834486,0.02482405,0.070989196,0.049857218,0.225716056,0.145026847,0.512583397,0.451570753,0.019617779,0.320149766,0.522989957,0.4365219,0.037592319,0.338435347,0.54022789,0.428391789,0.425082239,0.386320016,0.605893326,0.031243486,0.148351235,0.380625408,0.137891864,0.321815076,0.291073933,0.125289035,0.629766294,0.290763881,0.086320322,0.379357957,0.250825597,0.536105679,0.610251803,0.149830204,0.126855001,0.029609902,0.001596104,0.014533823,0.001514661,0.002344397,0.011154425,0.025819166,0.002993371,0.07028635,0.009768762,0.01570214,0.001028873,0.014704564,0.01265954,0.003351665,0.00603582,0.008575415,0.002746355,0.002579328,0.007168814,0.006482859,0.005373586,0.004954076,0.006719317,0.005640126,0.050372504,0.007998241,0.009183023,0.001582488,0.094401132,0.003057999,0.011573057,0.002612694,0.003738306,0.004103405,0.017890913,0.022214871,0.00193304,0.006373351,0.017122517,0.001860034,0.000135202,0.003743686,0.00554438,0.001972123,0.002642021,0.010189443,0.004225936,0.005409151,0.001191905,0.020501427,0.002170906,0.004324146,0.007600667,0.026282756,0.005824662,0.006413516,0.00967297,0.047901654,0.002866651,0.111128086,0.002227726,0.022295694,0.006289357,0.000496939,0.002915811,0.004619645,0.001873007,0.000397041,0.033920083,0.006238435,0.015017534,0.020928098,0.001757657,0.025880656,0.002027493,0.001290567,0.002220058
Clostridium_asparagiforme_DSM_15981,0.168299137,0.055180773,0.115544008,0.038734643,0.024480242,0.418068047,0.033201319,0.052024,0.105419733,0.119057905,0.173307496,0.231430991,0.047659511,0.117181212,0.294156868,0.148086652,0.105499599,0.398672689,0.061989976,0.060272123,0.118830616,0.101580416,0.125159034,0.139018593,0.073033482,0.034759719,0.015002497,0.086131321,0.118096589,0.040217144,0.094802084,0.086325395,0.116686914,0.283752128,0.312672514,0.033204124,0.05056022,0.060323141,1,0.193889883,0.257360694,0.134389757,0.38780468,0.237925817,0.460653225,0.064842482,0.349517259,0.052366533,0.076567038,0.287303055,0.064619377,0.067704718,0.026930342,0.402829254,0.033634883,0.060814584,0.101148153,0.069562393,0.073953461,0.072848821,0.283109114,0.303442154,0.079528262,0.114969154,0.020965691,0.026223087,0.343138315,0.08050039,0.022797995,0.162202907,0.045028304,0.156013961,0.053783967,0.045230533,0.19238067,0.334245172,0.381294195,0.025979559,0.11897625,0.025109117,0.038863971,0.184911202,0.159828003,0.049622267,0.103523454,0.147554628,0.175118939,0.017056017,0.237291081,0.209862083,0.041492323,0.062654128,0.142157958,0.045527381,0.042758524,0.118840191,0.107468851,0.052943096,0.082125637,0.089651051,0.086036641,0.286927448,0.129387917,0.146393696,0.026233513,0.076516403,0.050693627,0.09460552,0.043311644,0.057392086,0.065901137,0.128079999,0.231057835,0.032044751,0.099567828,0.187143295,0.029885054,0.0022413,0.058220463,0.048699661,0.021176821,0.03864654,0.056833848,0.064184187,0.051390824,0.019758676,0.024999891,0.028337479,0.034923051,0.068230436,0.036769833,0.044522234,0.088652194,0.087839946,0.12287555,0.036391905,0.035321002,0.034473672,0.014678149,0.104261098,0.008237942,0.015218445,0.063349662,0.031049554,0.006581905,0.161393554,0.095012833,0.114804843,0.221170716,0.029137367,0.11978604,0.033610534,0.021394232,0.028913637
Clostridium_bartlettii_DSM_16795,0.20447074,0.015376233,0.216982957,0.074649529,0.060017568,0.159011249,0.074083819,0.087038133,0.099824662,0.089379608,0.357164671,0.305575144,0.10415744,0.119191294,0.247959148,0.159886404,0.20563406,0.211187952,0.099945324,0.122583237,0.285750997,0.230503049,0.267807895,0.206126005,0.129775875,0.074675651,0.03960554,0.197468776,0.197287404,0.10567599,0.100455018,0.160831926,0.075361481,0.086710678,0.076789034,0.057881992,0.042719691,0.136916149,0.193889883,1,0.111835701,0.142416108,0.08703494,0.238839584,0.124358748,0.140306346,0.224247373,0.11599788,0.13529629,0.101888191,0.106550657,0.141777107,0.067229513,0.143687043,0.108176468,0.155039626,0.225587692,0.173206074,0.121802004,0.159637335,0.075349049,0.24404516,0.162829852,0.093662361,0.047825483,0.033918085,0.311315802,0.189342828,0.059718985,0.162191466,0.100410672,0.237944154,0.103177807,0.099872714,0.160324794,0.25229112,0.082754094,0.008755809,0.064594189,0.008888173,0.012419668,0.038002148,0.061372172,0.015768803,0.070947597,0.044662248,0.059743668,0.006037521,0.060614847,0.055528818,0.019360244,0.0285868,0.039726315,0.012422849,0.011501965,0.03673595,0.030488733,0.019854574,0.025473513,0.090604456,0.024915391,0.111712864,0.037775624,0.043257167,0.007839591,0.158540829,0.015634938,0.062411526,0.013942513,0.014788791,0.016029062,0.057931498,0.051915914,0.011343262,0.023843511,0.08042409,0.010103503,0.00079338,0.019570229,0.004061247,0.003129821,0.007394081,0.014304372,0.01267035,0.004949081,0.005509834,0.001498657,0.005666246,0.017828812,0.03902065,0.037594606,0.002688062,0.033574893,0.012357097,0.105740034,0.016821779,0.083389275,0.011910293,0.025422465,0.031684378,0.002916082,0.008176095,0.022794491,0.007495103,0.002329875,0.079715924,0.030816463,0.025768859,0.078519985,0.00940208,0.057625523,0.010612394,0.007573171,0.012998771
Clostridium_bolteae_ATCC_BAA_613,0.234920365,0.022539512,0.166610784,0.042382409,0.048758283,0.238508117,0.041265357,0.144098014,0.232348487,0.076811217,0.169632508,0.192143081,0.049516094,0.092565907,0.257060469,0.105929102,0.185193406,0.17717566,0.042953678,0.121573078,0.162437334,0.109812326,0.173741771,0.179946186,0.130568675,0.101053977,0.046930693,0.104412108,0.161679936,0.099223137,0.053270444,0.159160212,0.068764818,0.328137571,0.097404574,0.032994389,0.079300846,0.118098111,0.257360694,0.111835701,1,0.240299468,0.119535708,0.144677914,0.235499129,0.053832211,0.320623626,0.152963067,0.140890125,0.09280286,0.057962631,0.135428176,0.04155275,0.154154313,0.031326291,0.153404048,0.125417298,0.09034669,0.098085058,0.109415154,0.118825669,0.239253072,0.162245004,0.16709927,0.04951833,0.024922943,0.234006595,0.09001267,0.091126023,0.264020607,0.075369728,0.151257429,0.137870992,0.084078913,0.219089174,0.201287114,0.150682327,0.008549538,0.049108507,0.008256905,0.012780064,0.060806368,0.055803709,0.016317832,0.267183317,0.051719382,0.064169675,0.005608716,0.080159323,0.0678942,0.013396182,0.025611575,0.046747352,0.014971266,0.014060752,0.038949689,0.035340155,0.018299194,0.027006269,0.027921484,0.027940579,0.189082942,0.043135122,0.048813038,0.008626652,0.042369856,0.016670138,0.029005432,0.014242641,0.019923448,0.022368983,0.060125942,0.090114044,0.010537625,0.032867177,0.059180768,0.009837227,0.000737031,0.015873819,0.030224207,0.010750681,0.009906045,0.052330322,0.020434447,0.02948703,0.006497461,0.269251903,0.01183431,0.015029946,0.025573689,0.018333393,0.031752113,0.026970285,0.04418387,0.059535681,0.006313899,0.029266383,0.011358129,0.009157181,0.034285315,0.002708972,0.004381214,0.023081022,0.010210364,0.0021644,0.088394088,0.033773469,0.078954954,0.087573856,0.009581558,0.047428267,0.011052519,0.007035299,0.008815908
Clostridium_leptum_DSM_753,0.144462614,0.018429163,0.301555135,0.159548478,0.122602993,0.2258076,0.096171968,0.207592888,0.1148235,0.07918921,0.255613833,0.299024992,0.149104218,0.15703861,0.215593083,0.131957155,0.193955745,0.212798799,0.064408801,0.207297169,0.20723092,0.20732715,0.28257353,0.212795083,0.101163428,0.139262622,0.09015131,0.18382007,0.209464992,0.229678653,0.113841254,0.281821443,0.243439396,0.08688195,0.066564796,0.097378282,0.0621077,0.172834486,0.134389757,0.142416108,0.240299468,1,0.085657527,0.180889408,0.102167742,0.07281307,0.322822429,0.2167488,0.270132718,0.080433584,0.117243327,0.191142199,0.11687598,0.131240923,0.092262724,0.207378896,0.220980663,0.182132509,0.193224801,0.190505392,0.194174826,0.308738271,0.218447119,0.183666367,0.117894906,0.036719104,0.302858806,0.174077947,0.107015275,0.130591357,0.081616019,0.344020037,0.234795506,0.16598913,0.175007498,0.304358145,0.087456034,0.005585128,0.045680251,0.00530014,0.008203573,0.034329483,0.059545157,0.01047448,0.153007597,0.034183101,0.050551709,0.003600257,0.051454583,0.044298584,0.010069309,0.018956586,0.030007308,0.009610114,0.009025652,0.025011276,0.022684984,0.011651084,0.01733543,0.034830918,0.017871449,0.175212552,0.026958767,0.030610083,0.005537482,0.094374062,0.010700627,0.02974528,0.009142407,0.013081176,0.014358738,0.039697111,0.057679908,0.006764143,0.020350229,0.037685166,0.006508679,0.000473103,0.013100003,0.004392663,0.006900904,0.009245027,0.010815143,0.009616574,0.004929068,0.004170746,0.002666298,0.00759649,0.012647205,0.026596445,0.031424422,0.003561425,0.02230628,0.02109218,0.138471489,0.010031058,0.051245862,0.007795316,0.018631083,0.022007878,0.0017389,0.009442175,0.01616518,0.006554072,0.001389337,0.054564851,0.02123135,0.02075433,0.056923849,0.00615044,0.041834853,0.007094655,0.004515986,0.007768483
Clostridium_methylpentosum_R2_DSM_5476,0.078331932,0.114757408,0.060310317,0.023643688,0.01245779,0.269584841,0.013984402,0.029136508,0.073260669,0.093093034,0.071666756,0.103757773,0.031169853,0.063755449,0.133626213,0.106289816,0.043424457,0.32066742,0.049168624,0.033907963,0.048900921,0.051815474,0.051505178,0.059284561,0.032392966,0.016460758,0.008417866,0.03578575,0.048598855,0.022313816,0.093104509,0.049790355,0.11319483,0.318090391,0.62797983,0.020603971,0.042933794,0.02482405,0.38780468,0.08703494,0.119535708,0.085657527,1,0.151540413,0.426474413,0.031208794,0.167471151,0.021549764,0.033106403,0.471553502,0.04494867,0.03048548,0.015349303,0.54253133,0.026869324,0.025026287,0.049365122,0.035344604,0.039045599,0.029978591,0.307515014,0.145122598,0.045961869,0.066849675,0.012602579,0.017666337,0.178735866,0.033127348,0.012362465,0.103650057,0.019311253,0.084362065,0.023222897,0.023283398,0.121531476,0.193023689,0.387747931,0.056906852,0.235520154,0.061015863,0.094440546,0.350358352,0.284156698,0.120583509,0.082331823,0.325317655,0.311456764,0.041446603,0.534138458,0.465211063,0.09607443,0.133828638,0.341808336,0.11063282,0.10390442,0.27438672,0.261152338,0.104662797,0.198833216,0.142016798,0.165135914,0.229341682,0.29373438,0.331799582,0.063748177,0.06744518,0.123186943,0.149367402,0.105248517,0.143303892,0.164496061,0.195850251,0.388386541,0.077869649,0.190681931,0.224660663,0.063067013,0.005446423,0.122501344,0.045006198,0.03713657,0.074025209,0.058734694,0.077778683,0.049006097,0.048014139,0.012622388,0.054276106,0.051045264,0.130499592,0.048952756,0.036127568,0.188702874,0.08963571,0.157203331,0.044843003,0.034288193,0.068110901,0.021770162,0.23824029,0.020018431,0.021395387,0.142040006,0.075451291,0.015994215,0.208955873,0.212757485,0.142065629,0.330589092,0.070804623,0.187225765,0.081674546,0.051988586,0.054208473
Clostridium_nexile_DSM_1787,0.112169865,0.024113695,0.160664257,0.059463016,0.081647008,0.306864304,0.085612292,0.065103561,0.117565011,0.118713134,0.210346509,0.271913919,0.121740252,0.134338986,0.1823566,0.149356587,0.127181228,0.377088334,0.100448141,0.111793475,0.163270993,0.176686383,0.159500026,0.147289037,0.091079607,0.047193424,0.042356171,0.143872092,0.139490377,0.108782423,0.087287619,0.124058879,0.100667438,0.153532745,0.116184829,0.05442152,0.055719835,0.070989196,0.237925817,0.238839584,0.144677914,0.180889408,0.151540413,1,0.19648717,0.072889317,0.307999185,0.067721304,0.090640008,0.14350623,0.098908023,0.08911358,0.043251247,0.21726215,0.058171233,0.083867333,0.148000575,0.16063553,0.098469578,0.091504622,0.162920931,0.270863112,0.17175737,0.132768058,0.048975133,0.040683438,0.374572395,0.12232368,0.083992823,0.525039314,0.053591525,0.215587286,0.065547906,0.067933463,0.199867108,0.358226184,0.145301496,0.009743546,0.058311344,0.009246369,0.014311559,0.068093084,0.08542887,0.018273275,0.057931093,0.059634196,0.09169129,0.006280835,0.089765194,0.077281182,0.020460507,0.034938717,0.052349309,0.016765343,0.015745719,0.0437626,0.039575133,0.027094827,0.030242559,0.099744522,0.034430604,0.170105324,0.048825905,0.056058502,0.009660425,0.124712848,0.0186678,0.045403407,0.015949404,0.022820792,0.025049565,0.065790526,0.095544651,0.011800399,0.038906632,0.078290464,0.011354728,0.000825353,0.022853636,0.018193521,0.011241464,0.01612843,0.029083518,0.02579757,0.01915366,0.007276082,0.012553781,0.013252472,0.020265607,0.033194324,0.030865484,0.016702951,0.039151824,0.031240182,0.113482705,0.01675167,0.056954332,0.013599334,0.012933555,0.038393886,0.003033601,0.012729351,0.028200996,0.01143392,0.00242377,0.088507967,0.038083027,0.046021652,0.103050141,0.010729762,0.059817637,0.012376994,0.007878372,0.013552522
Clostridium_scindens_ATCC_35704,0.18098305,0.061332763,0.106716412,0.03204351,0.021530753,0.348846129,0.020258921,0.053410384,0.130881776,0.105291159,0.122174304,0.165370298,0.040180354,0.092600336,0.249488996,0.120335623,0.086041656,0.353874872,0.054901898,0.061707267,0.098213785,0.091789744,0.096002353,0.119068539,0.064587762,0.032497848,0.01556988,0.069667277,0.09760711,0.030822629,0.095651949,0.096313957,0.109026841,0.528456184,0.37326001,0.02696886,0.087217069,0.049857218,0.460653225,0.124358748,0.235499129,0.102167742,0.426474413,0.19648717,1,0.045106257,0.230837467,0.043281063,0.047773763,0.310435327,0.056499512,0.061227771,0.020105297,0.439678836,0.033017622,0.050263397,0.085952837,0.051975278,0.055921787,0.05053383,0.255845152,0.197274405,0.080600461,0.104699649,0.022623529,0.023718505,0.242763062,0.054403978,0.024111395,0.193278582,0.028420796,0.115750005,0.046641425,0.033735338,0.235951321,0.2454981,0.370974307,0.032013501,0.140173689,0.03037997,0.047022214,0.223727373,0.190487284,0.060038869,0.22717776,0.186400717,0.192374893,0.020636381,0.281816798,0.25391589,0.056726955,0.080081371,0.171999457,0.055084393,0.051734304,0.143786873,0.130028486,0.068133128,0.099365278,0.081847876,0.105285355,0.226684867,0.157718718,0.17821789,0.031740397,0.070211966,0.061335126,0.092290224,0.052403534,0.072444922,0.082303121,0.198495889,0.263776244,0.038771518,0.126172586,0.196937465,0.037307219,0.002711789,0.066029704,0.111205169,0.020624567,0.052991745,0.172983969,0.083275074,0.108492844,0.023906375,0.169063322,0.029230596,0.03846144,0.071256668,0.045200795,0.116826856,0.100215223,0.060810039,0.13996104,0.024395793,0.041031418,0.042030177,0.014397195,0.125015924,0.009967233,0.023513636,0.079379924,0.037567411,0.007963565,0.262091023,0.110915533,0.270216448,0.305952228,0.035253822,0.139381298,0.040665987,0.025885264,0.040394118
Clostridium_sp_L2_50,0.109148119,0.004214227,0.174629787,0.085032315,0.214989998,0.066239767,0.163025278,0.157118457,0.103488072,0.184092859,0.214730983,0.149648627,0.147994342,0.161896972,0.095119336,0.109909396,0.207880428,0.092183803,0.193819577,0.163524437,0.194914308,0.202398654,0.204931644,0.191731446,0.124837042,0.203344202,0.161249056,0.243588372,0.211845951,0.143167145,0.054899578,0.112574353,0.030249998,0.035055558,0.024019614,0.188863658,0.056236308,0.225716056,0.064842482,0.140306346,0.053832211,0.07281307,0.031208794,0.072889317,0.045106257,1,0.101123849,0.164286732,0.151391764,0.022479634,0.159235592,0.169709925,0.235242564,0.044994293,0.189092953,0.175015397,0.215461805,0.24075234,0.173837294,0.254995066,0.036519631,0.11411651,0.192193288,0.067420455,0.177742222,0.160065966,0.104853479,0.24129566,0.178631325,0.098261456,0.197801101,0.141875148,0.151677114,0.197500653,0.062422649,0.112076603,0.027986224,0.002014344,0.01182739,0.001911559,0.002958718,0.013249073,0.028992574,0.003777748,0.02400219,0.012328549,0.018507651,0.001298476,0.018510405,0.01597682,0.003747074,0.007519681,0.010822499,0.003466004,0.003255211,0.009047315,0.008181614,0.005176047,0.006252233,0.006256582,0.007118053,0.044735038,0.010094083,0.011589323,0.00199716,0.091563594,0.003859311,0.014605638,0.00329732,0.004717885,0.005178653,0.015728998,0.018882588,0.00243957,0.007451938,0.016180922,0.002347434,0.00017063,0.004724674,0.002419162,0.001524521,0.003334331,0.004282735,0.004303956,0.002613779,0.00150423,0.001836221,0.002067613,0.003647889,0.006314087,0.007502171,0.002117212,0.008094101,0.005468552,0.050811625,0.003617822,0.081805545,0.002811475,0.002608118,0.007937407,0.000627155,0.003679864,0.005830168,0.002363805,0.000501081,0.01733666,0.007873141,0.007151208,0.01954089,0.002218231,0.012155313,0.002558773,0.001628745,0.002801797
Clostridium_sp_M62_1,0.197117947,0.025392011,0.309864627,0.090752573,0.063310007,0.388975394,0.066278593,0.117914038,0.135295054,0.127379211,0.333025407,0.428047893,0.095247078,0.17563674,0.42134888,0.181980294,0.240298176,0.481033667,0.091133918,0.172332708,0.26465686,0.229099627,0.277009348,0.26926212,0.112549203,0.086411254,0.045002279,0.17961126,0.255344764,0.128947444,0.107869054,0.225095979,0.145616697,0.160255095,0.128398799,0.06259215,0.084437986,0.145026847,0.349517259,0.224247373,0.320623626,0.322822429,0.167471151,0.307999185,0.230837467,0.101123849,1,0.128677468,0.192617854,0.138847758,0.134511287,0.153697661,0.070683696,0.246027269,0.072238706,0.144881909,0.22974845,0.156682992,0.167917953,0.166508394,0.178594429,0.448562426,0.223598572,0.188046336,0.054573621,0.054285563,0.567621001,0.169627119,0.064535623,0.190010948,0.105090484,0.360367856,0.13595474,0.129308059,0.246672155,0.553975181,0.18575157,0.01076784,0.069007566,0.010218397,0.015816067,0.071313788,0.109700489,0.020194259,0.175500075,0.065903261,0.102097416,0.00694111,0.099201791,0.085405393,0.022611424,0.040719616,0.057852548,0.018527806,0.017400993,0.048363159,0.043735483,0.030596375,0.033421818,0.051290428,0.038050133,0.23970838,0.053958745,0.061951671,0.010675981,0.093990902,0.020630259,0.047767842,0.01762609,0.025219836,0.027682909,0.079902488,0.118099612,0.01304092,0.042996705,0.096185577,0.012548398,0.000912119,0.025256132,0.013367824,0.011194955,0.017823937,0.025379698,0.023611764,0.014411204,0.008040983,0.008397492,0.014113614,0.027064295,0.041347694,0.039088395,0.011750942,0.043267673,0.034137992,0.154497893,0.016238181,0.060868142,0.015028968,0.017858927,0.042430057,0.00335251,0.016093341,0.031165635,0.012635915,0.00267857,0.094720668,0.042086518,0.043934369,0.11129971,0.011857732,0.067467601,0.01367813,0.008706588,0.014977236
Clostridium_sp_SS2_1,0.13840214,0.004571972,0.326206871,0.189660809,0.340121339,0.0751974,0.328514764,0.360736804,0.134567415,0.056085616,0.259184183,0.1948602,0.263908238,0.16797919,0.135422234,0.10494167,0.407414999,0.067202847,0.12705992,0.366558279,0.369166196,0.320582478,0.374160324,0.28986594,0.195761468,0.464069343,0.3400898,0.360413664,0.338421375,0.422038966,0.113397238,0.265991409,0.087144668,0.057359816,0.016522032,0.206010942,0.126779201,0.512583397,0.052366533,0.11599788,0.152963067,0.2167488,0.021549764,0.067721304,0.043281063,0.164286732,0.128677468,1,0.466531942,0.020407265,0.22668794,0.511858888,0.42126203,0.032633901,0.184300692,0.640155868,0.316872082,0.343697699,0.374292775,0.438491713,0.050934551,0.148493507,0.341097862,0.264653635,0.309844648,0.138621398,0.115834102,0.393745361,0.349579681,0.095528038,0.345495935,0.232567719,0.610094037,0.516320285,0.122371632,0.111643103,0.025886539,0.001385578,0.012616816,0.001314877,0.002035171,0.009683159,0.022413624,0.002598546,0.061015597,0.008480265,0.013631031,0.000893165,0.012765035,0.01098975,0.002909581,0.005239697,0.007444319,0.002384111,0.002239116,0.006223249,0.005627771,0.004664811,0.004300635,0.011335524,0.004896195,0.054865024,0.006943275,0.007971784,0.001373758,0.08042896,0.002654649,0.010046574,0.002268081,0.003245225,0.003562167,0.015840945,0.017823941,0.001678073,0.005532707,0.014864061,0.001614696,0.000117369,0.003249895,0.004813078,0.001712001,0.002293539,0.008845458,0.003668536,0.004695686,0.001034693,0.042877234,0.001884564,0.003753792,0.00659814,0.013439005,0.005056391,0.005567575,0.009583593,0.050894958,0.00248854,0.075685998,0.00193389,0.010002135,0.005459792,0.000431392,0.002531216,0.004010315,0.001625957,0.000344672,0.025504891,0.005415587,0.013036725,0.018167687,0.001525823,0.017203555,0.001760067,0.001120342,0.001927233
Collinsella_aerofaciens_ATCC_25986,0.132090329,0.007255683,0.452891641,0.247881167,0.239372898,0.11278432,0.237101742,0.311254423,0.122951589,0.0628423,0.302473467,0.275122954,0.235037938,0.195223681,0.167870184,0.149816282,0.377148975,0.100082019,0.139938477,0.447092524,0.413889116,0.415807,0.470603688,0.364720455,0.230934889,0.307504109,0.223067051,0.430118057,0.391846574,0.477536539,0.166717579,0.414608711,0.149999037,0.036734085,0.025419187,0.220589099,0.197067236,0.451570753,0.076567038,0.13529629,0.140890125,0.270132718,0.033106403,0.090640008,0.047773763,0.151391764,0.192617854,0.466531942,1,0.028266372,0.290718206,0.592398418,0.3873026,0.050345618,0.302035994,0.54734282,0.428528799,0.446412927,0.374085642,0.562804423,0.078883897,0.229272358,0.405284617,0.213619686,0.24596376,0.196370642,0.169863166,0.455512019,0.289572853,0.080794003,0.265508986,0.352866554,0.50930733,0.483522754,0.170392407,0.16880268,0.038452289,0.002198902,0.020022783,0.0020867,0.0032298,0.013411069,0.035570239,0.004123872,0.073820987,0.013458111,0.020124226,0.001417445,0.020110612,0.017144843,0.004617481,0.008315357,0.011814074,0.003783565,0.003553458,0.009876245,0.008931227,0.007403017,0.006825073,0.010763274,0.007770221,0.086901784,0.01101892,0.012651156,0.002180143,0.1151613,0.004212907,0.015714633,0.003599426,0.005150145,0.005653129,0.019476485,0.030539462,0.002663087,0.007880069,0.021679564,0.00256251,0.000186264,0.005157557,0.001605358,0.002716931,0.003639828,0.004181354,0.003657377,0.001817183,0.00164205,0.001019403,0.002990788,0.004845907,0.010471195,0.037584813,0.001276818,0.008835696,0.014908176,0.072202114,0.003949293,0.153017252,0.003069067,0.032113025,0.008664646,0.000684616,0.00401702,0.005449317,0.002580381,0.000546991,0.038070484,0.008220535,0.008183891,0.02333875,0.002421469,0.033890686,0.002793212,0.001777973,0.003058503
Coprobacillus_sp_D7,0.056895315,0.104274701,0.053770819,0.020657031,0.011797319,0.218990336,0.013426457,0.027166496,0.064148167,0.079606053,0.067867216,0.098256871,0.030243359,0.048901574,0.12072662,0.079776487,0.041148674,0.22670294,0.059116051,0.032110272,0.046308352,0.049068385,0.04877454,0.052016458,0.032010564,0.012723693,0.008342694,0.033888506,0.046022301,0.024727927,0.070740122,0.042773356,0.087769783,0.244159846,0.500136807,0.015151282,0.03707694,0.019617779,0.287303055,0.101888191,0.09280286,0.080433584,0.471553502,0.14350623,0.310435327,0.022479634,0.138847758,0.020407265,0.028266372,1,0.035301446,0.027699635,0.011630126,0.377863115,0.022665465,0.023699475,0.046747943,0.03336162,0.0292026,0.028389223,0.226685041,0.131570075,0.042814574,0.058801652,0.012120169,0.014961505,0.169259868,0.031371043,0.012427481,0.098830619,0.01420656,0.079889461,0.017116952,0.019452482,0.105399722,0.157175548,0.310331585,0.067896329,0.197361657,0.06443183,0.099727791,0.307966716,0.222785949,0.127326276,0.07848954,0.288883487,0.228565331,0.043766988,0.463604051,0.443843748,0.098522262,0.103999041,0.342439179,0.112485577,0.099852253,0.296389371,0.26413536,0.125161905,0.205476669,0.357688143,0.181585872,0.198639906,0.280759512,0.29905849,0.067317113,0.096645388,0.130083552,0.104871028,0.081634782,0.135682803,0.149731433,0.129378639,0.341239209,0.082229174,0.159778602,0.194724146,0.079123593,0.00575134,0.087859482,0.039043298,0.036268647,0.062601555,0.041611166,0.083840335,0.046398899,0.040766541,0.01032884,0.054278409,0.030332724,0.093244247,0.052066956,0.031248391,0.160360563,0.102672872,0.099546282,0.026590696,0.027563855,0.094764763,0.014980903,0.234945049,0.021139161,0.031617331,0.093171952,0.079675424,0.01688965,0.171124867,0.193752116,0.158523807,0.300101386,0.066689738,0.15471593,0.072403783,0.054899162,0.067171303
Coprococcus_eutactus_ATCC_27759,0.085776566,0.006153472,0.345549108,0.130221574,0.163643777,0.095565522,0.139240523,0.111048059,0.099985691,0.105929805,0.256314513,0.24193831,0.167832135,0.171325168,0.127124007,0.119262838,0.234423856,0.123406741,0.175960702,0.24909225,0.277893618,0.344759299,0.279911308,0.328604784,0.135726215,0.117383529,0.148135266,0.334984257,0.323734893,0.273840602,0.109297296,0.185350994,0.058653932,0.050974193,0.038163686,0.26633061,0.124842062,0.320149766,0.064619377,0.106550657,0.057962631,0.117243327,0.04494867,0.098908023,0.056499512,0.159235592,0.134511287,0.22668794,0.290718206,0.035301446,1,0.304254534,0.242002233,0.064027544,0.239752304,0.306626104,0.343477567,0.36657744,0.279019907,0.361268548,0.049865111,0.153582249,0.265723326,0.096861011,0.167281199,0.166340082,0.152389267,0.332322556,0.14385839,0.077160829,0.173456379,0.275564382,0.242235633,0.294132681,0.163992217,0.167511953,0.038051393,0.003200501,0.02768447,0.003037191,0.004700974,0.018165533,0.051357472,0.006002294,0.023473044,0.018416185,0.0266317,0.002063091,0.029115241,0.025384852,0.005705906,0.011897028,0.017195382,0.005506978,0.005172058,0.014374873,0.012999399,0.007137877,0.009933892,0.009736974,0.010693208,0.05966073,0.015901708,0.017999313,0.003173198,0.147551325,0.006131885,0.015854397,0.005238963,0.007496035,0.008228129,0.02700624,0.02609819,0.003876123,0.009139702,0.018488402,0.003729732,0.000271107,0.007020095,0.002250201,0.001889092,0.005297769,0.00597923,0.005237367,0.002558076,0.002390003,0.001368997,0.002751356,0.006968675,0.01451199,0.03547137,0.001772838,0.012860353,0.01647751,0.079340648,0.005748196,0.113767824,0.004467026,0.030196908,0.01261139,0.000996459,0.002655408,0.009263292,0.003755744,0.000796145,0.050762687,0.011881491,0.009059928,0.032467646,0.003524447,0.044909928,0.00406552,0.00258784,0.004286486
Dorea_formicigenerans_ATCC_27755,0.153698693,0.006467763,0.457778496,0.193417008,0.247038377,0.106378375,0.234440506,0.250003662,0.158050899,0.074110592,0.319062241,0.273727649,0.238740008,0.225409529,0.175250722,0.123370991,0.410538845,0.095068841,0.179579783,0.446165405,0.448486534,0.462999935,0.471507123,0.423197097,0.232994614,0.330012767,0.25573493,0.503484043,0.44239603,0.44599827,0.172588594,0.315591093,0.105933524,0.078061644,0.023372975,0.22013895,0.227283163,0.522989957,0.067704718,0.141777107,0.135428176,0.191142199,0.03048548,0.08911358,0.061227771,0.169709925,0.153697661,0.511858888,0.592398418,0.027699635,0.304254534,1,0.41988317,0.04616571,0.33875755,0.646866452,0.450369137,0.400850294,0.378599826,0.580395988,0.057448943,0.209427995,0.41306867,0.17645429,0.259381915,0.2255762,0.154455282,0.501287389,0.281422013,0.120317249,0.27330729,0.323954614,0.561703257,0.576643894,0.165350588,0.155513684,0.036620521,0.001960115,0.01499801,0.001860098,0.002879065,0.013698328,0.031707544,0.003676046,0.061038712,0.011996649,0.019283206,0.00126352,0.01805812,0.015546704,0.004116053,0.007412363,0.010531143,0.003372695,0.003167576,0.00880375,0.007961354,0.006599098,0.006083914,0.011781513,0.006926426,0.077615078,0.009822338,0.011277324,0.001943394,0.118772124,0.003755413,0.014212436,0.003208552,0.004590873,0.005039237,0.022409471,0.027281246,0.002373894,0.007826872,0.021027518,0.002284238,0.000166037,0.00459748,0.006808845,0.00242189,0.003244566,0.012513271,0.005189713,0.006642775,0.001463734,0.043233467,0.002666008,0.005310321,0.009334092,0.010662859,0.007153048,0.007876197,0.013557478,0.072442109,0.003520426,0.133781041,0.002735787,0.005880017,0.007723722,0.000610271,0.003580798,0.005673212,0.002300169,0.000487591,0.027498117,0.007661186,0.018442467,0.025701008,0.002158513,0.01587216,0.002489888,0.001584897,0.002726369
Dorea_longicatena_DSM_13814,0.065131219,0.00325649,0.229001508,0.217296489,0.370203013,0.05094342,0.313830083,0.247166754,0.114363756,0.083154803,0.165300962,0.126305826,0.257183757,0.176342217,0.073796393,0.128860389,0.25273799,0.046955313,0.141259417,0.341451848,0.238065455,0.257619813,0.236637521,0.220382298,0.173969026,0.375822269,0.430948251,0.323384913,0.240894549,0.370480791,0.090556049,0.216646126,0.076094468,0.018150669,0.011768188,0.355241203,0.196004777,0.4365219,0.026930342,0.067229513,0.04155275,0.11687598,0.015349303,0.043251247,0.020105297,0.235242564,0.070683696,0.42126203,0.3873026,0.011630126,0.242002233,0.41988317,1,0.023244228,0.317407463,0.422519692,0.270368281,0.348621751,0.331404661,0.449185283,0.036075444,0.095536809,0.25092187,0.161785838,0.426480922,0.28097167,0.070419007,0.365879038,0.496662938,0.057004151,0.38246841,0.175121276,0.47312812,0.480075822,0.089151587,0.076188718,0.016760715,0.000986909,0.00898661,0.000936551,0.001449597,0.006812791,0.015964607,0.001850873,0.017553708,0.006040259,0.009709008,0.000636176,0.009092183,0.007827696,0.002072414,0.003732092,0.005302383,0.001698137,0.00159486,0.004432649,0.004008506,0.003322616,0.003063224,0.003658032,0.003487425,0.036364806,0.004945503,0.005678082,0.00097849,0.077187896,0.001890834,0.007155898,0.001615491,0.002311484,0.002537233,0.00955623,0.012339493,0.001195245,0.003940795,0.009627728,0.001150104,8.36E-05,0.002314811,0.001504564,0.001219411,0.001633625,0.002668025,0.00242719,0.001599986,0.000736984,0.001234624,0.001342323,0.002673723,0.004699674,0.024740638,0.001356479,0.00396563,0.004802699,0.036474277,0.001772519,0.100691778,0.001377456,0.022146564,0.00388886,0.000307269,0.001802916,0.002856437,0.001158125,0.0002455,0.017769486,0.003857373,0.004479813,0.011295333,0.001086802,0.016002628,0.001253647,0.000797989,0.001372715
Enterococcus_faecalis_TX0104,0.115424034,0.077977615,0.091330974,0.042292561,0.018865464,0.39966009,0.019781992,0.042464516,0.091734668,0.111454194,0.108528607,0.157125663,0.040553008,0.088730241,0.165080716,0.141454023,0.060719723,0.434659277,0.060103836,0.05134855,0.069941489,0.078466802,0.077996905,0.083529033,0.041936748,0.02462476,0.012600566,0.054192179,0.070410312,0.038369013,0.114235318,0.087211362,0.13609818,0.327048216,0.488783232,0.029824484,0.05609239,0.037592319,0.402829254,0.143687043,0.154154313,0.131240923,0.54253133,0.21726215,0.439678836,0.044994293,0.246027269,0.032633901,0.050345618,0.377863115,0.064027544,0.04616571,0.023244228,1,0.041717317,0.037898577,0.072303691,0.053829011,0.06057416,0.045398102,0.297473537,0.214652156,0.067798584,0.096175338,0.018357417,0.024109523,0.270668795,0.050166425,0.020338821,0.134767563,0.029244011,0.127753757,0.035167612,0.035259231,0.16278965,0.292305572,0.357138591,0.041469953,0.209085068,0.040291763,0.062363719,0.228313846,0.247705656,0.079627198,0.10431132,0.248123633,0.274607483,0.027369223,0.37851937,0.333993816,0.053146301,0.112823469,0.228116136,0.072308921,0.068613179,0.188261942,0.172451683,0.078412219,0.131784273,0.107931037,0.131312781,0.226562845,0.200399701,0.228628076,0.042096044,0.081878474,0.081346373,0.135586198,0.069500752,0.099443355,0.109155402,0.155559355,0.278201598,0.051421144,0.128987726,0.152404595,0.047720965,0.00359654,0.096436374,0.026121734,0.024923921,0.063486297,0.049973934,0.057987686,0.029995249,0.031706088,0.008291781,0.036287612,0.043500869,0.108403946,0.054808073,0.020181166,0.146371846,0.061642929,0.226918191,0.033758964,0.05854108,0.055030775,0.025617531,0.167304309,0.013219151,0.024960411,0.122888007,0.049824184,0.010561764,0.194583936,0.15478279,0.102330247,0.303279147,0.046755761,0.149043512,0.053933704,0.034330611,0.047243885
Eubacterium_biforme_DSM_3989,0.086222972,0.004596758,0.234833061,0.135021056,0.148050584,0.045516439,0.146799255,0.166333499,0.171531111,0.073198225,0.207935735,0.152091229,0.201392381,0.151866589,0.067323579,0.078242129,0.147894196,0.067124312,0.116383128,0.254187197,0.171358887,0.240251489,0.227740504,0.2381069,0.181553098,0.193667155,0.143360585,0.273401685,0.222065811,0.249784091,0.196384107,0.170984833,0.094289773,0.030430265,0.025285561,0.243379276,0.221468569,0.338435347,0.033634883,0.108176468,0.031326291,0.092262724,0.026869324,0.058171233,0.033017622,0.189092953,0.072238706,0.184300692,0.302035994,0.022665465,0.239752304,0.33875755,0.317407463,0.041717317,1,0.259738977,0.30508051,0.3369428,0.320727512,0.33520291,0.027345588,0.091887586,0.169986385,0.081961985,0.180222273,0.228240299,0.082750041,0.326676784,0.21819342,0.040082814,0.234385905,0.159003213,0.263422153,0.362212148,0.095444104,0.099271801,0.019830265,0.002568156,0.012278895,0.002514285,0.00381441,0.012118442,0.035628885,0.004968893,0.025217848,0.012923303,0.019593622,0.001707893,0.019443893,0.019840715,0.004213032,0.005440457,0.014030875,0.003978206,0.003917453,0.011849584,0.010667978,0.008919969,0.008223597,0.007020578,0.009066668,0.047457819,0.012744068,0.014642573,0.002626876,0.084696624,0.005076173,0.006126924,0.003334456,0.0060417,0.006637794,0.020883149,0.026192713,0.00320878,0.005492881,0.01496874,0.002881608,0.000224431,0.004902291,0.001433376,0.001064097,0.004385664,0.001848797,0.00390275,0.001660668,0.001422659,0.00074832,0.001777431,0.000995973,0.004300799,0.007539942,0.001038401,0.007462737,0.013148747,0.085546569,0.001239087,0.16409444,0.003141434,0.001440139,0.009487439,0.000824901,0.004840147,0.006520546,0.002800723,0.000659075,0.014576165,0.007732758,0.006124486,0.018027936,0.002691557,0.01092155,0.002833753,0.002142297,0.00368522
Eubacterium_hallii_DSM_3353,0.17085036,0.005309547,0.383600254,0.233443691,0.311492494,0.087328649,0.275140573,0.273541243,0.15810336,0.069512643,0.310180707,0.237434692,0.264447832,0.198005839,0.164500921,0.130846889,0.391426208,0.078044372,0.144290859,0.443610021,0.44937274,0.387613134,0.432988522,0.352738126,0.231468245,0.353739918,0.307111468,0.446511637,0.395368635,0.473129459,0.11802474,0.316216749,0.124068309,0.06661341,0.019187455,0.249390031,0.168695423,0.54022789,0.060814584,0.155039626,0.153404048,0.207378896,0.025026287,0.083867333,0.050263397,0.175015397,0.144881909,0.640155868,0.54734282,0.023699475,0.306626104,0.646866452,0.422519692,0.037898577,0.259738977,1,0.405624956,0.417986673,0.351789082,0.559848413,0.059151587,0.172449278,0.373513888,0.194786046,0.280842852,0.174084062,0.140018274,0.490847118,0.301341792,0.122041976,0.2810509,0.284764184,0.626577732,0.545632232,0.158271937,0.129653969,0.030062695,0.001609107,0.014652228,0.001527001,0.002363496,0.011245298,0.02602951,0.003017758,0.067213542,0.009848347,0.015830062,0.001037255,0.014824359,0.012762675,0.00337897,0.006084993,0.008645277,0.002768729,0.002600342,0.007227217,0.006535673,0.005417364,0.004994436,0.016472405,0.005686075,0.057391774,0.008063401,0.009257835,0.00159538,0.106027402,0.003082912,0.011667341,0.00263398,0.003768762,0.004136834,0.018396491,0.022395852,0.001948788,0.006425273,0.017262012,0.001875188,0.000136304,0.003774186,0.00558955,0.00198819,0.002663545,0.010272455,0.004260365,0.005453219,0.001201616,0.04979442,0.002188592,0.004359374,0.007662588,0.026536068,0.005872115,0.006465766,0.01112967,0.059469526,0.002890005,0.116980513,0.002245875,0.022516825,0.006340595,0.000500987,0.002939566,0.004657281,0.001888266,0.000400276,0.034196424,0.006289258,0.015139879,0.021098596,0.001771977,0.026091502,0.002044011,0.001301081,0.002238144
Eubacterium_rectale_M104_1,0.155554547,0.010425783,0.613645819,0.13232033,0.177991643,0.142325336,0.14930056,0.177541439,0.152565544,0.142626701,0.496198137,0.426166898,0.181780051,0.285242275,0.226068782,0.148335592,0.400610981,0.153797614,0.183515744,0.403464868,0.423321677,0.559462582,0.57748424,0.509730013,0.223339592,0.217684852,0.152388451,0.534140312,0.49816664,0.335440057,0.154648384,0.300599616,0.139783324,0.068649437,0.037847846,0.189350973,0.219560628,0.428391789,0.101148153,0.225587692,0.125417298,0.220980663,0.049365122,0.148000575,0.085952837,0.215461805,0.22974845,0.316872082,0.428528799,0.046747943,0.343477567,0.450369137,0.270368281,0.072303691,0.30508051,0.405624956,1,0.443881616,0.31213774,0.554715912,0.062059292,0.263288303,0.448520993,0.170818334,0.19732947,0.180089259,0.25922839,0.486705076,0.201524225,0.119358532,0.185431836,0.363475066,0.363165716,0.366638246,0.224314171,0.249598703,0.051309705,0.003174014,0.024976656,0.003012055,0.004662069,0.022181696,0.05134401,0.00595262,0.082578397,0.019426167,0.031225285,0.002046017,0.029241505,0.02517477,0.006665122,0.012002836,0.017053075,0.005461403,0.005129254,0.014255907,0.012891817,0.010685917,0.00985168,0.032492326,0.011215958,0.084893388,0.015905307,0.018261365,0.003146937,0.244883564,0.006081138,0.023014189,0.005195606,0.007433998,0.008160033,0.036287645,0.043792184,0.003844045,0.011848978,0.034049849,0.003698865,0.000268863,0.007444697,0.011025559,0.003921766,0.005253925,0.020262733,0.0084037,0.010756642,0.002370224,0.015808275,0.004317066,0.008599,0.01511469,0.017570959,0.011582927,0.012753922,0.020703768,0.110639651,0.005700624,0.1568401,0.004430058,0.009994142,0.012507019,0.000988212,0.005798384,0.009186629,0.003724662,0.000789556,0.044889699,0.012405755,0.027415072,0.041617629,0.003495279,0.026177053,0.004031874,0.002566423,0.004414809
Eubacterium_siraeum_70_3,0.112501974,0.007547282,0.413253382,0.158624936,0.265224648,0.118629162,0.176563076,0.250003382,0.125855357,0.079917808,0.336393455,0.269343261,0.267375262,0.155672359,0.126171639,0.163067421,0.304099217,0.106200735,0.144748205,0.395092051,0.332920226,0.421677269,0.414604247,0.365449902,0.226930516,0.260587984,0.219302993,0.491197075,0.382741277,0.361382595,0.130913743,0.282911081,0.120542095,0.040180707,0.027220302,0.23567446,0.166995872,0.425082239,0.069562393,0.173206074,0.09034669,0.182132509,0.035344604,0.16063553,0.051975278,0.24075234,0.156682992,0.343697699,0.446412927,0.03336162,0.36657744,0.400850294,0.348621751,0.053829011,0.3369428,0.417986673,0.443881616,1,0.317450878,0.513444551,0.064839887,0.212460945,0.399297398,0.160036844,0.220283391,0.145450706,0.184503166,0.53796627,0.276048736,0.135531704,0.255518332,0.325772417,0.368887782,0.454730555,0.167129796,0.173220404,0.04165283,0.002287273,0.020727819,0.002170562,0.003359603,0.015550712,0.036999773,0.004289606,0.026147832,0.01399898,0.022501719,0.001474411,0.021072157,0.018141566,0.004803053,0.008649543,0.012288871,0.003935623,0.003696268,0.010203517,0.009290165,0.004751879,0.007099366,0.02341478,0.007287166,0.089054796,0.011007146,0.012506822,0.002267761,0.147552212,0.00438222,0.016584598,0.003744083,0.005357124,0.005880323,0.021860385,0.020677614,0.002770114,0.009133236,0.019888647,0.002665494,0.00019375,0.005364834,0.003245115,0.002826122,0.003786109,0.005921376,0.00538938,0.003466428,0.001708042,0.002538935,0.003110985,0.006196653,0.010892023,0.04070431,0.002901712,0.009190794,0.015820323,0.084533244,0.004108012,0.136910035,0.00319241,0.035008084,0.00901287,0.00071213,0.00417846,0.006620114,0.002684084,0.000568974,0.041218707,0.008939896,0.010084593,0.02574013,0.002518785,0.036886082,0.002905469,0.001849428,0.003181421
Eubacterium_ventriosum_ATCC_27560,0.089236924,0.00848637,0.341546835,0.138308962,0.152658205,0.120889424,0.209798106,0.258092845,0.178094557,0.076771164,0.292747094,0.253668527,0.162640421,0.211663655,0.138454582,0.094833878,0.315035106,0.117426591,0.077889565,0.278582884,0.344911694,0.325554123,0.326504616,0.401546936,0.156087211,0.261560885,0.158614239,0.314213668,0.368580264,0.255752818,0.151905895,0.317041968,0.148648512,0.043575294,0.030667747,0.172508936,0.09339226,0.386320016,0.073953461,0.121802004,0.098085058,0.193224801,0.039045599,0.098469578,0.055921787,0.173837294,0.167917953,0.374292775,0.374085642,0.0292026,0.279019907,0.378599826,0.331404661,0.06057416,0.320727512,0.351789082,0.31213774,0.317450878,1,0.388773338,0.074483185,0.183233733,0.274225613,0.251606182,0.155698964,0.178092978,0.164509865,0.371956083,0.199731094,0.07477506,0.296985334,0.292952181,0.364280429,0.418223588,0.145345032,0.173791205,0.04414651,0.002571873,0.015875103,0.00244064,0.00377763,0.015100193,0.041420331,0.004823351,0.040283736,0.015696303,0.023758616,0.001657868,0.023694111,0.020398875,0.005400685,0.009725783,0.013817943,0.004425322,0.004156186,0.011551425,0.010446116,0.006123662,0.007982722,0.008497549,0.008979661,0.095532248,0.012887918,0.014797009,0.002549933,0.062261853,0.004927488,0.010414738,0.00420995,0.006023698,0.006611997,0.018203333,0.022924155,0.003114793,0.009439118,0.025575936,0.002997155,0.000217857,0.006032367,0.002096646,0.003177769,0.004257205,0.005103121,0.004498594,0.002344448,0.00192057,0.001385904,0.003498077,0.004457709,0.009003933,0.010232763,0.001712323,0.010334381,0.017788805,0.079212205,0.002687391,0.062131413,0.003589633,0.004049804,0.010134318,0.000800739,0.004698375,0.007443838,0.003018058,0.00063977,0.022592321,0.009838349,0.009017221,0.024991006,0.002832191,0.015239761,0.003266989,0.002079548,0.003577277
Faecalibacterium_prausnitzii_SL3_3,0.132486279,0.006360222,0.484855906,0.181964943,0.257682956,0.102137653,0.250735576,0.244908572,0.125718321,0.098069246,0.37913291,0.284251321,0.238393166,0.24921195,0.188609855,0.138086988,0.447816518,0.093488109,0.17145556,0.518499508,0.496034592,0.532660603,0.511164828,0.467531472,0.253250515,0.327378603,0.247645174,0.634432502,0.508787013,0.413624449,0.12490221,0.333877054,0.117621148,0.040351356,0.022984347,0.218828477,0.203977857,0.605893326,0.072848821,0.159637335,0.109415154,0.190505392,0.029978591,0.091504622,0.05053383,0.254995066,0.166508394,0.438491713,0.562804423,0.028389223,0.361268548,0.580395988,0.449185283,0.045398102,0.33520291,0.559848413,0.554715912,0.513444551,0.388773338,1,0.047426443,0.187499734,0.476361462,0.161821699,0.269576376,0.239966065,0.160455579,0.63879516,0.285495651,0.097248101,0.304384239,0.33969654,0.488187787,0.52148437,0.16193398,0.155310422,0.036011623,0.001927524,0.01755167,0.00182917,0.002831194,0.013470563,0.031180336,0.003614924,0.052213452,0.011797177,0.018962579,0.001242511,0.017757864,0.015288205,0.004047614,0.007289116,0.01035604,0.003316616,0.003114908,0.008657368,0.007828979,0.006489374,0.005982756,0.015384332,0.006811259,0.076324553,0.00965902,0.011089813,0.001911081,0.146033955,0.003692971,0.013976122,0.003155202,0.00451454,0.004955448,0.022036863,0.026827635,0.002334422,0.007696732,0.020677889,0.002246257,0.000163276,0.004521037,0.006695632,0.002381621,0.003190618,0.010854972,0.005103423,0.006532324,0.001439396,0.007724668,0.00262168,0.005222025,0.009178892,0.03132096,0.007034113,0.007745238,0.013332054,0.071237597,0.003461891,0.139629901,0.002690298,0.026521483,0.007595298,0.000600124,0.003521259,0.005578882,0.002261923,0.000479484,0.040813813,0.007533802,0.014378861,0.025273671,0.002122623,0.031254594,0.002448488,0.001558545,0.002681037
Gordonibacter_pamelaeae_7_10_1_bT_DSM_19378,0.068764891,0.089761705,0.089436793,0.085768687,0.02875821,0.389176553,0.033342762,0.070117578,0.072919921,0.0857695,0.092196349,0.132077477,0.070432948,0.086660725,0.122448043,0.09932723,0.05395922,0.279627902,0.045716266,0.046169959,0.065485553,0.075189509,0.075899574,0.082981842,0.0430527,0.026115983,0.020835588,0.054353497,0.070416881,0.060849128,0.17084605,0.112968803,0.32074593,0.199056234,0.25446722,0.046977159,0.03952675,0.031243486,0.283109114,0.075349049,0.118825669,0.194174826,0.307515014,0.162920931,0.255845152,0.036519631,0.178594429,0.050934551,0.078883897,0.226685041,0.049865111,0.057448943,0.036075444,0.297473537,0.027345588,0.059151587,0.062059292,0.064839887,0.074483185,0.047426443,1,0.24591697,0.066342503,0.068420255,0.028941302,0.019284658,0.190134608,0.051911638,0.014575332,0.101126516,0.02376336,0.164399857,0.054889133,0.048217578,0.129111307,0.211228194,0.264365017,0.025596208,0.133966412,0.025815039,0.039956599,0.179458857,0.147815011,0.051017355,0.081212357,0.144536235,0.173659485,0.017535533,0.207651337,0.190130502,0.029766907,0.064118752,0.13361308,0.046807345,0.043960644,0.112596056,0.110398648,0.045881423,0.083919292,0.066486419,0.068191994,0.231498366,0.126990775,0.144384935,0.026971046,0.089763064,0.052118835,0.085819312,0.040003599,0.051624897,0.064133527,0.107615165,0.183303201,0.032945662,0.076830396,0.115702241,0.029607225,0.002304313,0.054411041,0.032920145,0.033611776,0.026144844,0.057445922,0.048045356,0.035262873,0.020314174,0.015637817,0.036999721,0.052503098,0.079198641,0.043757629,0.028831007,0.066281533,0.095746626,0.142477116,0.014950435,0.025811953,0.034319841,0.025524867,0.091703858,0.008469545,0.010324261,0.046897241,0.031922486,0.00676695,0.138753185,0.10370631,0.080013414,0.205182577,0.029956539,0.122396133,0.034555466,0.021995712,0.02420212
Holdemania_filiformis_VPI_J1_31B_1_DSM_12042,0.223316652,0.030789037,0.337617815,0.158666228,0.075697367,0.465409105,0.07982401,0.146607245,0.107685814,0.138126735,0.32390639,0.44081487,0.12696904,0.201482009,0.290925337,0.217685773,0.211481885,0.369404813,0.101285274,0.186885801,0.249469194,0.261383692,0.292132816,0.303073212,0.12299662,0.097271158,0.054201888,0.207299346,0.259395209,0.153498182,0.150866345,0.266499171,0.197007787,0.138737389,0.111264342,0.075188018,0.09923124,0.148351235,0.303442154,0.24404516,0.239253072,0.308738271,0.145122598,0.270863112,0.197274405,0.11411651,0.448562426,0.148493507,0.229272358,0.131570075,0.153582249,0.209427995,0.095536809,0.214652156,0.091887586,0.172449278,0.263288303,0.212460945,0.183233733,0.187499734,0.24591697,1,0.248966871,0.201481188,0.068426671,0.054996163,0.521317404,0.195119543,0.06635621,0.199983483,0.099440602,0.44165964,0.155442202,0.144974405,0.240803604,0.487029942,0.156899889,0.009330902,0.054902844,0.008854781,0.013705457,0.057457753,0.090445677,0.017499392,0.085175025,0.057108657,0.085917115,0.006014839,0.085963592,0.074008285,0.019473856,0.035285698,0.050132289,0.016055322,0.015078879,0.041909232,0.037899106,0.031414244,0.028961771,0.054666451,0.03297245,0.243922347,0.046758102,0.053684395,0.009251301,0.122187987,0.017877209,0.052120659,0.015273938,0.02185432,0.023988703,0.082101764,0.10326161,0.011300646,0.03422821,0.08266159,0.01087385,0.000790399,0.020930588,0.007527406,0.011529129,0.015445383,0.01707814,0.016278407,0.008420794,0.006967937,0.00426681,0.012691223,0.014558051,0.030808533,0.031397381,0.006144251,0.03422296,0.04981791,0.189670117,0.016758581,0.098123897,0.013023395,0.011645826,0.036767885,0.002905127,0.015779661,0.027006669,0.010949687,0.002321122,0.070416384,0.035730823,0.034245599,0.08395127,0.010275351,0.05038968,0.011852822,0.007544719,0.012978566
Parabacteroides_distasonis_ATCC_8503,0.15357488,0.009765556,0.51969121,0.132017756,0.20525282,0.136755388,0.180659594,0.242716411,0.135124336,0.125416677,0.39502791,0.358355528,0.196203408,0.269450664,0.232003125,0.177016084,0.442679263,0.126706338,0.176670495,0.484374041,0.494544397,0.487908306,0.522034811,0.468203538,0.24000532,0.254380622,0.180019309,0.534963471,0.538565857,0.365746311,0.112447826,0.367471361,0.115415742,0.07641733,0.035290423,0.121939293,0.138084907,0.380625408,0.079528262,0.162829852,0.162245004,0.218447119,0.045961869,0.17175737,0.080600461,0.192193288,0.223598572,0.341097862,0.405284617,0.042814574,0.265723326,0.41306867,0.25092187,0.067798584,0.169986385,0.373513888,0.448520993,0.399297398,0.274225613,0.476361462,0.066342503,0.248966871,1,0.229268868,0.215991858,0.127770376,0.211607373,0.434802992,0.209465031,0.202244543,0.209223657,0.349593501,0.361747243,0.325355746,0.196942285,0.207006349,0.048757671,0.002959542,0.026949031,0.002808527,0.004347048,0.020682853,0.047874635,0.005550394,0.105872247,0.018113518,0.029115356,0.001907765,0.027265622,0.023473681,0.006214752,0.01119179,0.015900779,0.005092369,0.004782665,0.013292619,0.012020702,0.009963857,0.00918599,0.030296781,0.010458083,0.107608837,0.014830566,0.017027423,0.002934294,0.139452433,0.005670229,0.021459094,0.004844533,0.006931674,0.00760865,0.033835646,0.04119145,0.003584298,0.011817649,0.029192778,0.003448929,0.000250696,0.00694165,0.010280549,0.003656767,0.003914175,0.018893556,0.007835852,0.010029803,0.002210065,0.02721757,0.004025356,0.008017955,0.014093373,0.023526551,0.010800255,0.011892124,0.020470185,0.0814053,0.005315426,0.094128359,0.004130713,0.016386503,0.011661905,0.000921438,0.00540658,0.008447751,0.003472982,0.000736205,0.049060835,0.011567484,0.027845941,0.038805477,0.003259099,0.031820405,0.003759435,0.002393007,0.004116495
Parabacteroides_johnsonii_DSM_18315,0.177525494,0.009124258,0.205268428,0.153723176,0.097190612,0.161778898,0.110201494,0.264468636,0.085441944,0.078467592,0.195121604,0.207567318,0.073352624,0.186524947,0.152687171,0.09790053,0.18631638,0.148168516,0.059961643,0.191298606,0.204458732,0.160955654,0.231280501,0.221554686,0.115577117,0.212101006,0.099762562,0.156998711,0.192165699,0.175972588,0.065195963,0.222860427,0.10334424,0.091710223,0.05195292,0.094164562,0.057203202,0.137891864,0.114969154,0.093662361,0.16709927,0.183666367,0.066849675,0.132768058,0.104699649,0.067420455,0.188046336,0.264653635,0.213619686,0.058801652,0.096861011,0.17645429,0.161785838,0.096175338,0.081961985,0.194786046,0.170818334,0.160036844,0.251606182,0.161821699,0.068420255,0.201481188,0.229268868,1,0.075698853,0.029210047,0.194728792,0.159686184,0.133426553,0.125937086,0.150908689,0.184821145,0.18584085,0.158546012,0.150459653,0.196405591,0.065474792,0.00455164,0.027000011,0.004319387,0.00668556,0.031809282,0.055082759,0.008536252,0.095031171,0.027857763,0.039922502,0.002934055,0.041795215,0.035742057,0.009558005,0.013965169,0.024454671,0.007831831,0.00735552,0.02044344,0.01848729,0.012527603,0.014127633,0.023674576,0.016084053,0.126989503,0.022808733,0.026141598,0.004512811,0.035367403,0.008720553,0.014916816,0.007099869,0.010660598,0.011701756,0.049331327,0.05009548,0.005512487,0.018175004,0.041401133,0.005304294,0.000385559,0.007825528,0.015811014,0.003072295,0.006769319,0.028392964,0.012051182,0.015425379,0.003398979,0.02232431,0.004299007,0.008850564,0.013425854,0.016568174,0.016610298,0.017830142,0.015647558,0.070945747,0.002949508,0.029376096,0.006352849,0.006048398,0.017935477,0.001417129,0.008315073,0.011257687,0.005341288,0.00113225,0.051662091,0.017790261,0.038647834,0.051257284,0.005012345,0.027965891,0.00578184,0.003680335,0.006330981
Parabacteroides_merdae_ATCC_43184,0.048055175,0.002756707,0.152522872,0.142420299,0.486223063,0.03651321,0.321725429,0.199303611,0.083129337,0.093610088,0.11484071,0.090601278,0.241880856,0.155342499,0.051810606,0.084562641,0.192768701,0.03511513,0.119988767,0.264577521,0.171867251,0.187819222,0.17297625,0.148556169,0.226996541,0.363150286,0.538660362,0.267382594,0.194628859,0.282825248,0.071418232,0.146723883,0.038591028,0.022228991,0.009899656,0.257183256,0.15404109,0.321815076,0.020965691,0.047825483,0.04951833,0.117894906,0.012602579,0.048975133,0.022623529,0.177742222,0.054573621,0.309844648,0.24596376,0.012120169,0.167281199,0.259381915,0.426480922,0.018357417,0.180222273,0.280842852,0.19732947,0.220283391,0.155698964,0.269576376,0.028941302,0.068426671,0.215991858,0.075698853,1,0.226894034,0.053507896,0.257091906,0.376703201,0.067046142,0.265412949,0.110971188,0.356839409,0.317506165,0.075294869,0.054568274,0.011547617,0.000835445,0.007607409,0.000792816,0.001227123,0.005838537,0.013514472,0.001566814,0.032023625,0.005113243,0.008153233,0.000538541,0.007696779,0.006626356,0.001609375,0.003159317,0.004488611,0.001437519,0.001350092,0.003752357,0.003393309,0.002812685,0.002593102,0.008552441,0.002952199,0.023460949,0.004186502,0.00480665,0.000828318,0.062368453,0.001600642,0.00319842,0.001367557,0.001956734,0.002147836,0.008933435,0.011438074,0.001011807,0.003147483,0.007189372,0.000973594,7.08E-05,0.001861031,0.002902083,0.001032264,0.001382908,0.005333439,0.002211973,0.002831301,0.000623877,0.007976634,0.001136313,0.002263379,0.003978401,0.02094362,0.003048791,0.003357013,0.005778503,0.023410342,0.000725526,0.097256608,0.001166054,0.018747666,0.003292025,0.000260111,0.001526217,0.002307046,0.000980384,0.000207822,0.016907987,0.003265371,0.007860596,0.010689066,0.000920007,0.013546657,0.001061246,0.000675519,0.00116204
Prevotella_copri_CB7_DSM_18205,0.014953061,0.003514911,0.134134268,0.050994259,0.149926769,0.039284142,0.215651524,0.058395211,0.084338122,0.068243057,0.095439446,0.086973831,0.051666501,0.159097209,0.05788248,0.04493086,0.138948691,0.048393676,0.130531653,0.162566709,0.143634717,0.189244213,0.120299718,0.147094084,0.253750972,0.123573294,0.226401741,0.222766486,0.160768942,0.175511267,0.060916698,0.045302168,0.02924042,0.02187344,0.016896547,0.298655166,0.224254103,0.291073933,0.026223087,0.033918085,0.024922943,0.036719104,0.017666337,0.040683438,0.023718505,0.160065966,0.054285563,0.138621398,0.196370642,0.014961505,0.166340082,0.2255762,0.28097167,0.024109523,0.228240299,0.174084062,0.180089259,0.145450706,0.178092978,0.239966065,0.019284658,0.054996163,0.127770376,0.029210047,0.226894034,1,0.050045126,0.224987221,0.23789976,0.030555146,0.24319599,0.110012203,0.174279676,0.284321913,0.053754576,0.061575332,0.014476031,0.001426003,0.006971656,0.001525932,0.00245163,0.007665025,0.017942294,0.003241531,0.00581718,0.007017724,0.011242476,0.001115337,0.013767266,0.012233776,0.002032948,0.003452508,0.00887402,0.002297005,0.002473928,0.007453393,0.006666003,0.005816029,0.005296725,0.00459591,0.005822976,0.023031086,0.008137554,0.009193357,0.001633012,0.068991316,0.003314987,0.004533938,0.002463051,0.003388255,0.003967949,0.004593761,0.017025863,0.001931355,0.003140254,0.007441465,0.00159409,0.000146564,0.003567132,0.000854434,0.001368835,0.002856316,0.001051795,0.002466891,0.000838298,0.001015542,0.000421488,0.001835361,0.000489168,0.003699617,0.004830278,0.000596074,0.00593022,0.009279375,0.030119526,0.00126183,0.139869019,0.001740607,0.000882774,0.006412121,0.0005387,0.00316085,0.004301986,0.001744581,0.000430408,0.009325293,0.004631567,0.004918242,0.011333492,0.00156461,0.006709393,0.001687485,0.001369752,0.002381217
Pseudoflavonifractor_capillosus_ATCC_29799,0.215360571,0.030682619,0.291371598,0.089789978,0.062485702,0.44948153,0.068328202,0.103107285,0.149782114,0.133501046,0.369759419,0.519751417,0.113493721,0.17716962,0.329922928,0.217088839,0.210980048,0.481913781,0.11731798,0.165836005,0.255728682,0.253718246,0.288058582,0.269358018,0.120092255,0.079049794,0.043503497,0.196287433,0.239866354,0.113111659,0.111747662,0.216346197,0.155449962,0.166925526,0.137035367,0.065632584,0.076811296,0.125289035,0.343138315,0.311315802,0.234006595,0.302858806,0.178735866,0.374572395,0.242763062,0.104853479,0.567621001,0.115834102,0.169863166,0.169259868,0.152389267,0.154455282,0.070419007,0.270668795,0.082750041,0.140018274,0.25922839,0.184503166,0.164509865,0.160455579,0.190134608,0.521317404,0.211607373,0.194728792,0.053507896,0.050045126,1,0.185342477,0.064942117,0.223993042,0.086046026,0.397929953,0.116862373,0.112407993,0.268972173,0.645199705,0.200751706,0.011492124,0.09073259,0.010905723,0.016879913,0.073931108,0.112348469,0.021552598,0.092912308,0.070336153,0.109084957,0.007407995,0.105874462,0.091150069,0.021605233,0.042927573,0.06174392,0.019774053,0.018571447,0.05161624,0.046677289,0.030055979,0.03566989,0.11764468,0.040609522,0.23209586,0.057588205,0.066118764,0.011394086,0.148591423,0.022017925,0.06733893,0.018811685,0.026916213,0.029544961,0.093744393,0.123056627,0.013918099,0.045341543,0.082691189,0.013392449,0.000973471,0.026954951,0.012250627,0.014199503,0.01902284,0.025032054,0.023135773,0.013358133,0.008581849,0.007303704,0.015630761,0.029450897,0.054725628,0.055323802,0.010535486,0.046178013,0.032869966,0.191609162,0.0206402,0.078166573,0.016039871,0.032411698,0.045284056,0.003578012,0.017476765,0.033261949,0.013485852,0.00285874,0.114369044,0.044917409,0.044732477,0.123814625,0.012655326,0.085509063,0.014598171,0.009292225,0.015984659
Roseburia_intestinalis_M50_1,0.111594442,0.007028259,0.438444386,0.129665959,0.247527329,0.112432545,0.243725429,0.206456671,0.130699196,0.091611774,0.413353852,0.314786926,0.260344407,0.225022398,0.193202652,0.123315277,0.427722833,0.103307495,0.173966624,0.434854632,0.466080469,0.512345314,0.512234595,0.452823193,0.283000748,0.303844232,0.232537508,0.628082623,0.502704773,0.329337947,0.119558892,0.273241614,0.099386151,0.043091589,0.025398474,0.188671512,0.148166695,0.629766294,0.08050039,0.189342828,0.09001267,0.174077947,0.033127348,0.12232368,0.054403978,0.24129566,0.169627119,0.393745361,0.455512019,0.031371043,0.332322556,0.501287389,0.365879038,0.050166425,0.326676784,0.490847118,0.486705076,0.53796627,0.371956083,0.63879516,0.051911638,0.195119543,0.434802992,0.159686184,0.257091906,0.224987221,0.185342477,1,0.233625456,0.106007395,0.30567248,0.340500919,0.418264274,0.539375524,0.177472955,0.171623225,0.039794051,0.002129979,0.019395184,0.002021294,0.003128565,0.014885424,0.034455316,0.003994612,0.047350137,0.013036277,0.020954286,0.001373016,0.019623035,0.016893979,0.00447275,0.008054718,0.011443771,0.003664972,0.003442078,0.009566682,0.008651284,0.007170975,0.006611146,0.021804556,0.007526669,0.071286627,0.010673541,0.012254615,0.002111808,0.107984241,0.004080857,0.015444084,0.003486604,0.004988718,0.005475936,0.024351473,0.029268467,0.002579615,0.008505147,0.02284976,0.00248219,0.000180426,0.004995897,0.007398898,0.002631771,0.00352574,0.01065523,0.005639453,0.007218437,0.001590581,0.007228611,0.002897044,0.005770513,0.010142983,0.035233712,0.00777293,0.008558747,0.014732367,0.070774105,0.003825506,0.119018143,0.002972869,0.029936336,0.008393059,0.000663158,0.003891109,0.006164852,0.002499501,0.000529846,0.043716136,0.008325104,0.014543101,0.027928254,0.002345569,0.034537375,0.002705661,0.001722244,0.002962636
Ruminococcus_bromii_L2_63,0.087316261,0.001874134,0.166370794,0.168703374,0.423460377,0.037305027,0.241352534,0.261303938,0.138744198,0.08408231,0.109537141,0.086859536,0.230612524,0.095587585,0.060714596,0.108453898,0.210793329,0.036759344,0.078897084,0.253364726,0.172886685,0.168545256,0.174525491,0.14673417,0.182466012,0.348347066,0.405645169,0.228095116,0.186611985,0.294131549,0.063374555,0.172141668,0.03847054,0.035257707,0.010210568,0.367527062,0.17151085,0.290763881,0.022797995,0.059718985,0.091126023,0.107015275,0.012362465,0.083992823,0.024111395,0.178631325,0.064535623,0.349579681,0.289572853,0.012427481,0.14385839,0.281422013,0.496662938,0.020338821,0.21819342,0.301341792,0.201524225,0.276048736,0.199731094,0.285495651,0.014575332,0.06635621,0.209465031,0.133426553,0.376703201,0.23789976,0.064942117,0.233625456,1,0.1259133,0.303621529,0.121251998,0.365707059,0.29425703,0.080721485,0.060213533,0.014176822,0.00087493,0.007898763,0.000830286,0.001285119,0.006114478,0.013747676,0.001640865,0.033069801,0.005326932,0.007997781,0.000563993,0.008060545,0.006863952,0.001837269,0.003308633,0.004700752,0.001505459,0.001413901,0.003872806,0.003553684,0.00179066,0.002715657,0.008956647,0.002758474,0.026582636,0.004181209,0.004755586,0.000867466,0.065860312,0.001676292,0.006343959,0.001432191,0.002049213,0.002249348,0.00990122,0.009116893,0.001059627,0.003493655,0.006675764,0.001019608,7.41E-05,0.002052162,0.003039242,0.000703694,0.001448267,0.005585508,0.002316515,0.002965114,0.000653362,0.027075041,0.000939581,0.002370351,0.004156462,0.021933459,0.003192883,0.003515672,0.002978753,0.029888361,0.001571401,0.08170356,0.001146841,0.019633719,0.003447613,0.000272405,0.001598349,0.002532333,0.001026719,0.000217645,0.018210236,0.003419699,0.008149503,0.011268574,0.000963488,0.014186901,0.001111403,0.000707445,0.001216961
Ruminococcus_gnavus_ATCC_29149,0.283302206,0.014427617,0.147253345,0.06126985,0.097475274,0.188150232,0.103811132,0.071376088,0.175539652,0.208162518,0.169366862,0.191620777,0.149294993,0.187486284,0.178456389,0.102950273,0.144633658,0.181166763,0.07230845,0.115174224,0.181553453,0.151667402,0.150387928,0.167164917,0.114757047,0.093061508,0.065916793,0.144395079,0.152042123,0.119828231,0.060705225,0.125098739,0.064224746,0.277788628,0.079547011,0.033784504,0.075971059,0.086320322,0.162202907,0.162191466,0.264020607,0.130591357,0.103650057,0.525039314,0.193278582,0.098261456,0.190010948,0.095528038,0.080794003,0.098830619,0.077160829,0.120317249,0.057004151,0.134767563,0.040082814,0.122041976,0.119358532,0.135531704,0.07477506,0.097248101,0.101126516,0.199983483,0.202244543,0.125937086,0.067046142,0.030555146,0.223993042,0.106007395,0.1259133,1,0.040448432,0.156828193,0.100568992,0.055963916,0.193547192,0.187458376,0.103434792,0.006710236,0.033761196,0.006367838,0.009856159,0.0468947,0.053866535,0.012584534,0.095571228,0.040338997,0.050679391,0.004325518,0.061819962,0.053222408,0.014090848,0.019644911,0.036052195,0.011546044,0.010843844,0.030138656,0.027254809,0.019467296,0.020827603,0.068692577,0.023711848,0.128532405,0.033625679,0.038606661,0.006652992,0.075047394,0.012856238,0.023350937,0.010984119,0.014793941,0.016930242,0.063616546,0.07111207,0.00812676,0.026794423,0.057744203,0.007819834,0.000568409,0.015595572,0.023309321,0.005533019,0.011107412,0.037570501,0.017260293,0.0227408,0.00501093,0.176350226,0.00734409,0.008887047,0.017833596,0.014468907,0.024487662,0.023568114,0.017789609,0.059169855,0.005831521,0.028848665,0.00936566,0.00492996,0.026441302,0.002089196,0.004851189,0.019260451,0.007874372,0.001669215,0.07364786,0.024026783,0.06262655,0.074168887,0.007389428,0.037366658,0.008523853,0.005425718,0.008281823
Ruminococcus_lactaris_ATCC_29176,0.053093264,0.003102395,0.201763675,0.102407464,0.220811738,0.055531504,0.358773614,0.313815321,0.069557562,0.054368989,0.193966876,0.127541904,0.151350647,0.133447615,0.101645507,0.126747446,0.274974007,0.058533227,0.103648152,0.235811464,0.238900694,0.240634825,0.224329882,0.216104378,0.242133628,0.380596687,0.309326962,0.276103182,0.23003695,0.209907417,0.065230423,0.174741683,0.021942193,0.022180413,0.014805784,0.217254641,0.062992041,0.379357957,0.045028304,0.100410672,0.075369728,0.081616019,0.019311253,0.053591525,0.028420796,0.197801101,0.105090484,0.345495935,0.265508986,0.01420656,0.173456379,0.27330729,0.38246841,0.029244011,0.234385905,0.2810509,0.185431836,0.255518332,0.296985334,0.304384239,0.02376336,0.099440602,0.209223657,0.150908689,0.265412949,0.24319599,0.086046026,0.30567248,0.303621529,0.040448432,1,0.15687459,0.341334947,0.370727393,0.090269397,0.082429927,0.021702858,0.00124165,0.011306227,0.001178293,0.001823765,0.008055775,0.020085379,0.002328619,0.030831237,0.007599366,0.011668323,0.000800386,0.01143905,0.009848175,0.002607344,0.004695416,0.006671031,0.002136458,0.002006525,0.0055768,0.005043179,0.004180248,0.003853901,0.004185872,0.004387596,0.043164743,0.006222033,0.007143704,0.001231057,0.038540721,0.002378894,0.009002973,0.002032481,0.002908123,0.003192142,0.007872247,0.017281507,0.00150376,0.004926768,0.01147134,0.001446967,0.000105177,0.002912308,0.001381233,0.001442006,0.002055295,0.002843162,0.002541089,0.001501142,0.000927213,0.001048349,0.001688803,0.003212192,0.00591275,0.031126673,0.001195177,0.004989235,0.007125518,0.033109619,0.00223004,0.062281271,0.001733004,0.027863018,0.004892649,0.000386581,0.002268283,0.003593738,0.001457059,0.000308868,0.022056388,0.004853035,0.004798536,0.013687702,0.001367326,0.019633342,0.001577238,0.001003965,0.001727039
Ruminococcus_obeum_A2_162,0.155711289,0.017898155,0.565753413,0.19619511,0.116687454,0.281858933,0.131821498,0.180132967,0.148507578,0.099580184,0.436533978,0.508621123,0.197071728,0.196897036,0.33033601,0.206676096,0.350490171,0.263082744,0.11674772,0.322349287,0.455788062,0.464225716,0.459823075,0.414500696,0.161213001,0.141933513,0.09726662,0.376692125,0.416299504,0.243060381,0.164723918,0.385185183,0.183125086,0.09371918,0.064679724,0.117475459,0.108037152,0.250825597,0.156013961,0.237944154,0.151257429,0.344020037,0.084362065,0.215587286,0.115750005,0.141875148,0.360367856,0.232567719,0.352866554,0.079889461,0.275564382,0.323954614,0.175121276,0.127753757,0.159003213,0.284764184,0.363475066,0.325772417,0.292952181,0.33969654,0.164399857,0.44165964,0.349593501,0.184821145,0.110971188,0.110012203,0.397929953,0.340500919,0.121251998,0.156828193,0.15687459,1,0.266893758,0.245528036,0.298892805,0.434520953,0.099488149,0.005424201,0.049391753,0.005147424,0.007967199,0.037907203,0.083316524,0.010172674,0.078044549,0.033198167,0.05336216,0.003496521,0.049971997,0.043022188,0.011390299,0.020512135,0.029142694,0.009333213,0.008765591,0.0243625,0.02203135,0.018261597,0.016835936,0.036304835,0.019167407,0.182662019,0.027181225,0.031207589,0.005377928,0.128674953,0.010392305,0.036267785,0.008878982,0.012704262,0.013945013,0.053545273,0.069784272,0.006569244,0.021659198,0.058189172,0.006321141,0.000459471,0.012722546,0.011146757,0.006702065,0.008978646,0.017368734,0.014361425,0.011678085,0.004050572,0.008576296,0.007377609,0.01469518,0.025830109,0.06298637,0.01032175,0.021795696,0.0287867,0.15785485,0.009742028,0.134776807,0.007570706,0.050151167,0.021373754,0.001688796,0.009909094,0.015699405,0.006365227,0.001349305,0.099029416,0.0212007,0.027054213,0.064740178,0.005973224,0.080753785,0.006890233,0.004385864,0.007544646
Ruminococcus_sp_SR1_5,0.144326496,0.004926942,0.364579676,0.268594673,0.328734158,0.07950247,0.289007357,0.324056209,0.142884514,0.079584024,0.25554432,0.210391712,0.25530612,0.208071594,0.145245398,0.144415657,0.403637116,0.072153519,0.107994198,0.404446912,0.390200307,0.363910901,0.401459332,0.336810039,0.196562992,0.414219593,0.332850095,0.434005151,0.385814329,0.461232201,0.137007777,0.33692276,0.112433103,0.061813258,0.017804811,0.253818307,0.168493419,0.536105679,0.053783967,0.103177807,0.137870992,0.234795506,0.023222897,0.065547906,0.046641425,0.151677114,0.13595474,0.610094037,0.50930733,0.017116952,0.242235633,0.561703257,0.47312812,0.035167612,0.263422153,0.626577732,0.363165716,0.368887782,0.364280429,0.488187787,0.054889133,0.155442202,0.361747243,0.18584085,0.356839409,0.174279676,0.116862373,0.418264274,0.365707059,0.100568992,0.341334947,0.266893758,1,0.53400823,0.148435492,0.117930425,0.027896382,0.001493155,0.013596391,0.001416965,0.002193183,0.010434964,0.024153828,0.002800298,0.065752876,0.009138676,0.014689351,0.00096251,0.013756118,0.011842999,0.003135482,0.00564651,0.0080223,0.002569215,0.002412962,0.006706425,0.006064714,0.005026989,0.004634538,0.005070987,0.005276338,0.057764735,0.007482354,0.008590717,0.001480417,0.079893136,0.002860758,0.010826594,0.002444175,0.003497185,0.003838735,0.017070843,0.020782011,0.001808359,0.005962269,0.016018114,0.001740062,0.000126482,0.003502218,0.005186768,0.001844921,0.002471611,0.009532223,0.003953363,0.005060261,0.001115027,0.035725013,0.002030883,0.004045238,0.007110423,0.026837906,0.005448971,0.005999844,0.010327668,0.055184161,0.002681752,0.114427428,0.002084038,0.023096821,0.005883693,0.000464886,0.002727741,0.004321678,0.001752198,0.000371432,0.031732235,0.005836055,0.013704974,0.019578234,0.001644288,0.024211352,0.00189672,0.001207326,0.002076864
Ruminococcus_torques_L2_14,0.067979923,0.004939778,0.339487878,0.133389106,0.319323715,0.080419306,0.299231072,0.249355534,0.143414696,0.066987132,0.258195432,0.198722553,0.284403506,0.213771465,0.123392368,0.109944366,0.343636416,0.072609178,0.157169701,0.369264805,0.318204784,0.375422368,0.333916247,0.333311617,0.205311698,0.375014809,0.338637298,0.448422949,0.342521989,0.358621736,0.137364711,0.25066743,0.10365289,0.027874283,0.017851196,0.246869514,0.14874163,0.610251803,0.045230533,0.099872714,0.084078913,0.16598913,0.023283398,0.067933463,0.033735338,0.197500653,0.129308059,0.516320285,0.483522754,0.019452482,0.294132681,0.576643894,0.480075822,0.035259231,0.362212148,0.545632232,0.366638246,0.454730555,0.418223588,0.52148437,0.048217578,0.144974405,0.325355746,0.158546012,0.317506165,0.284321913,0.112407993,0.539375524,0.29425703,0.055963916,0.370727393,0.245528036,0.53400823,1,0.105068079,0.120622668,0.027969058,0.001497045,0.011104385,0.001420657,0.002198897,0.010462149,0.024216754,0.002807594,0.05250534,0.009162485,0.01472762,0.000965018,0.013791956,0.011873852,0.003143651,0.00566122,0.0080432,0.002575908,0.002419248,0.006723896,0.006080514,0.005040086,0.004646612,0.007335918,0.005290084,0.056410852,0.007501847,0.008613098,0.001484274,0.090628886,0.002868211,0.0108548,0.002450543,0.003506296,0.003848736,0.013983631,0.020836153,0.00181307,0.005977802,0.016059845,0.001744595,0.000126811,0.003511342,0.002932259,0.001849728,0.00247805,0.004691305,0.003963663,0.003077356,0.001117932,0.002471721,0.002036174,0.004055777,0.007080431,0.007867471,0.00270705,0.006015475,0.010354574,0.055327928,0.002688738,0.125562793,0.002089467,0.004183668,0.005899021,0.000466097,0.002734847,0.004332937,0.001756762,0.0003724,0.016848013,0.005851259,0.007431097,0.017781743,0.001648572,0.011811986,0.001901661,0.001210471,0.002082275
Streptococcus_thermophilus_LMD_9,0.189489127,0.030409649,0.280673019,0.05538776,0.05135735,0.256829036,0.043888198,0.129096554,0.206784444,0.106016113,0.239814165,0.301579549,0.094834942,0.143709434,0.207991368,0.230116698,0.189569231,0.270365696,0.098957892,0.163930612,0.237496396,0.241097986,0.210470325,0.255641403,0.127956288,0.100695221,0.05878171,0.187228202,0.230457153,0.104994241,0.118538168,0.248417092,0.145554047,0.276743789,0.103306953,0.062107124,0.141587447,0.149830204,0.19238067,0.160324794,0.219089174,0.175007498,0.121531476,0.199867108,0.235951321,0.062422649,0.246672155,0.122371632,0.170392407,0.105399722,0.163992217,0.165350588,0.089151587,0.16278965,0.095444104,0.158271937,0.224314171,0.167129796,0.145345032,0.16193398,0.129111307,0.240803604,0.196942285,0.150459653,0.075294869,0.053754576,0.268972173,0.177472955,0.080721485,0.193547192,0.090269397,0.298892805,0.148435492,0.105068079,1,0.334800155,0.130040034,0.009215925,0.076582292,0.00874567,0.013064232,0.057094551,0.090812271,0.01727641,0.152628776,0.047444841,0.07556206,0.005940723,0.080835697,0.071624098,0.019352553,0.032874986,0.049172364,0.015857486,0.014893075,0.041363582,0.037432106,0.027724076,0.028604899,0.035064162,0.032566157,0.142921406,0.045921066,0.052746385,0.009137305,0.115899167,0.017656923,0.033989582,0.01508573,0.021585027,0.02369311,0.061761891,0.076304272,0.011161397,0.028864437,0.0985112,0.01073986,0.00078066,0.020280276,0.032013322,0.011387065,0.015255062,0.058833969,0.02440061,0.031232508,0.006882076,0.132720388,0.012534839,0.024967673,0.04298086,0.228375688,0.033631671,0.036929448,0.047273207,0.088161213,0.006877178,0.078404648,0.012862918,0.206808341,0.036314825,0.002869329,0.012714981,0.020448298,0.010814763,0.002292521,0.195854979,0.036020799,0.086711428,0.118483722,0.010148736,0.149435231,0.01170677,0.007451751,0.012818642
Subdoligranulum_variabile_DSM_15176,0.18897844,0.03952898,0.312450336,0.095878712,0.060440046,0.458399359,0.062589321,0.099431572,0.169110195,0.146153966,0.344534238,0.526818197,0.117339206,0.198697519,0.293934078,0.231251321,0.197152922,0.59810903,0.103376668,0.164871809,0.236502971,0.258709405,0.266833453,0.267025844,0.116662751,0.080050685,0.042621716,0.182339405,0.232069717,0.111066805,0.144996912,0.223920385,0.166980561,0.182036076,0.147989727,0.07609292,0.091561928,0.126855001,0.334245172,0.25229112,0.201287114,0.304358145,0.193023689,0.358226184,0.2454981,0.112076603,0.553975181,0.111643103,0.16880268,0.157175548,0.167511953,0.155513684,0.076188718,0.292305572,0.099271801,0.129653969,0.249598703,0.173220404,0.173791205,0.155310422,0.211228194,0.487029942,0.207006349,0.196405591,0.054568274,0.061575332,0.645199705,0.171623225,0.060213533,0.187458376,0.082429927,0.434520953,0.117930425,0.120622668,0.334800155,1,0.212958911,0.012410783,0.088409696,0.011777507,0.018229263,0.085355416,0.154837377,0.023275474,0.09266944,0.075958698,0.122094701,0.008000176,0.114337876,0.098436441,0.026061447,0.046932564,0.066679618,0.021354755,0.020056015,0.055742349,0.050408588,0.036442806,0.038521277,0.056504846,0.043855774,0.269864944,0.062191702,0.071404179,0.012304908,0.138820082,0.023777998,0.068018863,0.020315457,0.029067847,0.031906732,0.101641231,0.123811815,0.015030687,0.049557089,0.117385437,0.014463017,0.001051289,0.029109681,0.018293976,0.015334586,0.020543491,0.031991649,0.030234499,0.019506981,0.009267866,0.011520432,0.016880256,0.033623145,0.056692148,0.052383655,0.016413193,0.049869401,0.056684144,0.206119816,0.02229014,0.09478496,0.01732207,0.027171294,0.048903982,0.003864031,0.022672393,0.035920849,0.014563887,0.003087262,0.118833292,0.048508026,0.053176971,0.1391802,0.01366697,0.088083031,0.015765122,0.010035029,0.017262444
Clostridium_symbiosum_WAL_14163,0.086063939,0.142044376,0.072447448,0.024511234,0.01435893,0.325736051,0.015677786,0.03533827,0.065452956,0.068602939,0.086089311,0.122350523,0.027995887,0.064437524,0.15453837,0.090297569,0.052196939,0.257054856,0.037186255,0.036881138,0.058741971,0.057839032,0.061870321,0.071215265,0.031703095,0.019873365,0.008017708,0.042628397,0.058379117,0.022458495,0.06836326,0.059711547,0.091674918,0.23423541,0.385971424,0.018856697,0.037379772,0.029609902,0.381294195,0.082754094,0.150682327,0.087456034,0.387747931,0.145301496,0.370974307,0.027986224,0.18575157,0.025886539,0.038452289,0.310331585,0.038051393,0.036620521,0.016760715,0.357138591,0.019830265,0.030062695,0.051309705,0.04165283,0.04414651,0.036011623,0.264365017,0.156899889,0.048757671,0.065474792,0.011547617,0.014476031,0.200751706,0.039794051,0.014176822,0.103434792,0.021702858,0.099488149,0.027896382,0.027969058,0.130040034,0.212958911,1,0.048043469,0.266737257,0.050793867,0.078618908,0.336208377,0.161207312,0.100382136,0.084805197,0.230627339,0.242968219,0.034503048,0.37256165,0.351995289,0.074369499,0.07674185,0.267705856,0.080033565,0.083878378,0.230925873,0.21740145,0.095322981,0.166134024,0.110482656,0.140762648,0.285080408,0.24645795,0.266676071,0.051776755,0.063833115,0.102549417,0.11224021,0.071010016,0.101214978,0.126388879,0.175123655,0.324078445,0.064824136,0.196604025,0.229497896,0.053214596,0.004533983,0.073843648,0.090242595,0.066134787,0.056802867,0.137521612,0.11664018,0.095725214,0.039970324,0.033418732,0.072800933,0.137379649,0.172530451,0.078551583,0.082123802,0.11779746,0.13143744,0.10924677,0.015634849,0.030491201,0.057503318,0.053501978,0.18725046,0.01666474,0.019023208,0.099738378,0.060681589,0.013314702,0.23916977,0.199615685,0.16267234,0.360678385,0.058942715,0.22390333,0.067991598,0.043278931,0.046398198
Actinobacillus_pleuropneumoniae_sv_7_AP76,0.008235913,0.08808004,0.003877753,0.0018538,0.000800995,0.018425881,0.000912985,0.002314677,0.005734082,0.007255629,0.004607935,0.006671281,0.002127805,0.004099264,0.009724607,0.007336868,0.002793844,0.020617852,0.004778396,0.00218017,0.003144167,0.003331563,0.003311612,0.003811801,0.0021734,0.001064081,0.000570718,0.002300905,0.003124745,0.001692054,0.009477812,0.003587767,0.012314068,0.024155907,0.081018246,0.001324767,0.004641973,0.001596104,0.025979559,0.008755809,0.008549538,0.005585128,0.056906852,0.009743546,0.032013501,0.002014344,0.01076784,0.001385578,0.002198902,0.067896329,0.003200501,0.001960115,0.000986909,0.041469953,0.002568156,0.001609107,0.003174014,0.002287273,0.002571873,0.001927524,0.025596208,0.009330902,0.002959542,0.00455164,0.000835445,0.001426003,0.011492124,0.002129979,0.00087493,0.006710236,0.00124165,0.005424201,0.001493155,0.001497045,0.009215925,0.012410783,0.048043469,1,0.0950051,0.184663276,0.1908522,0.106427663,0.045511984,0.176987246,0.016659612,0.132597884,0.075630639,0.19429157,0.095337036,0.113261608,0.298487154,0.05918677,0.129678854,0.189599575,0.209012811,0.172603217,0.144447607,0.141479169,0.164648697,0.053241394,0.171307005,0.024108469,0.08692433,0.093807689,0.222540463,0.005716191,0.152924549,0.056234817,0.168183316,0.206357711,0.185780758,0.062906259,0.056835582,0.1931059,0.183583999,0.093032578,0.829268247,0.07691293,0.140266533,0.06883331,0.09116582,0.146943744,0.039147502,0.099579557,0.116179359,0.124459818,0.006985133,0.13138498,0.052955413,0.103155225,0.022472223,0.053595703,0.122063092,0.058922173,0.014443076,0.03985241,0.003563545,0.693320624,0.009597436,0.157064749,0.109136176,0.0570177,0.049591725,0.195538851,0.16536563,0.046778658,0.202829117,0.064214787,0.076266086,0.303957791,0.054184017,0.278603164,0.199398432,0.155009422
Actinomyces_odontolyticus_ATCC_17982,0.04422995,0.149097879,0.035310092,0.010803192,0.004967469,0.116283578,0.005206316,0.021630852,0.04772673,0.035492113,0.036583051,0.05593498,0.010866942,0.024233545,0.082405424,0.066808139,0.024084858,0.113651302,0.021412963,0.019852214,0.02809664,0.030336587,0.028175608,0.034142193,0.011529765,0.009689318,0.005076818,0.020951609,0.028453342,0.009526609,0.043057096,0.037008469,0.052141902,0.103002662,0.264711617,0.00758778,0.021911437,0.014533823,0.11897625,0.064594189,0.049108507,0.045680251,0.235520154,0.058311344,0.140173689,0.01182739,0.069007566,0.012616816,0.020022783,0.197361657,0.02768447,0.01499801,0.00898661,0.209085068,0.012278895,0.014652228,0.024976656,0.020727819,0.015875103,0.01755167,0.133966412,0.054902844,0.026949031,0.027000011,0.007607409,0.006971656,0.09073259,0.019395184,0.007898763,0.033761196,0.011306227,0.049391753,0.013596391,0.011104385,0.076582292,0.088409696,0.266737257,0.0950051,1,0.102051497,0.147402725,0.313388645,0.159033541,0.184946615,0.0699716,0.349357713,0.305587443,0.070272044,0.290947256,0.278671134,0.08617716,0.139026681,0.297425372,0.10392993,0.120049584,0.306564734,0.285882969,0.154352158,0.251730688,0.115201909,0.186581588,0.093229193,0.314740195,0.331406242,0.087455217,0.032173249,0.182293907,0.134805185,0.120221952,0.139155574,0.165287734,0.143856543,0.209685059,0.129029653,0.178000051,0.150467078,0.105248353,0.009302595,0.113193262,0.044757607,0.061011913,0.098730747,0.125180416,0.06666781,0.048076148,0.081531482,0.007523538,0.090008908,0.205078707,0.382542789,0.179728552,0.031458041,0.173292943,0.114287962,0.072999539,0.016142909,0.025850194,0.107040057,0.168378261,0.269801961,0.028832795,0.027593723,0.053762437,0.074815209,0.027318428,0.305852465,0.316165794,0.118324159,0.382346034,0.120508932,0.390979763,0.134174511,0.080936366,0.069447547
Anaerococcus_hydrogenalis_DSM_7454,0.00622776,0.191047321,0.003679886,0.00280701,0.000760123,0.017485677,0.000866399,0.002271979,0.005441493,0.006885401,0.004372809,0.00633087,0.002019231,0.003890094,0.009228397,0.006962495,0.002651284,0.019565799,0.004478394,0.002068924,0.002983732,0.003161566,0.003142633,0.003617299,0.002062499,0.001009785,0.000541597,0.002183498,0.002965301,0.001864072,0.010056125,0.003931622,0.01230774,0.02292332,0.079583274,0.001257169,0.004418024,0.001514661,0.025109117,0.008888173,0.008256905,0.00530014,0.061015863,0.009246369,0.03037997,0.001911559,0.010218397,0.001314877,0.0020867,0.06443183,0.003037191,0.001860098,0.000936551,0.040291763,0.002514285,0.001527001,0.003012055,0.002170562,0.00244064,0.00182917,0.025815039,0.008854781,0.002808527,0.004319387,0.000792816,0.001525932,0.010905723,0.002021294,0.000830286,0.006367838,0.001178293,0.005147424,0.001416965,0.001420657,0.00874567,0.011777507,0.050793867,0.184663276,0.102051497,1,0.475486198,0.13329157,0.056537719,0.355871535,0.018948635,0.142475857,0.083751477,0.491011673,0.103006172,0.119645802,0.147036902,0.151799195,0.176628291,0.180002221,0.172169676,0.211284727,0.226394542,0.196526062,0.274460723,0.077465757,0.19948727,0.023962764,0.187640852,0.164941423,0.250331632,0.009842583,0.343548703,0.061804616,0.161256831,0.18645247,0.230316765,0.045211157,0.06818229,0.718603228,0.216239144,0.062274554,0.194900802,0.089262409,0.140861921,0.059116931,0.108545114,0.226731251,0.039380817,0.091853825,0.068654763,0.162129952,0.005820008,0.179022609,0.036130275,0.070588875,0.022278969,0.0475379,0.172885468,0.106616082,0.0156483,0.033356571,0.006627894,0.172045706,0.015908366,0.213591868,0.126089228,0.063288373,0.102250649,0.195200001,0.257715341,0.039748601,0.204280341,0.06485208,0.071355888,0.387114146,0.054255323,0.330703396,0.346894313,0.214833484
Anaerofustis_stercorihominis_DSM_17244,0.00935002,0.204713364,0.005695739,0.004097593,0.001176521,0.027064386,0.001341015,0.003516577,0.008422361,0.010657246,0.006768248,0.009798941,0.003125372,0.006021099,0.014283742,0.010776572,0.004103666,0.030284006,0.007018625,0.003202287,0.00461823,0.004893482,0.004864177,0.005598866,0.003192343,0.001562948,0.000838285,0.003379626,0.004589702,0.002770984,0.015097584,0.005719214,0.019049959,0.035480788,0.123179243,0.00194585,0.006610209,0.002344397,0.038863971,0.012419668,0.012780064,0.008203573,0.094440546,0.014311559,0.047022214,0.002958718,0.015816067,0.002035171,0.0032298,0.099727791,0.004700974,0.002879065,0.001449597,0.062363719,0.00381441,0.002363496,0.004662069,0.003359603,0.00377763,0.002831194,0.039956599,0.013705457,0.004347048,0.00668556,0.001227123,0.00245163,0.016879913,0.003128565,0.001285119,0.009856159,0.001823765,0.007967199,0.002193183,0.002198897,0.013064232,0.018229263,0.078618908,0.1908522,0.147402725,0.475486198,1,0.210176401,0.083187181,0.567039552,0.030459376,0.208622079,0.132486829,0.414999192,0.159135731,0.177884956,0.175159116,0.166943635,0.269792872,0.195496518,0.21809263,0.301755091,0.341126637,0.245053967,0.424430837,0.113611714,0.268172091,0.036542893,0.279692692,0.242100247,0.251919021,0.016046179,0.546386748,0.072206219,0.165590673,0.277483871,0.342116494,0.064358942,0.105532765,0.569292683,0.216583474,0.080510325,0.201958857,0.057670388,0.176142713,0.062609178,0.137311257,0.239028984,0.055787322,0.121652373,0.077303839,0.189790158,0.006381315,0.207747157,0.04532156,0.099887357,0.029379838,0.053927202,0.222767579,0.169013707,0.024917306,0.038861731,0.010712115,0.186460452,0.019307451,0.322393663,0.105991978,0.064695861,0.114570636,0.238868863,0.169357508,0.059584166,0.304342796,0.095913312,0.108943172,0.33148748,0.075792152,0.333744582,0.242163955,0.215769625
Anaerostipes_caccae_DSM_14662,0.042283521,0.207371534,0.027099804,0.010903442,0.005597776,0.128769859,0.006058756,0.016561616,0.037355461,0.042553655,0.0322027,0.046622459,0.014087047,0.0285294,0.066525431,0.04568289,0.019524867,0.13346645,0.024108161,0.015236185,0.021973112,0.023282736,0.023143307,0.026638891,0.014905943,0.007436362,0.003851037,0.016079949,0.021837382,0.009906749,0.04551909,0.026179119,0.066893408,0.162035451,0.38462773,0.008052823,0.026470831,0.011154425,0.184911202,0.038002148,0.060806368,0.034329483,0.350358352,0.068093084,0.223727373,0.013249073,0.071313788,0.009683159,0.013411069,0.307966716,0.018165533,0.013698328,0.006812791,0.228313846,0.012118442,0.011245298,0.022181696,0.015550712,0.015100193,0.013470563,0.179458857,0.057457753,0.020682853,0.031809282,0.005838537,0.007665025,0.073931108,0.014885424,0.006114478,0.0468947,0.008055775,0.037907203,0.010434964,0.010462149,0.057094551,0.085355416,0.336208377,0.106427663,0.313388645,0.13329157,0.210176401,1,0.197489453,0.259805352,0.099760427,0.449076927,0.356511052,0.092238962,0.436193834,0.404678248,0.113321858,0.147929254,0.450598631,0.208547514,0.198087118,0.41780825,0.493031839,0.16405617,0.417101713,0.169812755,0.23536098,0.120474987,0.469408541,0.465391095,0.141870871,0.040883374,0.269577349,0.154070904,0.17229305,0.214821647,0.250585294,0.224968592,0.332123128,0.173298053,0.313383991,0.264373341,0.1153314,0.012120955,0.170680761,0.182174866,0.078777778,0.11139396,0.169506843,0.259585789,0.186479497,0.106854942,0.03753711,0.116351654,0.145707479,0.176800335,0.053724882,0.15937575,0.220028,0.152735316,0.07267829,0.039826372,0.023207632,0.12513038,0.025718947,0.372630643,0.035177821,0.032529525,0.106337298,0.155074771,0.035594952,0.186486015,0.371186552,0.245404581,0.361417643,0.156478098,0.216558747,0.179976079,0.103413808,0.094659216
Bifidobacterium_angulatum_DSM_20098,0.05950009,0.102930449,0.062727962,0.022103143,0.012090177,0.149295926,0.013544357,0.021905622,0.039258831,0.048041026,0.07011994,0.09640881,0.031023942,0.052284212,0.103499534,0.063573115,0.043285157,0.215622531,0.032465672,0.035267224,0.050861201,0.053892589,0.049745987,0.061661088,0.032090732,0.014952081,0.009198048,0.037220286,0.050547027,0.032970206,0.12151845,0.054723991,0.082323647,0.148711346,0.253708019,0.019286888,0.040108416,0.025819166,0.159828003,0.061372172,0.055803709,0.059545157,0.284156698,0.08542887,0.190487284,0.028992574,0.109700489,0.022413624,0.035570239,0.222785949,0.051357472,0.031707544,0.015964607,0.247705656,0.035628885,0.02602951,0.05134401,0.036999773,0.041420331,0.031180336,0.147815011,0.090445677,0.047874635,0.055082759,0.013514472,0.017942294,0.112348469,0.034455316,0.013747676,0.053866535,0.020085379,0.083316524,0.024153828,0.024216754,0.090812271,0.154837377,0.161207312,0.045511984,0.159033541,0.056537719,0.083187181,0.197489453,1,0.11425683,0.117608096,0.272848076,0.217155197,0.039705075,0.263856308,0.22920718,0.051450495,0.094589376,0.208662753,0.069439635,0.064863429,0.188074969,0.161196749,0.083283988,0.13964004,0.082703972,0.138091172,0.174515257,0.196948733,0.210894505,0.053189374,0.06195077,0.096897668,0.062960451,0.059730794,0.098612377,0.120077435,0.100863222,0.187869784,0.071028218,0.085922379,0.136650447,0.050128238,0.005236508,0.063778958,0.023698553,0.037338386,0.046165299,0.022913507,0.032574099,0.028954434,0.030835109,0.004746405,0.051711429,0.010135649,0.071835338,0.024539327,0.013818967,0.123588118,0.076487545,0.112890201,0.029512578,0.021475688,0.051326904,0.012247228,0.145154997,0.011224313,0.011931266,0.059982921,0.054031553,0.01537777,0.106261451,0.13334663,0.08303006,0.174654562,0.047383691,0.106739079,0.052764436,0.045846256,0.03515855
Bifidobacterium_animalis_lactis_AD011,0.012504818,0.244541677,0.00727243,0.004723617,0.001502204,0.034556329,0.001712234,0.004490033,0.010753832,0.013607377,0.008641829,0.012511476,0.003990535,0.007687856,0.018237756,0.013759734,0.00523964,0.038667203,0.008941643,0.004088741,0.005896645,0.006248092,0.006210675,0.00714874,0.004076045,0.001995602,0.001070339,0.004315171,0.005860221,0.003773383,0.020244971,0.007665082,0.024323355,0.045302553,0.157277631,0.002484499,0.008731186,0.002993371,0.049622267,0.015768803,0.016317832,0.01047448,0.120583509,0.018273275,0.060038869,0.003777748,0.020194259,0.002598546,0.004123872,0.127326276,0.006002294,0.003676046,0.001850873,0.079627198,0.004968893,0.003017758,0.00595262,0.004289606,0.004823351,0.003614924,0.051017355,0.017499392,0.005550394,0.008536252,0.001566814,0.003241531,0.021552598,0.003994612,0.001640865,0.012584534,0.002328619,0.010172674,0.002800298,0.002807594,0.01727641,0.023275474,0.100382136,0.176987246,0.184946615,0.355871535,0.567039552,0.259805352,0.11425683,1,0.042005417,0.293046149,0.176770665,0.343717013,0.203567483,0.233060012,0.152662396,0.173610461,0.344916386,0.230702323,0.268516273,0.375279387,0.422299888,0.251477888,0.465275943,0.129230343,0.302449603,0.044025009,0.364854867,0.319622546,0.29398066,0.020995268,0.529295707,0.089263428,0.204767126,0.338575316,0.389962238,0.088540221,0.134746268,0.43648833,0.222659404,0.101341169,0.189445501,0.045167228,0.208539543,0.079694805,0.141149601,0.228966192,0.059769577,0.115912148,0.072776268,0.169672316,0.006797434,0.215718402,0.04070585,0.140528234,0.027994955,0.049397325,0.262556685,0.16093119,0.034508771,0.058889711,0.013162802,0.179555899,0.017534229,0.351249114,0.080384781,0.054805663,0.116158037,0.232732365,0.132640157,0.070297852,0.337500516,0.104216873,0.1402964,0.28055683,0.089395822,0.325986572,0.240159778,0.184227286
Bifidobacterium_bifidum_NCIMB_41171,0.145067775,0.031871762,0.11284035,0.027180014,0.02602035,0.09556886,0.010542043,0.081631068,0.072828018,0.026669996,0.099584966,0.109914055,0.021483695,0.049754,0.19928928,0.059945589,0.109292335,0.08555608,0.016126834,0.075122997,0.095094872,0.067655245,0.091465388,0.090994238,0.048996351,0.046858064,0.025132263,0.061735284,0.092422877,0.067907154,0.067236223,0.132105739,0.102625742,0.205176045,0.077605377,0.012420124,0.070373297,0.07028635,0.103523454,0.070947597,0.267183317,0.153007597,0.082331823,0.057931093,0.22717776,0.02400219,0.175500075,0.061015597,0.073820987,0.07848954,0.023473044,0.061038712,0.017553708,0.10431132,0.025217848,0.067213542,0.082578397,0.026147832,0.040283736,0.052213452,0.081212357,0.085175025,0.105872247,0.095031171,0.032023625,0.00581718,0.092912308,0.047350137,0.033069801,0.095571228,0.030831237,0.078044549,0.065752876,0.05250534,0.152628776,0.09266944,0.084805197,0.016659612,0.0699716,0.018948635,0.030459376,0.099760427,0.117608096,0.042005417,1,0.102774946,0.108135427,0.014628324,0.074482936,0.069287869,0.015062458,0.032765034,0.06458796,0.027952447,0.028706684,0.056808875,0.057141126,0.027447687,0.047080602,0.03651774,0.036490645,0.093953751,0.064150998,0.067516398,0.019397182,0.020876411,0.034732703,0.029778397,0.021215264,0.031205148,0.036417475,0.109805818,0.103865183,0.023945222,0.043588204,0.100557932,0.019419381,0.001923592,0.025559085,0.078688148,0.009641862,0.016621888,0.117654444,0.039630562,0.076261114,0.011408686,0.158161726,0.015616595,0.02251863,0.026218661,0.017044951,0.082870459,0.04075299,0.028438901,0.07625959,0.006690143,0.034458015,0.022848509,0.007851766,0.050225727,0.003859662,0.004383571,0.01896512,0.021776195,0.005648909,0.113431116,0.057682234,0.159548195,0.11772429,0.020193056,0.059937622,0.023182099,0.015276078,0.01294889
Bifidobacterium_breve_DSM_20213,0.042279479,0.2299629,0.023733321,0.012049594,0.004902391,0.112773377,0.005587816,0.014359931,0.031124769,0.035417571,0.028202308,0.040830767,0.0119891,0.025089049,0.055578121,0.044904414,0.016510201,0.12618907,0.021019003,0.013343464,0.019243494,0.020390429,0.020268322,0.023329666,0.012447978,0.006512577,0.003327274,0.014082412,0.019124626,0.011569111,0.060691807,0.025691047,0.071683699,0.132088109,0.353965455,0.008108076,0.02247236,0.009768762,0.147554628,0.044662248,0.051719382,0.034183101,0.325317655,0.059634196,0.186400717,0.012328549,0.065903261,0.008480265,0.013458111,0.288883487,0.018416185,0.011996649,0.006040259,0.248123633,0.012923303,0.009848347,0.019426167,0.01399898,0.015696303,0.011797177,0.144536235,0.057108657,0.018113518,0.027857763,0.005113243,0.007017724,0.070336153,0.013036277,0.005326932,0.040338997,0.007599366,0.033198167,0.009138676,0.009162485,0.047444841,0.075958698,0.230627339,0.132597884,0.349357713,0.142475857,0.208622079,0.449076927,0.272848076,0.293046149,0.102774946,1,0.33328251,0.105322714,0.402950673,0.344608487,0.108485839,0.198124205,0.387655248,0.212942929,0.227203162,0.35775823,0.347462865,0.175421157,0.296416835,0.147428014,0.223006824,0.118666101,0.408723665,0.427781547,0.154119585,0.033729211,0.24451983,0.138336305,0.1777919,0.211661997,0.227054488,0.195861495,0.269259104,0.179498853,0.252202553,0.172593001,0.15019887,0.013840267,0.190413311,0.075531676,0.098725125,0.104802567,0.076618179,0.093607449,0.083409683,0.109481187,0.011845823,0.141237932,0.069234689,0.195372176,0.044185404,0.05666035,0.233009194,0.139393946,0.078207471,0.037801872,0.021013482,0.16506284,0.022322692,0.3115763,0.027695547,0.026211496,0.092209315,0.164504407,0.040643962,0.133603132,0.335433053,0.157584592,0.277414427,0.163897677,0.158088752,0.182638216,0.111136477,0.082761326
Bifidobacterium_dentium_ATCC_27678,0.055047238,0.136974732,0.03814853,0.012755366,0.007666144,0.154606191,0.008241749,0.019357154,0.042049687,0.0509891,0.044183047,0.065630671,0.017077313,0.038005341,0.066842329,0.059507914,0.025102849,0.185261865,0.028541647,0.021448054,0.029238544,0.032775224,0.032578951,0.03551796,0.016874255,0.010468204,0.005614608,0.021186957,0.029925321,0.015910187,0.05772577,0.039668821,0.076723945,0.142992544,0.294871239,0.012004192,0.034135941,0.01570214,0.175118939,0.059743668,0.064169675,0.050551709,0.311456764,0.09169129,0.192374893,0.018507651,0.102097416,0.013631031,0.020124226,0.228565331,0.0266317,0.019283206,0.009709008,0.274607483,0.019593622,0.015830062,0.031225285,0.022501719,0.023758616,0.018962579,0.173659485,0.085917115,0.029115356,0.039922502,0.008153233,0.011242476,0.109084957,0.020954286,0.007997781,0.050679391,0.011668323,0.05336216,0.014689351,0.01472762,0.07556206,0.122094701,0.242968219,0.075630639,0.305587443,0.083751477,0.132486829,0.356511052,0.217155197,0.176770665,0.108135427,0.33328251,1,0.064550955,0.279057485,0.274161559,0.090700927,0.125624832,0.255791774,0.147605397,0.12288109,0.254546155,0.24763259,0.113175587,0.214883734,0.099469141,0.161629679,0.110886152,0.278551859,0.294784392,0.092743054,0.052214823,0.154090934,0.18810642,0.132871549,0.135631833,0.16045111,0.191823758,0.183884917,0.106558938,0.172733589,0.248370925,0.084408578,0.008610436,0.149611823,0.116811604,0.043155456,0.071997544,0.176659165,0.161029671,0.11446954,0.071064698,0.029456505,0.070294131,0.184795812,0.224926629,0.072311442,0.102769518,0.199199065,0.092178831,0.131599647,0.088625348,0.035740553,0.090322104,0.047427821,0.187776992,0.020939314,0.020669282,0.081516803,0.104080643,0.025285802,0.181979176,0.30932059,0.178345012,0.30738683,0.109711044,0.210221536,0.127970267,0.071163137,0.05502696
Bifidobacterium_gallicum_DSM_20093,0.004993549,0.127551508,0.002499658,0.001980892,0.000516333,0.011877598,0.000588524,0.001543301,0.003696275,0.004677087,0.002970344,0.004300407,0.001371615,0.002642447,0.006268627,0.004729455,0.001800953,0.013290575,0.003080225,0.00140537,0.002026777,0.002147575,0.002134715,0.002457144,0.001401006,0.000685922,0.000367894,0.001483198,0.002014257,0.001315971,0.007025223,0.0027068,0.008360351,0.015571258,0.054058997,0.000853965,0.003001057,0.001028873,0.017056017,0.006037521,0.005608716,0.003600257,0.041446603,0.006280835,0.020636381,0.001298476,0.00694111,0.000893165,0.001417445,0.043766988,0.002063091,0.00126352,0.000636176,0.027369223,0.001707893,0.001037255,0.002046017,0.001474411,0.001657868,0.001242511,0.017535533,0.006014839,0.001907765,0.002934055,0.000538541,0.001115337,0.007407995,0.001373016,0.000563993,0.004325518,0.000800386,0.003496521,0.00096251,0.000965018,0.005940723,0.008000176,0.034503048,0.19429157,0.070272044,0.491011673,0.414999192,0.092238962,0.039705075,0.343717013,0.014628324,0.105322714,0.064550955,1,0.069969607,0.081272506,0.129772903,0.105461052,0.119979337,0.175282766,0.185319313,0.143520617,0.158706614,0.172272837,0.20768201,0.059073714,0.173074152,0.016164735,0.128637358,0.112040729,0.271467335,0.007553565,0.327060535,0.053953756,0.15197774,0.191829074,0.202851797,0.039039772,0.046314585,0.444724189,0.141347656,0.04492849,0.195481539,0.124040455,0.138261116,0.05991677,0.122129362,0.228300343,0.036317647,0.095411777,0.066566458,0.156938063,0.005548391,0.171619099,0.036751088,0.078675174,0.018244084,0.04573195,0.135455721,0.08963097,0.012705906,0.043416843,0.005245878,0.16747619,0.013965251,0.16297857,0.14928869,0.063225095,0.105188308,0.225050227,0.357533918,0.029768246,0.161214999,0.058576503,0.049162258,0.331561357,0.035757339,0.314889239,0.23922634,0.220074631
Blautia_hydrogenotrophica_DSM_10507,0.050012058,0.172639172,0.035724908,0.016913589,0.007379391,0.169753678,0.008351296,0.020631761,0.049631398,0.061961987,0.042451912,0.061461075,0.019391433,0.037765637,0.085932717,0.066922927,0.025739083,0.189947834,0.036387248,0.020085433,0.028966535,0.030692975,0.03050917,0.0351173,0.020023064,0.009803146,0.005228222,0.021197744,0.028787606,0.015445402,0.066101512,0.033402047,0.092060825,0.207156391,0.633064999,0.012204793,0.035124158,0.014704564,0.237291081,0.060614847,0.080159323,0.051454583,0.534138458,0.089765194,0.281816798,0.018510405,0.099201791,0.012765035,0.020110612,0.463604051,0.029115241,0.01805812,0.009092183,0.37851937,0.019443893,0.014824359,0.029241505,0.021072157,0.023694111,0.017757864,0.207651337,0.085963592,0.027265622,0.041795215,0.007696779,0.013767266,0.105874462,0.019623035,0.008060545,0.061819962,0.01143905,0.049971997,0.013756118,0.013791956,0.080835697,0.114337876,0.37256165,0.095337036,0.290947256,0.103006172,0.159135731,0.436193834,0.263856308,0.203567483,0.074482936,0.402950673,0.279057485,0.069969607,1,0.701783527,0.097824702,0.160381801,0.573026924,0.160578564,0.162566079,0.466713598,0.440873921,0.1722118,0.336907405,0.180165991,0.252188534,0.14680107,0.48698071,0.533660761,0.107618829,0.058177407,0.207962566,0.132255464,0.138847982,0.197647984,0.243870782,0.149658713,0.420705262,0.131458511,0.17828448,0.180109914,0.105390363,0.009194579,0.150087871,0.048453996,0.065487359,0.112284947,0.051255628,0.100088977,0.056266446,0.069091666,0.008702724,0.094373079,0.037452449,0.153638417,0.048761664,0.03512137,0.235649849,0.127034037,0.106727161,0.039737455,0.029200809,0.113160554,0.018865569,0.393368069,0.03379485,0.033982845,0.136822169,0.118275125,0.027001223,0.180413561,0.284857964,0.171594206,0.3262025,0.110604205,0.181100178,0.119337853,0.087766443,0.089384529
Butyrivibrio_fibrisolvens_16_4,0.041799841,0.150706052,0.030756499,0.0160916,0.006353109,0.146145341,0.007152085,0.01758274,0.043848914,0.056644181,0.036547951,0.052913432,0.016876738,0.032513416,0.074993128,0.056923525,0.022159443,0.163531014,0.034581102,0.01729207,0.024938041,0.026424377,0.026266136,0.030233394,0.017238375,0.00841267,0.004526667,0.018249687,0.024783996,0.0129977,0.058274151,0.02801708,0.073778374,0.191593184,0.660373441,0.010507423,0.03432225,0.01265954,0.209862083,0.055528818,0.0678942,0.044298584,0.465211063,0.077281182,0.25391589,0.01597682,0.085405393,0.01098975,0.017144843,0.443843748,0.025384852,0.015546704,0.007827696,0.333993816,0.019840715,0.012762675,0.02517477,0.018141566,0.020398875,0.015288205,0.190130502,0.074008285,0.023473681,0.035742057,0.006626356,0.012233776,0.091150069,0.016893979,0.006863952,0.053222408,0.009848175,0.043022188,0.011842999,0.011873852,0.071624098,0.098436441,0.351995289,0.113261608,0.278671134,0.119645802,0.177884956,0.404678248,0.22920718,0.233060012,0.069287869,0.344608487,0.274161559,0.081272506,0.701783527,1,0.122895732,0.155897855,0.620241558,0.171575316,0.178721122,0.544974782,0.511468546,0.206147674,0.39133147,0.163182455,0.312719781,0.13398872,0.50378428,0.552551954,0.124098118,0.053322094,0.241556865,0.135777399,0.149735629,0.223581984,0.273227926,0.145320525,0.404541822,0.148964616,0.18397522,0.185132863,0.124788574,0.010679872,0.163676337,0.044762513,0.041229037,0.133516008,0.047807152,0.115774035,0.055886047,0.056411214,0.007717401,0.073051225,0.032634242,0.138686871,0.051299469,0.03463434,0.254109,0.115025939,0.105104545,0.045550822,0.03118429,0.129203784,0.01812622,0.421789405,0.039254075,0.046116337,0.166529708,0.127319935,0.031363004,0.170268243,0.318435698,0.139008431,0.327178646,0.121276977,0.180247339,0.125789929,0.101944246,0.111793298
Campylobacter_concisus_13826,0.017389136,0.088146706,0.008142908,0.003938903,0.001682011,0.030597284,0.001917181,0.003653218,0.010176501,0.014982974,0.009676218,0.014009046,0.004468185,0.008608059,0.016723915,0.015406715,0.005866803,0.0432955,0.007404151,0.004578146,0.006602447,0.006995961,0.006954066,0.008004414,0.00456393,0.002234467,0.001175348,0.004831679,0.006561664,0.002949788,0.015860939,0.006069895,0.018999176,0.037421699,0.090580194,0.002666251,0.005836954,0.003351665,0.041492323,0.019360244,0.013396182,0.010069309,0.09607443,0.020460507,0.056726955,0.003747074,0.022611424,0.002909581,0.004617481,0.098522262,0.005705906,0.004116053,0.002072414,0.053146301,0.004213032,0.00337897,0.006665122,0.004803053,0.005400685,0.004047614,0.029766907,0.019473856,0.006214752,0.009558005,0.001609375,0.002032948,0.021605233,0.00447275,0.001837269,0.014090848,0.002607344,0.011390299,0.003135482,0.003143651,0.019352553,0.026061447,0.074369499,0.298487154,0.08617716,0.147036902,0.175159116,0.113321858,0.051450495,0.152662396,0.015062458,0.108485839,0.090700927,0.129772903,0.097824702,0.122895732,1,0.057308121,0.129804922,0.146025889,0.154391173,0.182244088,0.138241706,0.154330534,0.159307578,0.075900574,0.164578749,0.035528936,0.098520321,0.100328247,0.151869458,0.007495117,0.159964298,0.063779869,0.134404674,0.145896611,0.14019565,0.100898414,0.096727643,0.161369835,0.308858804,0.19290848,0.3070622,0.039944116,0.12107064,0.045919514,0.063687563,0.113961275,0.035737661,0.074551433,0.053364419,0.090070851,0.006402796,0.099465524,0.037733229,0.099670246,0.030465518,0.041541956,0.136363653,0.066679931,0.023287504,0.044632993,0.004603205,0.337475626,0.012613815,0.119986461,0.065733731,0.044787952,0.044863001,0.14754677,0.095663275,0.076225592,0.169272122,0.078387669,0.111192772,0.191955962,0.074784129,0.1757819,0.099108784,0.098233384
Campylobacter_hominis_ATCC_BAA_381,0.015045936,0.152430802,0.014664095,0.011769483,0.003029038,0.053004928,0.003452541,0.008329424,0.01668208,0.017079135,0.017425346,0.025228086,0.007733468,0.013468707,0.035835813,0.022903928,0.010238922,0.077968379,0.014246734,0.00824452,0.011889968,0.012598625,0.012523178,0.014414689,0.005160527,0.004023923,0.002158226,0.008701093,0.011816523,0.007080571,0.021582499,0.015868676,0.0267472,0.05595826,0.141658922,0.004906743,0.010657812,0.00603582,0.062654128,0.0285868,0.025611575,0.018956586,0.133828638,0.034938717,0.080081371,0.007519681,0.040719616,0.005239697,0.008315357,0.103999041,0.011897028,0.007412363,0.003732092,0.112823469,0.005440457,0.006084993,0.012002836,0.008649543,0.009725783,0.007289116,0.064118752,0.035285698,0.01119179,0.013965169,0.003159317,0.003452508,0.042927573,0.008054718,0.003308633,0.019644911,0.004695416,0.020512135,0.00564651,0.00566122,0.032874986,0.046932564,0.07674185,0.05918677,0.139026681,0.151799195,0.166943635,0.147929254,0.094589376,0.173610461,0.032765034,0.198124205,0.125624832,0.105461052,0.160381801,0.155897855,0.057308121,1,0.170992258,0.070713735,0.072339164,0.195307411,0.178523685,0.091996329,0.189780594,0.064053963,0.100661222,0.035959131,0.170308629,0.179884367,0.070940616,0.012498601,0.16905103,0.076856373,0.069413014,0.111508497,0.146141659,0.074624141,0.099762261,0.162349452,0.117120501,0.071435692,0.06368916,0.020654001,0.059459162,0.057698483,0.043900427,0.087637642,0.022454597,0.050884083,0.03686639,0.046813201,0.004456205,0.064203963,0.015793584,0.047209474,0.01926069,0.022669557,0.166562691,0.070948852,0.030343482,0.014414209,0.011557541,0.060553555,0.01103555,0.152505073,0.028566965,0.024728714,0.057668414,0.058585345,0.059221168,0.081787094,0.162765518,0.054919754,0.127882523,0.107457494,0.063596418,0.102964966,0.153339374,0.072994008
Candidatus_Sulcia_muelleri_GWSS,0.029641008,0.198672201,0.020834069,0.010937498,0.004303517,0.098997032,0.0048479,0.012699119,0.030807597,0.038982438,0.024757127,0.035842899,0.011432092,0.022024182,0.051060176,0.038785814,0.015010531,0.110773869,0.025137831,0.011713433,0.016892718,0.017899544,0.017792353,0.020479724,0.01167706,0.005717004,0.003066308,0.01236211,0.01678837,0.009217868,0.046290681,0.020106305,0.060385913,0.129146914,0.447892721,0.007117597,0.023721854,0.008575415,0.142157958,0.039726315,0.046747352,0.030007308,0.341808336,0.052349309,0.171999457,0.010822499,0.057852548,0.007444319,0.011814074,0.342439179,0.017195382,0.010531143,0.005302383,0.228116136,0.014030875,0.008645277,0.017053075,0.012288871,0.013817943,0.01035604,0.13361308,0.050132289,0.015900779,0.024454671,0.004488611,0.00887402,0.06174392,0.011443771,0.004700752,0.036052195,0.006671031,0.029142694,0.0080223,0.0080432,0.049172364,0.066679618,0.267705856,0.129678854,0.297425372,0.176628291,0.269792872,0.450598631,0.208662753,0.344916386,0.06458796,0.387655248,0.255791774,0.119979337,0.573026924,0.620241558,0.129804922,0.170992258,1,0.194539162,0.208758357,0.706631288,0.639122073,0.241391518,0.546836213,0.191020372,0.353842157,0.103124739,0.550874603,0.555833449,0.163383139,0.044745238,0.356600697,0.116311345,0.176344335,0.294573662,0.359445619,0.139358438,0.360253785,0.225400504,0.213685414,0.167443482,0.140014606,0.015766267,0.182735527,0.051240799,0.059010998,0.182495597,0.054064199,0.117336185,0.058725891,0.081272808,0.00696021,0.104643232,0.036006469,0.138458014,0.041167239,0.039277644,0.298857652,0.139910343,0.075425878,0.042011296,0.02513269,0.14185436,0.01950191,0.558538671,0.057949214,0.053170796,0.129559035,0.15300209,0.046299943,0.147327909,0.357872685,0.158213284,0.299118065,0.165981812,0.167284358,0.171557894,0.144141325,0.145790751
Citrobacter_koseri_ATCC_BAA_895,0.014484313,0.147294283,0.0066723,0.00395238,0.00137824,0.031704701,0.001570939,0.004119511,0.009866414,0.012484481,0.007928695,0.011479015,0.003661232,0.007053445,0.016732756,0.012624265,0.004807259,0.035476341,0.008222001,0.003751334,0.005410047,0.005732492,0.005698163,0.006558818,0.003739685,0.001830923,0.000982013,0.003959078,0.005376628,0.002624431,0.014871135,0.006916454,0.021486732,0.041564135,0.13720125,0.002279475,0.007415475,0.002746355,0.045527381,0.012422849,0.014971266,0.009610114,0.11063282,0.016765343,0.055084393,0.003466004,0.018527806,0.002384111,0.003783565,0.112485577,0.005506978,0.003372695,0.001698137,0.072308921,0.003978206,0.002768729,0.005461403,0.003935623,0.004425322,0.003316616,0.046807345,0.016055322,0.005092369,0.007831831,0.001437519,0.002297005,0.019774053,0.003664972,0.001505459,0.011546044,0.002136458,0.009333213,0.002569215,0.002575908,0.015857486,0.021354755,0.080033565,0.189599575,0.10392993,0.180002221,0.195496518,0.208547514,0.069439635,0.230702323,0.027952447,0.212942929,0.147605397,0.175282766,0.160578564,0.171575316,0.146025889,0.070713735,0.194539162,1,0.606625911,0.212444421,0.213280841,0.159630076,0.217014512,0.092226213,0.218516686,0.027651485,0.169083022,0.173612612,0.524037363,0.012290962,0.232678701,0.199606013,0.460180368,0.215803755,0.18788712,0.128455338,0.092163023,0.212928166,0.187118459,0.106204766,0.192108737,0.040183198,0.381058766,0.102070677,0.063189667,0.136340852,0.089814737,0.135623802,0.104096976,0.17397278,0.013276277,0.092159632,0.141172379,0.164025247,0.028978148,0.104006031,0.1390853,0.066462324,0.033437322,0.077076263,0.005840584,0.202036151,0.016307159,0.181056734,0.060305467,0.041188693,0.098652927,0.596913419,0.101991268,0.058909235,0.262290387,0.097322155,0.098531279,0.348179096,0.071706151,0.357032506,0.193948531,0.089030292
Citrobacter_sp_30_2,0.013956537,0.148916168,0.006266508,0.003190924,0.001294419,0.029776504,0.001475398,0.00386224,0.009266364,0.011725207,0.007446493,0.010780891,0.003438565,0.006624473,0.015715113,0.01185649,0.004514894,0.033318762,0.007721961,0.003523187,0.005081022,0.005383857,0.005351616,0.006159928,0.003512247,0.001719571,0.000922289,0.003718298,0.005049636,0.002656862,0.015059949,0.006528832,0.020958953,0.039036313,0.130582077,0.002140844,0.007315964,0.002579328,0.042758524,0.011501965,0.014060752,0.009025652,0.10390442,0.015745719,0.051734304,0.003255211,0.017400993,0.002239116,0.003553458,0.099852253,0.005172058,0.003167576,0.00159486,0.068613179,0.003917453,0.002600342,0.005129254,0.003696268,0.004156186,0.003114908,0.043960644,0.015078879,0.004782665,0.00735552,0.001350092,0.002473928,0.018571447,0.003442078,0.001413901,0.010843844,0.002006525,0.008765591,0.002412962,0.002419248,0.014893075,0.020056015,0.083878378,0.209012811,0.120049584,0.172169676,0.21809263,0.198087118,0.064863429,0.268516273,0.028706684,0.227203162,0.12288109,0.185319313,0.162566079,0.178721122,0.154391173,0.072339164,0.208758357,0.606625911,1,0.211504823,0.246286516,0.165730742,0.230716342,0.10588967,0.232480961,0.02323921,0.201563389,0.194136641,0.51018534,0.012636527,0.269578722,0.200623961,0.451867999,0.256835726,0.216636988,0.135348868,0.087943076,0.21558998,0.212231731,0.096059187,0.21075405,0.04179447,0.447613679,0.104831605,0.065461623,0.144151772,0.079657837,0.131736557,0.104752301,0.138990801,0.012109684,0.100541794,0.112756125,0.166253695,0.025830121,0.100690028,0.137648831,0.071307382,0.034156495,0.052211416,0.007798233,0.220922239,0.011873473,0.201588307,0.06519377,0.044004807,0.101500601,0.632959628,0.096708814,0.06112926,0.265888269,0.088317383,0.101696797,0.303120465,0.077893514,0.31851718,0.178640746,0.09819733
Clostridium_difficile_630,0.028518507,0.215130982,0.017416716,0.009990752,0.003597623,0.082758829,0.004100623,0.010407135,0.025754314,0.032588259,0.020696285,0.02996369,0.009556918,0.018411618,0.043677538,0.032953139,0.012548396,0.092603945,0.021233244,0.009792112,0.014121853,0.014963532,0.014873923,0.017120493,0.009761705,0.00477926,0.00256335,0.010334388,0.014034621,0.007647144,0.037869019,0.016711889,0.050836866,0.108494923,0.375827819,0.005950118,0.020376065,0.007168814,0.118840191,0.03673595,0.038949689,0.025011276,0.27438672,0.0437626,0.143786873,0.009047315,0.048363159,0.006223249,0.009876245,0.296389371,0.014374873,0.00880375,0.004432649,0.188261942,0.011849584,0.007227217,0.014255907,0.010203517,0.011551425,0.008657368,0.112596056,0.041909232,0.013292619,0.02044344,0.003752357,0.007453393,0.05161624,0.009566682,0.003872806,0.030138656,0.0055768,0.0243625,0.006706425,0.006723896,0.041363582,0.055742349,0.230925873,0.172603217,0.306564734,0.211284727,0.301755091,0.41780825,0.188074969,0.375279387,0.056808875,0.35775823,0.254546155,0.143520617,0.466713598,0.544974782,0.182244088,0.195307411,0.706631288,0.212444421,0.211504823,1,0.62621489,0.307482867,0.599825465,0.183164365,0.401468952,0.093758515,0.519057477,0.517449142,0.189161392,0.036310956,0.401956892,0.118789121,0.190904605,0.302063003,0.381961665,0.133837892,0.311682413,0.262687792,0.233889432,0.167206513,0.186140457,0.018859784,0.181216788,0.057908355,0.068294757,0.162505642,0.060010855,0.123367969,0.0687757,0.096293047,0.007493778,0.121876654,0.042821131,0.141779329,0.042434854,0.045397046,0.31264517,0.147312905,0.062266619,0.045976354,0.020061238,0.188817402,0.02023967,0.504315354,0.061246758,0.051042189,0.125555774,0.174511605,0.055384506,0.140772574,0.423412431,0.165279661,0.279669675,0.201100153,0.166045955,0.206855724,0.174696747,0.160266655
Clostridium_hylemonae_DSM_15053,0.023434867,0.210903006,0.01575018,0.009089201,0.003253381,0.07483997,0.003708251,0.009492571,0.023289988,0.02947002,0.018715941,0.027096585,0.008642455,0.016649885,0.03949821,0.029799985,0.01134769,0.083743047,0.019121916,0.008855144,0.01277059,0.013531732,0.013450698,0.015482302,0.008827647,0.004321952,0.002318073,0.009345532,0.012691705,0.006926563,0.034039126,0.01466242,0.045233303,0.098113481,0.340622209,0.005380775,0.018875495,0.006482859,0.107468851,0.030488733,0.035340155,0.022684984,0.261152338,0.039575133,0.130028486,0.008181614,0.043735483,0.005627771,0.008931227,0.26413536,0.012999399,0.007961354,0.004008506,0.172451683,0.010667978,0.006535673,0.012891817,0.009290165,0.010446116,0.007828979,0.110398648,0.037899106,0.012020702,0.01848729,0.003393309,0.006666003,0.046677289,0.008651284,0.003553684,0.027254809,0.005043179,0.02203135,0.006064714,0.006080514,0.037432106,0.050408588,0.21740145,0.144447607,0.285882969,0.226394542,0.341126637,0.493031839,0.161196749,0.422299888,0.057141126,0.347462865,0.24763259,0.158706614,0.440873921,0.511468546,0.138241706,0.178523685,0.639122073,0.213280841,0.246286516,0.62621489,1,0.250411893,0.734289989,0.1795961,0.337149716,0.089261203,0.602093994,0.587711509,0.213921027,0.037647075,0.454133979,0.11474555,0.206056253,0.294244809,0.358456869,0.126222317,0.267847342,0.281852166,0.233087131,0.162499798,0.154398356,0.020855348,0.207240088,0.059872679,0.074277241,0.188110593,0.060063664,0.155659967,0.068334855,0.096509162,0.007964917,0.132853505,0.041805216,0.142424338,0.046980791,0.047895137,0.28069592,0.155909868,0.06163517,0.039046061,0.023635146,0.154300786,0.019121626,0.541030074,0.061762754,0.050680384,0.156945567,0.18183888,0.061244772,0.130855796,0.414377871,0.143642062,0.241240053,0.212945857,0.146441877,0.218031626,0.171914466,0.153963995
Clostridium_perfringens_ATCC_13124,0.017356575,0.113449374,0.013055189,0.00759638,0.0026967,0.044770334,0.003073738,0.006173067,0.015610347,0.020238971,0.015513483,0.022460127,0.005675973,0.013800946,0.032739727,0.0195267,0.009406003,0.060045753,0.016049107,0.007339953,0.010585432,0.011216337,0.011149168,0.012833147,0.007317161,0.003582429,0.001921431,0.007746432,0.010520045,0.006768925,0.01966644,0.013913181,0.022809025,0.053530521,0.149570397,0.003501508,0.015500401,0.005373586,0.052943096,0.019854574,0.018299194,0.011651084,0.104662797,0.027094827,0.068133128,0.005176047,0.030596375,0.004664811,0.007403017,0.125161905,0.007137877,0.006599098,0.003322616,0.078412219,0.008919969,0.005417364,0.010685917,0.004751879,0.006123662,0.006489374,0.045881423,0.031414244,0.009963857,0.012527603,0.002812685,0.005816029,0.030055979,0.007170975,0.00179066,0.019467296,0.004180248,0.018261597,0.005026989,0.005040086,0.027724076,0.036442806,0.095322981,0.141479169,0.154352158,0.196526062,0.245053967,0.16405617,0.083283988,0.251477888,0.027447687,0.175421157,0.113175587,0.172272837,0.1722118,0.206147674,0.154330534,0.091996329,0.241391518,0.159630076,0.165730742,0.307482867,0.250411893,1,0.289183576,0.08921903,0.496181372,0.046904342,0.263719274,0.261423169,0.145864559,0.017277955,0.248922017,0.075553888,0.11549371,0.15125457,0.146845722,0.074274319,0.218027924,0.243257832,0.181598449,0.084649725,0.151123975,0.02516053,0.127067738,0.039917644,0.050730827,0.140255264,0.034822287,0.095053875,0.052722915,0.072751445,0.005471913,0.095158012,0.02143691,0.071023204,0.039099755,0.03119095,0.158821866,0.11305823,0.028889231,0.024962187,0.01164421,0.158308941,0.015370737,0.271649014,0.091204938,0.072830238,0.074401981,0.154080723,0.073491341,0.071987328,0.202161147,0.08728837,0.127751963,0.148228799,0.069910988,0.170316677,0.093283739,0.149187333
Clostridium_phytofermentans_ISDg,0.018392374,0.221331803,0.012035986,0.007484333,0.002486171,0.057191271,0.002833774,0.007349054,0.017797762,0.022520424,0.014302364,0.020706691,0.006604399,0.012723523,0.030183775,0.022772578,0.008671688,0.063994832,0.01483145,0.006766931,0.00975904,0.01034069,0.010278765,0.011831278,0.006745919,0.003302753,0.001771427,0.007141677,0.009698758,0.005437467,0.02697098,0.011437736,0.036360235,0.074976442,0.260296967,0.004111885,0.014429829,0.004954076,0.082125637,0.025473513,0.027006269,0.01733543,0.198833216,0.030242559,0.099365278,0.006252233,0.033421818,0.004300635,0.006825073,0.205476669,0.009933892,0.006083914,0.003063224,0.131784273,0.008223597,0.004994436,0.00985168,0.007099366,0.007982722,0.005982756,0.083919292,0.028961771,0.00918599,0.014127633,0.002593102,0.005296725,0.03566989,0.006611146,0.002715657,0.020827603,0.003853901,0.016835936,0.004634538,0.004646612,0.028604899,0.038521277,0.166134024,0.164648697,0.251730688,0.274460723,0.424430837,0.417101713,0.13964004,0.465275943,0.047080602,0.296416835,0.214883734,0.20768201,0.336907405,0.39133147,0.159307578,0.189780594,0.546836213,0.217014512,0.230716342,0.599825465,0.734289989,0.289183576,1,0.150412764,0.373209793,0.07128527,0.520929929,0.491889707,0.22618639,0.030763908,0.554425642,0.099543299,0.195608524,0.314739051,0.38794679,0.103581653,0.215697291,0.346458606,0.222426651,0.143066209,0.174841125,0.027291116,0.195846187,0.055152148,0.085418836,0.207537408,0.05520583,0.15352951,0.070756286,0.112171378,0.006742611,0.154967705,0.038040981,0.123729953,0.040373846,0.045479428,0.274704946,0.167559123,0.048789482,0.040495176,0.020420604,0.173654589,0.019442297,0.581796547,0.073806082,0.056660744,0.140945206,0.187914193,0.080144344,0.112411168,0.425782608,0.140512826,0.202204352,0.245025582,0.127504999,0.260840994,0.187758498,0.178715333
Clostridium_ramosum_VPI_0427_DSM_1402,0.022935316,0.080512725,0.022198544,0.005444314,0.008199769,0.072878342,0.009346216,0.011211599,0.02278825,0.029261558,0.047171353,0.06593348,0.021782304,0.015874447,0.046697716,0.024130093,0.026810021,0.065240601,0.047493257,0.02231836,0.032186787,0.034105157,0.033900919,0.021020424,0.022249058,0.004126769,0.005842434,0.023554328,0.025400056,0.018997806,0.023228989,0.015120659,0.031670112,0.070828103,0.150237786,0.004461381,0.012265403,0.006719317,0.089651051,0.090604456,0.027921484,0.034830918,0.142016798,0.099744522,0.081847876,0.006256582,0.051290428,0.011335524,0.010763274,0.357688143,0.009736974,0.011781513,0.003658032,0.107931037,0.007020578,0.016472405,0.032492326,0.02341478,0.008497549,0.015384332,0.066486419,0.054666451,0.030296781,0.023674576,0.008552441,0.00459591,0.11764468,0.021804556,0.008956647,0.068692577,0.004185872,0.036304835,0.005070987,0.007335918,0.035064162,0.056504846,0.110482656,0.053241394,0.115201909,0.077465757,0.113611714,0.169812755,0.082703972,0.129230343,0.03651774,0.147428014,0.099469141,0.059073714,0.180165991,0.163182455,0.075900574,0.064053963,0.191020372,0.092226213,0.10588967,0.183164365,0.1795961,0.08921903,0.150412764,1,0.111984623,0.082961373,0.160882455,0.158459466,0.069391814,0.107112339,0.122060169,0.066469633,0.073713111,0.083874607,0.111121137,0.093052393,0.133026466,0.101857677,0.137662235,0.084786754,0.059443018,0.007957201,0.084102986,0.038325763,0.025797186,0.058693634,0.036300565,0.043484284,0.037989201,0.032725913,0.009692236,0.044755364,0.029875074,0.077430123,0.024883125,0.033772183,0.104869573,0.067371076,0.033735829,0.011116718,0.012850767,0.064201251,0.013846346,0.132668507,0.015455969,0.015343298,0.037421116,0.080980526,0.023350036,0.087248991,0.138111618,0.111333496,0.126255829,0.072829926,0.092355484,0.076426577,0.053789463,0.049794093
Clostridium_sp_7_2_43FAA,0.022683183,0.133054936,0.013702751,0.009685403,0.002830461,0.065111223,0.003226201,0.008363624,0.019196042,0.025105017,0.016282981,0.023574192,0.007518988,0.0144855,0.034318184,0.025253924,0.009872559,0.072856953,0.015735574,0.007704028,0.01111049,0.011772688,0.011702188,0.013469696,0.007680106,0.003760124,0.002016738,0.008130669,0.011041859,0.006889641,0.028542581,0.014144382,0.033366167,0.08132828,0.228060845,0.004681307,0.014017856,0.005640126,0.086036641,0.024915391,0.027940579,0.017871449,0.165135914,0.034430604,0.105285355,0.007118053,0.038050133,0.004896195,0.007770221,0.181585872,0.010693208,0.006926426,0.003487425,0.131312781,0.009066668,0.005686075,0.011215958,0.007287166,0.008979661,0.006811259,0.068191994,0.03297245,0.010458083,0.016084053,0.002952199,0.005822976,0.040609522,0.007526669,0.002758474,0.023711848,0.004387596,0.019167407,0.005276338,0.005290084,0.032566157,0.043855774,0.140762648,0.171307005,0.186581588,0.19948727,0.268172091,0.23536098,0.138091172,0.302449603,0.036490645,0.223006824,0.161629679,0.173074152,0.252188534,0.312719781,0.164578749,0.100661222,0.353842157,0.218516686,0.232480961,0.401468952,0.337149716,0.496181372,0.373209793,0.111984623,1,0.065434256,0.34412097,0.352831648,0.171929025,0.027051603,0.309664111,0.105166056,0.140756155,0.264431902,0.27263711,0.11493782,0.184676159,0.25576084,0.194167294,0.099118411,0.178254568,0.023971499,0.16267651,0.041136482,0.051508225,0.144784534,0.037483894,0.142806386,0.05096117,0.073211841,0.005375385,0.094561338,0.020740637,0.092306229,0.044522005,0.030068746,0.179341613,0.124559053,0.04809096,0.032004597,0.015444853,0.170278446,0.015662831,0.387252629,0.087036041,0.113020463,0.151243792,0.207809265,0.070395804,0.081161667,0.244384952,0.10705416,0.16103185,0.160372056,0.092071551,0.180412518,0.10297409,0.206760577
Clostridium_spiroforme_DSM_1552,0.082418619,0.076783662,0.147284344,0.061287233,0.024544524,0.309047366,0.036151662,0.068364644,0.06080047,0.072874705,0.154884738,0.179123745,0.053362837,0.086803259,0.173864964,0.090776273,0.096528182,0.271628247,0.042857545,0.079676724,0.115320514,0.103455507,0.13113057,0.126901709,0.060779698,0.041705207,0.01574184,0.074682885,0.109550523,0.064838043,0.132262705,0.132091598,0.103838525,0.151400784,0.17280732,0.03675294,0.026744045,0.050372504,0.286927448,0.111712864,0.189082942,0.175212552,0.229341682,0.170105324,0.226684867,0.044735038,0.23970838,0.054865024,0.086901784,0.198639906,0.05966073,0.077615078,0.036364806,0.226562845,0.047457819,0.057391774,0.084893388,0.089054796,0.095532248,0.076324553,0.231498366,0.243922347,0.107608837,0.126989503,0.023460949,0.023031086,0.23209586,0.071286627,0.026582636,0.128532405,0.043164743,0.182662019,0.057764735,0.056410852,0.142921406,0.269864944,0.285080408,0.024108469,0.093229193,0.023962764,0.036542893,0.120474987,0.174515257,0.044025009,0.093953751,0.118666101,0.110886152,0.016164735,0.14680107,0.13398872,0.035528936,0.035959131,0.103124739,0.027651485,0.02323921,0.093758515,0.089261203,0.046904342,0.07128527,0.082961373,0.065434256,1,0.102790964,0.110263308,0.019656168,0.114260511,0.044984011,0.02714705,0.023043256,0.037617277,0.044079351,0.062826308,0.159782285,0.030547593,0.071280417,0.10088777,0.025756449,0.002139234,0.022466932,0.011318522,0.03111948,0.019680553,0.01908808,0.033881279,0.013838811,0.018858888,0.00358751,0.0343491,0.012874037,0.043957022,0.049297334,0.00797364,0.050486087,0.114223294,0.118503314,0.005078075,0.052530503,0.026954957,0.012448493,0.072058274,0.007862795,0.046135337,0.050765964,0.018459689,0.006282173,0.082238254,0.062947288,0.06925509,0.109208693,0.026236675,0.064831922,0.028830349,0.019143733,0.034937125
Collinsella_intestinalis_DSM_13280,0.030837641,0.259296652,0.019431818,0.01138792,0.004013866,0.092333972,0.004575063,0.011253524,0.028319382,0.036358699,0.023090832,0.033430469,0.010545321,0.02054183,0.047021,0.036296752,0.014000237,0.103318162,0.02157333,0.010925052,0.015755742,0.016694803,0.016594827,0.019101323,0.010891128,0.005332217,0.002829878,0.01153007,0.015658418,0.009373399,0.041831482,0.019404516,0.053075533,0.120893021,0.396062062,0.006638543,0.022844246,0.007998241,0.129387917,0.037775624,0.043135122,0.026958767,0.29373438,0.048825905,0.157718718,0.010094083,0.053958745,0.006943275,0.01101892,0.280759512,0.015901708,0.009822338,0.004945503,0.200399701,0.012744068,0.008063401,0.015905307,0.011007146,0.012887918,0.00965902,0.126990775,0.046758102,0.014830566,0.022808733,0.004186502,0.008137554,0.057588205,0.010673541,0.004181209,0.033625679,0.006222033,0.027181225,0.007482354,0.007501847,0.045921066,0.062191702,0.24645795,0.08692433,0.314740195,0.187640852,0.279692692,0.469408541,0.196948733,0.364854867,0.064150998,0.408723665,0.278551859,0.128637358,0.48698071,0.50378428,0.098520321,0.170308629,0.550874603,0.169083022,0.201563389,0.519057477,0.602093994,0.263719274,0.520929929,0.160882455,0.34412097,0.102790964,1,0.822973056,0.146989907,0.041967957,0.362413468,0.105117233,0.149627792,0.236970082,0.297602745,0.123635296,0.306573884,0.241683157,0.202013556,0.137534373,0.094835407,0.016904002,0.173201142,0.053732786,0.08476627,0.134060501,0.052300091,0.111363432,0.043678264,0.114943368,0.005409537,0.131161919,0.031572281,0.146153437,0.043036464,0.03383048,0.266532845,0.158899248,0.072688815,0.059478294,0.026291551,0.096795331,0.020146509,0.451459998,0.045403166,0.039655464,0.143230391,0.133860931,0.049641067,0.135628392,0.343744511,0.140256875,0.273535939,0.157470783,0.156974359,0.161164334,0.135969647,0.106357819
Collinsella_stercoris_DSM_13279,0.036271921,0.248177612,0.02231026,0.012668711,0.004608441,0.106011432,0.005252768,0.012965773,0.032253167,0.041744525,0.026511284,0.038382535,0.012103813,0.023584698,0.054236434,0.041702876,0.016074097,0.118622714,0.024752575,0.012543384,0.018089645,0.01916781,0.019053024,0.021930808,0.012504434,0.00612208,0.003247981,0.013238024,0.017977904,0.010376496,0.046434793,0.022531444,0.061439219,0.1364807,0.447763371,0.007621912,0.025692792,0.009183023,0.146393696,0.043257167,0.048813038,0.030610083,0.331799582,0.056058502,0.17821789,0.011589323,0.061951671,0.007971784,0.012651156,0.29905849,0.017999313,0.011277324,0.005678082,0.228628076,0.014642573,0.009257835,0.018261365,0.012506822,0.014797009,0.011089813,0.144384935,0.053684395,0.017027423,0.026141598,0.00480665,0.009193357,0.066118764,0.012254615,0.004755586,0.038606661,0.007143704,0.031207589,0.008590717,0.008613098,0.052746385,0.071404179,0.266676071,0.093807689,0.331406242,0.164941423,0.242100247,0.465391095,0.210894505,0.319622546,0.067516398,0.427781547,0.294784392,0.112040729,0.533660761,0.552551954,0.100328247,0.179884367,0.555833449,0.173612612,0.194136641,0.517449142,0.587711509,0.261423169,0.491889707,0.158459466,0.352831648,0.110263308,0.822973056,1,0.128853378,0.044953759,0.319234118,0.12029931,0.14940162,0.229768243,0.283300552,0.138917394,0.330960593,0.210501502,0.20197994,0.152624294,0.100786752,0.014723069,0.176844984,0.049327991,0.074212097,0.126040495,0.052186284,0.108546007,0.040857022,0.107179715,0.005312328,0.117245271,0.033200298,0.147653767,0.045541915,0.031129242,0.267254632,0.138863123,0.083285211,0.053074374,0.027825665,0.102368606,0.020921734,0.446777569,0.043877802,0.039006835,0.146944156,0.124042154,0.04323644,0.150403004,0.336252008,0.147473963,0.300256072,0.152633172,0.171988181,0.156688826,0.126923359,0.10749307
Cronobacter_sakazakii_ATCC_BAA_894,0.008222448,0.149498715,0.003844673,0.00254362,0.000794161,0.018268692,0.000905197,0.00237372,0.005685165,0.007193732,0.004568625,0.006614369,0.002109653,0.004064294,0.009641648,0.007274278,0.00277001,0.020441963,0.004737632,0.002161571,0.003117345,0.003303142,0.003283361,0.003779283,0.002154859,0.001055003,0.00056585,0.002281276,0.003098088,0.001803891,0.010409413,0.004163273,0.012858886,0.023949835,0.083147044,0.001313466,0.004615865,0.001582488,0.026233513,0.007839591,0.008626652,0.005537482,0.063748177,0.009660425,0.031740397,0.00199716,0.010675981,0.001373758,0.002180143,0.067317113,0.003173198,0.001943394,0.00097849,0.042096044,0.002626876,0.00159538,0.003146937,0.002267761,0.002549933,0.001911081,0.026971046,0.009251301,0.002934294,0.004512811,0.000828318,0.001633012,0.011394086,0.002111808,0.000867466,0.006652992,0.001231057,0.005377928,0.001480417,0.001484274,0.009137305,0.012304908,0.051776755,0.222540463,0.087455217,0.250331632,0.251919021,0.141870871,0.053189374,0.29398066,0.019397182,0.154119585,0.092743054,0.271467335,0.107618829,0.124098118,0.151869458,0.070940616,0.163383139,0.524037363,0.51018534,0.189161392,0.213921027,0.145864559,0.22618639,0.069391814,0.171929025,0.019656168,0.146989907,0.128853378,1,0.010111975,0.287207394,0.133004334,0.518425374,0.225136512,0.176776792,0.072590531,0.067056937,0.268092065,0.151273392,0.074711358,0.224206659,0.077017031,0.405806951,0.078279189,0.080096409,0.180217872,0.058580817,0.111782576,0.079298206,0.167354683,0.008657715,0.119682454,0.086690142,0.137919077,0.021599383,0.080885419,0.130903136,0.068644459,0.020725273,0.07858898,0.005489716,0.214750893,0.012745414,0.169873602,0.092841298,0.050057205,0.098623272,0.537371602,0.175959271,0.037667149,0.187239975,0.066619405,0.066889659,0.382498382,0.050972999,0.399249594,0.209624474,0.126670625
Desulfovibrio_piger_ATCC_29098,0.038149777,0.034824603,0.184668869,0.035217914,0.048340596,0.125843597,0.029012524,0.052849627,0.035306872,0.147781024,0.142843552,0.164350922,0.067237346,0.169800765,0.065330203,0.083551067,0.142125296,0.122845967,0.150821342,0.089349647,0.109982573,0.166064297,0.130463083,0.096431793,0.048844844,0.037183065,0.041097125,0.129968906,0.094471574,0.13164769,0.147360471,0.089343224,0.138985023,0.064496461,0.062323482,0.09624495,0.116140605,0.094401132,0.076516403,0.158540829,0.042369856,0.094374062,0.06744518,0.124712848,0.070211966,0.091563594,0.093990902,0.08042896,0.1151613,0.096645388,0.147551325,0.118772124,0.077187896,0.081878474,0.084696624,0.106027402,0.244883564,0.147552212,0.062261853,0.146033955,0.089763064,0.122187987,0.139452433,0.035367403,0.062368453,0.068991316,0.148591423,0.107984241,0.065860312,0.075047394,0.038540721,0.128674953,0.079893136,0.090628886,0.115899167,0.138820082,0.063833115,0.005716191,0.032173249,0.009842583,0.016046179,0.040883374,0.06195077,0.020995268,0.020876411,0.033729211,0.052214823,0.007553565,0.058177407,0.053322094,0.007495117,0.012498601,0.044745238,0.012290962,0.012636527,0.036310956,0.037647075,0.017277955,0.030763908,0.107112339,0.027051603,0.114260511,0.041967957,0.044953759,0.010111975,1,0.022260143,0.055338989,0.012663737,0.022870086,0.025578984,0.020626377,0.047450595,0.012446748,0.014037387,0.02725511,0.006340324,0.000992603,0.016842114,0.005469569,0.014264595,0.019263836,0.006588951,0.010171148,0.004612577,0.006656956,0.002153416,0.015007715,0.003079895,0.022033219,0.011804927,0.0038332,0.034642903,0.037628987,0.116499398,0.020993129,0.182084658,0.00667858,0.00481525,0.031046489,0.003435224,0.003662622,0.021129578,0.010250736,0.002914923,0.032201951,0.022889535,0.031430679,0.041323661,0.009371991,0.027073649,0.009575896,0.006613587,0.008065251
Desulfovibrio_vulgaris_Miyazaki_F,0.012765606,0.202082577,0.007429443,0.004725561,0.001534637,0.03530241,0.001749202,0.004586975,0.010986011,0.013901164,0.008828409,0.012781603,0.004076692,0.007853839,0.018631515,0.014056811,0.005352766,0.039502039,0.009154998,0.004177018,0.006023955,0.00638299,0.006344765,0.007303084,0.004164048,0.002038688,0.001093447,0.004408337,0.005986744,0.003397475,0.018049023,0.007242128,0.023447598,0.046280649,0.160673302,0.00253814,0.008919695,0.003057999,0.050693627,0.015634938,0.016670138,0.010700627,0.123186943,0.0186678,0.061335126,0.003859311,0.020630259,0.002654649,0.004212907,0.130083552,0.006131885,0.003755413,0.001890834,0.081346373,0.005076173,0.003082912,0.006081138,0.00438222,0.004927488,0.003692971,0.052118835,0.017877209,0.005670229,0.008720553,0.001600642,0.003314987,0.022017925,0.004080857,0.001676292,0.012856238,0.002378894,0.010392305,0.002860758,0.002868211,0.017656923,0.023777998,0.102549417,0.152924549,0.182293907,0.343548703,0.546386748,0.269577349,0.096897668,0.529295707,0.034732703,0.24451983,0.154090934,0.327060535,0.207962566,0.241556865,0.159964298,0.16905103,0.356600697,0.232678701,0.269578722,0.401956892,0.454133979,0.248922017,0.554425642,0.122060169,0.309664111,0.044984011,0.362413468,0.319234118,0.287207394,0.022260143,1,0.091211941,0.190307961,0.326212729,0.415003514,0.085339866,0.13765548,0.410755738,0.202279063,0.107391418,0.163809959,0.044212664,0.209221681,0.066188963,0.106576182,0.263083275,0.061845812,0.119499561,0.069952295,0.151725104,0.006823502,0.166735219,0.045943482,0.112092506,0.031742536,0.053991097,0.247089401,0.158690118,0.034264605,0.052040749,0.013928865,0.156857803,0.018671647,0.400334792,0.075321048,0.050781916,0.124938261,0.255253668,0.128237456,0.076721839,0.344070795,0.107165292,0.141505693,0.269848914,0.095725769,0.281444937,0.194887695,0.171279455
Enterobacter_cancerogenus_ATCC_35316,0.026417291,0.065363586,0.028116877,0.005332428,0.005807865,0.071047749,0.005012022,0.016453825,0.020470631,0.026057055,0.03047571,0.043096326,0.007891193,0.019792843,0.067576945,0.053198281,0.020257648,0.089026682,0.016870389,0.015808009,0.022797777,0.024156552,0.024011891,0.023672397,0.008096136,0.007715453,0.004138174,0.01668344,0.020573301,0.011612201,0.024217263,0.030391882,0.032235638,0.069056963,0.150431836,0.009594886,0.009379542,0.011573057,0.09460552,0.062411526,0.029005432,0.02974528,0.149367402,0.045403407,0.092290224,0.014605638,0.047767842,0.010046574,0.015714633,0.104871028,0.015854397,0.014212436,0.007155898,0.135586198,0.006126924,0.011667341,0.023014189,0.016584598,0.010414738,0.013976122,0.085819312,0.052120659,0.021459094,0.014916816,0.00319842,0.004533938,0.06733893,0.015444084,0.006343959,0.023350937,0.009002973,0.036267785,0.010826594,0.0108548,0.033989582,0.068018863,0.11224021,0.056234817,0.134805185,0.061804616,0.072206219,0.154070904,0.062960451,0.089263428,0.029778397,0.138336305,0.18810642,0.053953756,0.132255464,0.135777399,0.063779869,0.076856373,0.116311345,0.199606013,0.200623961,0.118789121,0.11474555,0.075553888,0.099543299,0.066469633,0.105166056,0.02714705,0.105117233,0.12029931,0.133004334,0.055338989,0.091211941,1,0.225452386,0.09568058,0.08081467,0.103771581,0.078111621,0.067640608,0.129136357,0.113546636,0.063646497,0.010932364,0.307611941,0.063187806,0.020390273,0.047835265,0.11547238,0.079025964,0.06447069,0.057916165,0.015033572,0.03110994,0.147214099,0.200115367,0.044769059,0.063821386,0.073383898,0.045588533,0.05749568,0.20497715,0.007336353,0.070081254,0.034560213,0.110847843,0.015516848,0.015667006,0.048956908,0.153456446,0.026156082,0.122657802,0.243031444,0.083132186,0.176522706,0.108744772,0.125604693,0.129746355,0.059182563,0.036798315
Enterobacter_sp_638,0.011683907,0.124183052,0.006347571,0.002988561,0.001311164,0.03016169,0.001494484,0.003822103,0.008600066,0.011175918,0.00754282,0.010920352,0.003390334,0.006710166,0.015918402,0.012009865,0.004573298,0.03374977,0.006919753,0.003568763,0.005146749,0.005453502,0.005420844,0.006239612,0.003557681,0.001741815,0.00093422,0.003766397,0.005114957,0.002740276,0.013781493,0.006869903,0.017755248,0.038461346,0.122018958,0.002168537,0.005749103,0.002612694,0.043311644,0.013942513,0.014242641,0.009142407,0.105248517,0.015949404,0.052403534,0.00329732,0.01762609,0.002268081,0.003599426,0.081634782,0.005238963,0.003208552,0.001615491,0.069500752,0.003334456,0.00263398,0.005195606,0.003744083,0.00420995,0.003155202,0.040003599,0.015273938,0.004844533,0.007099869,0.001367557,0.002463051,0.018811685,0.003486604,0.001432191,0.010984119,0.002032481,0.008878982,0.002444175,0.002450543,0.01508573,0.020315457,0.071010016,0.168183316,0.120221952,0.161256831,0.165590673,0.17229305,0.059730794,0.204767126,0.021215264,0.1777919,0.132871549,0.15197774,0.138847982,0.149735629,0.134404674,0.069413014,0.176344335,0.460180368,0.451867999,0.190904605,0.206056253,0.11549371,0.195608524,0.073713111,0.140756155,0.023043256,0.149627792,0.14940162,0.518425374,0.012663737,0.190307961,0.225452386,1,0.177636853,0.121899605,0.083339267,0.080764356,0.168386052,0.176579484,0.117374718,0.173855395,0.0442736,0.542541067,0.065663794,0.050588428,0.119344161,0.076965221,0.108525746,0.067077216,0.194983317,0.008750345,0.077952942,0.120206692,0.232327613,0.027265906,0.07314543,0.115283467,0.058808967,0.031182119,0.157671643,0.006004091,0.183916064,0.017654032,0.200580305,0.05542423,0.037645034,0.064919543,0.364103601,0.088522806,0.056060895,0.267998791,0.079217374,0.09428048,0.359569724,0.072379797,0.391650745,0.171880793,0.079218827
Enterococcus_faecalis_TX1322,0.016499814,0.178971,0.009082258,0.005945807,0.001876045,0.043156074,0.002131612,0.005526834,0.013430049,0.016993732,0.010792449,0.015625103,0.004983626,0.009601068,0.022776435,0.017184005,0.006543586,0.048289987,0.011191693,0.005106272,0.007364093,0.007803002,0.007756274,0.008927788,0.005090416,0.002492231,0.001336705,0.005389052,0.007318605,0.004078126,0.020986463,0.00937731,0.026493251,0.052744325,0.161776135,0.003102796,0.008993359,0.003738306,0.057392086,0.014788791,0.019923448,0.013081176,0.143303892,0.022820792,0.072444922,0.004717885,0.025219836,0.003245225,0.005150145,0.135682803,0.007496035,0.004590873,0.002311484,0.099443355,0.0060417,0.003768762,0.007433998,0.005357124,0.006023698,0.00451454,0.051624897,0.02185432,0.006931674,0.010660598,0.001956734,0.003388255,0.026916213,0.004988718,0.002049213,0.014793941,0.002908123,0.012704262,0.003497185,0.003506296,0.021585027,0.029067847,0.101214978,0.206357711,0.139155574,0.18645247,0.277483871,0.214821647,0.098612377,0.338575316,0.031205148,0.211661997,0.135631833,0.191829074,0.197647984,0.223581984,0.145896611,0.111508497,0.294573662,0.215803755,0.256835726,0.302063003,0.294244809,0.15125457,0.314739051,0.083874607,0.264431902,0.037617277,0.236970082,0.229768243,0.225136512,0.022870086,0.326212729,0.09568058,0.177636853,1,0.463931237,0.117238714,0.128423959,0.227114018,0.149728201,0.085365111,0.203556723,0.033864929,0.191935719,0.063107086,0.12145261,0.157368139,0.063771498,0.108375105,0.084105158,0.145088881,0.006781465,0.155233392,0.051210587,0.105095871,0.026084296,0.056402589,0.31773385,0.11330253,0.045927987,0.046659471,0.010165197,0.197849934,0.01641121,0.27907181,0.073481256,0.051969239,0.152903703,0.24738836,0.082504187,0.070363729,0.249719546,0.111880164,0.121104724,0.247623189,0.08850506,0.254984006,0.175853398,0.148335448
Enterococcus_sp_7L76,0.015727882,0.181370834,0.009969269,0.005452083,0.002059267,0.047370874,0.002347183,0.006120254,0.014741683,0.018653409,0.011846484,0.017151115,0.005470348,0.010538748,0.025000875,0.018862265,0.007182659,0.053006186,0.012100921,0.005604972,0.008083301,0.008565075,0.008513784,0.009799712,0.005587567,0.002735632,0.001467253,0.005915369,0.00803337,0.004534319,0.022822895,0.009797343,0.029741723,0.060506511,0.193387806,0.003405827,0.009689687,0.004103405,0.065901137,0.016029062,0.022368983,0.014358738,0.164496061,0.025049565,0.082303121,0.005178653,0.027682909,0.003562167,0.005653129,0.149731433,0.008228129,0.005039237,0.002537233,0.109155402,0.006637794,0.004136834,0.008160033,0.005880323,0.006611997,0.004955448,0.064133527,0.023988703,0.00760865,0.011701756,0.002147836,0.003967949,0.029544961,0.005475936,0.002249348,0.016930242,0.003192142,0.013945013,0.003838735,0.003848736,0.02369311,0.031906732,0.126388879,0.185780758,0.165287734,0.230316765,0.342116494,0.250585294,0.120077435,0.389962238,0.036417475,0.227054488,0.16045111,0.202851797,0.243870782,0.273227926,0.14019565,0.146141659,0.359445619,0.18788712,0.216636988,0.381961665,0.358456869,0.146845722,0.38794679,0.111121137,0.27263711,0.044079351,0.297602745,0.283300552,0.176776792,0.025578984,0.415003514,0.08081467,0.121899605,0.463931237,1,0.107207711,0.151624826,0.26580633,0.174008436,0.096189685,0.194386053,0.032154499,0.139098943,0.065388178,0.09395249,0.171551928,0.052926657,0.107490934,0.062203462,0.114990811,0.007320774,0.123102565,0.03830805,0.122279873,0.02520111,0.043382566,0.24456941,0.122567438,0.042342273,0.046989854,0.011871915,0.183778845,0.014382142,0.294473212,0.05158797,0.04039118,0.179055629,0.207624522,0.091239668,0.071913524,0.257635299,0.106585932,0.143156787,0.219968181,0.095047602,0.195837642,0.157397826,0.118916273
Escherichia_fergusonii_UMN026_ATCC_35469,0.098891734,0.076548286,0.044333312,0.023426238,0.009157556,0.121148022,0.008597542,0.019404287,0.037599292,0.05249375,0.049991385,0.076270959,0.018203534,0.039720491,0.080176177,0.03716575,0.031062664,0.109691991,0.023271678,0.024925293,0.035946417,0.038088866,0.037860771,0.043579293,0.019311094,0.012165348,0.006429706,0.026305629,0.035724373,0.015749132,0.035293582,0.044243863,0.067197456,0.137635129,0.154909546,0.009720956,0.026827707,0.017890913,0.128079999,0.057931498,0.060125942,0.039697111,0.195850251,0.065790526,0.198495889,0.015728998,0.079902488,0.015840945,0.019476485,0.129378639,0.02700624,0.022409471,0.00955623,0.155559355,0.020883149,0.018396491,0.036287645,0.021860385,0.018203333,0.022036863,0.107615165,0.082101764,0.033835646,0.049331327,0.008933435,0.004593761,0.093744393,0.024351473,0.00990122,0.063616546,0.007872247,0.053545273,0.017070843,0.013983631,0.061761891,0.101641231,0.175123655,0.062906259,0.143856543,0.045211157,0.064358942,0.224968592,0.100863222,0.088540221,0.109805818,0.195861495,0.191823758,0.039039772,0.149658713,0.145320525,0.100898414,0.074624141,0.139358438,0.128455338,0.135348868,0.133837892,0.126222317,0.074274319,0.103581653,0.093052393,0.11493782,0.062826308,0.123635296,0.138917394,0.072590531,0.020626377,0.085339866,0.103771581,0.083339267,0.117238714,0.107207711,1,0.13031133,0.061626309,0.167618174,0.180338521,0.065447366,0.006208728,0.100861092,0.275746159,0.019164668,0.03787093,0.224292697,0.127528892,0.272840716,0.029229085,0.0760783,0.031008076,0.079609122,0.071448549,0.025120065,0.257422353,0.097340388,0.045451878,0.112094382,0.012080657,0.015622717,0.072173195,0.010982462,0.102702995,0.012277705,0.013155285,0.08062032,0.09546141,0.016409455,0.189297638,0.143606634,0.225305134,0.255071301,0.069323716,0.126201426,0.073170649,0.054970601,0.042267044
Eubacterium_dolichum_DSM_3991,0.049528518,0.108600023,0.053971288,0.015618116,0.01080003,0.167755359,0.012245695,0.024653435,0.04704238,0.060269045,0.064134087,0.092852117,0.018369876,0.054230807,0.132910047,0.072899407,0.038885235,0.18612749,0.048132419,0.030344003,0.043761098,0.044043169,0.046091629,0.053053346,0.026273669,0.014810071,0.007482307,0.032024422,0.043490782,0.023165258,0.059168187,0.045078999,0.072186692,0.183669947,0.392961624,0.012372518,0.045607712,0.022214871,0.231057835,0.051915914,0.090114044,0.057679908,0.388386541,0.095544651,0.263776244,0.018882588,0.118099612,0.017823941,0.030539462,0.341239209,0.02609819,0.027281246,0.012339493,0.278201598,0.026192713,0.022395852,0.043792184,0.020677614,0.022924155,0.026827635,0.183303201,0.10326161,0.04119145,0.05009548,0.011438074,0.017025863,0.123056627,0.029268467,0.009116893,0.07111207,0.017281507,0.069784272,0.020782011,0.020836153,0.076304272,0.123811815,0.324078445,0.056835582,0.209685059,0.06818229,0.105532765,0.332123128,0.187869784,0.134746268,0.103865183,0.269259104,0.183884917,0.046314585,0.420705262,0.404541822,0.096727643,0.099762261,0.360253785,0.092163023,0.087943076,0.311682413,0.267847342,0.218027924,0.215697291,0.133026466,0.184676159,0.159782285,0.306573884,0.330960593,0.067056937,0.047450595,0.13765548,0.078111621,0.080764356,0.128423959,0.151624826,0.13031133,1,0.087015586,0.194785337,0.148344926,0.062082204,0.006086115,0.084407729,0.026917731,0.035845094,0.073035841,0.031521061,0.05231077,0.03077106,0.042692648,0.005595031,0.054815263,0.017771526,0.088947059,0.032736185,0.019709451,0.148338494,0.101300928,0.080674004,0.027997734,0.024227261,0.064934704,0.015158103,0.238386627,0.020105781,0.020091804,0.077618283,0.065646604,0.017872766,0.14453095,0.173185347,0.105022071,0.245903864,0.066085401,0.144077565,0.069139903,0.058094743,0.056399331
Finegoldia_magna_ATCC_29328,0.008352531,0.238129101,0.004696343,0.003455502,0.000970084,0.022315566,0.001105716,0.002899545,0.006944541,0.008787285,0.005580665,0.008079581,0.002576982,0.004964614,0.011777462,0.008885673,0.003383621,0.02497026,0.005597632,0.002640401,0.003807898,0.004034853,0.00401069,0.004616468,0.002632202,0.001288707,0.000691196,0.002786624,0.003784376,0.002340877,0.012803171,0.004911533,0.015707381,0.029255194,0.101565746,0.001604424,0.00563837,0.00193304,0.032044751,0.011343262,0.010537625,0.006764143,0.077869649,0.011800399,0.038771518,0.00243957,0.01304092,0.001678073,0.002663087,0.082229174,0.003876123,0.002373894,0.001195245,0.051421144,0.00320878,0.001948788,0.003844045,0.002770114,0.003114793,0.002334422,0.032945662,0.011300646,0.003584298,0.005512487,0.001011807,0.001931355,0.013918099,0.002579615,0.001059627,0.00812676,0.00150376,0.006569244,0.001808359,0.00181307,0.011161397,0.015030687,0.064824136,0.1931059,0.129029653,0.718603228,0.569292683,0.173298053,0.071028218,0.43648833,0.023945222,0.179498853,0.106558938,0.444724189,0.131458511,0.148964616,0.161369835,0.162349452,0.225400504,0.212928166,0.21558998,0.262687792,0.281852166,0.243257832,0.346458606,0.101857677,0.25576084,0.030547593,0.241683157,0.210501502,0.268092065,0.012446748,0.410755738,0.067640608,0.168386052,0.227114018,0.26580633,0.061626309,0.087015586,1,0.242082791,0.071520627,0.204859115,0.06994282,0.16414688,0.058597966,0.116033326,0.234605148,0.04313688,0.101563638,0.072777402,0.170948203,0.005750141,0.188145324,0.035386872,0.086948311,0.026102106,0.04637405,0.197799068,0.134508123,0.021505364,0.04053056,0.008643462,0.180835307,0.016663874,0.269695938,0.121120826,0.067977741,0.109731808,0.231717846,0.205397297,0.049844094,0.254591519,0.079573599,0.091753424,0.377691572,0.068910309,0.319017889,0.336028021,0.217542234
Fusobacterium_nucleatum_nucleatum_ATCC_25586,0.031441267,0.146797007,0.015484129,0.004924245,0.003198425,0.071110428,0.003645612,0.008795413,0.018313803,0.023448578,0.018399792,0.026638871,0.006623374,0.016368636,0.038098973,0.02735787,0.011156006,0.077514765,0.011208632,0.008705563,0.01255487,0.013303155,0.013223489,0.015220776,0.007013408,0.004248945,0.001780112,0.009187668,0.012477317,0.005662155,0.026178015,0.014427384,0.03526379,0.084428929,0.1666686,0.004979631,0.012669902,0.006373351,0.099567828,0.023843511,0.032867177,0.020350229,0.190681931,0.038906632,0.126172586,0.007451938,0.042996705,0.005532707,0.007880069,0.159778602,0.009139702,0.007826872,0.003940795,0.128987726,0.005492881,0.006425273,0.011848978,0.009133236,0.009439118,0.007696732,0.076830396,0.03422821,0.011817649,0.018175004,0.003147483,0.003140254,0.045341543,0.008505147,0.003493655,0.026794423,0.004926768,0.021659198,0.005962269,0.005977802,0.028864437,0.049557089,0.196604025,0.183583999,0.178000051,0.216239144,0.216583474,0.313383991,0.085922379,0.222659404,0.043588204,0.252202553,0.172733589,0.141347656,0.17828448,0.18397522,0.308858804,0.117120501,0.213685414,0.187118459,0.212231731,0.233889432,0.233087131,0.181598449,0.222426651,0.137662235,0.194167294,0.071280417,0.202013556,0.20197994,0.151273392,0.014037387,0.202279063,0.129136357,0.176579484,0.149728201,0.174008436,0.167618174,0.194785337,0.242082791,1,0.205904645,0.197535709,0.021213688,0.164678976,0.152621679,0.057044986,0.117399148,0.108335742,0.21178452,0.16086097,0.061183435,0.02640692,0.090101456,0.143967091,0.115347734,0.043744203,0.137569176,0.159379895,0.102712378,0.030551853,0.017457037,0.009793965,0.218187951,0.014931315,0.200889955,0.038878307,0.033884932,0.06448664,0.150855807,0.062262338,0.128124129,0.329684457,0.147879112,0.228331571,0.20313258,0.153690715,0.208117092,0.134139778,0.093910409
Haemophilus_influenzae_NTHi_86_028NP,0.07105749,0.075653863,0.041599354,0.009042477,0.008592826,0.127079078,0.009322115,0.013294251,0.039797356,0.040070398,0.049432517,0.071567463,0.022600327,0.043974311,0.082031625,0.052754785,0.029971504,0.162562576,0.024585302,0.021424088,0.033729664,0.035739992,0.035525964,0.040891834,0.023284448,0.011415133,0.005468882,0.024683407,0.033521313,0.015084861,0.052689115,0.036272321,0.073628184,0.12472825,0.195705302,0.01022263,0.024396361,0.017122517,0.187143295,0.08042409,0.059180768,0.037685166,0.224660663,0.078290464,0.196937465,0.016180922,0.096185577,0.014864061,0.021679564,0.194724146,0.018488402,0.021027518,0.009627728,0.152404595,0.01496874,0.017262012,0.034049849,0.019888647,0.025575936,0.020677889,0.115702241,0.08266159,0.029192778,0.041401133,0.007189372,0.007441465,0.082691189,0.02284976,0.006675764,0.057744203,0.01147134,0.058189172,0.016018114,0.016059845,0.0985112,0.117385437,0.229497896,0.093032578,0.150467078,0.062274554,0.080510325,0.264373341,0.136650447,0.101341169,0.100557932,0.172593001,0.248370925,0.04492849,0.180109914,0.185132863,0.19290848,0.071435692,0.167443482,0.106204766,0.096059187,0.167206513,0.162499798,0.084649725,0.143066209,0.084786754,0.099118411,0.10088777,0.137534373,0.152624294,0.074711358,0.02725511,0.107391418,0.113546636,0.117374718,0.085365111,0.096189685,0.180338521,0.148344926,0.071520627,0.205904645,1,0.108617731,0.007896168,0.114796594,0.123947929,0.019745472,0.0769453,0.107309806,0.12359606,0.126768793,0.042349741,0.033093196,0.042467332,0.09214266,0.104465544,0.038472744,0.108148956,0.108926128,0.05726594,0.055004838,0.050388571,0.015031266,0.130102965,0.01770913,0.159782672,0.013539444,0.01416008,0.025038028,0.075629126,0.022318787,0.18729416,0.197360613,0.140478416,0.273978237,0.086395591,0.163386453,0.098496186,0.054183261,0.038080978
Haemophilus_parasuis_SH0165,0.009547023,0.091403055,0.004518975,0.00206992,0.000933446,0.021472765,0.001063956,0.002648546,0.006682264,0.008455412,0.005369898,0.007774437,0.002479656,0.004777114,0.011332658,0.008550085,0.003255831,0.024027198,0.005568546,0.00254068,0.003664083,0.003882467,0.003859217,0.004442116,0.002532791,0.001240036,0.000665092,0.00268138,0.00364145,0.001987692,0.011200897,0.004254224,0.014466705,0.028150302,0.088947658,0.001543829,0.00518895,0.001860034,0.029885054,0.010103503,0.009837227,0.006508679,0.063067013,0.011354728,0.037307219,0.002347434,0.012548398,0.001614696,0.00256251,0.079123593,0.003729732,0.002284238,0.001150104,0.047720965,0.002881608,0.001875188,0.003698865,0.002665494,0.002997155,0.002246257,0.029607225,0.01087385,0.003448929,0.005304294,0.000973594,0.00159409,0.013392449,0.00248219,0.001019608,0.007819834,0.001446967,0.006321141,0.001740062,0.001744595,0.01073986,0.014463017,0.053214596,0.829268247,0.105248353,0.194900802,0.201958857,0.1153314,0.050128238,0.189445501,0.019419381,0.15019887,0.084408578,0.195481539,0.105390363,0.124788574,0.3070622,0.06368916,0.140014606,0.192108737,0.21075405,0.186140457,0.154398356,0.151123975,0.174841125,0.059443018,0.178254568,0.025756449,0.094835407,0.100786752,0.224206659,0.006340324,0.163809959,0.063646497,0.173855395,0.203556723,0.194386053,0.065447366,0.062082204,0.204859115,0.197535709,0.108617731,1,0.06539382,0.148107951,0.074997858,0.086134255,0.148730819,0.042336532,0.107174069,0.119291547,0.120397445,0.008043701,0.128293003,0.058724623,0.108269823,0.024780195,0.057971541,0.136864551,0.063565622,0.01562735,0.038524596,0.003999713,0.787582788,0.010746458,0.167317098,0.09603272,0.055040706,0.051195271,0.203577356,0.164293626,0.054440502,0.224987828,0.072802657,0.088877364,0.308945983,0.059498755,0.290200358,0.192860189,0.154310848
Helicobacter_pullorum_MIT_98_5489,0.000627339,0.025440638,0.000328475,0.000276644,6.79E-05,0.001560814,7.73E-05,0.000202802,0.000485721,0.000614608,0.000390327,0.000565109,0.000180241,0.000347239,0.000823749,0.000621489,0.00023666,0.00174649,0.000404767,0.000184677,0.000266335,0.000282209,0.000280519,0.000322889,0.000184104,9.01E-05,4.83E-05,0.000194904,0.00026469,0.000172929,0.000923172,0.000355696,0.001098619,0.002046191,0.007103795,0.000112218,0.000394363,0.000135202,0.0022413,0.00079338,0.000737031,0.000473103,0.005446423,0.000825353,0.002711789,0.00017063,0.000912119,0.000117369,0.000186264,0.00575134,0.000271107,0.000166037,8.36E-05,0.00359654,0.000224431,0.000136304,0.000268863,0.00019375,0.000217857,0.000163276,0.002304313,0.000790399,0.000250696,0.000385559,7.08E-05,0.000146564,0.000973471,0.000180426,7.41E-05,0.000568409,0.000105177,0.000459471,0.000126482,0.000126811,0.00078066,0.001051289,0.004533983,0.07691293,0.009302595,0.089262409,0.057670388,0.012120955,0.005236508,0.045167228,0.001923592,0.013840267,0.008610436,0.124040455,0.009194579,0.010679872,0.039944116,0.020654001,0.015766267,0.040183198,0.04179447,0.018859784,0.020855348,0.02516053,0.027291116,0.007957201,0.023971499,0.002139234,0.016904002,0.014723069,0.077017031,0.000992603,0.044212664,0.010932364,0.0442736,0.033864929,0.032154499,0.006208728,0.006086115,0.06994282,0.021213688,0.007896168,0.06539382,1,0.033068414,0.021543688,0.037587755,0.048322692,0.007343922,0.028216814,0.023490252,0.057702195,0.002330148,0.037683627,0.017361982,0.017602939,0.003379007,0.019422628,0.021080836,0.012246881,0.00210194,0.03000492,0.000689351,0.055114638,0.003720119,0.021496995,0.199058279,0.034846814,0.027932405,0.056755651,0.331236617,0.003985906,0.021672468,0.008818135,0.006460323,0.076225121,0.005224067,0.066565634,0.094353979,0.060900336
Klebsiella_pneumoniae_342,0.017042992,0.11960135,0.00909533,0.003369529,0.001878745,0.043218184,0.002141421,0.004858512,0.011688831,0.015080507,0.010807981,0.015647591,0.00453985,0.009614886,0.021199736,0.017208736,0.006553003,0.048359485,0.009495176,0.005113621,0.007374692,0.007814232,0.007767437,0.008940637,0.004833383,0.002495817,0.001338628,0.005396808,0.007329138,0.003436983,0.020667603,0.009647588,0.024839365,0.047563741,0.145788587,0.003107261,0.00687725,0.003743686,0.058220463,0.019570229,0.015873819,0.013100003,0.122501344,0.022853636,0.066029704,0.004724674,0.025256132,0.003249895,0.005157557,0.087859482,0.007020095,0.00459748,0.002314811,0.096436374,0.004902291,0.003774186,0.007444697,0.005364834,0.006032367,0.004521037,0.054411041,0.020930588,0.00694165,0.007825528,0.001861031,0.003567132,0.026954951,0.004995897,0.002052162,0.015595572,0.002912308,0.012722546,0.003502218,0.003511342,0.020280276,0.029109681,0.073843648,0.140266533,0.113193262,0.140861921,0.176142713,0.170680761,0.063778958,0.208539543,0.025559085,0.190413311,0.149611823,0.138261116,0.150087871,0.163676337,0.12107064,0.059459162,0.182735527,0.381058766,0.447613679,0.181216788,0.207240088,0.127067738,0.195846187,0.084102986,0.16267651,0.022466932,0.173201142,0.176844984,0.405806951,0.016842114,0.209221681,0.307611941,0.542541067,0.191935719,0.139098943,0.100861092,0.084407729,0.16414688,0.164678976,0.114796594,0.148107951,0.033068414,1,0.071108092,0.043941102,0.113608947,0.060936447,0.110118301,0.075484479,0.095262023,0.010347225,0.070785462,0.081048106,0.229624921,0.025201045,0.075545968,0.120483375,0.068098494,0.053874427,0.184052776,0.007502601,0.157770667,0.013310269,0.184694726,0.042545736,0.032571431,0.087663846,0.3440649,0.079077138,0.076442378,0.216129288,0.076343804,0.127033191,0.241447315,0.087525125,0.271421159,0.114187634,0.090495773
Lactobacillus_acidophilus_NCFM,0.029923901,0.067901478,0.013470136,0.001367988,0.002782412,0.044775921,0.0011499,0.008316528,0.019918459,0.008426662,0.016006565,0.023174001,0.003539581,0.006443951,0.03378033,0.006361148,0.009704964,0.023085064,0.003999263,0.007573246,0.010921881,0.011572838,0.011503534,0.013241037,0.00754973,0.003696293,0.001982502,0.007992645,0.010854415,0.000974175,0.005480403,0.014586381,0.0149816,0.083910277,0.042659307,0.001198369,0.016172075,0.00554438,0.048699661,0.004061247,0.030224207,0.004392663,0.045006198,0.018193521,0.111205169,0.002419162,0.013367824,0.004813078,0.001605358,0.039043298,0.002250201,0.006808845,0.001504564,0.026121734,0.001433376,0.00558955,0.011025559,0.003245115,0.002096646,0.006695632,0.032920145,0.007527406,0.010280549,0.015811014,0.002902083,0.000854434,0.012250627,0.007398898,0.003039242,0.023309321,0.001381233,0.011146757,0.005186768,0.002932259,0.032013322,0.018293976,0.090242595,0.06883331,0.044757607,0.059116931,0.062609178,0.182174866,0.023698553,0.079694805,0.078688148,0.075531676,0.116811604,0.05991677,0.048453996,0.044762513,0.045919514,0.057698483,0.051240799,0.102070677,0.104831605,0.057908355,0.059872679,0.039917644,0.055152148,0.038325763,0.041136482,0.011318522,0.053732786,0.049327991,0.078279189,0.005469569,0.066188963,0.063187806,0.065663794,0.063107086,0.065388178,0.275746159,0.026917731,0.058597966,0.152621679,0.123947929,0.074997858,0.021543688,0.071108092,1,0.033198835,0.056696766,0.492884566,0.322624744,0.802370321,0.035309879,0.102266645,0.03506544,0.172537701,0.038310978,0.016444509,0.818156533,0.076851561,0.030719172,0.010226347,0.012064256,0.003489952,0.07859474,0.00749548,0.041035673,0.028187769,0.023816406,0.028155585,0.103709481,0.04538394,0.155855591,0.112169161,0.345607624,0.236055292,0.080065565,0.073830558,0.086447196,0.070415868,0.043987141
Lactobacillus_casei_casei_BL23,0.002450993,0.345939321,0.004791296,0.003961829,0.000989697,0.022766754,0.001128072,0.00295817,0.005857704,0.003655427,0.005693498,0.008242939,0.002629085,0.005064992,0.004460951,0.006198123,0.003452033,0.01913705,0.002139509,0.002693786,0.003884888,0.004116432,0.00409178,0.004709806,0.002685422,0.001314763,0.000705171,0.002842965,0.00386089,0.002522429,0.013465814,0.005188342,0.016024962,0.014041059,0.037132351,0.001636863,0.002181239,0.001972123,0.021176821,0.003129821,0.010750681,0.006900904,0.03713657,0.011241464,0.020624567,0.001524521,0.011194955,0.001712001,0.002716931,0.036268647,0.001889092,0.00242189,0.001219411,0.024923921,0.001064097,0.00198819,0.003921766,0.002826122,0.003177769,0.002381621,0.033611776,0.011529129,0.003656767,0.003072295,0.001032264,0.001368835,0.014199503,0.002631771,0.000703694,0.005533019,0.001442006,0.006702065,0.001844921,0.001849728,0.011387065,0.015334586,0.066134787,0.09116582,0.061011913,0.108545114,0.137311257,0.078777778,0.037338386,0.141149601,0.009641862,0.098725125,0.043155456,0.122129362,0.065487359,0.041229037,0.063687563,0.043900427,0.059010998,0.063189667,0.065461623,0.068294757,0.074277241,0.050730827,0.085418836,0.025797186,0.051508225,0.03111948,0.08476627,0.074212097,0.080096409,0.014264595,0.106576182,0.020390273,0.050588428,0.12145261,0.09395249,0.019164668,0.035845094,0.116033326,0.057044986,0.019745472,0.086134255,0.037587755,0.043941102,0.033198835,1,0.082724211,0.03414835,0.059700423,0.041673816,0.215579298,0.003870609,0.634238933,0.03183371,0.138521802,0.008762678,0.031097492,0.065681714,0.176350779,0.031052088,0.019527971,0.002622116,0.078712102,0.007571078,0.060315919,0.077901393,0.043345964,0.026263334,0.066252554,0.082063532,0.018827332,0.073872918,0.087024599,0.035404045,0.113103774,0.027133122,0.099948909,0.095561179,0.081847463
Lactobacillus_delbrueckii_bulgaricus_ATCC_11842,0.005432594,0.092995723,0.006418821,0.00196921,0.001325881,0.030202851,0.000941782,0.003963011,0.007104197,0.012010197,0.007627485,0.011042929,0.003522142,0.006785486,0.009476815,0.007386582,0.004146954,0.0341286,0.005105056,0.003608821,0.00520452,0.005514715,0.005481691,0.00630965,0.003569504,0.00117401,0.000944706,0.003808674,0.005172371,0.003304789,0.017717402,0.006895225,0.016795842,0.037016981,0.102332701,0.002192878,0.007706355,0.002642021,0.03864654,0.007394081,0.009906045,0.009245027,0.074025209,0.01612843,0.052991745,0.003334331,0.017823937,0.002293539,0.003639828,0.062601555,0.005297769,0.003244566,0.001633625,0.063486297,0.004385664,0.002663545,0.005253925,0.003786109,0.004257205,0.003190618,0.026144844,0.015445383,0.003914175,0.006769319,0.001382908,0.002856316,0.01902284,0.00352574,0.001448267,0.011107412,0.002055295,0.008978646,0.002471611,0.00247805,0.015255062,0.020543491,0.056802867,0.146943744,0.098730747,0.226731251,0.239028984,0.11139396,0.046165299,0.228966192,0.016621888,0.104802567,0.071997544,0.228300343,0.112284947,0.133516008,0.113961275,0.087637642,0.182495597,0.136340852,0.144151772,0.162505642,0.188110593,0.140255264,0.207537408,0.058693634,0.144784534,0.019680553,0.134060501,0.126040495,0.180217872,0.019263836,0.263083275,0.047835265,0.119344161,0.157368139,0.171551928,0.03787093,0.073035841,0.234605148,0.117399148,0.0769453,0.148730819,0.048322692,0.113608947,0.056696766,0.082724211,1,0.04291814,0.088026477,0.065112531,0.127368119,0.007892623,0.14122253,0.047241556,0.078573581,0.022407925,0.050143461,0.139826221,0.082578661,0.037647466,0.028419228,0.012964711,0.130915724,0.013401207,0.179094959,0.065028295,0.040108145,0.0612886,0.141400411,0.126624875,0.04339708,0.162903519,0.053670873,0.091688203,0.192462855,0.050629372,0.209040818,0.128049052,0.111353989
Lactobacillus_fermentum_IFO_3956,0.054300919,0.046224175,0.024755369,0.001589129,0.005113507,0.064225793,0.001920425,0.015284085,0.036606073,0.014331166,0.028589045,0.032264163,0.005306915,0.010786945,0.06208137,0.01471594,0.017835749,0.039394136,0.007654228,0.013918086,0.020072194,0.02126852,0.021141154,0.024334331,0.013357611,0.006793034,0.003643435,0.014688855,0.019948206,0.001050179,0.006180293,0.026786543,0.01754318,0.130952453,0.050429258,0.002223928,0.024570511,0.010189443,0.056833848,0.014304372,0.052330322,0.010815143,0.058734694,0.029083518,0.172983969,0.004282735,0.025379698,0.008845458,0.004181354,0.041611166,0.00597923,0.012513271,0.002668025,0.049973934,0.001848797,0.010272455,0.020262733,0.005921376,0.005103121,0.010854972,0.057445922,0.01707814,0.018893556,0.028392964,0.005333439,0.001051795,0.025032054,0.01065523,0.005585508,0.037570501,0.002843162,0.017368734,0.009532223,0.004691305,0.058833969,0.031991649,0.137521612,0.039147502,0.125180416,0.039380817,0.055787322,0.169506843,0.022913507,0.059769577,0.117654444,0.076618179,0.176659165,0.036317647,0.051255628,0.047807152,0.035737661,0.022454597,0.054064199,0.089814737,0.079657837,0.060010855,0.060063664,0.034822287,0.05520583,0.036300565,0.037483894,0.01908808,0.052300091,0.052186284,0.058580817,0.006588951,0.061845812,0.11547238,0.076965221,0.063771498,0.052926657,0.224292697,0.031521061,0.04313688,0.108335742,0.107309806,0.042336532,0.007343922,0.060936447,0.492884566,0.03414835,0.04291814,1,0.207687382,0.449275223,0.07778722,0.150944264,0.038914897,0.29309115,0.162643917,0.054825829,0.558840045,0.055836921,0.033936938,0.010774781,0.012625829,0.003508791,0.049707591,0.048976804,0.05462841,0.016588912,0.016344565,0.016876357,0.073297471,0.016886078,0.2574319,0.176414401,0.509088843,0.288177138,0.076278473,0.130901204,0.094848847,0.036229608,0.029931678
Lactobacillus_gasseri_ATCC_33323,0.017429975,0.079171174,0.010266962,0.004275154,0.002120759,0.048785416,0.002002653,0.005521087,0.012678272,0.012964313,0.012200232,0.017663264,0.005536579,0.010310442,0.023227906,0.010750366,0.007397141,0.042924028,0.006229105,0.005772342,0.008324676,0.008820837,0.008768014,0.010092342,0.005754417,0.002817321,0.001511066,0.006092008,0.008273254,0.002866079,0.008017974,0.011117765,0.018128293,0.060027722,0.091475427,0.002435039,0.010082221,0.004225936,0.064184187,0.01267035,0.020434447,0.009616574,0.077778683,0.02579757,0.083275074,0.004303956,0.023611764,0.003668536,0.003657377,0.083840335,0.005237367,0.005189713,0.00242719,0.057987686,0.00390275,0.004260365,0.0084037,0.00538938,0.004498594,0.005103423,0.048045356,0.016278407,0.007835852,0.012051182,0.002211973,0.002466891,0.023135773,0.005639453,0.002316515,0.017260293,0.002541089,0.014361425,0.003953363,0.003963663,0.02440061,0.030234499,0.11664018,0.099579557,0.06666781,0.091853825,0.121652373,0.259585789,0.032574099,0.115912148,0.039630562,0.093607449,0.161029671,0.095411777,0.100088977,0.115774035,0.074551433,0.050884083,0.117336185,0.135623802,0.131736557,0.123367969,0.155659967,0.095053875,0.15352951,0.043484284,0.142806386,0.033881279,0.111363432,0.108546007,0.111782576,0.010171148,0.119499561,0.079025964,0.108525746,0.108375105,0.107490934,0.127528892,0.05231077,0.101563638,0.21178452,0.12359606,0.107174069,0.028216814,0.110118301,0.322624744,0.059700423,0.088026477,0.207687382,1,0.331184303,0.06495518,0.045696202,0.056570356,0.209090813,0.057750962,0.055094935,0.307823539,0.111131431,0.058976267,0.019512675,0.01604412,0.010517917,0.109968637,0.011581192,0.103482381,0.103037245,0.20301209,0.096659515,0.125746078,0.066756134,0.096389988,0.198082099,0.207921358,0.160961926,0.128336777,0.094225639,0.143254632,0.060710434,0.278271598
Lactobacillus_helveticus_DPC_4571,0.028922904,0.045406101,0.013141596,0.001206823,0.002714548,0.046676504,0.001238106,0.008113685,0.019432642,0.009127778,0.01561616,0.022608781,0.003745745,0.006841874,0.032956418,0.007065775,0.009468258,0.025075704,0.004458871,0.007388533,0.010655493,0.011290573,0.01122296,0.012918084,0.00736559,0.003606139,0.001934148,0.007797702,0.010589673,0.001140689,0.006537002,0.014230615,0.016235273,0.081863681,0.049810876,0.001326203,0.015777633,0.005409151,0.051390824,0.004949081,0.02948703,0.004929068,0.049006097,0.01915366,0.108492844,0.002613779,0.014411204,0.004695686,0.001817183,0.046398899,0.002558076,0.006642775,0.001599986,0.029995249,0.001660668,0.005453219,0.010756642,0.003466428,0.002344448,0.006532324,0.035262873,0.008420794,0.010029803,0.015425379,0.002831301,0.000838298,0.013358133,0.007218437,0.002965114,0.0227408,0.001501142,0.011678085,0.005060261,0.003077356,0.031232508,0.019506981,0.095725214,0.116179359,0.048076148,0.068654763,0.077303839,0.186479497,0.028954434,0.072776268,0.076261114,0.083409683,0.11446954,0.066566458,0.056266446,0.055886047,0.053364419,0.03686639,0.058725891,0.104096976,0.104752301,0.0687757,0.068334855,0.052722915,0.070756286,0.037989201,0.05096117,0.013838811,0.043678264,0.040857022,0.079298206,0.004612577,0.069952295,0.06447069,0.067077216,0.084105158,0.062203462,0.272840716,0.03077106,0.072777402,0.16086097,0.126768793,0.119291547,0.023490252,0.075484479,0.802370321,0.041673816,0.065112531,0.449275223,0.331184303,1,0.047862849,0.096606216,0.050666347,0.178544086,0.047999054,0.017712684,0.756948414,0.065186108,0.038277806,0.007873109,0.012563963,0.002775482,0.121091474,0.009231289,0.077774902,0.033310331,0.027222548,0.033769244,0.099330571,0.054488391,0.15896659,0.152503563,0.332627826,0.245945835,0.100446775,0.085414956,0.109962118,0.069175576,0.077836299
Lactobacillus_hilgardii_ATCC_8290,0.004233846,0.142083652,0.002895748,0.001680571,0.00059815,0.013759696,0.00068178,0.001787849,0.004281979,0.005418208,0.003441018,0.00498184,0.001588958,0.003061163,0.00691261,0.005478874,0.002086329,0.01539657,0.003336143,0.001628062,0.002347936,0.002487875,0.002472977,0.002846497,0.001623006,0.000794612,0.000426189,0.001718222,0.002333432,0.001028341,0.005950602,0.003102235,0.009328764,0.018038645,0.057747311,0.000989282,0.002548134,0.001191905,0.019758676,0.005509834,0.006497461,0.004170746,0.048014139,0.007276082,0.023906375,0.00150423,0.008040983,0.001034693,0.00164205,0.040766541,0.002390003,0.001463734,0.000736984,0.031706088,0.001422659,0.001201616,0.002370224,0.001708042,0.00192057,0.001439396,0.020314174,0.006967937,0.002210065,0.003398979,0.000623877,0.001015542,0.008581849,0.001590581,0.000653362,0.00501093,0.000927213,0.004050572,0.001115027,0.001117932,0.006882076,0.009267866,0.039970324,0.124459818,0.081531482,0.162129952,0.189790158,0.106854942,0.030835109,0.169672316,0.011408686,0.109481187,0.071064698,0.156938063,0.069091666,0.056411214,0.090070851,0.046813201,0.081272808,0.17397278,0.138990801,0.096293047,0.096509162,0.072751445,0.112171378,0.032725913,0.073211841,0.018858888,0.114943368,0.107179715,0.167354683,0.006656956,0.151725104,0.057916165,0.194983317,0.145088881,0.114990811,0.029229085,0.042692648,0.170948203,0.061183435,0.042349741,0.120397445,0.057702195,0.095262023,0.035309879,0.215579298,0.127368119,0.07778722,0.06495518,0.047862849,1,0.003863615,0.286944029,0.113818393,0.144662326,0.019261536,0.043262911,0.086811632,0.069400469,0.012789552,0.031599204,0.003039598,0.114984252,0.0183054,0.116587537,0.085504403,0.042203834,0.03582325,0.136553481,0.146122926,0.030823719,0.143590354,0.070321656,0.05636744,0.321943381,0.043637607,0.319785953,0.181498455,0.09637102
Lactobacillus_johnsonii_NCC_533,0.198848257,0.005410331,0.02374643,0.000582044,0.003925806,0.026932994,0.000908441,0.016164226,0.177443294,0.005606239,0.019671587,0.019500562,0.002863044,0.004914404,0.056868539,0.00386349,0.038758317,0.011882566,0.00253583,0.018638659,0.030948759,0.017381162,0.021296579,0.038676615,0.067022226,0.027392199,0.017456365,0.017698253,0.030249388,0.000461582,0.002321292,0.030349048,0.008865851,0.492862877,0.009184673,0.000850603,0.054509732,0.020501427,0.024999891,0.001498657,0.269251903,0.002666298,0.012622388,0.012553781,0.169063322,0.001836221,0.008397492,0.042877234,0.001019403,0.01032884,0.001368997,0.043233467,0.001234624,0.008291781,0.00074832,0.04979442,0.015808275,0.002538935,0.001385904,0.007724668,0.015637817,0.00426681,0.02721757,0.02232431,0.007976634,0.000421488,0.007303704,0.007228611,0.027075041,0.176350226,0.001048349,0.008576296,0.035725013,0.002471721,0.132720388,0.011520432,0.033418732,0.006985133,0.007523538,0.005820008,0.006381315,0.03753711,0.004746405,0.006797434,0.158161726,0.011845823,0.029456505,0.005548391,0.008702724,0.007717401,0.006402796,0.004456205,0.00696021,0.013276277,0.012109684,0.007493778,0.007964917,0.005471913,0.006742611,0.009692236,0.005375385,0.00358751,0.005409537,0.005312328,0.008657715,0.002153416,0.006823502,0.015033572,0.008750345,0.006781465,0.007320774,0.0760783,0.005595031,0.005750141,0.02640692,0.033093196,0.008043701,0.002330148,0.010347225,0.102266645,0.003870609,0.007892623,0.150944264,0.045696202,0.096606216,0.003863615,1,0.004151437,0.027680046,0.007929127,0.007225327,0.113673163,0.008504595,0.006043857,0.002928915,0.001712731,0.001299284,0.008824536,0.003548032,0.005548433,0.003333608,0.003482109,0.004622524,0.01170783,0.004712284,0.089516101,0.019400558,0.179303499,0.071393986,0.009151172,0.02768989,0.010466548,0.004621119,0.005598509
Lactobacillus_paracasei_ATCC_25302,0.00386172,0.324160482,0.005274242,0.004204536,0.001089455,0.025061561,0.001241777,0.003256343,0.007407721,0.005606918,0.006267382,0.009073797,0.002894087,0.005575525,0.007072764,0.008178996,0.003799986,0.024734196,0.003425175,0.00296531,0.00427647,0.004531353,0.004504217,0.005184538,0.002956102,0.001447286,0.00077625,0.003129526,0.004250054,0.002712923,0.014790129,0.005691616,0.01764022,0.020523672,0.059052332,0.001801853,0.003434108,0.002170906,0.028337479,0.005666246,0.01183431,0.00759649,0.054276106,0.013252472,0.029230596,0.002067613,0.014113614,0.001884564,0.002990788,0.054278409,0.002751356,0.002666008,0.001342323,0.036287612,0.001777431,0.002188592,0.004317066,0.003110985,0.003498077,0.00262168,0.036999721,0.012691223,0.004025356,0.004299007,0.001136313,0.001835361,0.015630761,0.002897044,0.000939581,0.00734409,0.001688803,0.007377609,0.002030883,0.002036174,0.012534839,0.016880256,0.072800933,0.13138498,0.090008908,0.179022609,0.207747157,0.116351654,0.051711429,0.215718402,0.015616595,0.141237932,0.070294131,0.171619099,0.094373079,0.073051225,0.099465524,0.064203963,0.104643232,0.092159632,0.100541794,0.121876654,0.132853505,0.095158012,0.154967705,0.044755364,0.094561338,0.0343491,0.131161919,0.117245271,0.119682454,0.015007715,0.166735219,0.03110994,0.077952942,0.155233392,0.123102565,0.031008076,0.054815263,0.188145324,0.090101456,0.042467332,0.128293003,0.037683627,0.070785462,0.03506544,0.634238933,0.14122253,0.038914897,0.056570356,0.050666347,0.286944029,0.004151437,1,0.039913974,0.167485041,0.015473371,0.035082936,0.09984612,0.175855417,0.030171769,0.020244209,0.004253524,0.121423721,0.012219328,0.119695042,0.05816306,0.035378421,0.038925461,0.104825792,0.106485679,0.02885784,0.128158033,0.105715596,0.055438144,0.184434065,0.039869478,0.192370751,0.165046996,0.107322966
Lactobacillus_reuteri_SD2112_ATCC_55730,0.019618975,0.032086981,0.010505563,0.000549352,0.001722807,0.046614881,0.001602725,0.006486186,0.015534707,0.012298966,0.012483762,0.018073754,0.003720592,0.008152952,0.026345789,0.017235333,0.007569048,0.03538502,0.006209101,0.005906489,0.00851814,0.009025831,0.00897178,0.010326885,0.004031334,0.002882795,0.001546183,0.006233584,0.008465522,0.000412204,0.002915845,0.011376139,0.014095074,0.028970225,0.038971029,0.001797299,0.004680869,0.004324146,0.034923051,0.017828812,0.015029946,0.012647205,0.051045264,0.020265607,0.03846144,0.003647889,0.027064295,0.003753792,0.004845907,0.030332724,0.006968675,0.005310321,0.002673723,0.043500869,0.000995973,0.004359374,0.008599,0.006196653,0.004457709,0.005222025,0.052503098,0.014558051,0.008017955,0.008850564,0.002263379,0.000489168,0.029450897,0.005770513,0.002370351,0.008887047,0.003212192,0.01469518,0.004045238,0.004055777,0.024967673,0.033623145,0.137379649,0.052955413,0.205078707,0.036130275,0.04532156,0.145707479,0.010135649,0.04070585,0.02251863,0.069234689,0.184795812,0.036751088,0.037452449,0.032634242,0.037733229,0.015793584,0.036006469,0.141172379,0.112756125,0.042821131,0.041805216,0.02143691,0.038040981,0.029875074,0.020740637,0.012874037,0.031572281,0.033200298,0.086690142,0.003079895,0.045943482,0.147214099,0.120206692,0.051210587,0.03830805,0.079609122,0.017771526,0.035386872,0.143967091,0.09214266,0.058724623,0.017361982,0.081048106,0.172537701,0.03183371,0.047241556,0.29309115,0.209090813,0.178544086,0.113818393,0.027680046,0.039913974,1,0.365466354,0.082251928,0.181478019,0.04748129,0.019400534,0.003789507,0.00816833,0.001438882,0.066736225,0.081372809,0.050335579,0.026677053,0.020829812,0.017329734,0.108568134,0.028678011,0.127480409,0.249762916,0.103863285,0.206619161,0.134031322,0.16708023,0.170061682,0.045443894,0.030683126
Lactobacillus_sakei_sakei_23K,0.0223044,0.152728523,0.018465907,0.004422981,0.002808463,0.07065558,0.002839629,0.011214482,0.025802189,0.018554223,0.02194304,0.031768718,0.006246409,0.013664445,0.042721606,0.034938252,0.013304317,0.063340095,0.011255854,0.010381993,0.014972561,0.015864943,0.015769936,0.01815184,0.006807122,0.005067165,0.002717767,0.010956937,0.014880074,0.004266971,0.020469499,0.019391135,0.026290234,0.05031841,0.127876324,0.004027188,0.007518589,0.007600667,0.068230436,0.03902065,0.025573689,0.026596445,0.130499592,0.033194324,0.071256668,0.006314087,0.041347694,0.00659814,0.010471195,0.093244247,0.01451199,0.009334092,0.004699674,0.108403946,0.004300799,0.007662588,0.01511469,0.010892023,0.009003933,0.009178892,0.079198641,0.030808533,0.014093373,0.013425854,0.003978401,0.003699617,0.054725628,0.010142983,0.004156462,0.017833596,0.00591275,0.025830109,0.007110423,0.007080431,0.04298086,0.056692148,0.172530451,0.103155225,0.382542789,0.070588875,0.099887357,0.176800335,0.071835338,0.140528234,0.026218661,0.195372176,0.224926629,0.078675174,0.153638417,0.138686871,0.099670246,0.047209474,0.138458014,0.164025247,0.166253695,0.141779329,0.142424338,0.071023204,0.123729953,0.077430123,0.092306229,0.043957022,0.146153437,0.147653767,0.137919077,0.022033219,0.112092506,0.200115367,0.232327613,0.105095871,0.122279873,0.071448549,0.088947059,0.086948311,0.115347734,0.104465544,0.108269823,0.017602939,0.229624921,0.038310978,0.138521802,0.078573581,0.162643917,0.057750962,0.047999054,0.144662326,0.007929127,0.167485041,0.365466354,1,0.111195356,0.041483546,0.101097893,0.099837796,0.048108146,0.101915339,0.007125937,0.110553732,0.112865504,0.126744151,0.025810694,0.023534857,0.034013515,0.10924611,0.047420641,0.164739043,0.247502897,0.109959024,0.252283976,0.154727447,0.212142007,0.173674644,0.069322462,0.056620934
Lactobacillus_salivarius_HO66_ATCC_11741,0.020586714,0.02157062,0.028965869,0.008150887,0.003300886,0.05121966,0.003398866,0.057038832,0.032934826,0.016660558,0.025215771,0.037946465,0.00771553,0.01296872,0.06302238,0.173973205,0.0251707,0.055249155,0.010344177,0.024408312,0.051017262,0.028353092,0.020273486,0.030216297,0.008095871,0.026675233,0.014307227,0.024886219,0.03556672,0.005534812,0.011595798,0.076076437,0.016159226,0.035639524,0.052977874,0.004801644,0.007366233,0.026282756,0.036769833,0.037594606,0.018333393,0.031424422,0.048952756,0.030865484,0.045200795,0.007502171,0.039088395,0.013439005,0.037584813,0.052066956,0.03547137,0.010662859,0.024740638,0.054808073,0.007539942,0.026536068,0.017570959,0.04070431,0.010232763,0.03132096,0.043757629,0.031397381,0.023526551,0.016568174,0.02094362,0.004830278,0.055323802,0.035233712,0.021933459,0.014468907,0.031126673,0.06298637,0.026837906,0.007867471,0.228375688,0.052383655,0.078551583,0.022472223,0.179728552,0.022278969,0.029379838,0.053724882,0.024539327,0.027994955,0.017044951,0.044185404,0.072311442,0.018244084,0.048761664,0.051299469,0.030465518,0.01926069,0.041167239,0.028978148,0.025830121,0.042434854,0.046980791,0.039099755,0.040373846,0.024883125,0.044522005,0.049297334,0.043036464,0.045541915,0.021599383,0.011804927,0.031742536,0.044769059,0.027265906,0.026084296,0.02520111,0.025120065,0.032736185,0.026102106,0.043744203,0.038472744,0.024780195,0.003379007,0.025201045,0.016444509,0.008762678,0.022407925,0.054825829,0.055094935,0.017712684,0.019261536,0.007225327,0.015473371,0.082251928,0.111195356,1,0.01705107,0.035639014,0.026569328,0.016996088,0.00452848,0.017241986,0.029055986,0.891969846,0.039877585,0.012042538,0.06348665,0.02265708,0.021897054,0.00987914,0.320493842,0.069327164,0.041899967,0.11110775,0.031288641,0.399829412,0.038755079,0.013436394,0.042416994
Lactobacillus_ultunensis_DSM_16047,0.031462711,0.036995894,0.014151084,0.000808616,0.002923069,0.041817615,0.001013023,0.008736948,0.020925384,0.007339826,0.016815735,0.023660519,0.003219632,0.005826499,0.035488006,0.005269547,0.010195573,0.020006338,0.003286832,0.007956092,0.011474008,0.012157872,0.012085065,0.013910403,0.007931387,0.003883149,0.002082722,0.008396692,0.011403132,0.000575189,0.003738912,0.015316349,0.013040004,0.088152141,0.031808221,0.001000036,0.016989612,0.005824662,0.044522234,0.002688062,0.031752113,0.003561425,0.036127568,0.016702951,0.116826856,0.002117212,0.011750942,0.005056391,0.001276818,0.031248391,0.001772838,0.007153048,0.001356479,0.020181166,0.001038401,0.005872115,0.011582927,0.002901712,0.001712323,0.007034113,0.028831007,0.006144251,0.010800255,0.016610298,0.003048791,0.000596074,0.010535486,0.00777293,0.003192883,0.024487662,0.001195177,0.01032175,0.005448971,0.00270705,0.033631671,0.016413193,0.082123802,0.053595703,0.031458041,0.0475379,0.053927202,0.15937575,0.013818967,0.049397325,0.082870459,0.05666035,0.102769518,0.04573195,0.03512137,0.03463434,0.041541956,0.022669557,0.039277644,0.104006031,0.100690028,0.045397046,0.047895137,0.03119095,0.045479428,0.033772183,0.030068746,0.00797364,0.03383048,0.031129242,0.080885419,0.0038332,0.053991097,0.063821386,0.07314543,0.056402589,0.043382566,0.257422353,0.019709451,0.04637405,0.137569176,0.108148956,0.057971541,0.019422628,0.075545968,0.818156533,0.031097492,0.050143461,0.558840045,0.307823539,0.756948414,0.043262911,0.113673163,0.035082936,0.181478019,0.041483546,0.01705107,1,0.052834498,0.025619388,0.005561076,0.011000887,0.002068514,0.064219583,0.009822569,0.038650363,0.029250554,0.023772862,0.025726524,0.10063556,0.036193389,0.171717213,0.110559037,0.387035744,0.220287711,0.081138086,0.073532498,0.086771879,0.051217797,0.038737092
Lactococcus_lactis_cremoris_MG1363,0.027001919,0.232390223,0.015581711,0.007529423,0.003218582,0.073139755,0.003020535,0.007085019,0.02190488,0.028401362,0.018515749,0.026806751,0.008550013,0.016471792,0.030025063,0.023087299,0.011226312,0.082847303,0.016744327,0.008760426,0.012633991,0.013386992,0.013306824,0.015316698,0.008568782,0.004275723,0.002293278,0.009245569,0.01255595,0.006461654,0.026137053,0.015744447,0.032437319,0.074461434,0.243263624,0.005323221,0.014997901,0.006413516,0.088652194,0.033574893,0.026970285,0.02230628,0.188702874,0.039151824,0.100215223,0.008094101,0.043267673,0.005567575,0.008835696,0.160360563,0.012860353,0.007876197,0.00396563,0.146371846,0.007462737,0.006465766,0.012753922,0.009190794,0.010334381,0.007745238,0.066281533,0.03422296,0.011892124,0.017830142,0.003357013,0.00593022,0.046178013,0.008558747,0.003515672,0.023568114,0.004989235,0.021795696,0.005999844,0.006015475,0.036929448,0.049869401,0.11779746,0.122063092,0.173292943,0.172885468,0.222767579,0.220028,0.123588118,0.262556685,0.04075299,0.233009194,0.199199065,0.135455721,0.235649849,0.254109,0.136363653,0.166562691,0.298857652,0.1390853,0.137648831,0.31264517,0.28069592,0.158821866,0.274704946,0.104869573,0.179341613,0.050486087,0.266532845,0.267254632,0.130903136,0.034642903,0.247089401,0.073383898,0.115283467,0.31773385,0.24456941,0.097340388,0.148338494,0.197799068,0.159379895,0.108926128,0.136864551,0.021080836,0.120483375,0.076851561,0.065681714,0.139826221,0.055836921,0.111131431,0.065186108,0.086811632,0.008504595,0.09984612,0.04748129,0.101097893,0.035639014,0.052834498,1,0.102175966,0.057820118,0.059499336,0.022444032,0.135723331,0.018696413,0.262037826,0.062989443,0.050731959,0.051505409,0.122970092,0.06190695,0.085863017,0.236672512,0.121664184,0.156577718,0.189076869,0.092261766,0.185666333,0.147182707,0.109781365
Megamonas_hypermegale_ART12_1,0.009075816,0.309100453,0.026821155,0.017421927,0.005540218,0.074545101,0.006314821,0.0165481,0.031919694,0.036463562,0.031871581,0.046143072,0.007999551,0.028353271,0.021346298,0.018127785,0.017336166,0.054345034,0.012985859,0.015079521,0.021747177,0.023043335,0.02290534,0.026364982,0.015032697,0.007359899,0.003947472,0.01591461,0.021612843,0.013966116,0.03614658,0.013801076,0.042596408,0.042106904,0.098081806,0.009162981,0.007682812,0.00967297,0.087839946,0.012357097,0.04418387,0.02109218,0.08963571,0.031240182,0.060810039,0.005468552,0.034137992,0.009583593,0.014908176,0.102672872,0.01647751,0.013557478,0.004802699,0.061642929,0.013148747,0.01112967,0.020703768,0.015820323,0.017788805,0.013332054,0.095746626,0.04981791,0.020470185,0.015647558,0.005778503,0.009279375,0.032869966,0.014732367,0.002978753,0.017789609,0.007125518,0.0287867,0.010327668,0.010354574,0.047273207,0.056684144,0.13143744,0.058922173,0.114287962,0.106616082,0.169013707,0.152735316,0.076487545,0.16093119,0.028438901,0.139393946,0.092178831,0.08963097,0.127034037,0.115025939,0.066679931,0.070948852,0.139910343,0.066462324,0.071307382,0.147312905,0.155909868,0.11305823,0.167559123,0.067371076,0.124559053,0.114223294,0.158899248,0.138863123,0.068644459,0.037628987,0.158690118,0.045588533,0.058808967,0.11330253,0.122567438,0.045451878,0.101300928,0.134508123,0.102712378,0.05726594,0.063565622,0.012246881,0.068098494,0.030719172,0.176350779,0.082578661,0.033936938,0.058976267,0.038277806,0.069400469,0.006043857,0.175855417,0.019400534,0.099837796,0.026569328,0.025619388,0.102175966,1,0.073413032,0.013915143,0.010582752,0.061519477,0.014855223,0.144585948,0.024638847,0.023824906,0.047431284,0.065481176,0.035964753,0.053362402,0.14644242,0.109544506,0.084813935,0.091342687,0.066232138,0.097753436,0.054178982,0.064371439
Methanobrevibacter_smithii_DSM_2375,0.154628207,0.077154436,0.143314342,0.065449585,0.02747496,0.191269437,0.024490698,0.06232374,0.06500354,0.050066327,0.112978789,0.171094827,0.031043008,0.095071927,0.11839057,0.134139819,0.054272809,0.21714468,0.031985454,0.074034576,0.08020555,0.091585269,0.113612481,0.115199394,0.041457133,0.032650101,0.019150333,0.07360662,0.095848407,0.065008343,0.128682238,0.081905873,0.147462247,0.109510355,0.139481828,0.04095978,0.068810418,0.047901654,0.12287555,0.105740034,0.059535681,0.138471489,0.157203331,0.113482705,0.13996104,0.050811625,0.154497893,0.050894958,0.072202114,0.099546282,0.079340648,0.072442109,0.036474277,0.226918191,0.085546569,0.059469526,0.110639651,0.084533244,0.079212205,0.071237597,0.142477116,0.189670117,0.0814053,0.070945747,0.023410342,0.030119526,0.191609162,0.070774105,0.029888361,0.059169855,0.033109619,0.15785485,0.055184161,0.055327928,0.088161213,0.206119816,0.10924677,0.014443076,0.072999539,0.0156483,0.024917306,0.07267829,0.112890201,0.034508771,0.07625959,0.078207471,0.131599647,0.012705906,0.106727161,0.105104545,0.023287504,0.030343482,0.075425878,0.033437322,0.034156495,0.062266619,0.06163517,0.028889231,0.048789482,0.033735829,0.04809096,0.118503314,0.072688815,0.083285211,0.020725273,0.116499398,0.034264605,0.05749568,0.031182119,0.045927987,0.042342273,0.112094382,0.080674004,0.021505364,0.030551853,0.055004838,0.01562735,0.00210194,0.053874427,0.010226347,0.031052088,0.037647466,0.010774781,0.019512675,0.007873109,0.012789552,0.002928915,0.030171769,0.003789507,0.048108146,0.016996088,0.005561076,0.057820118,0.073413032,1,0.02602364,0.135400516,0.016798642,0.006081021,0.048866702,0.004585715,0.005030245,0.073672608,0.024064032,0.005747954,0.063637942,0.044033322,0.043669035,0.086158408,0.014597471,0.052850798,0.016724074,0.013188611,0.013778325
Methanosphaera_stadtmanae_DSM_3091,0.004788346,0.066581595,0.006964562,0.001127277,0.00143861,0.018700058,0.001639749,0.003965933,0.003371181,0.004549842,0.00827599,0.011981821,0.001453024,0.007362401,0.016180823,0.01268987,0.005017828,0.030862739,0.001874743,0.00391565,0.005647019,0.005983588,0.005947755,0.006846109,0.001679383,0.001911121,0.001025027,0.004132495,0.005612137,0.003666568,0.006267846,0.007541702,0.006064291,0.016111046,0.04396133,0.002379321,0.002235617,0.002866651,0.036391905,0.016821779,0.006313899,0.010031058,0.044843003,0.01675167,0.024395793,0.003617822,0.016238181,0.00248854,0.003949293,0.026590696,0.005748196,0.003520426,0.001772519,0.033758964,0.001239087,0.002890005,0.005700624,0.004108012,0.002687391,0.003461891,0.014950435,0.016758581,0.005315426,0.002949508,0.000725526,0.00126183,0.0206402,0.003825506,0.001571401,0.005831521,0.00223004,0.009742028,0.002681752,0.002688738,0.006877178,0.02229014,0.015634849,0.03985241,0.016142909,0.033356571,0.038861731,0.039826372,0.029512578,0.058889711,0.006690143,0.037801872,0.088625348,0.043416843,0.039737455,0.045550822,0.044632993,0.014414209,0.042011296,0.077076263,0.052211416,0.045976354,0.039046061,0.024962187,0.040495176,0.011116718,0.032004597,0.005078075,0.059478294,0.053074374,0.07858898,0.020993129,0.052040749,0.20497715,0.157671643,0.046659471,0.046989854,0.012080657,0.027997734,0.04053056,0.017457037,0.050388571,0.038524596,0.03000492,0.184052776,0.012064256,0.019527971,0.028419228,0.012625829,0.01604412,0.012563963,0.031599204,0.001712731,0.020244209,0.00816833,0.101915339,0.00452848,0.011000887,0.059499336,0.013915143,0.02602364,1,0.002877977,0.041103636,0.003410088,0.028460961,0.032440695,0.018711456,0.014670394,0.068135426,0.040250983,0.012935148,0.02242123,0.009683484,0.016852149,0.028346992,0.012254936,0.03073998,0.031189656,0.02444633
Mitsuokella_multacida_DSM_20544,0.065956265,0.011290848,0.150631547,0.124918607,0.07833076,0.049540217,0.053491671,0.055786163,0.048452186,0.033857949,0.085659617,0.08592025,0.045069236,0.053080323,0.021740677,0.18791243,0.041434838,0.078532808,0.021003953,0.163195128,0.06461762,0.126805924,0.0931617,0.081618077,0.120652482,0.060153911,0.06508736,0.127297557,0.075510929,0.138640656,0.096507696,0.127162959,0.072486077,0.03653198,0.034942533,0.067088279,0.144708159,0.111128086,0.035321002,0.083389275,0.029266383,0.051245862,0.034288193,0.056954332,0.041031418,0.081805545,0.060868142,0.075685998,0.153017252,0.027563855,0.113767824,0.133781041,0.100691778,0.05854108,0.16409444,0.116980513,0.1568401,0.136910035,0.062131413,0.139629901,0.025811953,0.098123897,0.094128359,0.029376096,0.097256608,0.139869019,0.078166573,0.119018143,0.08170356,0.028848665,0.062281271,0.134776807,0.114427428,0.125562793,0.078404648,0.09478496,0.030491201,0.003563545,0.025850194,0.006627894,0.010712115,0.023207632,0.021475688,0.013162802,0.034458015,0.021013482,0.035740553,0.005245878,0.029200809,0.03118429,0.004603205,0.011557541,0.02513269,0.005840584,0.007798233,0.020061238,0.023635146,0.01164421,0.020420604,0.012850767,0.015444853,0.052530503,0.026291551,0.027825665,0.005489716,0.182084658,0.013928865,0.007336353,0.006004091,0.010165197,0.011871915,0.015622717,0.024227261,0.008643462,0.009793965,0.015031266,0.003999713,0.000689351,0.007502601,0.003489952,0.002622116,0.012964711,0.003508791,0.010517917,0.002775482,0.003039598,0.001299284,0.004253524,0.001438882,0.007125937,0.017241986,0.002068514,0.022444032,0.010582752,0.135400516,0.002877977,1,0.004175484,0.003334935,0.020018282,0.002533724,0.014866748,0.011448241,0.004987145,0.002024381,0.020072518,0.015874791,0.010831337,0.026322438,0.005816125,0.016981027,0.006233864,0.004549765,0.010525318
Pasteurella_multocida_multocida_Pm70,0.011405717,0.09196543,0.005412286,0.002309704,0.00111797,0.025614001,0.001274279,0.003122541,0.008003215,0.010016597,0.006431421,0.009311289,0.002969836,0.005721455,0.0135729,0.010240267,0.003899444,0.0287769,0.00628517,0.003042922,0.0043884,0.004649954,0.004622108,0.005320235,0.003033473,0.001485167,0.000796567,0.003211436,0.004361292,0.002336843,0.013058709,0.005158615,0.017162365,0.03371506,0.095227598,0.001849014,0.005856132,0.002227726,0.034473672,0.011910293,0.011358129,0.007795316,0.068110901,0.013599334,0.042030177,0.002811475,0.015028968,0.00193389,0.003069067,0.094764763,0.004467026,0.002735787,0.001377456,0.055030775,0.003141434,0.002245875,0.004430058,0.00319241,0.003589633,0.002690298,0.034319841,0.013023395,0.004130713,0.006352849,0.001166054,0.001740607,0.016039871,0.002972869,0.001146841,0.00936566,0.001733004,0.007570706,0.002084038,0.002089467,0.012862918,0.01732207,0.057503318,0.693320624,0.107040057,0.172045706,0.186460452,0.12513038,0.051326904,0.179555899,0.022848509,0.16506284,0.090322104,0.16747619,0.113160554,0.129203784,0.337475626,0.060553555,0.14185436,0.202036151,0.220922239,0.188817402,0.154300786,0.158308941,0.173654589,0.064201251,0.170278446,0.026954957,0.096795331,0.102368606,0.214750893,0.00667858,0.156857803,0.070081254,0.183916064,0.197849934,0.183778845,0.072173195,0.064934704,0.180835307,0.218187951,0.130102965,0.787582788,0.055114638,0.157770667,0.07859474,0.078712102,0.130915724,0.049707591,0.109968637,0.121091474,0.114984252,0.008824536,0.121423721,0.066736225,0.110553732,0.029055986,0.064219583,0.135723331,0.061519477,0.016798642,0.041103636,0.004175484,1,0.010890244,0.163740891,0.081089898,0.048944339,0.046223674,0.217576924,0.134418794,0.063424665,0.228253666,0.07563298,0.106446662,0.28892559,0.063438468,0.286404975,0.177397825,0.139934248
Pediococcus_pentosaceus_ATCC_25745,0.012434347,0.013424873,0.019759344,0.00136815,0.001305018,0.027352864,0.001129954,0.053725362,0.026465325,0.007979501,0.014492274,0.022929694,0.002558671,0.005660078,0.051474359,0.164641697,0.018393882,0.018950709,0.005217373,0.01904702,0.043269295,0.020348319,0.012373156,0.021142155,0.002832288,0.023878315,0.012807104,0.019241625,0.027972025,0.000908242,0.004332783,0.065744378,0.006694671,0.011830208,0.019609401,0.001537778,0.002188023,0.022295694,0.014678149,0.025422465,0.009157181,0.018631083,0.021770162,0.012933555,0.014397195,0.002608118,0.017858927,0.010002135,0.032113025,0.014980903,0.030196908,0.005880017,0.022146564,0.025617531,0.001440139,0.022516825,0.009994142,0.035008084,0.004049804,0.026521483,0.025524867,0.011645826,0.016386503,0.006048398,0.018747666,0.000882774,0.032411698,0.029936336,0.019633719,0.00492996,0.027863018,0.050151167,0.023096821,0.004183668,0.206808341,0.027171294,0.053501978,0.009597436,0.168378261,0.015908366,0.019307451,0.025718947,0.012247228,0.017534229,0.007851766,0.022322692,0.047427821,0.013965251,0.018865569,0.01812622,0.012613815,0.01103555,0.01950191,0.016307159,0.011873473,0.02023967,0.019121626,0.015370737,0.019442297,0.013846346,0.015662831,0.012448493,0.020146509,0.020921734,0.012745414,0.00481525,0.018671647,0.034560213,0.017654032,0.01641121,0.014382142,0.010982462,0.015158103,0.016663874,0.014931315,0.01770913,0.010746458,0.003720119,0.013310269,0.00749548,0.007571078,0.013401207,0.048976804,0.011581192,0.009231289,0.0183054,0.003548032,0.012219328,0.081372809,0.112865504,0.891969846,0.009822569,0.018696413,0.014855223,0.006081021,0.003410088,0.003334935,0.010890244,1,0.024247076,0.007195212,0.00755022,0.009639067,0.010530696,0.010141134,0.301873581,0.046110383,0.019240763,0.079429378,0.022618368,0.402870177,0.027299644,0.011133222,0.014096853
Porphyromonas_gingivalis_ATCC_33277,0.022812359,0.167083776,0.015280065,0.007812208,0.003156273,0.072606131,0.003597566,0.009091665,0.022594823,0.028590392,0.018157304,0.0262878,0.008384494,0.016152915,0.037946358,0.028862778,0.011008982,0.081243467,0.018696104,0.008590834,0.012389411,0.013127834,0.013049218,0.015020183,0.008564157,0.004192949,0.002248883,0.009066585,0.01231288,0.006534993,0.032101145,0.015305614,0.043629757,0.091691746,0.320216256,0.005220169,0.017675364,0.006289357,0.104261098,0.031684378,0.034285315,0.022007878,0.23824029,0.038393886,0.125015924,0.007937407,0.042430057,0.005459792,0.008664646,0.234945049,0.01261139,0.007723722,0.00388886,0.167304309,0.009487439,0.006340595,0.012507019,0.00901287,0.010134318,0.007595298,0.091703858,0.036767885,0.011661905,0.017935477,0.003292025,0.006412121,0.045284056,0.008393059,0.003447613,0.026441302,0.004892649,0.021373754,0.005883693,0.005899021,0.036314825,0.048903982,0.18725046,0.157064749,0.269801961,0.213591868,0.322393663,0.372630643,0.145154997,0.351249114,0.050225727,0.3115763,0.187776992,0.16297857,0.393368069,0.421789405,0.119986461,0.152505073,0.558538671,0.181056734,0.201588307,0.504315354,0.541030074,0.271649014,0.581796547,0.132668507,0.387252629,0.072058274,0.451459998,0.446777569,0.169873602,0.031046489,0.400334792,0.110847843,0.200580305,0.27907181,0.294473212,0.102702995,0.238386627,0.269695938,0.200889955,0.159782672,0.167317098,0.021496995,0.184694726,0.041035673,0.060315919,0.179094959,0.05462841,0.103482381,0.077774902,0.116587537,0.005548433,0.119695042,0.050335579,0.126744151,0.039877585,0.038650363,0.262037826,0.144585948,0.048866702,0.028460961,0.020018282,0.163740891,0.024247076,1,0.066392331,0.05378667,0.104736466,0.13781381,0.063129062,0.119709326,0.405159329,0.147221329,0.223889252,0.227479328,0.139215615,0.237675601,0.141759646,0.151938954
Proteus_mirabilis_HI4320,0.00225105,0.038633894,0.001207318,0.001016811,0.000249385,0.0057368,0.000284253,0.000745404,0.001785276,0.002259002,0.001434656,0.002077068,0.000662481,0.001276284,0.003027705,0.002284295,0.000869848,0.006419259,0.001487728,0.000678784,0.00097892,0.001037264,0.001031053,0.001186784,0.000676676,0.000331296,0.00017769,0.000716375,0.000972873,0.000635605,0.003230451,0.001307366,0.002937759,0.007520813,0.026110133,0.000412459,0.001375825,0.000496939,0.008237942,0.002916082,0.002708972,0.0017389,0.020018431,0.003033601,0.009967233,0.000627155,0.00335251,0.000431392,0.000684616,0.021139161,0.000996459,0.000610271,0.000307269,0.013219151,0.000824901,0.000500987,0.000988212,0.00071213,0.000800739,0.000600124,0.008469545,0.002905127,0.000921438,0.001417129,0.000260111,0.0005387,0.003578012,0.000663158,0.000272405,0.002089196,0.000386581,0.001688796,0.000464886,0.000466097,0.002869329,0.003864031,0.01666474,0.109136176,0.028832795,0.126089228,0.105991978,0.035177821,0.011224313,0.080384781,0.003859662,0.027695547,0.020939314,0.14928869,0.03379485,0.039254075,0.065733731,0.028566965,0.057949214,0.060305467,0.06519377,0.061246758,0.061762754,0.091204938,0.073806082,0.015455969,0.087036041,0.007862795,0.045403166,0.043877802,0.092841298,0.003435224,0.075321048,0.015516848,0.05542423,0.073481256,0.05158797,0.012277705,0.020105781,0.121120826,0.038878307,0.013539444,0.09603272,0.199058279,0.042545736,0.028187769,0.077901393,0.065028295,0.016588912,0.103037245,0.033310331,0.085504403,0.003333608,0.05816306,0.026677053,0.025810694,0.012042538,0.029250554,0.062989443,0.024638847,0.004585715,0.032440695,0.002533724,0.081089898,0.007195212,0.066392331,1,0.162693798,0.030438832,0.072905378,0.221419297,0.011496532,0.046793885,0.029480708,0.023745041,0.107015357,0.012505901,0.097011926,0.121085011,0.210414517
Proteus_penneri_ATCC_35198,0.002475902,0.032671355,0.007083997,0.005966191,0.001463281,0.017685555,0.001667869,0.001303297,0.002111293,0.003500397,0.008417914,0.012187297,0.003614316,0.004213645,0.005275419,0.003373347,0.005103878,0.033236129,0.00167981,0.0039828,0.005743859,0.0060862,0.006049753,0.006963513,0.003970432,0.001943895,0.001042605,0.004203363,0.005708379,0.003729445,0.003497003,0.007671034,0.003259249,0.0152433,0.034711008,0.002420124,0.001503491,0.002915811,0.015218445,0.008176095,0.004381214,0.009442175,0.021395387,0.012729351,0.023513636,0.003679864,0.016093341,0.002531216,0.00401702,0.031617331,0.002655408,0.003580798,0.001802916,0.024960411,0.004840147,0.002939566,0.005798384,0.00417846,0.004698375,0.003521259,0.010324261,0.015779661,0.00540658,0.008315073,0.001526217,0.00316085,0.017476765,0.003891109,0.001598349,0.004851189,0.002268283,0.009909094,0.002727741,0.002734847,0.012714981,0.022672393,0.019023208,0.0570177,0.027593723,0.063288373,0.064695861,0.032529525,0.011931266,0.054805663,0.004383571,0.026211496,0.020669282,0.063225095,0.033982845,0.046116337,0.044787952,0.024728714,0.053170796,0.041188693,0.044004807,0.051042189,0.050680384,0.072830238,0.056660744,0.015343298,0.113020463,0.046135337,0.039655464,0.039006835,0.050057205,0.003662622,0.050781916,0.015667006,0.037645034,0.051969239,0.04039118,0.013155285,0.020091804,0.067977741,0.033884932,0.01416008,0.055040706,0.034846814,0.032571431,0.023816406,0.043345964,0.040108145,0.016344565,0.20301209,0.027222548,0.042203834,0.003482109,0.035378421,0.020829812,0.023534857,0.06348665,0.023772862,0.050731959,0.023824906,0.005030245,0.018711456,0.014866748,0.048944339,0.00755022,0.05378667,0.162693798,1,0.024273402,0.04300008,0.062620793,0.012048023,0.039567289,0.028186266,0.034838948,0.060262349,0.013127891,0.057623442,0.055837586,0.368713631
Pseudomonas_aeruginosa_LESB58,0.024867523,0.057672722,0.011223481,0.009452493,0.002318339,0.053330501,0.002642477,0.005383478,0.013497884,0.015372581,0.013336864,0.01930886,0.005903502,0.011864605,0.025105448,0.018351006,0.008086294,0.059674779,0.008836896,0.006310121,0.009100244,0.009642629,0.009584884,0.011032593,0.006044966,0.003079796,1.65E-03,0.006659569,0.009044031,0.004805151,0.01316203,0.009591822,0.021777818,0.062983589,0.171793477,0.003834307,0.007706642,0.004619645,0.063349662,0.022794491,0.023081022,0.01616518,0.142040006,0.028200996,0.079379924,0.005830168,0.031165635,0.004010315,0.005449317,0.093171952,0.009263292,0.005673212,0.002856437,0.122888007,0.006520546,0.004657281,0.009186629,0.006620114,0.007443838,0.005578882,0.046897241,0.027006669,0.008447751,0.011257687,0.002307046,0.004301986,0.033261949,0.006164852,0.002532333,0.019260451,0.003593738,0.015699405,0.004321678,0.004332937,0.020448298,0.035920849,0.099738378,0.049591725,0.053762437,0.102250649,0.114570636,0.106337298,0.059982921,0.116158037,0.01896512,0.092209315,0.081516803,0.105188308,0.136822169,0.166529708,0.044863001,0.057668414,0.129559035,0.098652927,0.101500601,0.125555774,0.156945567,0.074401981,0.140945206,0.037421116,0.151243792,0.050765964,0.143230391,0.146944156,0.098623272,0.021129578,0.124938261,0.048956908,0.064919543,0.152903703,0.179055629,0.08062032,0.077618283,0.109731808,0.06448664,0.025038028,0.051195271,0.027932405,0.087663846,0.028155585,0.026263334,0.0612886,0.016876357,0.096659515,0.033769244,0.03582325,0.004622524,0.038925461,0.017329734,0.034013515,0.02265708,0.025726524,0.051505409,0.047431284,0.073672608,0.014670394,0.011448241,0.046223674,0.009639067,0.104736466,0.030438832,0.024273402,1,0.115099501,0.069114642,0.027120497,0.085143669,0.046988858,0.03594512,0.072588594,0.028346685,0.072840628,0.062635158,0.105095509
Salmonella_enterica_sv_Heidelberg_SL476_CVM30485,0.010089935,0.129909883,0.004550491,0.003027815,0.000939956,0.021622523,0.001071376,0.002809495,0.006728868,0.008514383,0.005407349,0.007828658,0.00249695,0.004810431,0.011411695,0.008609716,0.003278538,0.024194771,0.005607383,0.0025584,0.003689638,0.003909544,0.003886132,0.004473097,0.002550455,0.001248684,0.00066973,0.002700081,0.003666846,0.001932484,0.011208935,0.004813095,0.015219565,0.02834663,0.095537151,0.001554596,0.00523532,0.001873007,0.031049554,0.007495103,0.010210364,0.006554072,0.075451291,0.01143392,0.037567411,0.002363805,0.012635915,0.001625957,0.002580381,0.079675424,0.003755744,0.002300169,0.001158125,0.049824184,0.002800723,0.001888266,0.003724662,0.002684084,0.003018058,0.002261923,0.031922486,0.010949687,0.003472982,0.005341288,0.000980384,0.001744581,0.013485852,0.002499501,0.001026719,0.007874372,0.001457059,0.006365227,0.001752198,0.001756762,0.010814763,0.014563887,0.060681589,0.195538851,0.074815209,0.195200001,0.238868863,0.155074771,0.054031553,0.232732365,0.021776195,0.164504407,0.104080643,0.225050227,0.118275125,0.127319935,0.14754677,0.058585345,0.15300209,0.596913419,0.632959628,0.174511605,0.18183888,0.154080723,0.187914193,0.080980526,0.207809265,0.018459689,0.133860931,0.124042154,0.537371602,0.010250736,0.255253668,0.153456446,0.364103601,0.24738836,0.207624522,0.09546141,0.065646604,0.231717846,0.150855807,0.075629126,0.203577356,0.056755651,0.3440649,0.103709481,0.066252554,0.141400411,0.073297471,0.125746078,0.099330571,0.136553481,0.01170783,0.104825792,0.108568134,0.10924611,0.021897054,0.10063556,0.122970092,0.065481176,0.024064032,0.068135426,0.004987145,0.217576924,0.010530696,0.13781381,0.072905378,0.04300008,0.115099501,1,0.132706725,0.040392813,0.179893999,0.07147115,0.067638199,0.299020159,0.050161074,0.275732787,0.187188216,0.113102866
Staphylococcus_saprophyticus_saprophyticus_ATCC_15305,0.001848249,0.068225326,0.000964616,0.000812406,0.000199253,0.004583557,0.000227111,0.000595559,0.00142639,0.001804885,0.001146254,0.001659524,0.000529305,0.001019718,0.002419059,0.001825093,0.000694987,0.005128824,0.001188657,0.000542331,0.000782132,0.000828748,0.000823785,0.00094821,0.000540647,0.000264697,1.42E-04,0.000572365,0.000777301,0.000507832,0.002711029,0.001044552,0.003226254,0.006008938,0.02086133,0.000329544,0.001158106,0.000397041,0.006581905,0.002329875,0.0021644,0.001389337,0.015994215,0.00242377,0.007963565,0.000501081,0.00267857,0.000344672,0.000546991,0.01688965,0.000796145,0.000487591,0.0002455,0.010561764,0.000659075,0.000400276,0.000789556,0.000568974,0.00063977,0.000479484,0.00676695,0.002321122,0.000736205,0.00113225,0.000207822,0.000430408,0.00285874,0.000529846,0.000217645,0.001669215,0.000308868,0.001349305,0.000371432,0.0003724,0.002292521,0.003087262,0.013314702,0.16536563,0.027318428,0.257715341,0.169357508,0.035594952,0.01537777,0.132640157,0.005648909,0.040643962,0.025285802,0.357533918,0.027001223,0.031363004,0.095663275,0.059221168,0.046299943,0.101991268,0.096708814,0.055384506,0.061244772,0.073491341,0.080144344,0.023350036,0.070395804,0.006282173,0.049641067,0.04323644,0.175959271,0.002914923,0.128237456,0.026156082,0.088522806,0.082504187,0.091239668,0.016409455,0.017872766,0.205397297,0.062262338,0.022318787,0.164293626,0.331236617,0.079077138,0.04538394,0.082063532,0.126624875,0.016886078,0.066756134,0.054488391,0.146122926,0.004712284,0.106485679,0.028678011,0.047420641,0.00987914,0.036193389,0.06190695,0.035964753,0.005747954,0.040250983,0.002024381,0.134418794,0.010141134,0.063129062,0.221419297,0.062620793,0.069114642,0.132706725,1,0.011705196,0.063644364,0.026177238,0.018971681,0.211309612,0.015036746,0.183822665,0.204010195,0.164221447
Streptococcus_gordonii_Challis_CH1,0.09152816,0.058208394,0.062988404,0.010046912,0.01015568,0.168611321,0.008192156,0.045047157,0.083783747,0.055442305,0.064938772,0.090074153,0.019735414,0.037817497,0.152613556,0.121372841,0.049298712,0.149509813,0.029264759,0.043340202,0.066819205,0.057729158,0.048916906,0.062545965,0.026116415,0.022613628,0.011885087,0.045255355,0.063666639,0.010701886,0.043942949,0.083719462,0.063973307,0.204327535,0.182297298,0.011312397,0.040101251,0.033920083,0.161393554,0.079715924,0.088394088,0.054564851,0.208955873,0.088507967,0.262091023,0.01733666,0.094720668,0.025504891,0.038070484,0.171124867,0.050762687,0.027498117,0.017769486,0.194583936,0.014576165,0.034196424,0.044889699,0.041218707,0.022592321,0.040813813,0.138753185,0.070416384,0.049060835,0.051662091,0.016907987,0.009325293,0.114369044,0.043716136,0.018210236,0.07364786,0.022056388,0.099029416,0.031732235,0.016848013,0.195854979,0.118833292,0.23916977,0.046778658,0.305852465,0.039748601,0.059584166,0.186486015,0.106261451,0.070297852,0.113431116,0.133603132,0.181979176,0.029768246,0.180413561,0.170268243,0.076225592,0.081787094,0.147327909,0.058909235,0.06112926,0.140772574,0.130855796,0.071987328,0.112411168,0.087248991,0.081161667,0.082238254,0.135628392,0.150403004,0.037667149,0.032201951,0.076721839,0.122657802,0.056060895,0.070363729,0.071913524,0.189297638,0.14453095,0.049844094,0.128124129,0.18729416,0.054440502,0.003985906,0.076442378,0.155855591,0.018827332,0.04339708,0.2574319,0.096389988,0.15896659,0.030823719,0.089516101,0.02885784,0.127480409,0.164739043,0.320493842,0.171717213,0.085863017,0.053362402,0.063637942,0.012935148,0.020072518,0.063424665,0.301873581,0.119709326,0.011496532,0.012048023,0.027120497,0.040392813,0.011705196,1,0.176959143,0.261418365,0.452038691,0.050295629,0.659371306,0.059772643,0.033181264,0.029706758
Streptococcus_infantarius_infantarius_ATCC_BAA_102,0.02788541,0.165894056,0.015156349,0.005846283,0.003130718,0.072018268,0.003568438,0.008983843,0.022411882,0.028358908,0.018010291,0.026074959,0.008316608,0.016022132,0.038009004,0.028528072,0.010919847,0.080585672,0.018192178,0.008521277,0.012289099,0.013021543,0.012943564,0.014898571,0.008494817,0.004159001,0.002230675,0.008993177,0.012213188,0.005355883,0.028600703,0.015862917,0.042870587,0.083551603,0.24591643,0.005177903,0.014983511,0.006238435,0.095012833,0.030816463,0.033773469,0.02123135,0.212757485,0.038083027,0.110915533,0.007873141,0.042086518,0.005415587,0.008220535,0.193752116,0.011881491,0.007661186,0.003857373,0.15478279,0.007732758,0.006289258,0.012405755,0.008939896,0.009838349,0.007533802,0.10370631,0.035730823,0.011567484,0.017790261,0.003265371,0.004631567,0.044917409,0.008325104,0.003419699,0.024026783,0.004853035,0.0212007,0.005836055,0.005851259,0.036020799,0.048508026,0.199615685,0.202829117,0.316165794,0.204280341,0.304342796,0.371186552,0.13334663,0.337500516,0.057682234,0.335433053,0.30932059,0.161214999,0.284857964,0.318435698,0.169272122,0.162765518,0.357872685,0.262290387,0.265888269,0.423412431,0.414377871,0.202161147,0.425782608,0.138111618,0.244384952,0.062947288,0.343744511,0.336252008,0.187239975,0.022889535,0.344070795,0.243031444,0.267998791,0.249719546,0.257635299,0.143606634,0.173185347,0.254591519,0.329684457,0.197360613,0.224987828,0.021672468,0.216129288,0.112169161,0.073872918,0.162903519,0.176414401,0.198082099,0.152503563,0.143590354,0.019400558,0.128158033,0.249762916,0.247502897,0.069327164,0.110559037,0.236672512,0.14644242,0.044033322,0.02242123,0.015874791,0.228253666,0.046110383,0.405159329,0.046793885,0.039567289,0.085143669,0.179893999,0.063644364,0.176959143,1,0.191417464,0.297441674,0.266279283,0.217291502,0.325000283,0.166311606,0.129060208
Streptococcus_mutans_UA159,0.071486408,0.122161829,0.036485273,0.006708756,0.006623299,0.094689537,0.003903543,0.022083872,0.053951228,0.026653975,0.036896504,0.044125808,0.009908661,0.018564383,0.086888626,0.025770867,0.02628691,0.077110759,0.015615037,0.02051293,0.029583055,0.029703476,0.031158524,0.035864733,0.020449233,0.010011796,0.005369814,0.021648914,0.029400318,0.006133162,0.025246511,0.03897818,0.038950928,0.211095374,0.136694967,0.004840347,0.03751078,0.015017534,0.114804843,0.025768859,0.078954954,0.02075433,0.142065629,0.046021652,0.270216448,0.007151208,0.043934369,0.013036725,0.008183891,0.158523807,0.009059928,0.018442467,0.004479813,0.102330247,0.006124486,0.015139879,0.027415072,0.010084593,0.009017221,0.014378861,0.080013414,0.034245599,0.027845941,0.038647834,0.007860596,0.004918242,0.044732477,0.014543101,0.008149503,0.06262655,0.004798536,0.027054213,0.013704974,0.007431097,0.086711428,0.053176971,0.16267234,0.064214787,0.118324159,0.06485208,0.095913312,0.245404581,0.08303006,0.104216873,0.159548195,0.157584592,0.178345012,0.058576503,0.171594206,0.139008431,0.078387669,0.054919754,0.158213284,0.097322155,0.088317383,0.165279661,0.143642062,0.08728837,0.140512826,0.111333496,0.10705416,0.06925509,0.140256875,0.147473963,0.066619405,0.031430679,0.107165292,0.083132186,0.079217374,0.111880164,0.106585932,0.225305134,0.105022071,0.079573599,0.147879112,0.140478416,0.072802657,0.008818135,0.076343804,0.345607624,0.087024599,0.053670873,0.509088843,0.207921358,0.332627826,0.070321656,0.179303499,0.105715596,0.103863285,0.109959024,0.041899967,0.387035744,0.121664184,0.109544506,0.043669035,0.009683484,0.010831337,0.07563298,0.019240763,0.147221329,0.029480708,0.028186266,0.046988858,0.07147115,0.026177238,0.261418365,0.191417464,1,0.271947019,0.103898279,0.129850812,0.113238061,0.043808569,0.058786342
Streptococcus_pneumoniae_Hungary19A_6,0.083739638,0.10517432,0.050845056,0.012207821,0.009726415,0.209022763,0.00865644,0.027460097,0.071516223,0.065726415,0.060419186,0.087473753,0.021181555,0.04217907,0.117668813,0.074228762,0.036528029,0.189424054,0.034116894,0.028586358,0.041226281,0.043683416,0.043421819,0.049245715,0.025349086,0.013805165,0.007354131,0.03016944,0.040971623,0.013813889,0.061502331,0.052452181,0.085347351,0.241909337,0.361224662,0.012420369,0.041524954,0.020928098,0.221170716,0.078519985,0.087573856,0.056923849,0.330589092,0.103050141,0.305952228,0.01954089,0.11129971,0.018167687,0.02333875,0.300101386,0.032467646,0.025701008,0.011295333,0.303279147,0.018027936,0.021098596,0.041617629,0.02574013,0.024991006,0.025273671,0.205182577,0.08395127,0.038805477,0.051257284,0.010689066,0.011333492,0.123814625,0.027928254,0.011268574,0.074168887,0.013687702,0.064740178,0.019578234,0.017781743,0.118483722,0.1391802,0.360678385,0.076266086,0.382346034,0.071355888,0.108943172,0.361417643,0.174654562,0.1402964,0.11772429,0.277414427,0.30738683,0.049162258,0.3262025,0.327178646,0.111192772,0.127882523,0.299118065,0.098531279,0.101696797,0.279669675,0.241240053,0.127751963,0.202204352,0.126255829,0.16103185,0.109208693,0.273535939,0.300256072,0.066889659,0.041323661,0.141505693,0.176522706,0.09428048,0.121104724,0.143156787,0.255071301,0.245903864,0.091753424,0.228331571,0.273978237,0.088877364,0.006460323,0.127033191,0.236055292,0.035404045,0.091688203,0.288177138,0.160961926,0.245945835,0.05636744,0.071393986,0.055438144,0.206619161,0.252283976,0.11110775,0.220287711,0.156577718,0.084813935,0.086158408,0.016852149,0.026322438,0.106446662,0.079429378,0.223889252,0.023745041,0.034838948,0.03594512,0.067638199,0.018971681,0.452038691,0.297441674,0.271947019,1,0.083985535,0.344516611,0.096878991,0.061666725,0.065682648
Streptococcus_pyogenes_M4_MGAS10750,0.008640645,0.182026893,0.004270249,0.002387089,0.000882069,0.0202909,0.001005395,0.002593219,0.006314471,0.007990025,0.005074338,0.00734653,0.002343176,0.004514181,0.010708906,0.008079486,0.003076629,0.022704736,0.005262052,0.002400841,0.003462411,0.003668775,0.003646805,0.004197621,0.002393385,0.001171784,0.000628485,0.002533797,0.003441024,0.001637129,0.00963752,0.004434682,0.014282268,0.026600903,0.092350799,0.001458856,0.004461803,0.001757657,0.029137367,0.00940208,0.009581558,0.00615044,0.070804623,0.010729762,0.035253822,0.002218231,0.011857732,0.001525823,0.002421469,0.066689738,0.003524447,0.002158513,0.001086802,0.046755761,0.002691557,0.001771977,0.003495279,0.002518785,0.002832191,0.002122623,0.029956539,0.010275351,0.003259099,0.005012345,0.000920007,0.00156461,0.012655326,0.002345569,0.000963488,0.007389428,0.001367326,0.005973224,0.001644288,0.001648572,0.010148736,0.01366697,0.058942715,0.303957791,0.120508932,0.387114146,0.33148748,0.156478098,0.047383691,0.28055683,0.020193056,0.163897677,0.109711044,0.331561357,0.110604205,0.121276977,0.191955962,0.107457494,0.165981812,0.348179096,0.303120465,0.201100153,0.212945857,0.148228799,0.245025582,0.072829926,0.160372056,0.026236675,0.157470783,0.152633172,0.382498382,0.009371991,0.269848914,0.108744772,0.359569724,0.247623189,0.219968181,0.069323716,0.066085401,0.377691572,0.20313258,0.086395591,0.308945983,0.076225121,0.241447315,0.080065565,0.113103774,0.192462855,0.076278473,0.128336777,0.100446775,0.321943381,0.009151172,0.184434065,0.134031322,0.154727447,0.031288641,0.081138086,0.189076869,0.091342687,0.014597471,0.028346992,0.005816125,0.28892559,0.022618368,0.227479328,0.107015357,0.060262349,0.072588594,0.299020159,0.211309612,0.050295629,0.266279283,0.103898279,0.083985535,1,0.067746644,0.639653353,0.321857281,0.191023044
Streptococcus_sanguinis_SK36,0.047519717,0.074763589,0.040001584,0.006678919,0.005379849,0.112947964,0.005540104,0.037095011,0.055089623,0.040880257,0.037968913,0.0571091,0.013270968,0.026070499,0.103678118,0.113842436,0.033081816,0.103926528,0.022227655,0.030607223,0.050982331,0.037871507,0.029361404,0.041140561,0.013778392,0.017253954,0.009254136,0.031433808,0.044839108,0.007376767,0.035006999,0.065404946,0.051701566,0.113172967,0.186608432,0.007449451,0.022257336,0.025880656,0.11978604,0.057625523,0.047428267,0.041834853,0.187225765,0.059817637,0.139381298,0.012155313,0.067467601,0.017203555,0.033890686,0.15471593,0.044909928,0.01587216,0.016002628,0.149043512,0.01092155,0.026091502,0.026177053,0.036886082,0.015239761,0.031254594,0.122396133,0.05038968,0.031820405,0.027965891,0.013546657,0.006709393,0.085509063,0.034537375,0.014186901,0.037366658,0.019633342,0.080753785,0.024211352,0.011811986,0.149435231,0.088083031,0.22390333,0.054184017,0.390979763,0.054255323,0.075792152,0.216558747,0.106739079,0.089395822,0.059937622,0.158088752,0.210221536,0.035757339,0.181100178,0.180247339,0.074784129,0.063596418,0.167284358,0.071706151,0.077893514,0.166045955,0.146441877,0.069910988,0.127504999,0.092355484,0.092071551,0.064831922,0.156974359,0.171988181,0.050972999,0.027073649,0.095725769,0.125604693,0.072379797,0.08850506,0.095047602,0.126201426,0.144077565,0.068910309,0.153690715,0.163386453,0.059498755,0.005224067,0.087525125,0.073830558,0.027133122,0.050629372,0.130901204,0.094225639,0.085414956,0.043637607,0.02768989,0.039869478,0.16708023,0.212142007,0.399829412,0.073532498,0.092261766,0.066232138,0.052850798,0.012254936,0.016981027,0.063438468,0.402870177,0.139215615,0.012505901,0.013127891,0.028346685,0.050161074,0.015036746,0.659371306,0.217291502,0.129850812,0.344516611,0.067746644,1,0.078340092,0.041517481,0.037613965
Streptococcus_suis_05ZYH33,0.010025173,0.159716554,0.004925818,0.002466166,0.001017484,0.023405958,0.001159743,0.002990394,0.007283868,0.009216653,0.00585335,0.008474369,0.0027029,0.005207197,0.012352937,0.009319849,0.003548953,0.026190366,0.006069883,0.002769417,0.00399396,0.004232005,0.004206662,0.00484204,0.002760818,0.001351676,0.00072497,0.002922785,0.003969289,0.001825385,0.010498834,0.005307067,0.015464192,0.030684673,0.099354333,0.00168282,0.004880999,0.002027493,0.033610534,0.010612394,0.011052519,0.007094655,0.081674546,0.012376994,0.040665987,0.002558773,0.01367813,0.001760067,0.002793212,0.072403783,0.00406552,0.002489888,0.001253647,0.053933704,0.002833753,0.002044011,0.004031874,0.002905469,0.003266989,0.002448488,0.034555466,0.011852822,0.003759435,0.00578184,0.001061246,0.001687485,0.014598171,0.002705661,0.001111403,0.008523853,0.001577238,0.006890233,0.00189672,0.001901661,0.01170677,0.015765122,0.067991598,0.278603164,0.134174511,0.330703396,0.333744582,0.179976079,0.052764436,0.325986572,0.023182099,0.182638216,0.127970267,0.314889239,0.119337853,0.125789929,0.1757819,0.102964966,0.171557894,0.357032506,0.31851718,0.206855724,0.218031626,0.170316677,0.260840994,0.076426577,0.180412518,0.028830349,0.161164334,0.156688826,0.399249594,0.009575896,0.281444937,0.129746355,0.391650745,0.254984006,0.195837642,0.073170649,0.069139903,0.319017889,0.208117092,0.098496186,0.290200358,0.066565634,0.271421159,0.086447196,0.099948909,0.209040818,0.094848847,0.143254632,0.109962118,0.319785953,0.010466548,0.192370751,0.170061682,0.173674644,0.038755079,0.086771879,0.185666333,0.097753436,0.016724074,0.03073998,0.006233864,0.286404975,0.027299644,0.237675601,0.097011926,0.057623442,0.072840628,0.275732787,0.183822665,0.059772643,0.325000283,0.113238061,0.096878991,0.639653353,0.078340092,1,0.242875928,0.169380114
Thermoanaerobacter_sp_X514,0.00577134,0.180482249,0.003135448,0.002357325,0.000647663,0.014898677,0.000738216,0.001935841,0.004636426,0.005866709,0.003725853,0.00539422,0.001720486,0.003314556,0.007863058,0.005932396,0.002259028,0.016671046,0.003863684,0.001762827,0.00254229,0.002693813,0.002677681,0.003082121,0.001757353,0.000860387,0.000461468,0.001860451,0.002526586,0.001577108,0.008812095,0.003319744,0.010486814,0.019531823,0.067808955,0.001071171,0.003764379,0.001290567,0.021394232,0.007573171,0.007035299,0.004515986,0.051988586,0.007878372,0.025885264,0.001628745,0.008706588,0.001120342,0.001777973,0.054899162,0.00258784,0.001584897,0.000797989,0.034330611,0.002142297,0.001301081,0.002566423,0.001849428,0.002079548,0.001558545,0.021995712,0.007544719,0.002393007,0.003680335,0.000675519,0.001369752,0.009292225,0.001722244,0.000707445,0.005425718,0.001003965,0.004385864,0.001207326,0.001210471,0.007451751,0.010035029,0.043278931,0.199398432,0.080936366,0.346894313,0.242163955,0.103413808,0.045846256,0.240159778,0.015276078,0.111136477,0.071163137,0.23922634,0.087766443,0.101944246,0.099108784,0.153339374,0.144141325,0.193948531,0.178640746,0.174696747,0.171914466,0.093283739,0.187758498,0.053789463,0.10297409,0.019143733,0.135969647,0.126923359,0.209624474,0.006613587,0.194887695,0.059182563,0.171880793,0.175853398,0.157397826,0.054970601,0.058094743,0.336028021,0.134139778,0.054183261,0.192860189,0.094353979,0.114187634,0.070415868,0.095561179,0.128049052,0.036229608,0.060710434,0.069175576,0.181498455,0.004621119,0.165046996,0.045443894,0.069322462,0.013436394,0.051217797,0.147182707,0.054178982,0.013188611,0.031189656,0.004549765,0.177397825,0.011133222,0.141759646,0.121085011,0.055837586,0.062635158,0.187188216,0.204010195,0.033181264,0.166311606,0.043808569,0.061666725,0.321857281,0.041517481,0.242875928,1,0.174672998
Tropheryma_whipplei_Twist,0.006550151,0.087266287,0.005393656,0.004214186,0.001114122,0.025628982,0.001269892,0.002519595,0.005022551,0.007193863,0.006409283,0.009279238,0.002959613,0.005701761,0.010240088,0.007106549,0.003886022,0.028677845,0.004104901,0.003032448,0.004373294,0.004633948,0.004606198,0.005301921,0.003023032,0.001480054,0.000793825,0.003200382,0.00434628,0.002698452,0.007956213,0.005274395,0.009824004,0.027771697,0.078443229,0.001842649,0.003865317,0.002220058,0.028913637,0.012998771,0.008815908,0.007768483,0.054208473,0.013552522,0.040394118,0.002801797,0.014977236,0.001927233,0.003058503,0.067171303,0.004286486,0.002726369,0.001372715,0.047243885,0.00368522,0.002238144,0.004414809,0.003181421,0.003577277,0.002681037,0.02420212,0.012978566,0.004116495,0.006330981,0.00116204,0.002381217,0.015984659,0.002962636,0.001216961,0.008281823,0.001727039,0.007544646,0.002076864,0.002082275,0.012818642,0.017262444,0.046398198,0.155009422,0.069447547,0.214833484,0.215769625,0.094659216,0.03515855,0.184227286,0.01294889,0.082761326,0.05502696,0.220074631,0.089384529,0.111793298,0.098233384,0.072994008,0.145790751,0.089030292,0.09819733,0.160266655,0.153963995,0.149187333,0.178715333,0.049794093,0.206760577,0.034937125,0.106357819,0.10749307,0.126670625,0.008065251,0.171279455,0.036798315,0.079218827,0.148335448,0.118916273,0.042267044,0.056399331,0.217542234,0.093910409,0.038080978,0.154310848,0.060900336,0.090495773,0.043987141,0.081847463,0.111353989,0.029931678,0.278271598,0.077836299,0.09637102,0.005598509,0.107322966,0.030683126,0.056620934,0.042416994,0.038737092,0.109781365,0.064371439,0.013778325,0.02444633,0.010525318,0.139934248,0.014096853,0.151938954,0.210414517,0.368713631,0.105095509,0.113102866,0.164221447,0.029706758,0.129060208,0.058786342,0.065682648,0.191023044,0.037613965,0.169380114,0.174672998,1
