,,,,,,,,,,,,,,,,,,,,,,,,,,,,,,,,,,,,,,,,,,,,,,,,,,,,,,,,,,,,,,,,,,,,,,,,,,,,,,,,,,,,,,,,,,,,,,,,,,,,,,,,,,,,,,,,,,,,,,,,,,,,,,,,,,,,,,,,,,,,,,,,,,,,,,,,,,
Jaccard Similarity,Escherichia_coli_O157_H7_EC4115,Leuconostoc_mesenteroides_mesenteroides_ATCC_8293,Coprococcus_comes_ATCC_27758,Akkermansia_muciniphila_ATCC_BAA_835,Alistipes_putredinis_DSM_17216,Anaerotruncus_colihominis_DSM_17241,Bacteroides_caccae_ATCC_43185,Bacteroides_cellulosilyticus_DSM_14838,Bacteroides_coprocola_M16_DSM_17136,Bacteroides_coprophilus_DSM_18228,Bacteroides_dorei_5_1_36_D4,Bacteroides_dorei_DSM_17855,Bacteroides_eggerthii_DSM_20697,Bacteroides_finegoldii_DSM_17565,Bacteroides_fragilis_3_1_12,Bacteroides_intestinalis_341_DSM_17393,Bacteroides_ovatus_ATCC_8483,Bacteroides_pectinophilus_ATCC_43243,Bacteroides_plebeius_M12_DSM_17135,Bacteroides_sp_2_1_7,Bacteroides_sp_2_2_4,Bacteroides_sp_4_3_47FAA,Bacteroides_sp_9_1_42FAA,Bacteroides_sp_D1,Bacteroides_stercoris_ATCC_43183,Bacteroides_thetaiotaomicron_VPI_5482,Bacteroides_uniformis_ATCC_8492,Bacteroides_vulgatus_ATCC_8482,Bacteroides_xylanisolvens_XB1A,Bifidobacterium_adolescentis_L2_32,Bifidobacterium_catenulatum_DSM_16992,Bifidobacterium_longum_longum_CCUG_52486,Bifidobacterium_pseudocatenulatum_DSM_20438,Blautia_hansenii_VPI_C7_24_DSM_20583,Bryantella_formatexigens_I_52_DSM_14469,Butyrivibrio_crossotus_DSM_2876,Catenibacterium_mitsuokai_DSM_15897,Clostridiales_sp_SS3_4,Clostridium_asparagiforme_DSM_15981,Clostridium_bartlettii_DSM_16795,Clostridium_bolteae_ATCC_BAA_613,Clostridium_leptum_DSM_753,Clostridium_methylpentosum_R2_DSM_5476,Clostridium_nexile_DSM_1787,Clostridium_scindens_ATCC_35704,Clostridium_sp_L2_50,Clostridium_sp_M62_1,Clostridium_sp_SS2_1,Collinsella_aerofaciens_ATCC_25986,Coprobacillus_sp_D7,Coprococcus_eutactus_ATCC_27759,Dorea_formicigenerans_ATCC_27755,Dorea_longicatena_DSM_13814,Enterococcus_faecalis_TX0104,Eubacterium_biforme_DSM_3989,Eubacterium_hallii_DSM_3353,Eubacterium_rectale_M104_1,Eubacterium_siraeum_70_3,Eubacterium_ventriosum_ATCC_27560,Faecalibacterium_prausnitzii_SL3_3,Gordonibacter_pamelaeae_7_10_1_bT_DSM_19378,Holdemania_filiformis_VPI_J1_31B_1_DSM_12042,Parabacteroides_distasonis_ATCC_8503,Parabacteroides_johnsonii_DSM_18315,Parabacteroides_merdae_ATCC_43184,Prevotella_copri_CB7_DSM_18205,Pseudoflavonifractor_capillosus_ATCC_29799,Roseburia_intestinalis_M50_1,Ruminococcus_bromii_L2_63,Ruminococcus_gnavus_ATCC_29149,Ruminococcus_lactaris_ATCC_29176,Ruminococcus_obeum_A2_162,Ruminococcus_sp_SR1_5,Ruminococcus_torques_L2_14,Streptococcus_thermophilus_LMD_9,Subdoligranulum_variabile_DSM_15176,Clostridium_symbiosum_WAL_14163,Actinobacillus_pleuropneumoniae_sv_7_AP76,Actinomyces_odontolyticus_ATCC_17982,Anaerococcus_hydrogenalis_DSM_7454,Anaerofustis_stercorihominis_DSM_17244,Anaerostipes_caccae_DSM_14662,Bifidobacterium_angulatum_DSM_20098,Bifidobacterium_animalis_lactis_AD011,Bifidobacterium_bifidum_NCIMB_41171,Bifidobacterium_breve_DSM_20213,Bifidobacterium_dentium_ATCC_27678,Bifidobacterium_gallicum_DSM_20093,Blautia_hydrogenotrophica_DSM_10507,Butyrivibrio_fibrisolvens_16_4,Campylobacter_concisus_13826,Campylobacter_hominis_ATCC_BAA_381,Candidatus_Sulcia_muelleri_GWSS,Citrobacter_koseri_ATCC_BAA_895,Citrobacter_sp_30_2,Clostridium_difficile_630,Clostridium_hylemonae_DSM_15053,Clostridium_perfringens_ATCC_13124,Clostridium_phytofermentans_ISDg,Clostridium_ramosum_VPI_0427_DSM_1402,Clostridium_sp_7_2_43FAA,Clostridium_spiroforme_DSM_1552,Collinsella_intestinalis_DSM_13280,Collinsella_stercoris_DSM_13279,Cronobacter_sakazakii_ATCC_BAA_894,Desulfovibrio_piger_ATCC_29098,Desulfovibrio_vulgaris_Miyazaki_F,Enterobacter_cancerogenus_ATCC_35316,Enterobacter_sp_638,Enterococcus_faecalis_TX1322,Enterococcus_sp_7L76,Escherichia_fergusonii_UMN026_ATCC_35469,Eubacterium_dolichum_DSM_3991,Finegoldia_magna_ATCC_29328,Fusobacterium_nucleatum_nucleatum_ATCC_25586,Haemophilus_influenzae_NTHi_86_028NP,Haemophilus_parasuis_SH0165,Helicobacter_pullorum_MIT_98_5489,Klebsiella_pneumoniae_342,Lactobacillus_acidophilus_NCFM,Lactobacillus_casei_casei_BL23,Lactobacillus_delbrueckii_bulgaricus_ATCC_11842,Lactobacillus_fermentum_IFO_3956,Lactobacillus_gasseri_ATCC_33323,Lactobacillus_helveticus_DPC_4571,Lactobacillus_hilgardii_ATCC_8290,Lactobacillus_johnsonii_NCC_533,Lactobacillus_paracasei_ATCC_25302,Lactobacillus_reuteri_SD2112_ATCC_55730,Lactobacillus_sakei_sakei_23K,Lactobacillus_salivarius_HO66_ATCC_11741,Lactobacillus_ultunensis_DSM_16047,Lactococcus_lactis_cremoris_MG1363,Megamonas_hypermegale_ART12_1,Methanobrevibacter_smithii_DSM_2375,Methanosphaera_stadtmanae_DSM_3091,Mitsuokella_multacida_DSM_20544,Pasteurella_multocida_multocida_Pm70,Pediococcus_pentosaceus_ATCC_25745,Porphyromonas_gingivalis_ATCC_33277,Proteus_mirabilis_HI4320,Proteus_penneri_ATCC_35198,Pseudomonas_aeruginosa_LESB58,Salmonella_enterica_sv_Heidelberg_SL476_CVM30485,Staphylococcus_saprophyticus_saprophyticus_ATCC_15305,Streptococcus_gordonii_Challis_CH1,Streptococcus_infantarius_infantarius_ATCC_BAA_102,Streptococcus_mutans_UA159,Streptococcus_pneumoniae_Hungary19A_6,Streptococcus_pyogenes_M4_MGAS10750,Streptococcus_sanguinis_SK36,Streptococcus_suis_05ZYH33,Thermoanaerobacter_sp_X514,Tropheryma_whipplei_Twist
Escherichia_coli_O157_H7_EC4115,1,0.041613373,0.092444874,0.196603431,0.014312886,0.444369228,0.023223668,0.059322168,0.010163474,0.095241557,0.106908212,0.200130036,0.068221791,0.054698695,0.571165798,0.098319192,0.059702326,0.326967018,0.011909166,0.094333254,0.14315974,0.116338127,0.065957782,0.153638577,0.026662586,0.046954857,0.022064277,0.099487545,0.080161217,0.033541234,0.33848605,0.103679134,0.311070233,0.147938604,0.123601625,0.341293117,0.076692026,0.061887832,0.131758155,0.271505479,0.362469016,0.202507917,0.184280376,0.320413402,0.150055987,0.069079968,0.162240484,0.06934626,0.048123433,0.109509684,0.155882997,0.076267402,0.025336949,0.275861494,0.015803044,0.038336546,0.09786463,0.102536638,0.146595438,0.05240174,0.122264748,0.106630505,0.11914595,0.244653944,0.021933833,0.00242151,0.450736008,0.059524211,0.026312769,0.205343588,0.472212968,0.148374798,0.114396644,0.058627551,0.09268628,0.399783321,0.138333446,0.004233645,0.034723269,0.021165976,0.022847837,0.064204891,0.1722227,0.071455731,0.108820684,0.245673378,0.147163723,0.021177982,0.133812403,0.121554683,0.002832796,0.014838789,0.079824626,0.022265751,0.028761781,0.086569529,0.057601399,0.0219522,0.047424027,0.01188958,0.02526427,0.111066483,0.075839699,0.0942636,0.004584817,0.006852064,0.025102251,0.009884681,0.002697229,0.041798625,0.043511782,0.082065984,0.108310068,0.018927517,0.015474306,0.038312331,0.007097124,0,0.0469887,0.001544834,0.000409459,0.029401746,0.018343743,0.013524264,0.003003832,0.014798865,0.000591564,0.008529843,0.008867007,0.019600194,0.0387104,0.007659419,0.018967132,0.00187169,0.003091538,0.023697,0.043606706,0.007654772,0.007452472,0.046523437,0.00145458,0.002239654,0.002062711,0.011019183,0.002715484,0.038483357,0.059549881,0.034386918,0.046004226,0.008080106,0.059759601,0.008334924,0.031738997,0.007884513
Leuconostoc_mesenteroides_mesenteroides_ATCC_8293,0.041613373,1,0.011206281,0.01055629,0.001735026,0.097043276,0.002815202,0.379203731,0.007940036,0.177875885,0.012959545,0.024260008,0.076286609,0.011565863,0.10985522,0.332294025,0.007237189,0.09234641,0.012057423,0.011435193,0.017353999,0.01410265,0.007995483,0.018624257,0.008525306,0.005691925,0.002674659,0.012060002,0.009717241,0.004065909,0.201319175,0.012568112,0.037708315,0.263816239,0.260639394,0.09081947,0.579615664,0.007502119,0.250120158,0.052936629,0.137814531,0.036170876,0.205739329,0.085711359,0.203282388,0.012877985,0.01966699,0.008406239,0.005833582,0.274984658,0.018896328,0.009245228,0.003071376,0.155225276,0.022698791,0.004647203,0.01186327,0.012429617,0.051956364,0.006352203,0.138326168,0.043237081,0.014443018,0.090981905,0.002658846,0.0046008,0.054638772,0.007215598,0.003189666,0.178878629,0.057242235,0.017986175,0.013867301,0.007106904,0.015926708,0.048462224,0.217489045,0.033402464,0.182676409,0.191869607,0.139023407,0.347028208,0.25169491,0.600030467,0.013191377,0.137712489,0.192370915,0.076695406,0.294849269,0.352630765,0.023368812,0.122410811,0.304988268,0.171067773,0.608256322,0.332892787,0.275665523,0.063634111,0.248551233,0.098081668,0.136368226,0.113297447,0.165326422,0.157035921,0.035754965,0.016634353,0.200521226,0.054505967,0.022250464,0.28394846,0.151851574,0.045794015,0.318584556,0.21526919,0.114392604,0.15500829,0.0562551,0,0.299778432,0.012743926,0.003377782,0.150078873,0.095620888,0.074940309,0.015544052,0.133135516,0.004880039,0.070365922,0.008234854,0.035675768,0.047144885,0.009491832,0.14660038,0.004547383,0.00910773,0.351233852,0.234230186,0.051687824,0.026542851,0.203879315,0.011999384,0.01847576,0.017016088,0.047182105,0.022401062,0.161877261,0.324120881,0.07042206,0.181028469,0.053923812,0.204007068,0.052972166,0.077543245,0.045889558
Coprococcus_comes_ATCC_27758,0.092444874,0.011206281,1,0.272024787,0.154826173,0.115477151,0.251216398,0.029552138,0.266223739,0.063000564,0.709358109,0.461924039,0.146897092,0.368171346,0.074158638,0.033723992,0.318431553,0.121350478,0.34155223,0.889700495,0.456250927,0.612621101,0.659141143,0.550209195,0.199538346,0.507922769,0.238674964,0.702774056,0.459004602,0.362824159,0.055664251,0.417708441,0.297183287,0.042477601,0.023416211,0.123390733,0.019333986,0.669456611,0.04480359,0.079934462,0.08131422,0.309815032,0.054468346,0.13074441,0.041434121,0.488693859,0.569801521,0.750136343,0.404979402,0.02261226,0.204144978,0.78889227,0.274076295,0.072193661,0.493695055,0.368204261,0.710051327,0.799721938,0.215686397,0.566843114,0.023210932,0.227371495,0.537804105,0.123170438,0.237263914,0.288664163,0.205097602,0.643888711,0.196763267,0.0626474,0.195769453,0.623049705,0.49681251,0.592159178,0.309315231,0.231237446,0.021202036,0.000391379,0.00412532,0.002483114,0.002112165,0.006885753,0.025328229,0.011153031,0.619581646,0.031553393,0.01593417,0.001957796,0.038006813,0.018007043,0.000261877,0.00137177,0.010671079,0.002058355,0.012663964,0.010672253,0.007040432,0.002029368,0.004787098,0.001099131,0.002335552,0.010267527,0.009999722,0.01185292,0.000423843,0.56400091,0.00488158,0.000913788,0.000249345,0.003864069,0.004022441,0.00758658,0.016611613,0.002644248,0.00143052,0.00866236,0.000656093,0,0.005431818,0.000142812,3.79E-05,0.002718041,0.001695785,0.001250249,0.000277689,0.001491954,5.47E-05,0.00078854,0.000819709,0.091345386,0.003578578,0.000708074,0.001753414,0.114398953,0.528571876,0.023072559,0.004852937,0.000707644,0.000688943,0.004967731,0.000134468,0.000207045,0.000190687,0.001018667,0.000251033,0.011473017,0.00809252,0.003178894,0.010398839,0.000746964,0.006830025,0.000770521,0.002934108,0.000728883
Akkermansia_muciniphila_ATCC_BAA_835,0.196603431,0.01055629,0.272024787,1,0.042116557,0.350277037,0.068337087,0.026604767,0.125396594,0.171336962,0.314584058,0.369918867,0.186663382,0.271761882,0.247437243,0.076594418,0.071504268,0.3030906,0.22685789,0.277581461,0.241188703,0.342332167,0.194084871,0.223235924,0.04312146,0.138167583,0.064925506,0.292748282,0.147672377,0.098697165,0.162598148,0.265942678,0.132271621,0.1157053,0.069568751,0.278199154,0.036357931,0.182108792,0.109690627,0.286173842,0.243336998,0.215191159,0.143104301,0.300815422,0.12771548,0.31260426,0.477402704,0.204055679,0.141606191,0.066134821,0.096637657,0.224421569,0.074555546,0.204752856,0.40120963,0.112807668,0.287972756,0.301720429,0.111407042,0.154195377,0.080466288,0.790245783,0.137966409,0.246676324,0.064541666,0.086789792,0.30627646,0.17515369,0.077426958,0.170238754,0.256477658,0.301384334,0.336619234,0.172515213,0.086187079,0.410844185,0.066839983,0.001438761,0.015165236,0.009128263,0.007764607,0.018936482,0.075757709,0.01909959,0.320211626,0.106972185,0.05307874,0.007197123,0.064663001,0.04824949,0.000962697,0.005042812,0.031062788,0.003267896,0.003267521,0.029747821,0.022182542,0.007460233,0.015099565,0.002432084,0.008585807,0.036571884,0.036570235,0.042917277,0.001558104,0.294845552,0.01794535,0.003359209,0.000916626,0.008321572,0.012625882,0.027889295,0.046590769,0.009720613,0.005258786,0.031844009,0.002411886,0,0.008656868,0.000524996,0.00013915,0.006553336,0.006233936,0.004194633,0.001020822,0.005484625,0.000201037,0.002898781,0.003013363,0.332985557,0.013155338,0.002602976,0.003657093,0.000892946,0.167649295,0.002250579,0.017351046,0.002601397,0.002532647,0.018262054,0.000494324,0.000761124,0.000700991,0.003744758,0.00092283,0.041406364,0.02310952,0.011686047,0.036881991,0.002745942,0.024741046,0.00283254,0.010786177,0.002679472
Alistipes_putredinis_DSM_17216,0.014312886,0.001735026,0.154826173,0.042116557,1,0.017878885,0.543825575,0.004575444,0.213965192,0.009754136,0.133880137,0.071517931,0.022743515,0.15001263,0.011481698,0.005221357,0.239737494,0.01878823,0.143896879,0.151726836,0.09997843,0.123028336,0.21700072,0.093159455,0.194396541,0.304822273,0.622919328,0.143866111,0.178551258,0.426725092,0.008618283,0.138049823,0.046011751,0.006576644,0.003625442,0.019104115,0.002993407,0.231271408,0.006936768,0.012375947,0.012589569,0.047967476,0.008433126,0.020242657,0.006415086,0.134728032,0.088220189,0.206397376,0.297420306,0.00350097,0.091818135,0.187667152,0.564901729,0.011177468,0.076436916,0.373348349,0.146251879,0.139588018,0.033393899,0.273137609,0.00359366,0.035203058,0.120129019,0.019070007,0.465822345,0.377113903,0.031754477,0.240454865,0.543952107,0.009699457,0.030310235,0.096464401,0.125116311,0.244132422,0.108938116,0.035801609,0.00328263,6.06E-05,0.000638708,0.000384451,0.000327018,0.001066095,0.003921473,0.001726781,0.131527257,0.004885291,0.002467027,0.000303118,0.005884449,0.002787962,4.05E-05,0.000212386,0.001652162,0.000318687,0.001960713,0.001652344,0.001090043,0.000314199,0.000741168,0.000170174,0.000361605,0.001589682,0.001548219,0.001835142,6.56E-05,0.104303763,0.000755796,0.000141478,3.86E-05,0.000598259,0.000622779,0.001174601,0.002571913,0.000409399,0.000221482,0.00134116,0.00010158,0.00E+00,0.000840988,2.21E-05,5.86E-06,0.000420824,0.000262552,0.000193571,4.30E-05,0.000230994,8.47E-06,0.000122087,0.000126912,0.014142656,0.000554058,0.000109628,0.000271474,0.162623987,0.188836033,0.003572236,0.000751362,0.000109562,0.000106666,0.000769135,2.08E-05,3.21E-05,2.95E-05,0.000157716,3.89E-05,0.001776323,0.001252934,0.000492176,0.001610012,0.00011565,0.001057467,0.000119297,0.000454277,0.00011285
Anaerotruncus_colihominis_DSM_17241,0.444369228,0.097043276,0.115477151,0.350277037,0.017878885,1,0.029009754,0.166455421,0.045636678,0.530795506,0.133543973,0.249991647,0.341518284,0.10896785,0.642193173,0.292040387,0.074576926,0.785499351,0.064742188,0.117836013,0.178827426,0.145323313,0.082390904,0.191917025,0.058057983,0.058653474,0.027561505,0.124274475,0.100133069,0.0418979,0.482036924,0.129510383,0.245914303,0.367844209,0.202777872,0.707107959,0.167426938,0.077306942,0.380749617,0.656538942,0.704158518,0.372729336,0.462631715,0.751799681,0.35880796,0.130408526,0.202662062,0.086623608,0.060113197,0.195815879,0.147709714,0.095269125,0.03164955,0.613832193,0.110523923,0.047887945,0.122247218,0.128083238,0.22928593,0.065457428,0.201000215,0.28660702,0.148830694,0.617172151,0.027398561,0.023105617,0.563035111,0.074354434,0.032868492,0.52820387,0.550004906,0.185341796,0.142898118,0.073234375,0.12710515,0.499387763,0.18360373,0.003389231,0.035724124,0.021503076,0.018290765,0.059628702,0.21933542,0.096582145,0.13593293,0.273243607,0.137985481,0.016953968,0.260405384,0.155935985,0.002267786,0.011879146,0.092408576,0.017824778,0.109666402,0.092418742,0.060968186,0.017573766,0.041454933,0.009518166,0.020225233,0.088913928,0.08659481,0.102642994,0.003670361,0.077443408,0.042273124,0.007913151,0.002159258,0.033461759,0.034833222,0.065697668,0.143851949,0.02289845,0.012387907,0.075013625,0.00568158,0,0.047038032,0.001236712,0.000327791,0.023537476,0.014685026,0.010826807,0.002404708,0.012919907,0.000473575,0.00682854,0.007098455,0.271580915,0.03098949,0.006131724,0.015184078,0.006729161,0.043414376,0.108339516,0.042025081,0.006128004,0.005966053,0.043019172,0.00116446,0.001792948,0.001651297,0.008821372,0.002173872,0.099353132,0.070078971,0.02752834,0.09005105,0.006468504,0.059146113,0.006672497,0.025408556,0.006311922
Bacteroides_caccae_ATCC_43185,0.023223668,0.002815202,0.251216398,0.068337087,0.543825575,0.029009754,1,0.007423982,0.354557788,0.015826775,0.217229976,0.116042893,0.036902958,0.243406085,0.018629866,0.00847202,0.300615479,0.03048523,0.233482847,0.246187505,0.162222063,0.199622162,0.352098991,0.151157793,0.330217085,0.437726116,0.479035067,0.233432923,0.289712024,0.349128319,0.013983773,0.210755285,0.074657315,0.01067107,0.005882536,0.030997776,0.004857014,0.325504421,0.011255397,0.020080848,0.020427465,0.077830616,0.013683342,0.03284514,0.010408931,0.218605745,0.143143486,0.334894317,0.289817384,0.00568057,0.139762443,0.304503205,0.658343426,0.018136232,0.124024293,0.450371796,0.237304001,0.226491416,0.05418396,0.333011832,0.005830967,0.057119448,0.194917817,0.030942434,0.548125726,0.611893936,0.051523881,0.328141179,0.402298323,0.015738054,0.049180497,0.156520303,0.203010049,0.396122094,0.176759785,0.058090638,0.005326299,9.83E-05,0.001036348,0.000623799,0.000530611,0.001729814,0.006362867,0.002801824,0.213412262,0.00792673,0.004002925,0.00049183,0.009547935,0.004523665,6.58E-05,0.000344611,0.00268075,0.000517092,0.003181395,0.002681045,0.001768672,0.000509811,0.001202597,0.00027612,0.000586729,0.002579371,0.002512094,0.002977648,0.000106476,0.16924022,0.001226333,0.000229559,6.26E-05,0.000970717,0.001010503,0.001905873,0.00417311,0.000664278,0.00035937,0.002176127,0.000164821,0.00E+00,0.001364562,3.59E-05,9.51E-06,0.000682816,0.000426009,0.000314083,6.98E-05,0.000374803,1.37E-05,0.000198094,0.000205924,0.022947459,0.000898997,0.00017788,0.000440486,0.326587371,0.306399797,0.005796205,0.001219137,0.000177772,0.000173074,0.001247976,3.38E-05,5.20E-05,4.79E-05,0.000255906,6.31E-05,0.00288221,0.002032974,0.00079859,0.002612359,0.00018765,0.001715814,0.000193568,0.000737096,0.000183107
Bacteroides_cellulosilyticus_DSM_14838,0.059322168,0.379203731,0.029552138,0.026604767,0.004575444,0.166455421,0.007423982,1,0.020938707,0.308305657,0.034175678,0.063976186,0.201175788,0.030500395,0.147187221,0.454984577,0.019085227,0.243527167,0.03179669,0.030155802,0.045764316,0.037190168,0.021084927,0.049114118,0.022482125,0.015010204,0.007053356,0.03180349,0.025625383,0.01072223,0.261222966,0.033143429,0.099440781,0.325234267,0.2933851,0.239500466,0.529687151,0.019783874,0.401496747,0.094344437,0.219790676,0.095386392,0.341963891,0.22602984,0.240229775,0.033960597,0.051863916,0.022168133,0.015383766,0.303663331,0.045436853,0.024380636,0.008099541,0.268048979,0.059859093,0.012255162,0.031284688,0.032778203,0.137014381,0.016751426,0.206731017,0.060883504,0.038087753,0.239928823,0.007011656,0.011831763,0.14408817,0.019028288,0.008411484,0.309231782,0.150953776,0.047431429,0.036569528,0.01874165,0.0420004,0.127799967,0.265437074,0.01324367,0.139594641,0.084024849,0.071472509,0.233003533,0.285945064,0.373816188,0.034787044,0.196436531,0.222256756,0.066248874,0.665381412,0.355485673,0.008861541,0.046418636,0.325617545,0.06965163,0.428529524,0.300250729,0.238237667,0.068670781,0.161988195,0.037192935,0.079031582,0.139546285,0.239734887,0.23430496,0.014342205,0.041365438,0.16518534,0.030921218,0.008437459,0.130754283,0.136113375,0.104500151,0.334759368,0.089477374,0.048406658,0.213591419,0.022201193,0,0.183804567,0.004832544,0.001280868,0.091974417,0.057382819,0.042306545,0.009396574,0.050485484,0.001850529,0.02668302,0.027737734,0.05707893,0.11273329,0.023960161,0.059332902,0.011169465,0.021893875,0.741077252,0.164216091,0.023945625,0.023312791,0.168100576,0.004550211,0.007006077,0.006452564,0.034470161,0.008494566,0.200294802,0.27383873,0.107569013,0.231807573,0.025276154,0.203418508,0.026073274,0.099285798,0.0246643
Bacteroides_coprocola_M16_DSM_17136,0.010163474,0.007940036,0.266223739,0.125396594,0.213965192,0.045636678,0.354557788,0.020938707,1,0.044638068,0.261402311,0.205483932,0.103960106,0.100957356,0.019716802,0.023894609,0.349054794,0.057837184,0.103513544,0.302064118,0.166919596,0.216450147,0.322166125,0.208362002,0.869743195,0.264890531,0.336857259,0.29282582,0.552415206,0.2108052,0.023254342,0.164812237,0.055822995,0.028451633,0.016591192,0.057610267,0.013698794,0.223721329,0.031125215,0.040370584,0.034813976,0.175687776,0.032935096,0.063234659,0.027655137,0.148620466,0.121816321,0.232048303,0.11696508,0.016021565,0.024907114,0.3197793,0.36396397,0.036126005,0.196776618,0.505181343,0.248142099,0.179489018,0.133336019,0.192495606,0.016445745,0.134673141,0.275524086,0.066674089,0.334865753,0.49580849,0.064720018,0.226803524,0.053262392,0.036098595,0.052375029,0.250149725,0.155127397,0.439741434,0.444895989,0.084871763,0.015022372,0.000277305,0.002922931,0.001759372,0.001496542,0.004878793,0.01638102,0.007902306,0.169858125,0.015646237,0.011289908,0.001387166,0.026735812,0.01275861,0.000185549,0.000971946,0.007560827,0.001458415,0.008972854,0.007561659,0.004988389,0.001437877,0.003391823,0.000778772,0.001654819,0.007274896,0.007085147,0.008398202,0.000300307,0.189322946,0.003458767,0.00064745,0.000176669,0.002737826,0.002850038,0.005375353,0.0117699,0.001873541,0.001013573,0.00613758,0.000464864,0,0.00384863,0.000101187,2.68E-05,0.001925825,0.001201522,0.000885844,0.000196752,0.001057101,3.87E-05,0.000558708,0.000580792,0.06472135,0.002535546,0.000501695,0.001242354,0.528902367,0.440731583,0.016347702,0.003438473,0.00050139,0.00048814,0.003519809,9.53E-05,0.000146698,0.000135108,0.000721761,0.000177865,0.008129027,0.005733829,0.002252356,0.007367935,0.00052925,0.004839308,0.000545941,0.002078916,0.000516439
Bacteroides_coprophilus_DSM_18228,0.095241557,0.177875885,0.063000564,0.171336962,0.009754136,0.530795506,0.015826775,0.308305657,0.044638068,1,0.072857232,0.136387281,0.4288755,0.065022099,0.246352485,0.53529667,0.040686736,0.519162055,0.066075084,0.064287481,0.097562405,0.079283655,0.044949787,0.104703663,0.042817612,0.031999421,0.015036657,0.067800096,0.054629333,0.022858127,0.36493564,0.070656636,0.097883563,0.577337429,0.371682563,0.459184109,0.306885918,0.042176144,0.646834194,0.548494377,0.50783857,0.203348957,0.623763559,0.481860476,0.559861249,0.072398713,0.110565804,0.047259012,0.032795798,0.35892155,0.068136901,0.051975724,0.017266961,0.589013843,0.117652161,0.0261261,0.066694091,0.069878033,0.153113599,0.035711436,0.3684242,0.238592712,0.081197168,0.511490945,0.01494776,0.022753685,0.307173575,0.040565352,0.017931976,0.655336171,0.309142327,0.101116433,0.077960548,0.039954284,0.059472736,0.27244966,0.330344953,0.006212306,0.065480686,0.039414154,0.033526136,0.109296682,0.322558192,0.177030654,0.074160569,0.278823724,0.233782247,0.031075847,0.441705697,0.285823528,0.004156748,0.021773931,0.169380693,0.032672003,0.201013498,0.169399327,0.111751896,0.032211909,0.075984995,0.017446364,0.037071926,0.162975162,0.158724325,0.188139912,0.006727604,0.080202383,0.077484703,0.014504443,0.003957821,0.061333874,0.063847703,0.12042082,0.263674042,0.041971811,0.022706467,0.137496542,0.010414077,0,0.086218561,0.002266837,0.000600826,0.043143117,0.026916981,0.019845042,0.00440772,0.023681598,0.000868041,0.012516401,0.013011143,0.362118203,0.056802318,0.011239169,0.027831721,0.007405953,0.04354844,0.205241866,0.07703005,0.011232351,0.010935502,0.078852174,0.002134401,0.003286392,0.003026752,0.016169172,0.003984609,0.182109746,0.128451549,0.050458189,0.165059454,0.011856472,0.10841212,0.012230382,0.04657272,0.011569465
Bacteroides_dorei_5_1_36_D4,0.106908212,0.012959545,0.709358109,0.314584058,0.133880137,0.133543973,0.217229976,0.034175678,0.261402311,0.072857232,1,0.53419374,0.169879678,0.226789566,0.085761028,0.039000233,0.385216981,0.140336203,0.2010765,0.700817185,0.670947736,0.871384474,0.61695711,0.695842242,0.19113904,0.4392072,0.20638524,0.904126948,0.48753138,0.313738609,0.064373126,0.584980824,0.343678696,0.049123377,0.027079763,0.142695663,0.022358858,0.578887543,0.051813275,0.0924405,0.094036126,0.358286724,0.062990118,0.15119985,0.04791664,0.322503402,0.35955616,0.648652321,0.363060274,0.02615003,0.329106339,0.713391426,0.236997216,0.083488623,0.408572102,0.358593087,0.908772903,0.615822209,0.249431321,0.490156363,0.026842367,0.262944595,0.686498487,0.142440902,0.205165087,0.197112674,0.23718587,0.556778659,0.171863587,0.072448814,0.226398298,0.720528105,0.703829966,0.548391466,0.305658963,0.267415389,0.024519172,0.000452611,0.004770742,0.002871606,0.002442621,0.007963054,0.029290923,0.012897963,0.726449903,0.036490037,0.018427129,0.0022641,0.043953117,0.020824311,0.000302849,0.001586388,0.012340608,0.002380392,0.014645287,0.012341966,0.008141934,0.00234687,0.005536056,0.001271094,0.002700958,0.011873919,0.011564215,0.013707353,0.000490155,0.366613625,0.005645321,0.001056754,0.000288356,0.004468616,0.004651767,0.008773528,0.019210561,0.00305795,0.00165433,0.010017617,0.000758741,0,0.006281646,0.000165155,4.38E-05,0.003143288,0.001961097,0.001445855,0.000321134,0.001725376,6.32E-05,0.00091191,0.000947956,0.105636704,0.00413846,0.000818855,0.002027742,0.105590866,0.350859016,0.026682345,0.005612196,0.000818358,0.00079673,0.005744951,0.000155507,0.000239437,0.000220521,0.001178041,0.000290308,0.013268012,0.009358624,0.003676244,0.012025775,0.00086383,0.007898607,0.000891072,0.003393159,0.000842919
Bacteroides_dorei_DSM_17855,0.200130036,0.024260008,0.461924039,0.369918867,0.071517931,0.249991647,0.116042893,0.063976186,0.205483932,0.136387281,0.53419374,1,0.31801136,0.183684638,0.160542929,0.073007657,0.237038676,0.262706566,0.151854749,0.4713598,0.651249287,0.581312676,0.329574626,0.660777724,0.151321023,0.234621737,0.110249703,0.49711451,0.382802065,0.167597201,0.120505204,0.469275939,0.442714546,0.09195798,0.050692774,0.267123429,0.041855336,0.309238101,0.096993415,0.173046768,0.176033748,0.559182452,0.117916241,0.283043096,0.089698993,0.298385065,0.341158226,0.346506009,0.236272147,0.048952334,0.221524265,0.381089234,0.126602429,0.156289033,0.408363237,0.191558182,0.489005211,0.506518086,0.466930446,0.261838461,0.050248375,0.337772293,0.461356919,0.266646521,0.109597905,0.119926822,0.444007206,0.297427674,0.098210717,0.135622732,0.423813086,0.741391955,0.467383873,0.292947288,0.274369572,0.50059626,0.045899399,0.000847279,0.008930733,0.005375589,0.004572539,0.014906677,0.054832023,0.02414473,0.495866711,0.068308619,0.034495218,0.00423835,0.082279357,0.038982694,0.000566928,0.002969687,0.023101372,0.004456046,0.027415684,0.023103914,0.015241537,0.004393295,0.010363387,0.002379462,0.005056139,0.022227739,0.021647979,0.025659891,0.00091756,0.352163632,0.010567928,0.001978222,0.000539796,0.00836516,0.008708015,0.016423868,0.035961786,0.005724421,0.003096873,0.01875278,0.001420348,0,0.011759115,0.000309168,8.19E-05,0.005884172,0.003671134,0.002706611,0.000601157,0.003229869,0.00011839,0.001707078,0.001774554,0.197749798,0.007747114,0.00153288,0.003795893,0.070137236,0.224435178,0.049948816,0.010505919,0.00153195,0.001491463,0.010754434,0.000291105,0.000448222,0.00041281,0.002205269,0.00054345,0.024837453,0.017519157,0.006881855,0.02251201,0.001617072,0.014786034,0.001668069,0.006351927,0.001577928
Bacteroides_eggerthii_DSM_20697,0.068221791,0.076286609,0.146897092,0.186663382,0.022743515,0.341518284,0.036902958,0.201175788,0.103960106,0.4288755,0.169879678,0.31801136,1,0.09477582,0.150271974,0.229575627,0.094868408,0.455564327,0.0998852,0.149897771,0.227484213,0.184864035,0.104808475,0.244135333,0.093808661,0.074612378,0.035060658,0.158088061,0.127378069,0.053297814,0.198116597,0.164748596,0.25591377,0.270975689,0.159405545,0.449022804,0.131615851,0.098341229,0.298874078,0.343727049,0.283252886,0.430417338,0.303572033,0.494536366,0.263292091,0.16881056,0.149955052,0.110192847,0.076469273,0.153932659,0.070710611,0.121190705,0.040261011,0.310280681,0.281538269,0.060917678,0.155509212,0.162933143,0.411901079,0.083267605,0.158008113,0.241591993,0.189325732,0.552168157,0.034853379,0.056328929,0.388094852,0.094585379,0.036050826,0.325951994,0.305263662,0.235771064,0.181778973,0.093160565,0.151355183,0.333705632,0.144332576,0.002664306,0.028083062,0.016903765,0.014378538,0.046874669,0.15653628,0.07592411,0.172918641,0.143424732,0.108471652,0.013327669,0.257785923,0.122582708,0.001782727,0.009338306,0.072643229,0.014012221,0.086209764,0.072651221,0.04792765,0.013814898,0.032588103,0.007482318,0.015899241,0.069896054,0.068072974,0.080688599,0.002885304,0.200108884,0.033231291,0.0062206,0.001697412,0.026304596,0.027382715,0.051645539,0.113083337,0.018000681,0.009738247,0.058968898,0.004466343,0,0.036977028,0.000972191,0.00025768,0.018503026,0.011544034,0.008511052,0.001890363,0.010156457,0.000372282,0.005367978,0.00558016,0.308401418,0.024361123,0.004820204,0.011936343,0.037858441,0.110207808,0.157066139,0.033036301,0.00481728,0.004689969,0.033817766,0.000915392,0.001409453,0.0012981,0.006934562,0.001708901,0.078102408,0.055089722,0.021640281,0.070789956,0.00508495,0.046495302,0.005245311,0.019973899,0.00496186
Bacteroides_finegoldii_DSM_17565,0.054698695,0.011565863,0.368171346,0.271761882,0.15001263,0.10896785,0.243406085,0.030500395,0.100957356,0.065022099,0.226789566,0.183684638,0.09477582,1,0.070438172,0.034806113,0.061270072,0.125244322,0.950361301,0.32295945,0.143147834,0.226825202,0.256510524,0.132127056,0.044023468,0.406829567,0.212073075,0.207407902,0.10822428,0.257940066,0.057450382,0.168508298,0.076839568,0.043840605,0.024167581,0.119689286,0.019954367,0.293837109,0.046241229,0.082499366,0.083923396,0.110157554,0.056216104,0.126910098,0.042763642,0.746518162,0.519779453,0.410920614,0.333761603,0.023337833,0.06015264,0.301587651,0.265555268,0.074510181,0.367067245,0.152736484,0.244448062,0.435406185,0.072024468,0.323866878,0.023955715,0.234667297,0.094672181,0.110758279,0.226506459,0.370261071,0.130713027,0.288847179,0.275782791,0.064657604,0.114161246,0.169851278,0.235647304,0.237277298,0.064448077,0.163238375,0.021882358,0.000403937,0.004257692,0.002562791,0.00217994,0.0071067,0.026140951,0.011510905,0.296714998,0.032565865,0.016445459,0.002020617,0.03922636,0.018584846,0.00027028,0.001415787,0.011013488,0.002124402,0.01307032,0.0110147,0.007266343,0.002094486,0.004940704,0.001134399,0.002410494,0.010596987,0.010320589,0.012233252,0.000437443,0.503565324,0.005038218,0.000943109,0.000257346,0.003988057,0.004151512,0.007830015,0.01714464,0.002729095,0.001476422,0.008940314,0.000677145,0,0.005606112,0.000147395,3.91E-05,0.002805256,0.001750199,0.001290366,0.000286599,0.001539827,5.64E-05,0.000813843,0.000846012,0.094276438,0.003693406,0.000730794,0.001809677,0.010703763,0.397040565,0.023812902,0.005008656,0.000730351,0.000711049,0.005127134,0.000138783,0.000213688,0.000196806,0.001051354,0.000259088,0.011841158,0.008352189,0.003280897,0.010732512,0.000770933,0.007049184,0.000795245,0.003028256,0.000752271
Bacteroides_fragilis_3_1_12,0.571165798,0.10985522,0.074158638,0.247437243,0.011481698,0.642193173,0.018629866,0.147187221,0.019716802,0.246352485,0.085761028,0.160542929,0.150271974,0.070438172,1,0.299869219,0.047892793,0.512803543,0.026197172,0.075673483,0.114841752,0.09332564,0.052910876,0.123247803,0.037453219,0.037666861,0.01769981,0.079808219,0.064304773,0.026906546,0.648027592,0.083170684,0.234985907,0.361696948,0.315758373,0.530956677,0.202011523,0.049645991,0.330813256,0.437823816,0.625384024,0.239364235,0.395491848,0.494003175,0.367454479,0.085221301,0.130148193,0.05562909,0.038604285,0.30491741,0.125048261,0.061181182,0.020325125,0.506277754,0.041662499,0.030753312,0.078506329,0.082254181,0.22371673,0.042036313,0.304247782,0.172718561,0.095578056,0.395995811,0.017595169,0.007911256,0.361577305,0.04774991,0.021107921,0.413415725,0.378805974,0.119025236,0.091768196,0.047030616,0.105396519,0.320703412,0.285901093,0.005277588,0.055628316,0.033483812,0.028481718,0.092851659,0.341541188,0.144915034,0.0872952,0.425485069,0.214866004,0.026400106,0.276862765,0.242817881,0.003531314,0.018497777,0.143895295,0.0277561,0.079822836,0.143911125,0.094937456,0.027365233,0.064552123,0.014821345,0.031494001,0.138453555,0.134842308,0.15983196,0.005715353,0.025797277,0.065826181,0.012322072,0.003362318,0.052105442,0.054241034,0.102302034,0.224001056,0.035656638,0.019290001,0.116808505,0.008847152,0,0.073245924,0.001925764,0.000510424,0.036651707,0.022866992,0.016859113,0.003744525,0.020118412,0.000737434,0.010633155,0.011053457,0.089866236,0.048255715,0.009548099,0.023644098,0.003472542,0.013820248,0.067563965,0.065439937,0.009542306,0.009290122,0.0669879,0.001813254,0.002791914,0.00257134,0.013736322,0.003385076,0.154709106,0.109124442,0.042866137,0.14022424,0.010072521,0.09210019,0.010390172,0.039565285,0.009828697
Bacteroides_intestinalis_341_DSM_17393,0.098319192,0.332294025,0.033723992,0.076594418,0.005221357,0.292040387,0.00847202,0.454984577,0.023894609,0.53529667,0.039000233,0.073007657,0.229575627,0.034806113,0.299869219,1,0.021779474,0.277905719,0.036285406,0.034412875,0.052224831,0.042440277,0.024061471,0.056047522,0.02565591,0.017129183,0.008049073,0.036293166,0.0292429,0.012235879,0.492676633,0.037822262,0.091955638,0.709044879,0.624459335,0.273310573,0.573300629,0.022576749,0.752707358,0.258920913,0.41473671,0.10885202,0.619148445,0.257938308,0.583237375,0.03875479,0.059185507,0.025297592,0.017555481,0.667449836,0.056866289,0.027822432,0.009242947,0.467132312,0.063622058,0.013985214,0.035701125,0.037405478,0.151202751,0.019116213,0.58958566,0.123408269,0.043464574,0.2737994,0.008001486,0.011691051,0.164428992,0.021714498,0.009598927,0.538314309,0.172263811,0.05412729,0.041732022,0.021387395,0.047929566,0.145841396,0.515605791,0.011605351,0.122325973,0.073630487,0.062630944,0.204179641,0.486232735,0.330715029,0.039697905,0.39229524,0.344862107,0.058053503,0.592924294,0.503789026,0.007765316,0.040676381,0.316423961,0.061035318,0.375517931,0.316458772,0.208766283,0.060175806,0.141949314,0.032591952,0.069254916,0.269494967,0.296516556,0.351468489,0.012567991,0.040666282,0.144750953,0.027096083,0.007393696,0.114579219,0.119275359,0.224960899,0.492575532,0.078408503,0.042418473,0.256860448,0.019454777,0,0.161066874,0.00423473,0.001122417,0.080596647,0.050284231,0.037072979,0.008234163,0.044240136,0.001621608,0.023382175,0.024306415,0.146723342,0.106113715,0.02099615,0.051993077,0.006559546,0.021577334,0.286082777,0.143901606,0.020983412,0.020428863,0.147305557,0.003987324,0.006139385,0.005654344,0.030206002,0.007443739,0.340203397,0.239963288,0.094262101,0.308351357,0.022149347,0.20252717,0.022847858,0.087003568,0.021613183
Bacteroides_ovatus_ATCC_8483,0.059702326,0.007237189,0.318431553,0.071504268,0.239737494,0.074576926,0.300615479,0.019085227,0.349054794,0.040686736,0.385216981,0.237038676,0.094868408,0.061270072,0.047892793,0.021779474,1,0.078370011,0.045009187,0.345717098,0.366842546,0.355029042,0.56331466,0.355355307,0.359260737,0.561389475,0.36957148,0.432861917,0.593710137,0.479622688,0.035948832,0.45989493,0.191925552,0.02743269,0.01512255,0.079687639,0.012486186,0.550249953,0.02893485,0.051622909,0.052513978,0.200083328,0.035176498,0.084436757,0.026758795,0.104802291,0.096115225,0.389663659,0.415681808,0.014603346,0.382994474,0.446480216,0.424387963,0.04662378,0.108800829,0.642128175,0.401398075,0.243357581,0.139293603,0.555040753,0.014989978,0.057990398,0.495709503,0.079545369,0.367386567,0.234493532,0.132455196,0.575719055,0.221774018,0.040458658,0.126430933,0.328744357,0.352786882,0.623239739,0.454405833,0.131025796,0.013692602,0.000252758,0.002664195,0.001603633,0.001364069,0.004446925,0.016357361,0.007202799,0.318139149,0.020377668,0.010290533,0.001264375,0.024545386,0.011629226,0.000169125,0.00088591,0.006891548,0.001329317,0.008178583,0.006892306,0.00454682,0.001310597,0.003091581,0.000709836,0.001508336,0.006630927,0.006457975,0.007654799,0.000273724,0.109362121,0.0031526,0.000590138,0.000161031,0.002495475,0.002597755,0.00489953,0.010728036,0.001707696,0.000923852,0.005594286,0.000423715,0,0.003507952,9.22E-05,2.44E-05,0.001755353,0.001095164,0.00080743,0.000179336,0.000963527,3.53E-05,0.000509251,0.000529381,0.041364301,0.002311101,0.000457285,0.001132382,0.232036099,0.333319616,0.014900615,0.003134101,0.000457008,0.00044493,0.003208238,8.68E-05,0.000133713,0.000123149,0.000657871,0.000162121,0.007409451,0.005226274,0.002052979,0.00671573,0.000482401,0.004410935,0.000497614,0.001894892,0.000470724
Bacteroides_pectinophilus_ATCC_43243,0.326967018,0.09234641,0.121350478,0.3030906,0.01878823,0.785499351,0.03048523,0.243527167,0.057837184,0.519162055,0.140336203,0.262706566,0.455564327,0.125244322,0.512803543,0.277905719,0.078370011,1,0.083187553,0.123829315,0.187922835,0.152714657,0.086581418,0.201678189,0.071201842,0.061636671,0.028963321,0.130595246,0.105225975,0.044028885,0.45870648,0.136097459,0.26292691,0.350040659,0.192963483,0.867321257,0.159323524,0.08123888,0.369208187,0.627883861,0.670077456,0.391686863,0.448851518,0.928150414,0.341441761,0.139453014,0.208108758,0.091029404,0.063170637,0.186338449,0.13732828,0.100114644,0.033259289,0.59491864,0.144790621,0.050323592,0.12846488,0.134597728,0.304852533,0.068786683,0.191271865,0.281314908,0.156400428,0.791744474,0.028792089,0.030124569,0.591671853,0.078136203,0.034540229,0.516251778,0.577769785,0.194768535,0.150166113,0.076959176,0.134892093,0.517320478,0.174717364,0.003225193,0.033995088,0.020462333,0.017405498,0.05674269,0.208719651,0.091907598,0.142846666,0.260018698,0.131307025,0.016133401,0.313198708,0.14838873,0.002158026,0.011304199,0.087936028,0.016962064,0.104358581,0.087945703,0.058017344,0.016723201,0.039448526,0.00905749,0.019246337,0.08461052,0.082403647,0.097675103,0.003492716,0.102454257,0.040227118,0.007530157,0.00205475,0.03184222,0.033147304,0.062517921,0.136889558,0.021790171,0.011788336,0.071382987,0.005406594,0,0.044761405,0.001176856,0.000311926,0.022398269,0.013974275,0.010302793,0.002288321,0.012294587,0.000450654,0.00649804,0.006754892,0.263532151,0.029489608,0.00583495,0.014449173,0.014402192,0.057332522,0.190131587,0.039991079,0.00583141,0.005677298,0.040937057,0.0011081,0.00170617,0.001571375,0.008394421,0.002068658,0.09454447,0.06668717,0.026195977,0.085692606,0.00615543,0.056283459,0.00634955,0.024178789,0.006006427
Bacteroides_plebeius_M12_DSM_17135,0.011909166,0.012057423,0.34155223,0.22685789,0.143896879,0.064742188,0.233482847,0.03179669,0.103513544,0.066075084,0.2010765,0.151854749,0.0998852,0.950361301,0.026197172,0.036285406,0.045009187,0.083187553,1,0.296928639,0.115884951,0.200088802,0.236155597,0.104362487,0.035142604,0.388504854,0.203043615,0.182950733,0.08810185,0.244974899,0.031665635,0.144339594,0.044033422,0.039705886,0.024402158,0.080321137,0.020802446,0.273679524,0.043768116,0.057370271,0.048893082,0.076695699,0.0464072,0.088409255,0.038500442,0.710451192,0.475638839,0.387466845,0.31607149,0.024329712,0.030881246,0.278693456,0.254729047,0.051021407,0.387071287,0.139611935,0.21946473,0.406053522,0.052022666,0.305295733,0.023474415,0.219976409,0.070487424,0.085544297,0.217416423,0.37822485,0.091551426,0.269237576,0.264539611,0.051124905,0.073338422,0.141570573,0.208928475,0.218606073,0.039897424,0.121130735,0.020852326,0.000421105,0.004438648,0.002671712,0.002272589,0.007408741,0.021452375,0.012000129,0.269352503,0.020305502,0.014450018,0.002106495,0.037133266,0.019374719,0.000281768,0.001475959,0.011481572,0.002214691,0.01362582,0.011482835,0.007575169,0.002183504,0.005150688,0.001182612,0.002512943,0.010833177,0.010759223,0.012753177,0.000456035,0.52885433,0.005252347,0.000983192,0.000268283,0.004157553,0.004327955,0.008162797,0.017873303,0.002845084,0.001539171,0.009320286,0.000705924,0,0.005844377,0.000153659,4.07E-05,0.002924482,0.001824584,0.001345208,0.00029878,0.001605271,5.88E-05,0.000848432,0.000881968,0.098283275,0.003850379,0.000761854,0.00188659,0.01231609,0.411383613,0.024824972,0.005221528,0.000761392,0.00074127,0.005345042,0.000144682,0.00022277,0.00020517,0.001096037,0.000270099,0.012344418,0.008707165,0.003420339,0.011188654,0.000803698,0.00734878,0.000829044,0.00315696,0.000784243
Bacteroides_sp_2_1_7,0.094333254,0.011435193,0.889700495,0.277581461,0.151726836,0.117836013,0.246187505,0.030155802,0.302064118,0.064287481,0.700817185,0.4713598,0.149897771,0.32295945,0.075673483,0.034412875,0.345717098,0.123829315,0.296928639,1,0.446591227,0.603699771,0.699199689,0.540213595,0.232467227,0.497755084,0.233897128,0.730065887,0.500408291,0.355561083,0.056801309,0.409351249,0.303253875,0.043345295,0.023894536,0.125911246,0.019728923,0.630243159,0.045718797,0.08156729,0.082975232,0.31614365,0.055580976,0.133415137,0.042280499,0.433895667,0.499384113,0.687197183,0.364006353,0.023074162,0.194695344,0.808489043,0.268589789,0.073668367,0.503779806,0.39032424,0.701863832,0.703739071,0.220092242,0.519186226,0.023685064,0.232016032,0.595152297,0.125686451,0.232514324,0.287785957,0.209287148,0.623971473,0.176550297,0.063927104,0.199768452,0.621985034,0.487990952,0.621494001,0.365053439,0.235960953,0.021635132,0.000399373,0.004209588,0.002533837,0.002155311,0.007026408,0.025845611,0.011380855,0.610927557,0.032197937,0.016259659,0.001997788,0.038783181,0.018374875,0.000267227,0.001399791,0.010889058,0.002100401,0.012922652,0.010890256,0.007184248,0.002070822,0.004884884,0.001121583,0.002383261,0.010477263,0.010203987,0.012095041,0.000432501,0.497643125,0.004981296,0.000932454,0.000254438,0.003943,0.004104608,0.007741551,0.01695094,0.002698262,0.001459742,0.008839306,0.000669495,0,0.005542774,0.000145729,3.86E-05,0.002773562,0.001730425,0.001275788,0.000283361,0.00152243,5.58E-05,0.000804648,0.000836454,0.093211306,0.003651678,0.000722538,0.001789231,0.13464277,0.529241894,0.023543864,0.004952068,0.0007221,0.000703016,0.005069208,0.000137215,0.000211274,0.000194582,0.001039475,0.00025616,0.011707377,0.008257827,0.00324383,0.010611257,0.000762223,0.006969542,0.00078626,0.002994043,0.000743772
Bacteroides_sp_2_2_4,0.14315974,0.017353999,0.456250927,0.241188703,0.09997843,0.178827426,0.162222063,0.045764316,0.166919596,0.097562405,0.670947736,0.651249287,0.227484213,0.143147834,0.114841752,0.052224831,0.366842546,0.187922835,0.115884951,0.446591227,1,0.774099178,0.460728565,0.738603114,0.131793751,0.327989256,0.154123478,0.658710131,0.423150444,0.234292363,0.086201422,0.678312752,0.460216777,0.065780633,0.036262245,0.191082365,0.029940528,0.432299138,0.069382649,0.123786169,0.125922855,0.397016885,0.08434945,0.202470238,0.064164704,0.232823338,0.249345288,0.484397778,0.335252884,0.03501725,0.477235013,0.505158055,0.176983757,0.111798798,0.291590701,0.267788596,0.683604415,0.527979346,0.325551272,0.366036851,0.035944351,0.214477589,0.624268795,0.190741217,0.153212297,0.102005648,0.317613276,0.415788761,0.150651844,0.097015498,0.303167743,0.672618037,0.689953216,0.40952541,0.22264866,0.358093328,0.032833383,0.000606087,0.006388453,0.00384534,0.00327089,0.010663247,0.039223189,0.017271536,0.715745884,0.048863451,0.024675588,0.003031834,0.058857189,0.027885631,0.000405542,0.002124317,0.016525188,0.003187559,0.01961136,0.016527006,0.010902784,0.003142671,0.007413279,0.001702109,0.003616826,0.015900249,0.015485527,0.018355382,0.000656361,0.264411321,0.007559594,0.001415088,0.000386135,0.00598388,0.006229135,0.011748545,0.025724674,0.004094871,0.002215298,0.013414493,0.001016022,0,0.00841169,0.000221158,5.86E-05,0.004209146,0.002626085,0.00193613,0.000430028,0.002310434,8.47E-05,0.00122113,0.001269398,0.141457076,0.005541771,0.00109652,0.00271533,0.063068397,0.178966828,0.035730067,0.007515237,0.001095855,0.001066894,0.007693008,0.000208237,0.000320628,0.000295297,0.001577503,0.000388748,0.017767065,0.012532042,0.004922822,0.016103597,0.001156746,0.010576947,0.001193226,0.004543747,0.001128745
Bacteroides_sp_4_3_47FAA,0.116338127,0.01410265,0.612621101,0.342332167,0.123028336,0.145323313,0.199622162,0.037190168,0.216450147,0.079283655,0.871384474,0.581312676,0.184864035,0.226825202,0.09332564,0.042440277,0.355029042,0.152714657,0.200088802,0.603699771,0.774099178,1,0.566948975,0.694362959,0.147146702,0.403606779,0.189656458,0.849125979,0.42633803,0.288308182,0.070051203,0.65961501,0.373993119,0.053456339,0.029468352,0.155282235,0.024331037,0.531965178,0.056383502,0.10059428,0.102330649,0.389889658,0.068546206,0.164536539,0.052143162,0.326905917,0.367213917,0.596075096,0.382299579,0.028456612,0.381135829,0.648833699,0.217787147,0.090852796,0.42008497,0.329526931,0.841208581,0.637342688,0.271432587,0.450426202,0.029210017,0.286137809,0.599549796,0.155005003,0.188535206,0.162424409,0.258107017,0.511648354,0.178061231,0.078839213,0.246367919,0.695328987,0.775742558,0.503940995,0.237969767,0.291002952,0.026681902,0.000492534,0.005191548,0.003124898,0.002658075,0.00866544,0.03187455,0.014035637,0.799290294,0.039708666,0.020052507,0.002463807,0.047830033,0.022661134,0.000329562,0.001726317,0.01342912,0.002590356,0.015937085,0.013430598,0.008860099,0.002553878,0.006024368,0.001383211,0.002939198,0.012921267,0.012584245,0.01491642,0.000533389,0.374143299,0.00614327,0.001149965,0.000313791,0.004862774,0.005062079,0.009547403,0.020905042,0.003327679,0.001800252,0.010901228,0.000825666,0,0.006835723,0.000179723,4.76E-05,0.003420544,0.002134077,0.001573387,0.00034946,0.001877564,6.88E-05,0.000992346,0.001031571,0.114954465,0.004503495,0.000891082,0.002206601,0.076139536,0.28710315,0.02903588,0.006107224,0.000890542,0.000867007,0.006251689,0.000169223,0.000260557,0.000239972,0.001281951,0.000315914,0.014438326,0.010184108,0.00400051,0.013086517,0.000940024,0.008595309,0.000969669,0.003692455,0.000917269
Bacteroides_sp_9_1_42FAA,0.065957782,0.007995483,0.659141143,0.194084871,0.21700072,0.082390904,0.352098991,0.021084927,0.322166125,0.044949787,0.61695711,0.329574626,0.104808475,0.256510524,0.052910876,0.024061471,0.56331466,0.086581418,0.236155597,0.699199689,0.460728565,0.566948975,1,0.429304819,0.261741456,0.711892598,0.334521212,0.66297527,0.520995188,0.508525802,0.039715458,0.563397833,0.212035015,0.030307017,0.016707052,0.088037104,0.013794457,0.756817867,0.031966569,0.057031824,0.058016257,0.221047542,0.038862201,0.093283822,0.029562512,0.333396517,0.362346435,0.721980188,0.471820449,0.016133447,0.37041365,0.836730548,0.384138884,0.0515089,0.352242684,0.557947231,0.673969558,0.550910539,0.153888427,0.634371799,0.016560589,0.162225538,0.553588115,0.087879927,0.332543517,0.307352957,0.146333509,0.747857283,0.244372606,0.044697811,0.13967804,0.444534937,0.576570948,0.823740847,0.381087798,0.164983825,0.015127277,0.000279242,0.002943343,0.001771658,0.001506993,0.004912863,0.018071243,0.00795749,0.60611438,0.022512788,0.011368748,0.001396853,0.027117188,0.012847707,0.000186845,0.000978734,0.007613626,0.0014686,0.009035514,0.007614464,0.005023224,0.001447918,0.003415509,0.00078421,0.001666375,0.007325699,0.007134625,0.008456849,0.000302404,0.367451621,0.003482921,0.000651972,0.000177903,0.002756945,0.002869941,0.00541289,0.011852092,0.001886624,0.001020651,0.00618044,0.000468111,0,0.003875506,0.000101894,2.70E-05,0.001939274,0.001209913,0.00089203,0.000198126,0.001064483,3.90E-05,0.00056261,0.000584848,0.065173316,0.002553252,0.000505198,0.00125103,0.164793095,0.522939873,0.016461862,0.003462484,0.000504892,0.000491549,0.003544388,9.59E-05,0.000147723,0.000136052,0.000726801,0.000179107,0.008185794,0.00577387,0.002268085,0.007419387,0.000532946,0.004873102,0.000549753,0.002093434,0.000520045
Bacteroides_sp_D1,0.153638577,0.018624257,0.550209195,0.223235924,0.093159455,0.191917025,0.151157793,0.049114118,0.208362002,0.104703663,0.695842242,0.660777724,0.244135333,0.132127056,0.123247803,0.056047522,0.355355307,0.201678189,0.104362487,0.540213595,0.738603114,0.694362959,0.429304819,1,0.185635145,0.305618923,0.143611568,0.647542734,0.503576658,0.218312577,0.092511092,0.511809492,0.49390318,0.070595566,0.038916526,0.205068987,0.03213208,0.402814406,0.074461239,0.132846922,0.135140008,0.514896484,0.090523561,0.217290415,0.068861356,0.222002466,0.236032196,0.451359685,0.26511714,0.037580401,0.340225708,0.496407889,0.164912674,0.119982114,0.278107796,0.249524217,0.63697954,0.52496248,0.358459585,0.341071503,0.038575363,0.195025792,0.704319647,0.204702867,0.142762534,0.125252223,0.340861557,0.38743011,0.11630615,0.104116724,0.325358657,0.85102813,0.512596191,0.381593947,0.321386343,0.38430462,0.035236682,0.000650451,0.006856068,0.004126806,0.003510309,0.011443763,0.042094201,0.018535758,0.538532864,0.0524401,0.026481763,0.003253755,0.063165348,0.02992677,0.000435227,0.00227981,0.017734779,0.003420878,0.02104685,0.01773673,0.011700833,0.003372705,0.007955907,0.001826698,0.003881566,0.017064096,0.016619018,0.019698938,0.000704405,0.252392852,0.008112932,0.001518668,0.000414398,0.006421881,0.006685088,0.012608501,0.027607638,0.004394602,0.00237745,0.014396392,0.001090392,0,0.009027399,0.000237346,6.29E-05,0.004517242,0.002818307,0.002077849,0.000461504,0.00247955,9.09E-05,0.001310513,0.001362314,0.151811284,0.005947411,0.001176782,0.002914083,0.094722101,0.226234528,0.038345394,0.008065328,0.001176068,0.001144987,0.008256111,0.00022348,0.000344097,0.000316912,0.001692972,0.000417203,0.019067557,0.013449348,0.005283157,0.017282329,0.001241416,0.011351146,0.001280566,0.004876334,0.001211365
Bacteroides_stercoris_ATCC_43183,0.026662586,0.008525306,0.199538346,0.04312146,0.194396541,0.058057983,0.330217085,0.022482125,0.869743195,0.042817612,0.19113904,0.151321023,0.093808661,0.044023468,0.037453219,0.02565591,0.359260737,0.071201842,0.035142604,0.232467227,0.131793751,0.147146702,0.261741456,0.185635145,1,0.217202315,0.313731713,0.222363804,0.517509315,0.17409468,0.041620523,0.101821686,0.074498408,0.032315318,0.017814148,0.077091116,0.014708549,0.170534235,0.03408484,0.050638571,0.054091218,0.196289421,0.041437413,0.076889114,0.031521478,0.086119798,0.052003643,0.17531077,0.075442139,0.017202534,0.038161866,0.255190567,0.328856817,0.054922148,0.103666504,0.452677317,0.181108854,0.115799873,0.161560716,0.145316851,0.01765798,0.045280842,0.280389996,0.083309131,0.311876926,0.432239225,0.069492778,0.174508087,0.027027512,0.047659721,0.068518837,0.192039275,0.090457897,0.376415562,0.499924387,0.064971272,0.016129689,0.000297746,0.003138384,0.001889057,0.001606854,0.005238414,0.019268738,0.008484795,0.105369805,0.024004602,0.012122101,0.001489415,0.028914115,0.013699063,0.000199226,0.00104359,0.008118145,0.001565917,0.009634254,0.008119038,0.005356089,0.001543865,0.003641839,0.000836176,0.001776798,0.007811138,0.007607402,0.009017244,0.000322443,0.10475146,0.003713717,0.000695175,0.000189692,0.002939634,0.003060118,0.005771577,0.012637473,0.002011641,0.001088285,0.006589988,0.00049913,0,0.004132317,0.000108646,2.88E-05,0.00206778,0.001290088,0.000951141,0.000211255,0.001135021,4.16E-05,0.000599891,0.000623603,0.025226027,0.002722444,0.000538675,0.00133393,0.569711993,0.353215487,0.017552711,0.003691927,0.000538349,0.000524121,0.003779258,0.000102298,0.000157511,0.000145067,0.000774962,0.000190976,0.008728228,0.006156476,0.00241838,0.007911035,0.000568262,0.005196019,0.000586183,0.002232156,0.000554506
Bacteroides_thetaiotaomicron_VPI_5482,0.046954857,0.005691925,0.507922769,0.138167583,0.304822273,0.058653474,0.437726116,0.015010204,0.264890531,0.031999421,0.4392072,0.234621737,0.074612378,0.406829567,0.037666861,0.017129183,0.561389475,0.061636671,0.388504854,0.497755084,0.327989256,0.403606779,0.711892598,0.305618923,0.217202315,1,0.469904046,0.471967187,0.40349558,0.662625531,0.02827314,0.452886273,0.150946158,0.021575341,0.011893627,0.062672963,0.009820172,0.75870902,0.022756764,0.040600533,0.041301344,0.157362109,0.027665713,0.066408063,0.021045333,0.441988805,0.289415167,0.677107267,0.616526789,0.011485282,0.301218591,0.61566089,0.539602301,0.036668804,0.250758959,0.557103184,0.47979394,0.457932476,0.109552032,0.744090798,0.011789361,0.115487159,0.394095282,0.06256107,0.467125965,0.414275849,0.104173742,0.763390642,0.380140644,0.031820041,0.099435762,0.316461132,0.410456591,0.631205882,0.291600172,0.117450764,0.010768997,0.00019879,0.002095344,0.00126123,0.001072817,0.003497431,0.012864784,0.005664878,0.431488341,0.016026687,0.008093328,0.000994409,0.019304526,0.009146187,0.000133014,0.000696753,0.005420084,0.001045485,0.006432316,0.00542068,0.003575996,0.001030762,0.002431476,0.000558274,0.00118628,0.005215111,0.005079086,0.006020368,0.000215279,0.342178942,0.002479466,0.000464134,0.000126648,0.001962648,0.002043089,0.003853396,0.008437417,0.001343074,0.000726594,0.00439981,0.000333244,0.00E+00,0.002758944,7.25E-05,1.92E-05,0.001380555,0.000861328,0.00063503,0.000141044,0.000757797,2.78E-05,0.000400518,0.000416349,0.046396401,0.001817641,0.000359647,0.000890599,0.145981203,0.535223352,0.011719078,0.002464917,0.000359429,0.00034993,0.002523224,6.83E-05,0.000105163,9.69E-05,0.000517404,0.000127505,0.005827406,0.004110375,0.001614633,0.005281807,0.0003794,0.003469125,0.000391365,0.0014903,0.000370216
Bacteroides_uniformis_ATCC_8492,0.022064277,0.002674659,0.238674964,0.064925506,0.622919328,0.027561505,0.479035067,0.007053356,0.336857259,0.015036657,0.20638524,0.110249703,0.035060658,0.212073075,0.01769981,0.008049073,0.36957148,0.028963321,0.203043615,0.233897128,0.154123478,0.189656458,0.334521212,0.143611568,0.313731713,0.469904046,1,0.221779291,0.275248779,0.657825445,0.013285663,0.212813092,0.07093021,0.01013834,0.005588863,0.029450279,0.004614538,0.356520438,0.010693495,0.019078355,0.019407668,0.073945092,0.013000231,0.031205417,0.009889287,0.207692327,0.135997358,0.318175444,0.458493415,0.00539698,0.141543834,0.289301543,0.663589141,0.01723082,0.117832649,0.575541604,0.225457113,0.215184323,0.051478943,0.421060004,0.005539868,0.054267883,0.185186967,0.0293977,0.692856729,0.407910601,0.048951663,0.370677355,0.561195251,0.014952366,0.046725267,0.148706366,0.192875212,0.376346557,0.167935436,0.055190589,0.005060395,9.34E-05,0.000984611,0.000592657,0.000504121,0.001643457,0.006045214,0.002661949,0.202758117,0.007531005,0.003803088,0.000467277,0.009071275,0.00429783,6.25E-05,0.000327407,0.002546919,0.000491278,0.003022571,0.0025472,0.001680375,0.000484359,0.00114256,0.000262335,0.000557438,0.002450602,0.002386683,0.002828995,0.000101161,0.160791269,0.001165111,0.000218098,5.95E-05,0.000922256,0.000960056,0.001810727,0.003964776,0.000631116,0.000341429,0.002067488,0.000156593,0.00E+00,0.001296439,3.41E-05,9.03E-06,0.000648728,0.000404741,0.000298403,6.63E-05,0.000356092,1.31E-05,0.000188205,0.000195644,0.021801857,0.000854117,0.000169,0.000418496,0.259923342,0.291103452,0.005506842,0.001158274,0.000168897,0.000164433,0.001185673,3.21E-05,4.94E-05,4.55E-05,0.00024313,5.99E-05,0.002738322,0.001931482,0.000758722,0.002481942,0.000178282,0.001630156,0.000183904,0.000700298,0.000173966
Bacteroides_vulgatus_ATCC_8482,0.099487545,0.012060002,0.702774056,0.292748282,0.143866111,0.124274475,0.233432923,0.03180349,0.29282582,0.067800096,0.904126948,0.49711451,0.158088061,0.207407902,0.079808219,0.036293166,0.432861917,0.130595246,0.182950733,0.730065887,0.658710131,0.849125979,0.66297527,0.647542734,0.222363804,0.471967187,0.221779291,1,0.528281435,0.337140031,0.059904886,0.578303409,0.319823416,0.045713646,0.025200114,0.132790932,0.020806895,0.622066135,0.048216834,0.086024059,0.08750893,0.333417477,0.058617874,0.14070483,0.044590671,0.295237824,0.323578085,0.680344175,0.35583173,0.024334916,0.332566248,0.763811224,0.25467458,0.077693546,0.365817939,0.385340155,0.861969297,0.564064069,0.232117899,0.511685818,0.024979196,0.244693196,0.742000259,0.132553854,0.220468128,0.212177616,0.220722425,0.598308173,0.170804907,0.067420028,0.210683635,0.670515112,0.670199156,0.589295389,0.352563226,0.248853664,0.022817257,0.000421195,0.004439597,0.002672283,0.002273075,0.007410326,0.027257794,0.012002695,0.691789116,0.033957206,0.017148073,0.002106945,0.040902262,0.019378863,0.000281828,0.001476275,0.011484027,0.002215165,0.013628735,0.011485291,0.007576789,0.002183971,0.00515179,0.001182865,0.00251348,0.011049732,0.010761524,0.012755904,0.000456132,0.332291643,0.00525347,0.000983403,0.000268341,0.004158443,0.00432888,0.008164543,0.017877125,0.002845693,0.001539501,0.009322279,0.000706075,0,0.005845627,0.000153692,4.07E-05,0.002925107,0.001824974,0.001345496,0.000298844,0.001605615,5.89E-05,0.000848613,0.000882157,0.098304294,0.003851203,0.000762017,0.001886993,0.126875636,0.375768189,0.024830281,0.005222645,0.000761554,0.000741428,0.005346185,0.000144713,0.000222818,0.000205214,0.001096271,0.000270157,0.012347058,0.008709027,0.00342107,0.011191047,0.00080387,0.007350352,0.000829221,0.003157635,0.000784411
Bacteroides_xylanisolvens_XB1A,0.080161217,0.009717241,0.459004602,0.147672377,0.178551258,0.100133069,0.289712024,0.025625383,0.552415206,0.054629333,0.48753138,0.382802065,0.127378069,0.10822428,0.064304773,0.0292429,0.593710137,0.105225975,0.08810185,0.500408291,0.423150444,0.42633803,0.520995188,0.503576658,0.517509315,0.40349558,0.275248779,0.528281435,1,0.305692193,0.048267836,0.337114375,0.257694914,0.036833369,0.020304771,0.10699513,0.016764973,0.374220158,0.038850291,0.069313132,0.070509553,0.26864821,0.047230838,0.113371683,0.035928542,0.168200654,0.167852627,0.39702612,0.212437777,0.019607645,0.198606029,0.535952011,0.3160749,0.062600894,0.189427599,0.478243062,0.457080787,0.357767206,0.187026963,0.31705151,0.020126768,0.130379633,0.586427951,0.106804106,0.273621503,0.336476533,0.177845159,0.374763164,0.103773369,0.054323096,0.169756492,0.508991624,0.331003867,0.67727461,0.610122365,0.200511659,0.018384805,0.000339374,0.003577166,0.002153169,0.00183151,0.005970805,0.021962729,0.009671067,0.348850738,0.027360721,0.01381691,0.001697653,0.032956639,0.015614349,0.00022708,0.001189495,0.009253154,0.00178485,0.010981233,0.009254172,0.006104932,0.001759715,0.00415101,0.000953083,0.002025215,0.008903224,0.008671004,0.010277958,0.000367524,0.18174185,0.004232938,0.000792368,0.000216213,0.003350629,0.003487957,0.006578509,0.014404337,0.002292892,0.001240439,0.007511344,0.000568914,0,0.004710063,0.000123836,3.28E-05,0.00235688,0.001470457,0.001084121,0.000240791,0.00129371,4.74E-05,0.000683763,0.00071079,0.079207823,0.003103073,0.000613988,0.001520428,0.310303,0.465665276,0.020006782,0.0042081,0.000613616,0.000597399,0.004307642,0.000116601,0.000179533,0.000165349,0.000883311,0.000217677,0.009948534,0.007017222,0.002756497,0.009017088,0.000647711,0.005922482,0.000668138,0.002544237,0.000632032
Bifidobacterium_adolescentis_L2_32,0.033541234,0.004065909,0.362824159,0.098697165,0.426725092,0.0418979,0.349128319,0.01072223,0.2108052,0.022858127,0.313738609,0.167597201,0.053297814,0.257940066,0.026906546,0.012235879,0.479622688,0.044028885,0.244974899,0.355561083,0.234292363,0.288308182,0.508525802,0.218312577,0.17409468,0.662625531,0.657825445,0.337140031,0.305692193,1,0.020196335,0.323509972,0.107825276,0.0154119,0.008495967,0.044769139,0.007014837,0.541968148,0.016255825,0.029002154,0.029502763,0.112408378,0.019762432,0.047437231,0.0150333,0.305181017,0.206737758,0.483677618,0.6969834,0.008204274,0.215169291,0.439784665,0.584739737,0.026193604,0.179124493,0.559497414,0.34273091,0.327114624,0.078256236,0.640078622,0.008421487,0.082495872,0.28151384,0.044689211,0.572152054,0.307882185,0.074414365,0.563488928,0.571352677,0.02272999,0.071029887,0.226057486,0.293201204,0.472167997,0.218780173,0.083898532,0.007692611,0.000142002,0.001496766,0.000900934,0.000766345,0.002498317,0.009189694,0.004046589,0.308224801,0.011448333,0.005781302,0.000710336,0.01378979,0.00653339,9.50E-05,0.000497711,0.003871725,0.000746821,0.004594792,0.003872151,0.002554439,0.000736304,0.001736875,0.000398791,0.000847395,0.003725307,0.003628141,0.004300526,0.00015378,0.244428473,0.001771155,0.000331544,9.05E-05,0.001401977,0.001459439,0.002752594,0.006027095,0.000959397,0.000519027,0.003142913,0.000238046,0,0.001970795,5.18E-05,1.37E-05,0.000986171,0.000615272,0.00045362,0.000100752,0.000541317,1.98E-05,0.000286101,0.00029741,0.033142313,0.001298395,0.000256906,0.000636181,0.124216979,0.396732082,0.008371282,0.001760763,0.00025675,0.000249965,0.001802413,4.88E-05,7.51E-05,6.92E-05,0.000369597,9.11E-05,0.004162688,0.002936162,0.00115338,0.00377295,0.000271017,0.002478098,0.000279564,0.001064565,0.000264456
Bifidobacterium_catenulatum_DSM_16992,0.33848605,0.201319175,0.055664251,0.162598148,0.008618283,0.482036924,0.013983773,0.261222966,0.023254342,0.36493564,0.064373126,0.120505204,0.198116597,0.057450382,0.648027592,0.492676633,0.035948832,0.45870648,0.031665635,0.056801309,0.086201422,0.070051203,0.039715458,0.092511092,0.041620523,0.02827314,0.013285663,0.059904886,0.048267836,0.020196335,1,0.062428786,0.172415804,0.569149661,0.420668753,0.451121809,0.347332184,0.037264801,0.51580543,0.533850166,0.684557399,0.179669303,0.5946739,0.425748609,0.48648206,0.063968001,0.097690597,0.041755777,0.02897678,0.406225892,0.093862534,0.045923236,0.015256252,0.726617162,0.05234942,0.023083758,0.058927673,0.06174085,0.258079561,0.031552897,0.411287399,0.194670176,0.07174189,0.451928658,0.013207118,0.009856436,0.271403713,0.035841583,0.015843827,0.6057362,0.284335732,0.089341589,0.068882169,0.035301673,0.079111731,0.240723341,0.380891424,0.007031061,0.074110764,0.044608773,0.037944739,0.123701523,0.455017881,0.200362546,0.065524691,0.566852026,0.286255002,0.035171512,0.440946238,0.323493861,0.00470459,0.024643644,0.191704352,0.036978034,0.186942844,0.191725442,0.126480323,0.036457302,0.085999496,0.019745721,0.041957849,0.184454599,0.17964352,0.212935957,0.007614273,0.033180868,0.087696859,0.016416067,0.004479445,0.069417419,0.07226256,0.136291775,0.298425166,0.047503518,0.025699084,0.155618005,0.011786608,0,0.097581803,0.002565597,0.000680012,0.048829197,0.030464526,0.022460535,0.004988639,0.026802732,0.000982445,0.014166009,0.014725957,0.104585851,0.064288624,0.012720444,0.031499824,0.005504959,0.017758924,0.153826988,0.087182285,0.012712727,0.012376755,0.089244558,0.002415706,0.003719525,0.003425665,0.018300201,0.004509763,0.20611104,0.14538092,0.057108365,0.186813593,0.013419105,0.122700379,0.013842295,0.052710808,0.013094271
Bifidobacterium_longum_longum_CCUG_52486,0.103679134,0.012568112,0.417708441,0.265942678,0.138049823,0.129510383,0.210755285,0.033143429,0.164812237,0.070656636,0.584980824,0.469275939,0.164748596,0.168508298,0.083170684,0.037822262,0.45989493,0.136097459,0.144339594,0.409351249,0.678312752,0.65961501,0.563397833,0.511809492,0.101821686,0.452886273,0.212813092,0.578303409,0.337114375,0.323509972,0.062428786,1,0.333298153,0.047639644,0.02626184,0.138385654,0.021683527,0.596916948,0.050248296,0.089648408,0.091195839,0.259010616,0.061087551,0.146632978,0.046469356,0.250034638,0.267812513,0.49831921,0.464157357,0.025360189,0.66510868,0.462466012,0.244378475,0.080966915,0.304484284,0.369761439,0.608294109,0.473680985,0.203417932,0.505422243,0.026031615,0.245139776,0.455683343,0.138138587,0.211554937,0.108971239,0.230021858,0.574119484,0.226961371,0.070260555,0.219560116,0.514830416,0.766475616,0.453433679,0.161096329,0.259338318,0.023778589,0.000438941,0.004626645,0.002784872,0.002368844,0.007722536,0.028406214,0.012508391,0.671233039,0.035387884,0.017870552,0.002195715,0.042625548,0.020195329,0.000293702,0.001538473,0.01196787,0.002308494,0.014202938,0.011969187,0.007896013,0.002275985,0.005368844,0.001232701,0.002619378,0.011515277,0.011214927,0.013293333,0.00047535,0.263112281,0.005474809,0.001024835,0.000279646,0.004333645,0.004511264,0.00850853,0.018630321,0.002965587,0.001604363,0.009715043,0.000735824,0,0.006091914,0.000160167,4.25E-05,0.003048348,0.001901863,0.001402184,0.000311435,0.001673262,6.13E-05,0.000884367,0.000919324,0.102446031,0.004013461,0.000794122,0.001966496,0.0486993,0.181870053,0.025876426,0.005442684,0.00079364,0.000772666,0.005571429,0.00015081,0.000232205,0.00021386,0.001142459,0.000281539,0.012867262,0.009075954,0.003565206,0.011662546,0.000837738,0.007660036,0.000864158,0.003290672,0.000817459
Bifidobacterium_pseudocatenulatum_DSM_20438,0.311070233,0.037708315,0.297183287,0.132271621,0.046011751,0.245914303,0.074657315,0.099440781,0.055822995,0.097883563,0.343678696,0.442714546,0.25591377,0.076839568,0.234985907,0.091955638,0.191925552,0.26292691,0.044033422,0.303253875,0.460216777,0.373993119,0.212035015,0.49390318,0.074498408,0.150946158,0.07093021,0.319823416,0.257694914,0.107825276,0.172415804,0.333298153,1,0.103473409,0.072045147,0.299170002,0.065057447,0.198951316,0.110627196,0.130118348,0.199640207,0.308038056,0.132184411,0.290632545,0.0901538,0.13340738,0.177597152,0.222927984,0.15470279,0.067752055,0.381477861,0.245177435,0.081450894,0.170816167,0.119342349,0.123240805,0.314606221,0.329625362,0.287740964,0.1684563,0.063788539,0.087816664,0.38301945,0.280017776,0.07051087,0.030664759,0.466268649,0.191352964,0.081774269,0.14287455,0.511305524,0.476981667,0.36775182,0.188470464,0.16633674,0.400751788,0.071343298,0.001316961,0.0138814,0.008355497,0.007107282,0.023170053,0.085227637,0.037529133,0.349826736,0.10513117,0.053617316,0.00658784,0.127890143,0.060592382,0.000881199,0.004615905,0.0359074,0.006926212,0.04261331,0.03591135,0.02369054,0.006828676,0.016108233,0.003698494,0.007858962,0.034549477,0.033648332,0.03988421,0.0014262,0.090310862,0.016426159,0.00307483,0.000839028,0.013002308,0.01353522,0.025528285,0.055896862,0.0088977,0.004813596,0.029148206,0.002207704,0,0.01827767,0.000480552,0.00012737,0.009146008,0.005706192,0.004206996,0.000934403,0.005020316,0.000184018,0.00265338,0.002758262,0.026811327,0.012041653,0.002382617,0.00590011,0.030865968,0.055124711,0.077637472,0.016329776,0.002381172,0.002318242,0.016716052,0.000452477,0.00069669,0.000641648,0.00342774,0.000844706,0.035087306,0.027230737,0.010696747,0.034991331,0.002513481,0.022982533,0.002592747,0.009873057,0.002452637
Blautia_hansenii_VPI_C7_24_DSM_20583,0.147938604,0.263816239,0.042477601,0.1157053,0.006576644,0.367844209,0.01067107,0.325234267,0.028451633,0.577337429,0.049123377,0.09195798,0.270975689,0.043840605,0.361696948,0.709044879,0.02743269,0.350040659,0.039705886,0.043345295,0.065780633,0.053456339,0.030307017,0.070595566,0.032315318,0.021575341,0.01013834,0.045713646,0.036833369,0.0154119,0.569149661,0.047639644,0.103473409,1,0.551260199,0.344252768,0.455157193,0.028436911,0.888665221,0.388319962,0.522388354,0.137106328,0.779858473,0.324890382,0.849843677,0.048814225,0.074548066,0.031863993,0.022112291,0.532333729,0.070019164,0.035044196,0.011642104,0.588384084,0.06814906,0.017615303,0.044967931,0.047114677,0.165937986,0.024078136,0.546427565,0.171707867,0.054746509,0.344868477,0.010078402,0.012749012,0.207109205,0.027350848,0.012090484,0.678042525,0.216977678,0.068176906,0.052564245,0.026938841,0.060370463,0.183696897,0.499134486,0.009213768,0.09711754,0.058457019,0.049724217,0.162103141,0.596272591,0.262562636,0.050002141,0.494223137,0.37511935,0.046090076,0.553974661,0.423918555,0.006165072,0.03229396,0.251216612,0.048457411,0.243256028,0.25124425,0.165744586,0.047775024,0.112696983,0.025875537,0.054983148,0.241716263,0.235411643,0.279039308,0.009978031,0.044183451,0.114921272,0.021512234,0.005870034,0.090967204,0.094695584,0.178601882,0.391067592,0.062250401,0.033677048,0.203927703,0.015445616,0,0.127874875,0.003362055,0.000891114,0.063987622,0.039921863,0.029433132,0.006537301,0.035123311,0.001287434,0.018563673,0.019297449,0.18374378,0.084246237,0.01666935,0.041278557,0.005551243,0.023628085,0.191264765,0.114246955,0.016659237,0.016218967,0.116949434,0.003165632,0.004874205,0.00448912,0.023981273,0.005909764,0.27009568,0.19051264,0.074836955,0.244807577,0.017584901,0.160791204,0.018139465,0.06907423,0.017159227
Bryantella_formatexigens_I_52_DSM_14469,0.123601625,0.260639394,0.023416211,0.069568751,0.003625442,0.202777872,0.005882536,0.2933851,0.016591192,0.371682563,0.027079763,0.050692774,0.159405545,0.024167581,0.315758373,0.624459335,0.01512255,0.192963483,0.024402158,0.023894536,0.036262245,0.029468352,0.016707052,0.038916526,0.017814148,0.011893627,0.005588863,0.025200114,0.020304771,0.008495967,0.420668753,0.02626184,0.072045147,0.551260199,1,0.189772849,0.509060951,0.015676137,0.522641398,0.252574477,0.287971908,0.075581262,0.429904937,0.179099137,0.565143181,0.026909339,0.041095382,0.017565351,0.012189626,0.917749881,0.039485035,0.01931847,0.006417828,0.324352727,0.039792401,0.009710616,0.024789031,0.025972446,0.108566007,0.013273318,0.780551501,0.102986572,0.030179571,0.190112265,0.005555822,0.00686963,0.114171062,0.015077434,0.006665003,0.373777857,0.119611158,0.037583215,0.028976576,0.014850311,0.033279833,0.101264788,0.822520299,0.016714009,0.176173683,0.106042516,0.090200992,0.294059214,0.730837312,0.379326668,0.02756419,0.564924826,0.563653967,0.083608568,0.49651504,0.735088092,0.011183597,0.058582063,0.455713314,0.087902974,0.165630535,0.455763449,0.300664887,0.086665106,0.204435189,0.046938881,0.099740827,0.43847944,0.427042699,0.506184391,0.018100401,0.023318298,0.208470106,0.039023738,0.01064839,0.165016819,0.171780193,0.32398835,0.709406543,0.112923808,0.061091021,0.369930032,0.02801874,0,0.23196827,0.006098852,0.001616503,0.116075171,0.072419274,0.053392449,0.01185883,0.063714578,0.002335437,0.033674974,0.035006062,0.116946695,0.152824814,0.030238624,0.074880352,0.002951698,0.011979218,0.116807142,0.207246877,0.030220279,0.029421618,0.212149243,0.005742538,0.008841932,0.008143378,0.043502638,0.010720462,0.489960422,0.345594767,0.135756137,0.444087162,0.031899457,0.291679327,0.032905451,0.125302408,0.031127273
Butyrivibrio_crossotus_DSM_2876,0.341293117,0.09081947,0.123390733,0.278199154,0.019104115,0.707107959,0.030997776,0.239500466,0.057610267,0.459184109,0.142695663,0.267123429,0.449022804,0.119689286,0.530956677,0.273310573,0.079687639,0.867321257,0.080321137,0.125911246,0.191082365,0.155282235,0.088037104,0.205068987,0.077091116,0.062672963,0.029450279,0.132790932,0.10699513,0.044769139,0.451121809,0.138385654,0.299170002,0.344252768,0.189772849,1,0.156689123,0.082604742,0.363103363,0.524598107,0.658997784,0.39827226,0.441429797,0.932520153,0.335796052,0.141797625,0.196047598,0.092559873,0.064232719,0.183257359,0.140939222,0.101797863,0.033818475,0.585081712,0.14381922,0.051169678,0.130624749,0.136860708,0.340966174,0.069943187,0.188109202,0.244392001,0.159029975,0.816853197,0.029276168,0.030017018,0.56966552,0.0794499,0.03512095,0.5077156,0.58126975,0.198043161,0.152690843,0.078253084,0.149838736,0.478539573,0.171828428,0.003171865,0.033432982,0.02012399,0.017117699,0.055804455,0.20526849,0.090387914,0.145248334,0.255719311,0.129135874,0.015866636,0.308019995,0.145935136,0.002122343,0.011117285,0.086482014,0.016681598,0.102633021,0.086491528,0.057058032,0.016446684,0.038796248,0.008907725,0.018928101,0.083211493,0.08104111,0.096060054,0.003434965,0.101860891,0.039561966,0.007405646,0.002020775,0.031315712,0.032599217,0.061484192,0.134626101,0.021429873,0.011593417,0.070202676,0.005317196,0,0.044021279,0.001157397,0.000306768,0.022027916,0.013743212,0.010132437,0.002250484,0.012091297,0.000443203,0.006390596,0.0066432,0.206048829,0.029002,0.00573847,0.014210258,0.017810087,0.057074237,0.186987778,0.03932983,0.005734988,0.005583424,0.040260166,0.001089778,0.001677959,0.001545392,0.00825562,0.002034453,0.092981185,0.065584504,0.025762829,0.084275686,0.006053651,0.055352817,0.006244561,0.023778995,0.005907111
Catenibacterium_mitsuokai_DSM_15897,0.076692026,0.579615664,0.019333986,0.036357931,0.002993407,0.167426938,0.004857014,0.529687151,0.013698794,0.306885918,0.022358858,0.041855336,0.131615851,0.019954367,0.202011523,0.573300629,0.012486186,0.159323524,0.020802446,0.019728923,0.029940528,0.024331037,0.013794457,0.03213208,0.014708549,0.009820172,0.004614538,0.020806895,0.016764973,0.007014837,0.347332184,0.021683527,0.065057447,0.455157193,0.509060951,0.156689123,1,0.012943265,0.431527602,0.135490638,0.237768817,0.062404931,0.354958194,0.147876195,0.362143651,0.022218146,0.033931088,0.014503125,0.010064568,0.531475132,0.032601479,0.015950618,0.005298987,0.267807248,0.039161798,0.008017732,0.020467477,0.021444584,0.089639338,0.010959337,0.368016738,0.074713417,0.024918267,0.156969368,0.004587257,0.007170743,0.094267244,0.012448935,0.005503071,0.308615932,0.098758951,0.031031209,0.023924994,0.012261407,0.02747805,0.083610964,0.474908425,0.020243046,0.213371426,0.128432593,0.10924625,0.356147597,0.486124624,0.576861444,0.022758834,0.32351446,0.36345349,0.101261886,0.508697896,0.599674517,0.013544929,0.070951224,0.55193374,0.106463023,0.457212086,0.531896806,0.364148009,0.104963789,0.247600136,0.056849671,0.120800349,0.25455642,0.427066684,0.405005059,0.021922164,0.024519699,0.252486995,0.047263306,0.012896718,0.199858875,0.208050285,0.208464309,0.631692065,0.136766818,0.073989929,0.400196256,0.033934686,0,0.280946619,0.007386579,0.001957815,0.140583567,0.087710057,0.064665862,0.014362732,0.07716743,0.002828547,0.040785191,0.042397328,0.075859965,0.18509262,0.036623281,0.090690773,0.005259218,0.012599058,0.299559444,0.251005491,0.036601063,0.035633771,0.256942954,0.006955031,0.01070884,0.009862791,0.052687892,0.012984006,0.35803096,0.418564494,0.16442002,0.41999883,0.038634786,0.353265215,0.039853189,0.151759066,0.037699562
Clostridiales_sp_SS3_4,0.061887832,0.007502119,0.669456611,0.182108792,0.231271408,0.077306942,0.325504421,0.019783874,0.223721329,0.042176144,0.578887543,0.309238101,0.098341229,0.293837109,0.049645991,0.022576749,0.550249953,0.08123888,0.273679524,0.630243159,0.432299138,0.531965178,0.756817867,0.402814406,0.170534235,0.75870902,0.356520438,0.622066135,0.374220158,0.541968148,0.037264801,0.596916948,0.198951316,0.028436911,0.015676137,0.082604742,0.012943265,1,0.02999406,0.053512654,0.054436342,0.207407721,0.036464194,0.08752771,0.027738346,0.373937963,0.381457395,0.761372213,0.623629194,0.015137927,0.397014643,0.69296666,0.409401133,0.048330524,0.330507418,0.547945069,0.632382016,0.594920848,0.144392684,0.827542311,0.015538712,0.15221535,0.471514757,0.082457264,0.354412683,0.26500795,0.137303945,0.961807981,0.319248141,0.041939716,0.131059154,0.417104744,0.540993424,0.637357809,0.240905909,0.154803437,0.014193843,0.000262011,0.002761723,0.001662337,0.001414003,0.004609713,0.016956151,0.00746647,0.568713868,0.021123628,0.010667236,0.001310659,0.025443912,0.012054934,0.000175316,0.00091834,0.007143824,0.001377979,0.008477974,0.00714461,0.004713264,0.001358574,0.003204754,0.00073582,0.001563551,0.006873664,0.00669438,0.007935016,0.000283744,0.412537774,0.003268006,0.000611741,0.000166926,0.002586826,0.00269285,0.005078886,0.011120754,0.001770209,0.000957671,0.005799074,0.000439226,0,0.003636366,9.56E-05,2.53E-05,0.00181961,0.001135254,0.000836987,0.000185901,0.000998798,3.66E-05,0.000527894,0.00054876,0.061151772,0.002395703,0.000474025,0.001173835,0.105375996,0.433933404,0.015446077,0.00324883,0.000473737,0.000461217,0.003325681,9.00E-05,0.000138607,0.000127657,0.000681953,0.000168055,0.007680687,0.005417591,0.002128132,0.006961571,0.00050006,0.004572405,0.00051583,0.001964258,0.000487955
Clostridium_asparagiforme_DSM_15981,0.131758155,0.250120158,0.04480359,0.109690627,0.006936768,0.380749617,0.011255397,0.401496747,0.031125215,0.646834194,0.051813275,0.096993415,0.298874078,0.046241229,0.330813256,0.752707358,0.02893485,0.369208187,0.043768116,0.045718797,0.069382649,0.056383502,0.031966569,0.074461239,0.03408484,0.022756764,0.010693495,0.048216834,0.038850291,0.016255825,0.51580543,0.050248296,0.110627196,0.888665221,0.522641398,0.363103363,0.431527602,0.02999406,1,0.358850618,0.526134324,0.144613997,0.822561967,0.342680732,0.760475911,0.051487194,0.078630169,0.033608801,0.023323116,0.5046975,0.073733619,0.036963146,0.012279602,0.620602823,0.07580381,0.018579882,0.047430285,0.049694583,0.175849982,0.025396607,0.518059652,0.163499351,0.057744319,0.363752787,0.010630275,0.014283825,0.218450092,0.028848526,0.012752535,0.715170781,0.228858943,0.071910138,0.055442558,0.028413958,0.063676229,0.193755772,0.473221804,0.008735433,0.09207566,0.055422209,0.047142773,0.153687519,0.520359031,0.248931636,0.052740159,0.433116723,0.355644942,0.043697299,0.639982962,0.401910725,0.005845011,0.030617411,0.238174644,0.045941733,0.28265511,0.238200846,0.157139917,0.045294772,0.106846293,0.024532202,0.052128685,0.229167507,0.223190193,0.264552918,0.009460019,0.049732218,0.108955107,0.020395421,0.00556529,0.086244621,0.08977944,0.169329724,0.370765228,0.059018657,0.031928697,0.193340749,0.014643754,0,0.121236221,0.003187513,0.000844851,0.06066569,0.037849311,0.027905104,0.006197915,0.033299876,0.001220596,0.017599936,0.018295617,0.181182313,0.079872574,0.015803957,0.039135572,0.00723105,0.026688225,0.26333524,0.108315798,0.015794369,0.015376956,0.110877977,0.003001288,0.00462116,0.004256067,0.02273628,0.005602957,0.2560736,0.180622132,0.070951777,0.232098335,0.016671977,0.152443691,0.017197751,0.065488226,0.016268402
Clostridium_bartlettii_DSM_16795,0.271505479,0.052936629,0.079934462,0.286173842,0.012375947,0.656538942,0.020080848,0.094344437,0.040370584,0.548494377,0.0924405,0.173046768,0.343727049,0.082499366,0.437823816,0.258920913,0.051622909,0.627883861,0.057370271,0.08156729,0.123786169,0.10059428,0.057031824,0.132846922,0.050638571,0.040600533,0.019078355,0.086024059,0.069313132,0.029002154,0.533850166,0.089648408,0.130118348,0.388319962,0.252574477,0.524598107,0.135490638,0.053512654,0.358850618,1,0.620547341,0.258007049,0.46239566,0.585510025,0.440655246,0.091858737,0.140284747,0.059961745,0.041610968,0.24079149,0.08576149,0.06594626,0.021908141,0.653508077,0.099386127,0.033148524,0.084620771,0.088660524,0.19535199,0.045310299,0.290374535,0.314669654,0.103022125,0.58093692,0.018965563,0.019801035,0.389738647,0.051468898,0.022751905,0.545227037,0.356208156,0.128295482,0.098915535,0.050693581,0.074520252,0.345681304,0.246418628,0.004896246,0.051608781,0.031064373,0.026423715,0.085072269,0.272843944,0.0823546,0.094094161,0.384458807,0.199340432,0.024492513,0.209805245,0.180469667,0.003276152,0.017161183,0.126020201,0.025750528,0.02832588,0.12114059,0.088077561,0.025387904,0.059887781,0.013750399,0.029218339,0.128449317,0.125099008,0.148282983,0.005302379,0.06795302,0.06106978,0.011431716,0.003119367,0.04834046,0.05032174,0.094909997,0.176337477,0.033080197,0.017896164,0.108368274,0.008207883,0,0.049221991,0.001786614,0.000473543,0.034003365,0.021214692,0.015640924,0.003473957,0.018664716,0.000684149,0.009864835,0.010254768,0.374410465,0.044768902,0.008858182,0.021935647,0.001706327,0.037341603,0.022697707,0.060711444,0.008852808,0.008618846,0.062147556,0.001682234,0.002590179,0.002385543,0.012743777,0.00314048,0.143530291,0.099288301,0.039768759,0.130092058,0.00934471,0.085445307,0.009639409,0.036706416,0.009118505
Clostridium_bolteae_ATCC_BAA_613,0.362469016,0.137814531,0.08131422,0.243336998,0.012589569,0.704158518,0.020427465,0.219790676,0.034813976,0.50783857,0.094036126,0.176033748,0.283252886,0.083923396,0.625384024,0.41473671,0.052513978,0.670077456,0.048893082,0.082975232,0.125922855,0.102330649,0.058016257,0.135140008,0.054091218,0.041301344,0.019407668,0.08750893,0.070509553,0.029502763,0.684557399,0.091195839,0.199640207,0.522388354,0.287971908,0.658997784,0.237768817,0.054436342,0.526134324,0.620547341,1,0.262460537,0.640918348,0.621932668,0.509555662,0.093444321,0.142706217,0.060996751,0.04232922,0.27808494,0.120879447,0.067084566,0.0222863,0.852947235,0.083281995,0.033720705,0.08608142,0.090190903,0.258736515,0.046092405,0.285447396,0.244630976,0.104800401,0.609927163,0.01929293,0.016638704,0.39646597,0.052357308,0.023144628,0.732089278,0.415357036,0.130510004,0.100622927,0.051568609,0.103947723,0.351648147,0.260742043,0.004813165,0.050733072,0.030537266,0.025975352,0.084680793,0.311485857,0.137159663,0.09571833,0.388042749,0.19595798,0.024076919,0.350857909,0.221450116,0.003220562,0.016869989,0.131232632,0.025313587,0.155741071,0.13124707,0.086583041,0.024957116,0.058871591,0.013517079,0.028722556,0.126269761,0.122976301,0.145766885,0.005212407,0.056389684,0.060033534,0.01123774,0.003066437,0.047520208,0.04946787,0.093299543,0.204289156,0.032518885,0.017592498,0.106529457,0.00806861,0,0.066800345,0.001756298,0.000465507,0.033426388,0.020854717,0.015375525,0.00341501,0.018348009,0.00067254,0.009697447,0.010080763,0.19745557,0.044009253,0.008707874,0.021563438,0.006504466,0.031011333,0.140055573,0.059681279,0.008702591,0.0084726,0.061093022,0.001653689,0.002546228,0.002345064,0.012527538,0.003087192,0.141094838,0.099521584,0.039093954,0.127884627,0.009186147,0.083995452,0.009475846,0.036083573,0.00896378
Clostridium_leptum_DSM_753,0.202507917,0.036170876,0.309815032,0.215191159,0.047967476,0.372729336,0.077830616,0.095386392,0.175687776,0.203348957,0.358286724,0.559182452,0.430417338,0.110157554,0.239364235,0.10885202,0.200083328,0.391686863,0.076695699,0.31614365,0.397016885,0.389889658,0.221047542,0.514896484,0.196289421,0.157362109,0.073945092,0.333417477,0.26864821,0.112408378,0.179669303,0.259010616,0.308038056,0.137106328,0.075581262,0.39827226,0.062404931,0.207407721,0.144613997,0.258007049,0.262460537,1,0.175809243,0.422007961,0.133738253,0.217727721,0.183596789,0.232403515,0.137852857,0.072986323,0.126411601,0.255598677,0.084912956,0.233021816,0.292697902,0.128479142,0.327978526,0.291314739,0.696177961,0.175616517,0.074918677,0.17212697,0.399299652,0.397561206,0.073507927,0.09937687,0.380921244,0.199486402,0.046635206,0.20220904,0.355499,0.497255723,0.244144538,0.196481382,0.389303936,0.341052327,0.068434496,0.001263266,0.013315429,0.008014827,0.006817505,0.022225366,0.081752745,0.035998999,0.274341522,0.101845908,0.051431237,0.006319241,0.12267582,0.058121916,0.00084527,0.004427706,0.034443387,0.006643818,0.040875885,0.034447176,0.022724631,0.006550258,0.01545147,0.0035477,0.007538537,0.033140829,0.032276426,0.038258055,0.001368051,0.256242359,0.015756434,0.002949463,0.000804819,0.012472179,0.012983364,0.024487448,0.053617841,0.008534924,0.004617336,0.027959778,0.002117692,0,0.017532454,0.000460959,0.000122177,0.008773108,0.00547354,0.004035469,0.000896305,0.004815628,0.000176515,0.002545197,0.002645802,0.131701333,0.011550692,0.002285473,0.005659551,0.090691732,0.191774638,0.074472045,0.01566398,0.002284087,0.002223723,0.016034507,0.000434028,0.000668284,0.000615487,0.003287984,0.000810266,0.037031827,0.026120488,0.01026062,0.033564668,0.002411001,0.022045491,0.002487035,0.009470514,0.002352639
Clostridium_methylpentosum_R2_DSM_5476,0.184280376,0.205739329,0.054468346,0.143104301,0.008433126,0.462631715,0.013683342,0.341963891,0.032935096,0.623763559,0.062990118,0.117916241,0.303572033,0.056216104,0.395491848,0.619148445,0.035176498,0.448851518,0.0464072,0.055580976,0.08434945,0.068546206,0.038862201,0.090523561,0.041437413,0.027665713,0.013000231,0.058617874,0.047230838,0.019762432,0.5946739,0.061087551,0.132184411,0.779858473,0.429904937,0.441429797,0.354958194,0.036464194,0.822561967,0.46239566,0.640918348,0.175809243,1,0.416601722,0.760099113,0.062593697,0.095591788,0.040858686,0.028354236,0.415144969,0.085119618,0.04493661,0.014928483,0.754475465,0.080259354,0.022587821,0.057661656,0.060414394,0.20493568,0.030875007,0.426136166,0.204252402,0.07020057,0.442219312,0.012923373,0.015378349,0.265572809,0.035071553,0.015503434,0.869443044,0.278226994,0.087422152,0.067402288,0.034543243,0.073610038,0.235551582,0.389254258,0.007185435,0.075737936,0.045588201,0.038777852,0.126417508,0.465008232,0.204761696,0.064116943,0.534377235,0.292540004,0.035943736,0.539962871,0.330596477,0.004807884,0.025184718,0.195913403,0.037789922,0.232501343,0.195934957,0.129257319,0.037257757,0.087887697,0.020179257,0.042879074,0.188504476,0.183587764,0.217611169,0.007781452,0.053262134,0.089622328,0.016776498,0.004577796,0.070941545,0.073849153,0.139284191,0.304977375,0.048546503,0.026263331,0.159034747,0.012045395,0,0.099724304,0.002621927,0.000694943,0.049901289,0.031133403,0.022953677,0.005098169,0.027391212,0.001004016,0.014477038,0.015049279,0.192688616,0.065700142,0.012999734,0.032191433,0.00724951,0.028786705,0.22529766,0.089096456,0.012991847,0.012648499,0.091204007,0.002468745,0.00380119,0.003500879,0.018701999,0.004608779,0.210636404,0.148572897,0.058362233,0.190915263,0.013713734,0.125394382,0.014146216,0.053868124,0.013381768
Clostridium_nexile_DSM_1787,0.320413402,0.085711359,0.13074441,0.300815422,0.020242657,0.751799681,0.03284514,0.22602984,0.063234659,0.481860476,0.15119985,0.283043096,0.494536366,0.126910098,0.494003175,0.257938308,0.084436757,0.928150414,0.088409255,0.133415137,0.202470238,0.164536539,0.093283822,0.217290415,0.076889114,0.066408063,0.031205417,0.14070483,0.113371683,0.047437231,0.425748609,0.146632978,0.290632545,0.324890382,0.179099137,0.932520153,0.147876195,0.08752771,0.342680732,0.585510025,0.621932668,0.422007961,0.416601722,1,0.316909312,0.150248291,0.208163271,0.098076134,0.068060775,0.172950109,0.137946247,0.107864676,0.035833943,0.552173981,0.159082936,0.054219221,0.138409549,0.14501715,0.332737042,0.074111568,0.177529061,0.272672433,0.168507632,0.838427629,0.03102093,0.033292919,0.602701414,0.08418485,0.037214042,0.479159301,0.573559982,0.209845874,0.161790709,0.082916707,0.147555501,0.507472903,0.162163994,0.002993465,0.031552555,0.018992123,0.01615492,0.052665751,0.19372323,0.085304075,0.153904651,0.241336462,0.121872669,0.014974222,0.29069551,0.137727061,0.002002973,0.010491997,0.081617861,0.015743347,0.09686046,0.08162684,0.053848822,0.015521646,0.036614166,0.008406713,0.017863496,0.078531289,0.076482979,0.090657188,0.003241766,0.113196198,0.037336816,0.006989118,0.001907118,0.02955437,0.030765684,0.058026034,0.127054099,0.020224557,0.010941349,0.066254149,0.005018132,0,0.041545317,0.001092299,0.000289514,0.020788963,0.012970229,0.009562542,0.002123906,0.011411226,0.000418275,0.006031159,0.006269556,0.250760563,0.027370792,0.005415711,0.013411006,0.017876902,0.06349832,0.176470711,0.037117737,0.005412426,0.005269386,0.037995746,0.001028484,0.001583582,0.001458472,0.007791285,0.001920025,0.087751489,0.061895724,0.024313807,0.079535627,0.005713165,0.052239516,0.005893338,0.022441553,0.005574868
Clostridium_scindens_ATCC_35704,0.150055987,0.203282388,0.041434121,0.12771548,0.006415086,0.35880796,0.010408931,0.240229775,0.027655137,0.559861249,0.04791664,0.089698993,0.263292091,0.042763642,0.367454479,0.583237375,0.026758795,0.341441761,0.038500442,0.042280499,0.064164704,0.052143162,0.029562512,0.068861356,0.031521478,0.021045333,0.009889287,0.044590671,0.035928542,0.0150333,0.48648206,0.046469356,0.0901538,0.849843677,0.565143181,0.335796052,0.362143651,0.027738346,0.760475911,0.440655246,0.509555662,0.133738253,0.760099113,0.316909312,1,0.047615083,0.072716761,0.03108124,0.021569094,0.545740065,0.063243179,0.03418332,0.01135611,0.573930179,0.065899871,0.017182576,0.043863275,0.045957285,0.146705589,0.023486646,0.560188842,0.182230939,0.053401638,0.336396637,0.009830822,0.012289385,0.20202148,0.026678963,0.011793476,0.661386122,0.21164753,0.066502112,0.051272982,0.026277077,0.055122942,0.179184304,0.51170473,0.009445808,0.099563356,0.059929205,0.050976475,0.166185559,0.611289169,0.269175035,0.048773817,0.507349956,0.384566387,0.047250812,0.452925502,0.434594555,0.006320334,0.033107254,0.257543272,0.049677766,0.145261165,0.257571606,0.169918711,0.048978194,0.115535153,0.026527189,0.056367848,0.247803665,0.241340269,0.286066657,0.010229318,0.04254005,0.117815459,0.022054,0.006017865,0.09325813,0.097080405,0.183099807,0.400916271,0.06381812,0.034525174,0.209063435,0.0158346,0,0.131095286,0.003446725,0.000913556,0.065599091,0.040927259,0.030174379,0.006701937,0.036007859,0.001319856,0.019031182,0.019783437,0.215890798,0.086367901,0.017089152,0.04231812,0.003730498,0.022715239,0.113920222,0.117124159,0.017078785,0.016627427,0.119894698,0.003245356,0.004996958,0.004602175,0.02458522,0.006058596,0.276897792,0.195310526,0.076721655,0.250972831,0.01802776,0.164840583,0.018596291,0.070813801,0.017591366
Clostridium_sp_L2_50,0.069079968,0.012877985,0.488693859,0.31260426,0.134728032,0.130408526,0.218605745,0.033960597,0.148620466,0.072398713,0.322503402,0.298385065,0.16881056,0.746518162,0.085221301,0.03875479,0.104802291,0.139453014,0.710451192,0.433895667,0.232823338,0.326905917,0.333396517,0.222002466,0.086119798,0.441988805,0.207692327,0.295237824,0.168200654,0.305181017,0.063968001,0.250034638,0.13340738,0.048814225,0.026909339,0.141797625,0.022218146,0.373937963,0.051487194,0.091858737,0.093444321,0.217727721,0.062593697,0.150248291,0.047615083,1,0.588379843,0.520825257,0.406908474,0.025985458,0.070044664,0.394855841,0.238498176,0.082963197,0.525216329,0.193477623,0.339506773,0.581529037,0.168428549,0.400028243,0.026673438,0.261289784,0.166536425,0.141544467,0.206464447,0.326706851,0.156275894,0.366022978,0.231498033,0.071992866,0.135324136,0.267602321,0.336960948,0.305276222,0.13350479,0.18963726,0.024364863,0.000449763,0.004740717,0.002853534,0.002427249,0.007912939,0.029106584,0.012816792,0.410157169,0.036260391,0.01831116,0.002249851,0.043676504,0.020693256,0.000300943,0.001576405,0.012262944,0.002365411,0.014553119,0.012264293,0.008090693,0.002332101,0.005501216,0.001263094,0.00268396,0.011799192,0.011491437,0.013621088,0.00048707,0.683972709,0.005609793,0.001050103,0.000286541,0.004440494,0.004622492,0.008718312,0.019089661,0.003038705,0.001643919,0.009954573,0.000753966,0,0.006242113,0.000164116,4.35E-05,0.003123506,0.001948755,0.001436756,0.000319113,0.001714517,6.28E-05,0.000906171,0.00094199,0.104971892,0.004112415,0.000813701,0.002014981,0.037950446,0.502500296,0.026514423,0.005576877,0.000813208,0.000791716,0.005708796,0.000154528,0.000237931,0.000219133,0.001170627,0.000288481,0.013184511,0.009299727,0.003653108,0.011950092,0.000858393,0.007848898,0.000885464,0.003371805,0.000837614
Clostridium_sp_M62_1,0.162240484,0.01966699,0.569801521,0.477402704,0.088220189,0.202662062,0.143143486,0.051863916,0.121816321,0.110565804,0.35955616,0.341158226,0.149955052,0.519779453,0.130148193,0.059185507,0.096115225,0.208108758,0.475638839,0.499384113,0.249345288,0.367213917,0.362346435,0.236032196,0.052003643,0.289415167,0.135997358,0.323578085,0.167852627,0.206737758,0.097690597,0.267812513,0.177597152,0.074548066,0.041095382,0.196047598,0.033931088,0.381457395,0.078630169,0.140284747,0.142706217,0.183596789,0.095591788,0.208163271,0.072716761,0.588379843,1,0.42742883,0.296617908,0.03968445,0.128238452,0.441507459,0.15616909,0.126699664,0.578086648,0.195874445,0.379083235,0.632004022,0.107820935,0.322988069,0.040735118,0.399036308,0.165721555,0.180100069,0.135193339,0.188796829,0.29414618,0.366888767,0.162183743,0.109946004,0.263683825,0.294740634,0.379827363,0.326705973,0.095121011,0.357167028,0.037209511,0.000686869,0.007239925,0.004357858,0.003706844,0.012084476,0.044450968,0.019573537,0.474132171,0.055376113,0.027964422,0.003435926,0.066701845,0.031602308,0.000459594,0.002407452,0.018727713,0.003612406,0.022225219,0.018729773,0.012355938,0.003561536,0.008401342,0.001928971,0.004098887,0.01801948,0.017549483,0.020801841,0.000743843,0.621104254,0.008567159,0.001603695,0.0004376,0.006781429,0.007059373,0.013314425,0.029153333,0.004640647,0.002510559,0.015202416,0.001151441,0,0.009532825,0.000250635,6.64E-05,0.004770153,0.002976098,0.002194183,0.000487343,0.002618375,9.60E-05,0.001383886,0.001438587,0.160310884,0.006280394,0.001242668,0.003077237,0.011115322,0.361626965,0.040492273,0.008516889,0.001241914,0.001209093,0.008718354,0.000235992,0.000363363,0.000334655,0.001787758,0.000440561,0.020135111,0.014202349,0.00557895,0.018249931,0.00131092,0.011986673,0.001352262,0.00514935,0.001279187
Clostridium_sp_SS2_1,0.06934626,0.008406239,0.750136343,0.204055679,0.206397376,0.086623608,0.334894317,0.022168133,0.232048303,0.047259012,0.648652321,0.346506009,0.110192847,0.410920614,0.05562909,0.025297592,0.389663659,0.091029404,0.387466845,0.687197183,0.484397778,0.596075096,0.721980188,0.451359685,0.17531077,0.677107267,0.318175444,0.680344175,0.39702612,0.483677618,0.041755777,0.49831921,0.222927984,0.031863993,0.017565351,0.092559873,0.014503125,0.761372213,0.033608801,0.059961745,0.060996751,0.232403515,0.040858686,0.098076134,0.03108124,0.520825257,0.42742883,1,0.557768179,0.016962278,0.307192249,0.753073925,0.365368639,0.054155089,0.370338603,0.421623452,0.708593694,0.676307135,0.161794205,0.74957215,0.017411364,0.170559622,0.510797626,0.092394622,0.316294385,0.323003864,0.153851165,0.740431399,0.281718464,0.046994092,0.146853781,0.467372227,0.576154293,0.654245312,0.253874555,0.173459612,0.015904418,0.000293587,0.003094553,0.001862674,0.001584412,0.005165253,0.018999625,0.008366294,0.637252563,0.023669347,0.0119528,0.001468614,0.028510292,0.013507738,0.000196444,0.001029014,0.008004764,0.001544047,0.009499699,0.008005645,0.005281284,0.001522303,0.003590976,0.000824498,0.001751983,0.007702045,0.007501155,0.008891306,0.00031794,0.505354112,0.003661851,0.000685466,0.000187043,0.002898578,0.003017379,0.005690969,0.012460975,0.001983546,0.001073085,0.006497951,0.000492159,0,0.004074604,0.000107128,2.84E-05,0.002038901,0.00127207,0.000937857,0.000208305,0.001119169,4.10E-05,0.000591513,0.000614894,0.068521493,0.002684421,0.000531152,0.0013153,0.105764573,0.561620155,0.017307565,0.003640364,0.00053083,0.000516801,0.003726476,0.00010087,0.000155312,0.000143041,0.000764139,0.000188309,0.008606327,0.006070493,0.002384604,0.007800547,0.000560325,0.00512345,0.000577996,0.002200981,0.000546761
Collinsella_aerofaciens_ATCC_25986,0.048123433,0.005833582,0.404979402,0.141606191,0.297420306,0.060113197,0.289817384,0.015383766,0.11696508,0.032795798,0.363060274,0.236272147,0.076469273,0.333761603,0.038604285,0.017555481,0.415681808,0.063170637,0.31607149,0.364006353,0.335252884,0.382299579,0.471820449,0.26511714,0.075442139,0.616526789,0.458493415,0.35583173,0.212437777,0.6969834,0.02897678,0.464157357,0.15470279,0.022112291,0.012189626,0.064232719,0.010064568,0.623629194,0.023323116,0.041610968,0.04232922,0.137852857,0.028354236,0.068060775,0.021569094,0.406908474,0.296617908,0.557768179,1,0.011771118,0.308715087,0.41917168,0.526499195,0.037581389,0.256999655,0.517440616,0.404415747,0.467024016,0.109152096,0.767762951,0.012082766,0.118361315,0.253322778,0.064118041,0.455782794,0.226622983,0.106766338,0.638641064,0.504002763,0.032611954,0.101910443,0.268113381,0.420671718,0.407726705,0.102693916,0.120373788,0.011037007,0.000203738,0.002147491,0.001292619,0.001099516,0.003584472,0.013184953,0.005805861,0.44222689,0.016425547,0.008294748,0.001019157,0.019784962,0.009373811,0.000136324,0.000714093,0.005554975,0.001071504,0.006592398,0.005555586,0.003664993,0.001056415,0.002491989,0.000572167,0.001215803,0.0053449,0.005205491,0.006170198,0.000220637,0.350694827,0.002541173,0.000475685,0.0001298,0.002011493,0.002093936,0.003949297,0.008647401,0.001376499,0.000744677,0.004509309,0.000341538,0,0.002827606,7.43E-05,1.97E-05,0.001414913,0.000882764,0.000650834,0.000144555,0.000776657,2.85E-05,0.000410485,0.000426711,0.047551079,0.001862877,0.000368598,0.000912763,0.042038984,0.315195031,0.012010733,0.002526262,0.000368374,0.000358639,0.00258602,7.00E-05,0.00010778,9.93E-05,0.000530281,0.000130678,0.005972434,0.004212671,0.001654817,0.005413256,0.000388842,0.003555462,0.000401105,0.00152739,0.00037943
Coprobacillus_sp_D7,0.109509684,0.274984658,0.02261226,0.066134821,0.00350097,0.195815879,0.00568057,0.303663331,0.016021565,0.35892155,0.02615003,0.048952334,0.153932659,0.023337833,0.30491741,0.667449836,0.014603346,0.186338449,0.024329712,0.023074162,0.03501725,0.028456612,0.016133447,0.037580401,0.017202534,0.011485282,0.00539698,0.024334916,0.019607645,0.008204274,0.406225892,0.025360189,0.067752055,0.532333729,0.917749881,0.183257359,0.531475132,0.015137927,0.5046975,0.24079149,0.27808494,0.072986323,0.415144969,0.172950109,0.545740065,0.025985458,0.03968445,0.016962278,0.011771118,1,0.038129392,0.018655208,0.006197484,0.313216694,0.041083608,0.00937722,0.023937947,0.025080732,0.1048386,0.012817604,0.740835666,0.099450724,0.029143413,0.183585122,0.005365073,0.00711323,0.110251215,0.014559779,0.006436173,0.360944905,0.115504537,0.036292867,0.027981721,0.014340454,0.032137234,0.097788054,0.747908583,0.017308255,0.182437321,0.109812727,0.093407977,0.304514127,0.675548973,0.399723021,0.026617826,0.516772992,0.496905894,0.086581168,0.460929226,0.724893091,0.011581216,0.060664876,0.471915639,0.091028256,0.175333948,0.471967557,0.311354657,0.089746377,0.211703631,0.048607735,0.103286989,0.400381961,0.442225676,0.524181154,0.018743939,0.024226574,0.215882003,0.040411179,0.011026981,0.170883789,0.177887627,0.335507357,0.734628619,0.116938675,0.063263037,0.383082438,0.029014912,0,0.240215616,0.006315689,0.001673976,0.120202081,0.074994052,0.055290752,0.012280456,0.065979872,0.002418471,0.034872246,0.03625066,0.122819513,0.158258312,0.031313721,0.07754263,0.003016107,0.012469625,0.122837662,0.214615284,0.031294724,0.030467668,0.219691948,0.005946706,0.009156296,0.008432906,0.045049321,0.011101614,0.507380362,0.357881963,0.140582779,0.459876134,0.033033602,0.302049626,0.034075364,0.129757381,0.032233965
Coprococcus_eutactus_ATCC_27759,0.155882997,0.018896328,0.204144978,0.096637657,0.091818135,0.147709714,0.139762443,0.045436853,0.024907114,0.068136901,0.329106339,0.221524265,0.070710611,0.06015264,0.125048261,0.056866289,0.382994474,0.13732828,0.030881246,0.194695344,0.477235013,0.381135829,0.37041365,0.340225708,0.038161866,0.301218591,0.141543834,0.332566248,0.198606029,0.215169291,0.093862534,0.66510868,0.381477861,0.070019164,0.039485035,0.140939222,0.032601479,0.397014643,0.073733619,0.08576149,0.120879447,0.126411601,0.085119618,0.137946247,0.063243179,0.070044664,0.128238452,0.307192249,0.308715087,0.038129392,1,0.264851252,0.162538245,0.105760992,0.040898232,0.245931542,0.360263746,0.239834013,0.0919959,0.336160721,0.039138889,0.067786446,0.346322962,0.118645774,0.140707025,0.013277588,0.242068354,0.381851852,0.168798198,0.091053128,0.263482281,0.278201317,0.517873553,0.286197999,0.084568406,0.225083914,0.035751434,0.000659953,0.006956224,0.004187093,0.003561589,0.011610938,0.042709132,0.018806536,0.399848982,0.053206168,0.02686862,0.003301287,0.064088095,0.030363954,0.000441585,0.002313115,0.017993856,0.003470852,0.021354311,0.017995836,0.011871764,0.003421975,0.008072131,0.001853383,0.00393827,0.017313376,0.016861796,0.019986709,0.000714695,0.031593335,0.008231449,0.001540854,0.000420452,0.006515695,0.006782747,0.012792691,0.028010942,0.004458801,0.002412181,0.0146067,0.001106321,0,0.009159275,0.000240813,6.38E-05,0.004583232,0.002859478,0.002108203,0.000468246,0.002515772,9.22E-05,0.001329658,0.001382216,0.029919019,0.006034293,0.001193973,0.002956653,0.007909736,0.021195923,0.033388347,0.00818315,0.001193249,0.001161714,0.00837672,0.000226744,0.000349124,0.000321542,0.001717703,0.000423298,0.019346105,0.013645822,0.005360336,0.017534797,0.001259551,0.011516969,0.001299273,0.00494757,0.001229061
Dorea_formicigenerans_ATCC_27755,0.076267402,0.009245228,0.78889227,0.224421569,0.187667152,0.095269125,0.304503205,0.024380636,0.3197793,0.051975724,0.713391426,0.381089234,0.121190705,0.301587651,0.061181182,0.027822432,0.446480216,0.100114644,0.278693456,0.808489043,0.505158055,0.648833699,0.836730548,0.496407889,0.255190567,0.61566089,0.289301543,0.763811224,0.535952011,0.439784665,0.045923236,0.462466012,0.245177435,0.035044196,0.01931847,0.101797863,0.015950618,0.69296666,0.036963146,0.06594626,0.067084566,0.255598677,0.04493661,0.107864676,0.03418332,0.394855841,0.441507459,0.753073925,0.41917168,0.018655208,0.264851252,1,0.332212033,0.059560068,0.407300453,0.467680025,0.737376217,0.658922937,0.177942166,0.577067712,0.019149115,0.18758242,0.640117454,0.101616118,0.287591187,0.314999308,0.169206366,0.685383847,0.211667135,0.051684363,0.161510604,0.514018572,0.539597016,0.749673224,0.3836064,0.190771845,0.017491767,0.000322889,0.003403406,0.002048579,0.001742545,0.005680774,0.020895894,0.009201296,0.65436628,0.026031679,0.013145756,0.00161519,0.031355777,0.014855885,0.00021605,0.001131716,0.008803684,0.001698151,0.010447822,0.008804653,0.005808386,0.001674237,0.003949375,0.000906787,0.00192684,0.008470752,0.008249812,0.009778708,0.000349672,0.443161761,0.004027324,0.000753879,0.000205711,0.003187873,0.003318531,0.006258959,0.013704649,0.002181515,0.001180185,0.007146482,0.000541279,0,0.004481272,0.00011782,3.12E-05,0.002242395,0.00139903,0.00103146,0.000229094,0.001230868,4.51E-05,0.000650549,0.000676264,0.075360319,0.002952342,0.000584164,0.001446574,0.155557571,0.558805753,0.019034956,0.004003693,0.00058381,0.000568381,0.004098399,0.000110937,0.000170813,0.000157318,0.000840404,0.000207103,0.009465286,0.006676362,0.002622601,0.008579085,0.000616249,0.005634798,0.000635683,0.002420651,0.000601331
Dorea_longicatena_DSM_13814,0.025336949,0.003071376,0.274076295,0.074555546,0.564901729,0.03164955,0.658343426,0.008099541,0.36396397,0.017266961,0.236997216,0.126602429,0.040261011,0.265555268,0.020325125,0.009242947,0.424387963,0.033259289,0.254729047,0.268589789,0.176983757,0.217787147,0.384138884,0.164912674,0.328856817,0.539602301,0.663589141,0.25467458,0.3160749,0.584739737,0.015256252,0.244378475,0.081450894,0.011642104,0.006417828,0.033818475,0.005298987,0.409401133,0.012279602,0.021908141,0.0222863,0.084912956,0.014928483,0.035833943,0.01135611,0.238498176,0.15616909,0.365368639,0.526499195,0.006197484,0.162538245,0.332212033,1,0.019786571,0.135310111,0.660908491,0.258897914,0.247101418,0.059114529,0.483513495,0.006361566,0.062317137,0.212654721,0.033758097,0.67948876,0.667574347,0.056212391,0.425657866,0.552050816,0.017170167,0.053655766,0.170763155,0.221483321,0.43216795,0.192844366,0.063376703,0.005810975,0.000107268,0.001130652,0.000680563,0.000578894,0.001887222,0.006941867,0.003056781,0.232832102,0.008648037,0.004367178,0.000536585,0.010416766,0.004935304,7.18E-05,0.00037597,0.00292469,0.000564146,0.003470892,0.002925012,0.001929616,0.000556202,0.00131203,0.000301246,0.00064012,0.002814086,0.002740687,0.003248605,0.000116165,0.184640544,0.001337925,0.000250448,6.83E-05,0.00105905,0.001102456,0.002079302,0.004552849,0.000724726,0.000392072,0.002374147,0.000179819,0.00E+00,0.001488733,3.91E-05,1.04E-05,0.000744951,0.000464774,0.000342664,7.61E-05,0.000408909,1.50E-05,0.00021612,0.000224663,0.025035605,0.000980803,0.000194066,0.000480569,0.252322628,0.334281209,0.006323641,0.001330075,0.000193949,0.000188823,0.001361537,3.69E-05,5.67E-05,5.23E-05,0.000279192,6.88E-05,0.003144482,0.002217968,0.00087126,0.002850075,0.000204725,0.001871948,0.000211182,0.000804169,0.000199769
Enterococcus_faecalis_TX0104,0.275861494,0.155225276,0.072193661,0.204752856,0.011177468,0.613832193,0.018136232,0.268048979,0.036126005,0.589013843,0.083488623,0.156289033,0.310280681,0.074510181,0.506277754,0.467132312,0.04662378,0.59491864,0.051021407,0.073668367,0.111798798,0.090852796,0.0515089,0.119982114,0.054922148,0.036668804,0.01723082,0.077693546,0.062600894,0.026193604,0.726617162,0.080966915,0.170816167,0.588384084,0.324352727,0.585081712,0.267807248,0.048330524,0.620602823,0.653508077,0.852947235,0.233021816,0.754475465,0.552173981,0.573930179,0.082963197,0.126699664,0.054155089,0.037581389,0.313216694,0.105760992,0.059560068,0.019786571,1,0.087883873,0.029938443,0.076426152,0.080074697,0.256581663,0.04092248,0.321509283,0.253852652,0.09304553,0.586128154,0.017128951,0.017322384,0.351996614,0.046484684,0.020548626,0.860830404,0.368768776,0.115871432,0.08933662,0.045784448,0.091154794,0.312205754,0.293682788,0.005421234,0.057142415,0.034395179,0.029256938,0.095378908,0.350837302,0.154487676,0.084982144,0.437065979,0.220714255,0.027118667,0.418679069,0.249426931,0.00362743,0.019001252,0.147811856,0.028511569,0.175416559,0.147828118,0.097521476,0.028110064,0.066309111,0.015224754,0.032351209,0.142222002,0.138512464,0.164182288,0.005870915,0.059383626,0.067617847,0.012657456,0.003453834,0.053523655,0.055717374,0.105086505,0.230097947,0.036627145,0.019815039,0.119987815,0.009087955,0,0.075239541,0.001978179,0.000524317,0.037649298,0.023489389,0.017317986,0.003846444,0.020665997,0.000757505,0.01092257,0.011354312,0.210587477,0.049569145,0.00980798,0.024287646,0.007235597,0.03248045,0.177415588,0.06722109,0.00980203,0.009542982,0.068811186,0.001862608,0.002867905,0.002641327,0.014110199,0.003477211,0.158919999,0.112094605,0.044032873,0.144040882,0.010346676,0.094606985,0.010672973,0.040642178,0.010096216
Eubacterium_biforme_DSM_3989,0.015803044,0.022698791,0.493695055,0.40120963,0.076436916,0.110523923,0.124024293,0.059859093,0.196776618,0.117652161,0.408572102,0.408363237,0.281538269,0.367067245,0.041662499,0.063622058,0.108800829,0.144790621,0.387071287,0.503779806,0.291590701,0.42008497,0.352242684,0.278107796,0.103666504,0.250758959,0.117832649,0.365817939,0.189427599,0.179124493,0.05234942,0.304484284,0.119342349,0.06814906,0.039792401,0.14381922,0.039161798,0.330507418,0.07580381,0.099386127,0.083281995,0.292697902,0.080259354,0.159082936,0.065899871,0.525216329,0.578086648,0.370338603,0.256999655,0.041083608,0.040898232,0.407300453,0.135310111,0.087883873,1,0.204733504,0.427765885,0.547589377,0.268802358,0.279847642,0.03803845,0.399062694,0.193625889,0.170614864,0.117136021,0.201204051,0.152085263,0.317884672,0.118175827,0.088736956,0.120185282,0.344572756,0.4012279,0.313096127,0.150158861,0.203327616,0.033126943,0.000792754,0.008356009,0.005029651,0.00427828,0.01394738,0.034159038,0.022590931,0.540259875,0.031858503,0.021155572,0.003965597,0.063462747,0.030520561,0.000530444,0.002778577,0.021614717,0.004169283,0.025651389,0.021617095,0.014260691,0.004110571,0.009696466,0.002226335,0.004730759,0.014418436,0.02012158,0.020481701,0.000858511,0.722843802,0.009887845,0.001850916,0.000505059,0.007826833,0.008147623,0.011707115,0.030435543,0.005356034,0.002897579,0.017545972,0.001328943,0,0.011002375,0.000289272,7.67E-05,0.005505505,0.003434884,0.002532431,0.00056247,0.003022015,0.000110771,0.001597221,0.001660356,0.185023902,0.00724856,0.001434234,0.003551614,0.0536925,0.398958535,0.046734434,0.009829826,0.001433363,0.001395483,0.010062348,0.000272372,0.000419377,0.000386245,0.002063353,0.000508477,0.023239075,0.016391738,0.006438984,0.021063283,0.001513008,0.013834501,0.001560723,0.005943158,0.001476383
Eubacterium_hallii_DSM_3353,0.038336546,0.004647203,0.368204261,0.112807668,0.373348349,0.047887945,0.450371796,0.012255162,0.505181343,0.0261261,0.358593087,0.191558182,0.060917678,0.152736484,0.030753312,0.013985214,0.642128175,0.050323592,0.139611935,0.39032424,0.267788596,0.329526931,0.557947231,0.249524217,0.452677317,0.557103184,0.575541604,0.385340155,0.478243062,0.559497414,0.023083758,0.369761439,0.123240805,0.017615303,0.009710616,0.051169678,0.008017732,0.547945069,0.018579882,0.033148524,0.033720705,0.128479142,0.022587821,0.054219221,0.017182576,0.193477623,0.195874445,0.421623452,0.517440616,0.00937722,0.245931542,0.467680025,0.660908491,0.029938443,0.204733504,1,0.391730349,0.309015457,0.089444347,0.586383968,0.009625487,0.094290114,0.321761217,0.051078323,0.572138992,0.432612852,0.085053213,0.567775081,0.302907188,0.025979644,0.081184864,0.258376397,0.335119496,0.62670371,0.291786788,0.09589331,0.008792405,0.000162303,0.001710755,0.001029738,0.000875907,0.002855496,0.010503523,0.00462512,0.352290982,0.013085075,0.006607841,0.000811891,0.015761284,0.007467454,0.0001086,0.000568868,0.004425257,0.000853592,0.005251699,0.004425744,0.002919641,0.000841572,0.001985192,0.000455805,0.000968545,0.004257905,0.004146848,0.004915362,0.000175766,0.203479269,0.002024373,0.000378945,0.000103402,0.001602415,0.001668091,0.003146126,0.006888774,0.00109656,0.000593231,0.003592248,0.000272079,0,0.002252555,5.92E-05,1.57E-05,0.001127161,0.000703236,0.000518474,0.000115157,0.000618708,2.27E-05,0.000327005,0.00033993,0.037880592,0.001484023,0.000293636,0.000727134,0.3184905,0.377224968,0.009568104,0.002012495,0.000293458,0.000285702,0.0020601,5.58E-05,8.59E-05,7.91E-05,0.000422437,0.000104102,0.004757817,0.003355938,0.001318276,0.00431236,0.000309763,0.002832386,0.000319532,0.001216764,0.000302265
Eubacterium_rectale_M104_1,0.09786463,0.01186327,0.710051327,0.287972756,0.146251879,0.122247218,0.237304001,0.031284688,0.248142099,0.066694091,0.908772903,0.489005211,0.155509212,0.244448062,0.078506329,0.035701125,0.401398075,0.12846488,0.21946473,0.701863832,0.683604415,0.841208581,0.673969558,0.63697954,0.181108854,0.47979394,0.225457113,0.861969297,0.457080787,0.34273091,0.058927673,0.608294109,0.314606221,0.044967931,0.024789031,0.130624749,0.020467477,0.632382016,0.047430285,0.084620771,0.08608142,0.327978526,0.057661656,0.138409549,0.043863275,0.339506773,0.379083235,0.708593694,0.404415747,0.023937947,0.360263746,0.737376217,0.258897914,0.076426152,0.427765885,0.391730349,1,0.624996716,0.228331421,0.535451268,0.024571717,0.24070158,0.629306148,0.130391538,0.224124207,0.205851709,0.217121838,0.60823007,0.194302044,0.066320223,0.207246808,0.659577175,0.72610836,0.599067825,0.283304295,0.24479418,0.022445045,0.000414324,0.004367175,0.002628691,0.002235995,0.007289443,0.026813145,0.011806899,0.812922242,0.033403271,0.016868341,0.002072575,0.040235034,0.01906274,0.000277231,0.001452193,0.011296691,0.00217903,0.013406413,0.011297934,0.007453191,0.002148344,0.00506775,0.001163569,0.002472478,0.01086948,0.010585975,0.01254782,0.000448691,0.384701998,0.005167772,0.000967361,0.000263963,0.004090607,0.004258264,0.008031357,0.017585501,0.002799272,0.001514387,0.009170207,0.000694557,0,0.005750269,0.000151185,4.01E-05,0.002877391,0.001795204,0.001323547,0.000293969,0.001579423,5.79E-05,0.00083477,0.000867766,0.096700682,0.003788379,0.000749586,0.001856211,0.101271874,0.36179582,0.024425231,0.005137449,0.000749131,0.000729333,0.005258974,0.000142352,0.000219183,0.000201866,0.001078388,0.00026575,0.012145644,0.008566959,0.003365263,0.01100849,0.000790757,0.007230448,0.000815694,0.003106125,0.000771615
Eubacterium_siraeum_70_3,0.102536638,0.012429617,0.799721938,0.301720429,0.139588018,0.128083238,0.226491416,0.032778203,0.179489018,0.069878033,0.615822209,0.506518086,0.162933143,0.435406185,0.082254181,0.037405478,0.243357581,0.134597728,0.406053522,0.703739071,0.527979346,0.637342688,0.550910539,0.52496248,0.115799873,0.457932476,0.215184323,0.564064069,0.357767206,0.327114624,0.06174085,0.473680985,0.329625362,0.047114677,0.025972446,0.136860708,0.021444584,0.594920848,0.049694583,0.088660524,0.090190903,0.291314739,0.060414394,0.14501715,0.045957285,0.581529037,0.632004022,0.676307135,0.467024016,0.025080732,0.239834013,0.658922937,0.247101418,0.080074697,0.547589377,0.309015457,0.624996716,1,0.235946857,0.511053819,0.025744758,0.252192551,0.406830903,0.136616364,0.21391215,0.242871107,0.227487124,0.578306558,0.220848365,0.069486316,0.217140665,0.549843819,0.567789631,0.496620898,0.182249483,0.25648053,0.02351656,0.000434104,0.004575662,0.002754184,0.00234274,0.007637437,0.028093191,0.012370554,0.709207328,0.034997926,0.017673627,0.002171519,0.042155834,0.019972786,0.000290465,0.00152152,0.01183599,0.002283055,0.014046428,0.011837292,0.007809003,0.002250905,0.005309682,0.001219118,0.002590513,0.011388384,0.011091344,0.013146847,0.000470112,0.686295227,0.005414479,0.001013542,0.000276565,0.00428589,0.004461552,0.00841477,0.018425023,0.002932908,0.001586683,0.009607988,0.000727715,0,0.006024783,0.000158402,4.20E-05,0.003014756,0.001880906,0.001386733,0.000308003,0.001654823,6.07E-05,0.000874621,0.000909193,0.101317123,0.003969234,0.000785371,0.001944826,0.058081037,0.44188507,0.02559128,0.005382708,0.000784895,0.000764151,0.005510035,0.000149148,0.000229647,0.000211503,0.00112987,0.000278437,0.012725471,0.008975942,0.003525919,0.01153403,0.000828507,0.007575626,0.000854635,0.00325441,0.000808451
Eubacterium_ventriosum_ATCC_27560,0.146595438,0.051956364,0.215686397,0.111407042,0.033393899,0.22928593,0.05418396,0.137014381,0.133336019,0.153113599,0.249431321,0.466930446,0.411901079,0.072024468,0.22371673,0.151202751,0.139293603,0.304852533,0.052022666,0.220092242,0.325551272,0.271432587,0.153888427,0.358459585,0.161560716,0.109552032,0.051478943,0.232117899,0.187026963,0.078256236,0.258079561,0.203417932,0.287740964,0.165937986,0.108566007,0.340966174,0.089639338,0.144392684,0.175849982,0.19535199,0.258736515,0.696177961,0.20493568,0.332737042,0.146705589,0.168428549,0.107820935,0.161794205,0.109152096,0.1048386,0.0919959,0.177942166,0.059114529,0.256581663,0.268802358,0.089444347,0.228331421,0.235946857,1,0.122260349,0.107614261,0.119342227,0.277983618,0.383119796,0.051174599,0.073874932,0.242194634,0.138878036,0.030495717,0.218314364,0.241915307,0.346178476,0.184380015,0.136786008,0.306540087,0.210126638,0.098300291,0.001814573,0.019126473,0.011512613,0.009792762,0.031924835,0.117430815,0.051709478,0.216518676,0.146292922,0.073876565,0.009077048,0.176213305,0.083487154,0.001214158,0.006360021,0.049474975,0.009543275,0.058714707,0.049480418,0.032641986,0.009408885,0.022194712,0.005095967,0.010828463,0.047603962,0.046362321,0.054954418,0.001965088,0.234535693,0.022632767,0.004236651,0.001156053,0.017915217,0.01864949,0.035174122,0.077017436,0.012259687,0.006632408,0.040161826,0.003041883,0,0.025183869,0.000662128,0.000175497,0.012601818,0.007862271,0.005796605,0.001287466,0.006917237,0.000253549,0.003655957,0.003800468,0.051497584,0.01659158,0.003282887,0.008129461,0.077525155,0.14369127,0.106972713,0.022499966,0.003280895,0.003194188,0.023032196,0.000623444,0.000959933,0.000884094,0.004722908,0.001163878,0.053193047,0.037519844,0.014738502,0.04821277,0.003463197,0.03166646,0.003572413,0.013603582,0.003379364
Faecalibacterium_prausnitzii_SL3_3,0.05240174,0.006352203,0.566843114,0.154195377,0.273137609,0.065457428,0.333011832,0.016751426,0.192495606,0.035711436,0.490156363,0.261838461,0.083267605,0.323866878,0.042036313,0.019116213,0.555040753,0.068786683,0.305295733,0.519186226,0.366036851,0.450426202,0.634371799,0.341071503,0.145316851,0.744090798,0.421060004,0.511685818,0.31705151,0.640078622,0.031552897,0.505422243,0.1684563,0.024078136,0.013273318,0.069943187,0.010959337,0.827542311,0.025396607,0.045310299,0.046092405,0.175616517,0.030875007,0.074111568,0.023486646,0.400028243,0.322988069,0.74957215,0.767762951,0.012817604,0.336160721,0.577067712,0.483513495,0.04092248,0.279847642,0.586383968,0.535451268,0.511053819,0.122260349,1,0.013156957,0.128883966,0.387015354,0.069818315,0.41857069,0.278160908,0.116258163,0.843309242,0.397310583,0.035511247,0.110970566,0.353171435,0.458070609,0.54371745,0.198124544,0.131075354,0.012018228,0.00022185,0.002338409,0.001407536,0.001197266,0.003903141,0.014357132,0.006322019,0.481542096,0.017885824,0.009032175,0.001109763,0.0215439,0.010207169,0.000148443,0.000777578,0.006048828,0.001166764,0.007178481,0.006049493,0.003990821,0.001150334,0.002713533,0.000623035,0.001323892,0.005820077,0.005668274,0.006718746,0.000240252,0.381872577,0.00276709,0.000517974,0.000141339,0.002190321,0.002280093,0.0043004,0.009416179,0.001498874,0.000810881,0.004910199,0.000371902,0,0.003078989,8.10E-05,2.15E-05,0.001540703,0.000961244,0.000708695,0.000157406,0.000845704,3.10E-05,0.000446979,0.000464647,0.051778503,0.002028492,0.000401367,0.000993911,0.091659843,0.440150407,0.013078521,0.002750854,0.000401123,0.000390522,0.002815924,7.62E-05,0.000117362,0.00010809,0.000577424,0.000142296,0.0065034,0.004587189,0.001801934,0.00589451,0.000423412,0.003871552,0.000436765,0.001663179,0.000413162
Gordonibacter_pamelaeae_7_10_1_bT_DSM_19378,0.122264748,0.138326168,0.023210932,0.080466288,0.00359366,0.201000215,0.005830967,0.206731017,0.016445745,0.3684242,0.026842367,0.050248375,0.158008113,0.023955715,0.304247782,0.58958566,0.014989978,0.191271865,0.023474415,0.023685064,0.035944351,0.029210017,0.016560589,0.038575363,0.01765798,0.011789361,0.005539868,0.024979196,0.020126768,0.008421487,0.411287399,0.026031615,0.063788539,0.546427565,0.780551501,0.188109202,0.368016738,0.015538712,0.518059652,0.290374535,0.285447396,0.074918677,0.426136166,0.177529061,0.560188842,0.026673438,0.040735118,0.017411364,0.012082766,0.740835666,0.039138889,0.019149115,0.006361566,0.321509283,0.03803845,0.009625487,0.024571717,0.025744758,0.107614261,0.013156957,1,0.102083739,0.029915002,0.188445642,0.005507117,0.006520777,0.113170179,0.014945257,0.006606574,0.370501126,0.118562584,0.037253741,0.028722553,0.014720125,0.032988085,0.100377048,0.759567946,0.016861829,0.177731772,0.106980362,0.090998734,0.270459217,0.602455515,0.234643601,0.027322548,0.552642529,0.596831214,0.084348007,0.41799049,0.546956388,0.011282505,0.059100166,0.403470064,0.088680392,0.063777686,0.383390306,0.303323983,0.087431577,0.206243225,0.047354011,0.10062294,0.442357374,0.430819486,0.510661112,0.018260482,0.022052902,0.210313826,0.039368866,0.010742565,0.148488014,0.173299426,0.32685372,0.546521046,0.113922512,0.061631313,0.373201712,0.028266539,0,0.14397965,0.006152791,0.0016308,0.117101746,0.073059754,0.053864655,0.01196371,0.064278073,0.002356092,0.033972797,0.035315658,0.140858371,0.154176404,0.030506056,0.075542597,0.001565207,0.011283101,0.042486775,0.209079779,0.030487549,0.029681824,0.214025502,0.005793325,0.008920131,0.008215399,0.043887378,0.010815274,0.494293658,0.31789315,0.136956771,0.448014691,0.032181577,0.294258954,0.033196469,0.126410589,0.031402564
Holdemania_filiformis_VPI_J1_31B_1_DSM_12042,0.106630505,0.043237081,0.227371495,0.790245783,0.035203058,0.28660702,0.057119448,0.060883504,0.134673141,0.238592712,0.262944595,0.337772293,0.241591993,0.234667297,0.172718561,0.123408269,0.057990398,0.281314908,0.219976409,0.232016032,0.214477589,0.286137809,0.162225538,0.195025792,0.045280842,0.115487159,0.054267883,0.244693196,0.130379633,0.082495872,0.194670176,0.245139776,0.087816664,0.171707867,0.102986572,0.244392001,0.074713417,0.15221535,0.163499351,0.314669654,0.244630976,0.17212697,0.204252402,0.272672433,0.182230939,0.261289784,0.399036308,0.170559622,0.118361315,0.099450724,0.067786446,0.18758242,0.062317137,0.253852652,0.399062694,0.094290114,0.24070158,0.252192551,0.119342227,0.128883966,0.102083739,1,0.114287393,0.265574463,0.053947051,0.082368599,0.254445503,0.146401939,0.064717202,0.23726241,0.202783221,0.274455696,0.281362663,0.144196572,0.060687485,0.364073476,0.093248433,0.001721318,0.018143524,0.010920955,0.009289491,0.03028415,0.111395799,0.049052019,0.267648389,0.138774622,0.070079894,0.00861056,0.10750069,0.079196574,0.00115176,0.006033166,0.046932352,0.009052826,0.03383787,0.046937515,0.030964446,0.008925342,0.021054079,0.004834074,0.010271966,0.045157495,0.043979664,0.052130195,0.001864098,0.288536116,0.021469622,0.004018921,0.001096641,0.016994517,0.017691053,0.03336645,0.073059348,0.011629636,0.006291555,0.038097826,0.002885554,0,0.023889617,0.0006281,0.000166478,0.011954184,0.007458213,0.005498705,0.0012213,0.006561746,0.000240519,0.00346807,0.003605154,0.401745107,0.015738904,0.003114172,0.007711671,0.003860197,0.160938086,0.031261385,0.021343646,0.003112283,0.003030032,0.021848523,0.000591404,0.0009106,0.000838659,0.004480188,0.001104064,0.050459345,0.035591621,0.013981059,0.045735015,0.003285216,0.030039054,0.00338882,0.012904466,0.003205691
Parabacteroides_distasonis_ATCC_8503,0.11914595,0.014443018,0.537804105,0.137966409,0.120129019,0.148830694,0.194917817,0.038087753,0.275524086,0.081197168,0.686498487,0.461356919,0.189325732,0.094672181,0.095578056,0.043464574,0.495709503,0.156400428,0.070487424,0.595152297,0.624268795,0.599549796,0.553588115,0.704319647,0.280389996,0.394095282,0.185186967,0.742000259,0.586427951,0.28151384,0.07174189,0.455683343,0.38301945,0.054746509,0.030179571,0.159029975,0.024918267,0.471514757,0.057744319,0.103022125,0.104800401,0.399299652,0.07020057,0.168507632,0.053401638,0.166536425,0.165721555,0.510797626,0.253322778,0.029143413,0.346322962,0.640117454,0.212654721,0.09304553,0.193625889,0.321761217,0.629306148,0.406830903,0.277983618,0.387015354,0.029915002,0.114287393,1,0.158746051,0.184092139,0.168636864,0.264336435,0.469587131,0.115810792,0.080741999,0.252314014,0.634025144,0.453485451,0.492064996,0.473200913,0.26619918,0.027325871,0.000504422,0.005316846,0.003200318,0.002722227,0.008874581,0.032643843,0.014374388,0.476307319,0.040667036,0.020536475,0.002523271,0.048984412,0.023208061,0.000337516,0.001767982,0.013753233,0.002652874,0.016321727,0.013754746,0.009073937,0.002615516,0.006169766,0.001416595,0.003010135,0.013233122,0.012887966,0.015276428,0.000546262,0.183373219,0.006291538,0.00117772,0.000321364,0.004980137,0.005184253,0.00977783,0.021409585,0.003407992,0.001843701,0.01116433,0.000845594,0,0.007000703,0.000184061,4.88E-05,0.003503099,0.002185583,0.001611361,0.000357894,0.001922879,7.05E-05,0.001016296,0.001056468,0.088758165,0.004612187,0.000912589,0.002259857,0.156850068,0.300734309,0.029736662,0.006254622,0.000912035,0.000887932,0.006402573,0.000173307,0.000266846,0.000245764,0.001312891,0.000323539,0.014786796,0.010429902,0.004097062,0.01340236,0.000962712,0.008802757,0.000993072,0.003781573,0.000939408
Parabacteroides_johnsonii_DSM_18315,0.244653944,0.090981905,0.123170438,0.246676324,0.019070007,0.617172151,0.030942434,0.239928823,0.066674089,0.511490945,0.142440902,0.266646521,0.552168157,0.110758279,0.395995811,0.2737994,0.079545369,0.791744474,0.085544297,0.125686451,0.190741217,0.155005003,0.087879927,0.204702867,0.083309131,0.06256107,0.0293977,0.132553854,0.106804106,0.044689211,0.451928658,0.138138587,0.280017776,0.344868477,0.190112265,0.816853197,0.156969368,0.082457264,0.363752787,0.58093692,0.609927163,0.397561206,0.442219312,0.838427629,0.336396637,0.141544467,0.180100069,0.092394622,0.064118041,0.183585122,0.118645774,0.101616118,0.033758097,0.586128154,0.170614864,0.051078323,0.130391538,0.136616364,0.383119796,0.069818315,0.188445642,0.265574463,0.158746051,1,0.0292239,0.035151895,0.513325867,0.079308054,0.035058247,0.50862367,0.506541232,0.197689585,0.152418237,0.078113375,0.142114126,0.43197554,0.17213575,0.003177538,0.033492778,0.020159983,0.017148315,0.055904263,0.20563562,0.090549576,0.144989016,0.256176676,0.129366839,0.015895014,0.308570901,0.146196146,0.002126139,0.011137169,0.08663669,0.016711433,0.102816584,0.086646222,0.057160083,0.0164761,0.038865637,0.008923657,0.018961954,0.08336032,0.081186055,0.096231861,0.003441108,0.120984645,0.039632724,0.007418891,0.00202439,0.031371721,0.032657522,0.061594159,0.134866885,0.021468201,0.011614152,0.070328236,0.005326706,0,0.044100013,0.001159467,0.000307317,0.022067314,0.013767792,0.010150559,0.002254509,0.012112923,0.000443995,0.006402026,0.006655082,0.238849046,0.029053872,0.005748733,0.014235673,0.021335322,0.06743402,0.187322213,0.039400173,0.005745246,0.00559341,0.040332173,0.001091727,0.00168096,0.001548156,0.008270385,0.002038091,0.093147486,0.065701804,0.025808907,0.084426416,0.006064478,0.055451818,0.00625573,0.023821525,0.005917676
Parabacteroides_merdae_ATCC_43184,0.021933833,0.002658846,0.237263914,0.064541666,0.465822345,0.027398561,0.548125726,0.007011656,0.334865753,0.01494776,0.205165087,0.109597905,0.034853379,0.226506459,0.017595169,0.008001486,0.367386567,0.028792089,0.217416423,0.232514324,0.153212297,0.188535206,0.332543517,0.142762534,0.311876926,0.467125965,0.692856729,0.220468128,0.273621503,0.572152054,0.013207118,0.211554937,0.07051087,0.010078402,0.005555822,0.029276168,0.004587257,0.354412683,0.010630275,0.018965563,0.01929293,0.073507927,0.012923373,0.03102093,0.009830822,0.206464447,0.135193339,0.316294385,0.455782794,0.005365073,0.140707025,0.287591187,0.67948876,0.017128951,0.117136021,0.572138992,0.224124207,0.21391215,0.051174599,0.41857069,0.005507117,0.053947051,0.184092139,0.0292239,1,0.422202315,0.04866226,0.368485904,0.41171883,0.014863967,0.046449026,0.147827211,0.191734931,0.37412159,0.166942599,0.054864301,0.005030478,9.29E-05,0.00097879,0.000589153,0.000501141,0.001633741,0.006009475,0.002646212,0.201559408,0.007486482,0.003780604,0.000464514,0.009017645,0.004272422,6.21E-05,0.000325472,0.002531862,0.000488373,0.003004702,0.002532141,0.001670441,0.000481496,0.001135805,0.000260784,0.000554142,0.002436114,0.002372573,0.00281227,0.000100563,0.159840668,0.001158223,0.000216809,5.92E-05,0.000916804,0.00095438,0.001800022,0.003941336,0.000627385,0.000339411,0.002055265,0.000155667,0.00E+00,0.001288774,3.39E-05,8.98E-06,0.000644893,0.000402349,0.000296639,6.59E-05,0.000353987,1.30E-05,0.000187092,0.000194487,0.021672964,0.000849067,0.000168,0.000416022,0.468342375,0.289382443,0.005474286,0.001151427,0.000167898,0.000163461,0.001178663,3.19E-05,4.91E-05,4.52E-05,0.000241693,5.96E-05,0.002722133,0.001920063,0.000754237,0.002467269,0.000177228,0.001620518,0.000182817,0.000696158,0.000172938
Prevotella_copri_CB7_DSM_18205,0.00242151,0.0046008,0.288664163,0.086789792,0.377113903,0.023105617,0.611893936,0.011831763,0.49580849,0.022753685,0.197112674,0.119926822,0.056328929,0.370261071,0.007911256,0.011691051,0.234493532,0.030124569,0.37822485,0.287785957,0.102005648,0.162424409,0.307352957,0.125252223,0.432239225,0.414275849,0.407910601,0.212177616,0.336476533,0.307882185,0.009856436,0.108971239,0.030664759,0.012749012,0.00686963,0.030017018,0.007170743,0.26500795,0.014283825,0.019801035,0.016638704,0.09937687,0.015378349,0.033292919,0.012289385,0.326706851,0.188796829,0.323003864,0.226622983,0.00711323,0.013277588,0.314999308,0.667574347,0.017322384,0.201204051,0.432612852,0.205851709,0.242871107,0.073874932,0.278160908,0.006520777,0.082368599,0.168636864,0.035151895,0.422202315,1,0.034972435,0.269205484,0.307919044,0.017236256,0.027713582,0.149604166,0.128648621,0.393794162,0.257172988,0.046901694,0.005524429,0.000160683,0.001693673,0.001019456,0.000867161,0.002746859,0.005775516,0.004248364,0.169922152,0.00538105,0.003087682,0.000803784,0.011745589,0.004973568,0.000107515,0.000563188,0.00375653,0.000845069,0.005199259,0.003512903,0.002751259,0.000833168,0.001965369,0.000451254,0.000958874,0.001700184,0.002838989,0.002923719,0.000174011,0.276584241,0.002004159,0.000375161,0.00010237,0.001586414,0.001631468,0.001142854,0.004942566,0.00108561,0.000587308,0.003556379,0.000269362,0,0.002230063,5.86E-05,1.55E-05,0.001115906,0.000696214,0.000513296,0.000114007,0.00061253,2.25E-05,0.00032374,0.000336536,0.037502347,0.001080118,0.000290704,0.000719874,0.316702609,0.500740045,0.009472565,0.0019924,0.000290527,0.000282849,0.001931597,5.52E-05,8.50E-05,7.83E-05,0.000418219,0.000103063,0.00471031,0.003322428,0.001195666,0.004238642,0.00030667,0.002226049,0.000316342,0.001204614,0.000299247
Pseudoflavonifractor_capillosus_ATCC_29799,0.450736008,0.054638772,0.205097602,0.30627646,0.031754477,0.563035111,0.051523881,0.14408817,0.064720018,0.307173575,0.23718587,0.444007206,0.388094852,0.130713027,0.361577305,0.164428992,0.132455196,0.591671853,0.091551426,0.209287148,0.317613276,0.258107017,0.146333509,0.340861557,0.069492778,0.104173742,0.048951663,0.220722425,0.177845159,0.074414365,0.271403713,0.230021858,0.466268649,0.207109205,0.114171062,0.56966552,0.094267244,0.137303945,0.218450092,0.389738647,0.39646597,0.380921244,0.265572809,0.602701414,0.20202148,0.156275894,0.29414618,0.153851165,0.106766338,0.110251215,0.242068354,0.169206366,0.056212391,0.351996614,0.152085263,0.085053213,0.217121838,0.227487124,0.242194634,0.116258163,0.113170179,0.254445503,0.264336435,0.513325867,0.04866226,0.034972435,1,0.132060031,0.058377339,0.305451646,0.872833036,0.329183371,0.253799657,0.130070707,0.146622152,0.819721653,0.103375347,0.001908256,0.020113936,0.012106987,0.010298343,0.033573053,0.123493542,0.054379139,0.241428868,0.153845745,0.07769067,0.009545679,0.18531086,0.087797435,0.001276843,0.006688376,0.052029273,0.010035976,0.061746035,0.052034997,0.034327229,0.009894647,0.023340583,0.005359062,0.011387516,0.050061663,0.048755918,0.057791609,0.002066542,0.111763041,0.023801253,0.004455382,0.001215738,0.018840145,0.019612327,0.036990094,0.080993698,0.012892631,0.006974827,0.042235304,0.003198929,0,0.026484064,0.000696312,0.000184558,0.013252425,0.008268185,0.006095873,0.001353935,0.007274361,0.000266639,0.003844708,0.003996679,0.230441396,0.017448171,0.003452376,0.008549169,0.015332185,0.065170878,0.112495508,0.023661596,0.003450281,0.003359097,0.024221304,0.000655632,0.001009493,0.000929738,0.004966742,0.001223966,0.055939302,0.039456921,0.015499422,0.050701903,0.003641995,0.033301338,0.00375685,0.014305909,0.003553834
Roseburia_intestinalis_M50_1,0.059524211,0.007215598,0.643888711,0.17515369,0.240454865,0.074354434,0.328141179,0.019028288,0.226803524,0.040565352,0.556778659,0.297427674,0.094585379,0.288847179,0.04774991,0.021714498,0.575719055,0.078136203,0.269237576,0.623971473,0.415788761,0.511648354,0.747857283,0.38743011,0.174508087,0.763390642,0.370677355,0.598308173,0.374763164,0.563488928,0.035841583,0.574119484,0.191352964,0.027350848,0.015077434,0.0794499,0.012448935,0.961807981,0.028848526,0.051468898,0.052357308,0.199486402,0.035071553,0.08418485,0.026678963,0.366022978,0.366888767,0.740431399,0.638641064,0.014559779,0.381851852,0.685383847,0.425657866,0.046484684,0.317884672,0.567775081,0.60823007,0.578306558,0.138878036,0.843309242,0.014945257,0.146401939,0.469587131,0.079308054,0.368485904,0.269205484,0.132060031,1,0.328948184,0.040337954,0.12605374,0.401174672,0.520331793,0.632099416,0.244611818,0.148891181,0.013651751,0.000252004,0.002656247,0.001598849,0.001359999,0.004433658,0.016308561,0.007181311,0.546993537,0.020316874,0.010259832,0.001260603,0.024472158,0.011594532,0.00016862,0.000883267,0.006870987,0.001325351,0.008154183,0.006871743,0.004533255,0.001306687,0.003082358,0.000707718,0.001503836,0.006611145,0.006438708,0.007631962,0.000272908,0.402397024,0.003143194,0.000588378,0.00016055,0.00248803,0.002590005,0.004884913,0.01069603,0.001702601,0.000921096,0.005577596,0.000422451,0,0.003497486,9.20E-05,2.44E-05,0.001750116,0.001091897,0.000805021,0.000178801,0.000960652,3.52E-05,0.000507732,0.000527802,0.058816263,0.002304206,0.000455921,0.001129004,0.109126856,0.437579637,0.01485616,0.003124751,0.000455644,0.000443603,0.003198666,8.66E-05,0.000133314,0.000122781,0.000655908,0.000161637,0.007387346,0.005210682,0.002046854,0.006695695,0.000480962,0.004397776,0.00049613,0.001889239,0.000469319
Ruminococcus_bromii_L2_63,0.026312769,0.003189666,0.196763267,0.077426958,0.543952107,0.032868492,0.402298323,0.008411484,0.053262392,0.017931976,0.171863587,0.098210717,0.036050826,0.275782791,0.021107921,0.009598927,0.221774018,0.034540229,0.264539611,0.176550297,0.150651844,0.178061231,0.244372606,0.11630615,0.027027512,0.380140644,0.561195251,0.170804907,0.103773369,0.571352677,0.015843827,0.226961371,0.081774269,0.012090484,0.006665003,0.03512095,0.005503071,0.319248141,0.012752535,0.022751905,0.023144628,0.046635206,0.015503434,0.037214042,0.011793476,0.231498033,0.162183743,0.281718464,0.504002763,0.006436173,0.168798198,0.211667135,0.552050816,0.020548626,0.118175827,0.302907188,0.194302044,0.220848365,0.030495717,0.397310583,0.006606574,0.064717202,0.115810792,0.035058247,0.41171883,0.307919044,0.058377339,0.328948184,1,0.017831454,0.05572225,0.118419168,0.213085084,0.21862083,0.035485471,0.065817575,0.006034778,0.000111399,0.001174198,0.000706774,0.00060119,0.001959905,0.007209224,0.003174509,0.214411308,0.008981105,0.004535375,0.000557251,0.010817955,0.005125381,7.45E-05,0.00039045,0.003037331,0.000585874,0.003604569,0.003037665,0.002003932,0.000577623,0.001362561,0.000312848,0.000664773,0.002922467,0.002846241,0.00337372,0.000120639,0.161086309,0.001389454,0.000260093,7.10E-05,0.001099838,0.001144915,0.002159383,0.004728197,0.000752638,0.000407172,0.002465585,0.000186745,0.00E+00,0.001546069,4.06E-05,1.08E-05,0.000773641,0.000482675,0.000355861,7.90E-05,0.000424658,1.56E-05,0.000224444,0.000233316,0.025999819,0.001018578,0.000201541,0.000499078,0.011395265,0.159982099,0.006567188,0.001381301,0.000201418,0.000196095,0.001413975,3.83E-05,5.89E-05,5.43E-05,0.000289945,7.15E-05,0.003265588,0.00230339,0.000904815,0.002959842,0.00021261,0.001944044,0.000219315,0.000835141,0.000207463
Ruminococcus_gnavus_ATCC_29149,0.205343588,0.178878629,0.0626474,0.170238754,0.009699457,0.52820387,0.015738054,0.309231782,0.036098595,0.655336171,0.072448814,0.135622732,0.325951994,0.064657604,0.413415725,0.538314309,0.040458658,0.516251778,0.051124905,0.063927104,0.097015498,0.078839213,0.044697811,0.104116724,0.047659721,0.031820041,0.014952366,0.067420028,0.054323096,0.02272999,0.6057362,0.070260555,0.14287455,0.678042525,0.373777857,0.5077156,0.308615932,0.041939716,0.715170781,0.545227037,0.732089278,0.20220904,0.869443044,0.479159301,0.661386122,0.071992866,0.109946004,0.046994092,0.032611954,0.360944905,0.091053128,0.051684363,0.017170167,0.860830404,0.088736956,0.025979644,0.066320223,0.069486316,0.218314364,0.035511247,0.370501126,0.23726241,0.080741999,0.50862367,0.014863967,0.017236256,0.305451646,0.040337954,0.017831454,1,0.320006003,0.100549602,0.077523523,0.039730312,0.078698704,0.270922383,0.338434407,0.006247326,0.065849822,0.039636344,0.033715133,0.109912823,0.404298173,0.178028633,0.073744845,0.503666445,0.254346871,0.031251031,0.483201948,0.287434807,0.004180181,0.021896678,0.170335546,0.032856185,0.202146676,0.170354285,0.112381877,0.032393498,0.076413347,0.017544714,0.037280912,0.163893905,0.159619105,0.189200517,0.006765529,0.059634618,0.077921509,0.014586209,0.003980133,0.061679633,0.064207633,0.121099671,0.265160457,0.042208419,0.022834471,0.138271654,0.010472785,0,0.086704603,0.002279616,0.000604213,0.043386329,0.027068721,0.019956915,0.004432568,0.023815099,0.000872935,0.01258696,0.013084491,0.220382355,0.057122531,0.011302528,0.027988617,0.007391724,0.032422122,0.205695638,0.077464294,0.011295671,0.010997149,0.079296689,0.002146433,0.003304919,0.003043814,0.016260323,0.004007071,0.183136357,0.129175671,0.050742638,0.165989948,0.011923311,0.109023274,0.012299329,0.046835266,0.011634685
Ruminococcus_lactaris_ATCC_29176,0.472212968,0.057242235,0.195769453,0.256477658,0.030310235,0.550004906,0.049180497,0.150953776,0.052375029,0.309142327,0.226398298,0.423813086,0.305263662,0.114161246,0.378805974,0.172263811,0.126430933,0.577769785,0.073338422,0.199768452,0.303167743,0.246367919,0.13967804,0.325358657,0.068518837,0.099435762,0.046725267,0.210683635,0.169756492,0.071029887,0.284335732,0.219560116,0.511305524,0.216977678,0.119611158,0.58126975,0.098758951,0.131059154,0.228858943,0.356208156,0.415357036,0.355499,0.278226994,0.573559982,0.21164753,0.135324136,0.263683825,0.146853781,0.101910443,0.115504537,0.263482281,0.161510604,0.053655766,0.368768776,0.120185282,0.081184864,0.207246808,0.217140665,0.241915307,0.110970566,0.118562584,0.202783221,0.252314014,0.506541232,0.046449026,0.027713582,0.872833036,0.12605374,0.05572225,0.320006003,1,0.314211613,0.242256465,0.124154894,0.145599176,0.729939017,0.108301042,0.001999182,0.021072338,0.012683868,0.010789045,0.035172763,0.129377842,0.056970231,0.230448318,0.161176286,0.081392526,0.010000518,0.194140671,0.091980864,0.001337683,0.007007068,0.054508397,0.010514176,0.06468815,0.054514394,0.035962875,0.010366114,0.02445273,0.005614414,0.011930116,0.052447034,0.051079072,0.060545301,0.00216501,0.087652657,0.024935351,0.004667675,0.001273666,0.019737853,0.020546828,0.038752622,0.084852938,0.013506948,0.007307168,0.04424776,0.003351354,0,0.027745993,0.000729491,0.000193352,0.013883886,0.008662153,0.006386333,0.001418448,0.007620974,0.000279344,0.004027903,0.004187116,0.157831322,0.018279553,0.003616877,0.008956526,0.014556858,0.051167041,0.117855767,0.024789039,0.003614683,0.003519154,0.025375417,0.000686872,0.001057594,0.000974039,0.005203401,0.001282287,0.058604734,0.04133699,0.016237949,0.05311778,0.003815531,0.034888102,0.003935859,0.014987566,0.003723169
Ruminococcus_obeum_A2_162,0.148374798,0.017986175,0.623049705,0.301384334,0.096464401,0.185341796,0.156520303,0.047431429,0.250149725,0.101116433,0.720528105,0.741391955,0.235771064,0.169851278,0.119025236,0.05412729,0.328744357,0.194768535,0.141570573,0.621985034,0.672618037,0.695328987,0.444534937,0.85102813,0.192039275,0.316461132,0.148706366,0.670515112,0.508991624,0.226057486,0.089341589,0.514830416,0.476981667,0.068176906,0.037583215,0.198043161,0.031031209,0.417104744,0.071910138,0.128295482,0.130510004,0.497255723,0.087422152,0.209845874,0.066502112,0.267602321,0.294740634,0.467372227,0.268113381,0.036292867,0.278201317,0.514018572,0.170763155,0.115871432,0.344572756,0.258376397,0.659577175,0.549843819,0.346178476,0.353171435,0.037253741,0.274455696,0.634025144,0.197689585,0.147827211,0.149604166,0.329183371,0.401174672,0.118419168,0.100549602,0.314211613,1,0.51578536,0.395131464,0.330570221,0.37113804,0.034029445,0.000628166,0.006621173,0.003985419,0.003390043,0.011051691,0.040652021,0.017900708,0.541355562,0.050643461,0.025574477,0.003142279,0.061001253,0.028901456,0.000420316,0.002201702,0.017127171,0.003303676,0.020325768,0.017129056,0.011299953,0.003257153,0.007683332,0.001764114,0.003748581,0.016479467,0.016049638,0.019024037,0.000680271,0.307361522,0.007834977,0.001466638,0.000400201,0.006201863,0.006456052,0.012176524,0.026661779,0.00424404,0.002295997,0.01390316,0.001053034,0,0.008718113,0.000229214,6.08E-05,0.004362478,0.002721749,0.00200666,0.000445693,0.002394599,8.78E-05,0.001265614,0.00131564,0.14661011,0.005743648,0.001136465,0.002814244,0.099208989,0.273716147,0.037031651,0.007789004,0.001135775,0.001105759,0.007973251,0.000215823,0.000332308,0.000306054,0.001634969,0.000402909,0.018414288,0.012988562,0.005102152,0.016690223,0.001198884,0.010962247,0.001236693,0.004709267,0.001169863
Ruminococcus_sp_SR1_5,0.114396644,0.013867301,0.49681251,0.336619234,0.125116311,0.142898118,0.203010049,0.036569528,0.155127397,0.077960548,0.703829966,0.467383873,0.181778973,0.235647304,0.091768196,0.041732022,0.352786882,0.150166113,0.208928475,0.487990952,0.689953216,0.775742558,0.576570948,0.512596191,0.090457897,0.410456591,0.192875212,0.670199156,0.331003867,0.293201204,0.068882169,0.766475616,0.36775182,0.052564245,0.028976576,0.152690843,0.023924994,0.540993424,0.055442558,0.098915535,0.100622927,0.244144538,0.067402288,0.161790709,0.051272982,0.336960948,0.379827363,0.576154293,0.420671718,0.027981721,0.517873553,0.539597016,0.221483321,0.08933662,0.4012279,0.335119496,0.72610836,0.567789631,0.184380015,0.458070609,0.028722553,0.281362663,0.453485451,0.152418237,0.191734931,0.128648621,0.253799657,0.520331793,0.213085084,0.077523523,0.242256465,0.51578536,1,0.512493628,0.146822407,0.286146615,0.026236628,0.000484315,0.00510491,0.003072749,0.002613716,0.008520829,0.031342619,0.013801407,0.81058808,0.039045997,0.019717866,0.00242269,0.047031833,0.022282959,0.000324062,0.001697508,0.013205012,0.002547127,0.015671122,0.013206464,0.008712239,0.002511258,0.005923832,0.001360128,0.002890148,0.012705633,0.012374235,0.014667491,0.000524488,0.33142363,0.00604075,0.001130774,0.000308554,0.004781622,0.004977602,0.009388073,0.020556173,0.003272145,0.001770209,0.010719306,0.000811887,0,0.006721646,0.000176724,4.68E-05,0.003363461,0.002098463,0.00154713,0.000343628,0.00184623,6.77E-05,0.000975785,0.001014356,0.113036073,0.00442834,0.000876212,0.002169776,0.039830387,0.22148442,0.028551321,0.006005305,0.00087568,0.000852538,0.006147359,0.000166399,0.000256209,0.000235967,0.001260558,0.000310642,0.014197376,0.010014153,0.003933748,0.012868126,0.000924337,0.008451868,0.000953487,0.003630835,0.000901962
Ruminococcus_torques_L2_14,0.058627551,0.007106904,0.592159178,0.172515213,0.244132422,0.073234375,0.396122094,0.01874165,0.439741434,0.039954284,0.548391466,0.292947288,0.093160565,0.237277298,0.047030616,0.021387395,0.623239739,0.076959176,0.218606073,0.621494001,0.40952541,0.503940995,0.823740847,0.381593947,0.376415562,0.631205882,0.376346557,0.589295389,0.67727461,0.472167997,0.035301673,0.453433679,0.188470464,0.026938841,0.014850311,0.078253084,0.012261407,0.637357809,0.028413958,0.050693581,0.051568609,0.196481382,0.034543243,0.082916707,0.026277077,0.305276222,0.326705973,0.654245312,0.407726705,0.014340454,0.286197999,0.749673224,0.43216795,0.045784448,0.313096127,0.62670371,0.599067825,0.496620898,0.136786008,0.54371745,0.014720125,0.144196572,0.492064996,0.078113375,0.37412159,0.393794162,0.130070707,0.632099416,0.21862083,0.039730312,0.124154894,0.395131464,0.512493628,1,0.446225514,0.146648317,0.013446104,0.000248208,0.002616234,0.001574764,0.001339513,0.004366871,0.016062892,0.007073133,0.538753745,0.020010825,0.01010528,0.001241613,0.024103515,0.011419874,0.00016608,0.000869962,0.006767484,0.001305386,0.00803135,0.006768229,0.004464967,0.001287004,0.003035926,0.000697057,0.001481182,0.006511556,0.006341717,0.007516995,0.000268797,0.332783687,0.003095846,0.000579515,0.000158132,0.002450551,0.002550989,0.004811328,0.010534908,0.001676954,0.000907221,0.005493576,0.000416087,0,0.003444801,9.06E-05,2.40E-05,0.001723752,0.001075449,0.000792894,0.000176107,0.000946181,3.47E-05,0.000500084,0.000519851,0.057930267,0.002269496,0.000449053,0.001111996,0.243880181,0.587459071,0.01463237,0.003077681,0.000448781,0.00043692,0.003150482,8.53E-05,0.000131305,0.000120932,0.000646028,0.000159202,0.007276065,0.00513219,0.002016021,0.006594832,0.000473717,0.004331529,0.000488656,0.00186078,0.00046225
Streptococcus_thermophilus_LMD_9,0.09268628,0.015926708,0.309315231,0.086187079,0.108938116,0.12710515,0.176759785,0.0420004,0.444895989,0.059472736,0.305658963,0.274369572,0.151355183,0.064448077,0.105396519,0.047929566,0.454405833,0.134892093,0.039897424,0.365053439,0.22264866,0.237969767,0.381087798,0.321386343,0.499924387,0.291600172,0.167935436,0.352563226,0.610122365,0.218780173,0.079111731,0.161096329,0.16633674,0.060370463,0.033279833,0.149838736,0.02747805,0.240905909,0.063676229,0.074520252,0.103947723,0.389303936,0.073610038,0.147555501,0.055122942,0.13350479,0.095121011,0.253874555,0.102693916,0.032137234,0.084568406,0.3836064,0.192844366,0.091154794,0.150158861,0.291786788,0.283304295,0.182249483,0.306540087,0.198124544,0.032988085,0.060687485,0.473200913,0.142114126,0.166942599,0.257172988,0.146622152,0.244611818,0.035485471,0.078698704,0.145599176,0.330570221,0.146822407,0.446225514,1,0.135783757,0.03013298,0.000556239,0.005863031,0.003529077,0.003001874,0.009786242,0.035997252,0.015851028,0.168307349,0.044844645,0.022646129,0.002782479,0.054016442,0.025592159,0.000372188,0.001949601,0.015166063,0.002925396,0.017998411,0.015167732,0.010006077,0.0028842,0.006803569,0.001562118,0.003319358,0.014592523,0.01421191,0.016845732,0.000602378,0.145545007,0.00693785,0.001298704,0.000354377,0.005491732,0.005716816,0.010782278,0.023608931,0.003758086,0.002033099,0.01231121,0.000932459,0,0.007719865,0.000202969,5.38E-05,0.003862962,0.002410101,0.001776892,0.00039466,0.002120411,7.77E-05,0.001120698,0.001164996,0.02722028,0.005085984,0.001006336,0.002492006,0.281342451,0.498878771,0.032791425,0.006897142,0.001005726,0.000979147,0.007060291,0.000191111,0.000294258,0.00027101,0.001447761,0.000356775,0.016305801,0.011501336,0.004517942,0.014779147,0.001061609,0.009707039,0.001095088,0.004170043,0.00103591
Subdoligranulum_variabile_DSM_15176,0.399783321,0.048462224,0.231237446,0.410844185,0.035801609,0.499387763,0.058090638,0.127799967,0.084871763,0.27244966,0.267415389,0.50059626,0.333705632,0.163238375,0.320703412,0.145841396,0.131025796,0.517320478,0.121130735,0.235960953,0.358093328,0.291002952,0.164983825,0.38430462,0.064971272,0.117450764,0.055190589,0.248853664,0.200511659,0.083898532,0.240723341,0.259338318,0.400751788,0.183696897,0.101264788,0.478539573,0.083610964,0.154803437,0.193755772,0.345681304,0.351648147,0.341052327,0.235551582,0.507472903,0.179184304,0.18963726,0.357167028,0.173459612,0.120373788,0.097788054,0.225083914,0.190771845,0.063376703,0.312205754,0.203327616,0.09589331,0.24479418,0.25648053,0.210126638,0.131075354,0.100377048,0.364073476,0.26619918,0.43197554,0.054864301,0.046901694,0.819721653,0.148891181,0.065817575,0.270922383,0.729939017,0.37113804,0.286146615,0.146648317,0.135783757,1,0.091689456,0.001692541,0.017840191,0.010738373,0.009134184,0.029777844,0.109533425,0.048231941,0.27219916,0.136454514,0.068908261,0.008466604,0.164362708,0.077872523,0.001132505,0.0059323,0.046147712,0.008901476,0.054766059,0.046152789,0.030446766,0.008776124,0.020702086,0.004753256,0.010100234,0.044402527,0.043244388,0.051258655,0.001832933,0.150811232,0.021110681,0.003951731,0.001078307,0.016710393,0.017395285,0.032808612,0.071837903,0.011435206,0.006186369,0.037460886,0.002837312,0,0.023490218,0.000617599,0.000163695,0.011754328,0.007333522,0.005406775,0.001200882,0.006452043,0.000236498,0.003410089,0.003544881,0.38816746,0.015475772,0.003062108,0.007582743,0.013228973,0.088053453,0.099778645,0.020986811,0.00306025,0.002979374,0.021483248,0.000581517,0.000895376,0.000824637,0.004405285,0.001085605,0.049615738,0.034996581,0.013747316,0.044970392,0.003230292,0.029536845,0.003332164,0.012688722,0.003152097
Clostridium_symbiosum_WAL_14163,0.138333446,0.217489045,0.021202036,0.066839983,0.00328263,0.18360373,0.005326299,0.265437074,0.015022372,0.330344953,0.024519172,0.045899399,0.144332576,0.021882358,0.285901093,0.515605791,0.013692602,0.174717364,0.020852326,0.021635132,0.032833383,0.026681902,0.015127277,0.035236682,0.016129689,0.010768997,0.005060395,0.022817257,0.018384805,0.007692611,0.380891424,0.023778589,0.071343298,0.499134486,0.822520299,0.171828428,0.474908425,0.014193843,0.473221804,0.246418628,0.260742043,0.068434496,0.389254258,0.162163994,0.51170473,0.024364863,0.037209511,0.015904418,0.011037007,0.747908583,0.035751434,0.017491767,0.005810975,0.293682788,0.033126943,0.008792405,0.022445045,0.02351656,0.098300291,0.012018228,0.759567946,0.093248433,0.027325871,0.17213575,0.005030478,0.005524429,0.103375347,0.013651751,0.006034778,0.338434407,0.108301042,0.034029445,0.026236628,0.013446104,0.03013298,0.091689456,1,0.01845949,0.194571888,0.11711677,0.09962088,0.324768464,0.772467558,0.336039262,0.024957793,0.640050335,0.696796038,0.092339995,0.513001075,0.702624564,0.012351525,0.064699917,0.503304458,0.097082875,0.124813461,0.503359829,0.332063983,0.095715734,0.225784806,0.051840812,0.11015698,0.484270812,0.471639707,0.559046341,0.019990666,0.018475086,0.230241097,0.043099073,0.011760425,0.182249888,0.189719577,0.357823166,0.708411291,0.12471669,0.06747089,0.408562639,0.030944799,0,0.243302372,0.006735769,0.001785318,0.128197156,0.079982178,0.05896834,0.013097273,0.070368432,0.002579332,0.037191726,0.038661823,0.098642112,0.168784645,0.03339651,0.082700271,0.002315763,0.009301276,0.085660652,0.228890124,0.033376249,0.032494182,0.234304455,0.006342243,0.009765315,0.008993809,0.048045715,0.011840023,0.46840372,0.381685989,0.149933449,0.490464161,0.035230787,0.32214004,0.03634184,0.138388014,0.034377963
Actinobacillus_pleuropneumoniae_sv_7_AP76,0.004233645,0.033402464,0.000391379,0.001438761,6.06E-05,0.003389231,9.83E-05,0.01324367,0.000277305,0.006212306,0.000452611,0.000847279,0.002664306,0.000403937,0.005277588,0.011605351,0.000252758,0.003225193,0.000421105,0.000399373,0.000606087,0.000492534,0.000279242,0.000650451,0.000297746,0.00019879,9.34E-05,0.000421195,0.000339374,0.000142002,0.007031061,0.000438941,0.001316961,0.009213768,0.016714009,0.003171865,0.020243046,0.000262011,0.008735433,0.004896246,0.004813165,0.001263266,0.007185435,0.002993465,0.009445808,0.000449763,0.000686869,0.000293587,0.000203738,0.017308255,0.000659953,0.000322889,0.000107268,0.005421234,0.000792754,0.000162303,0.000414324,0.000434104,0.001814573,0.00022185,0.016861829,0.001721318,0.000504422,0.003177538,9.29E-05,0.000160683,0.001908256,0.000252004,0.000111399,0.006247326,0.001999182,0.000628166,0.000484315,0.000248208,0.000556239,0.001692541,0.01845949,1,0.094872337,0.15761611,0.185297396,0.056838923,0.015452275,0.035091695,0.000460708,0.012403698,0.02456223,0.199907848,0.010297595,0.02173476,0.185234752,0.228464299,0.036676587,0.057353115,0.010924771,0.036672552,0.055590159,0.192857422,0.081757006,0.004675832,0.167574398,0.038118113,0.039138964,0.033019606,0.178492595,0.000580954,0.080174608,0.129259315,0.116659152,0.101286699,0.097298813,0.04515376,0.023560551,0.148011382,0.273591908,0.045181541,0.59652964,0,0.026015202,0.269671596,0.096715461,0.086884306,0.230795036,0.0791938,0.362231064,0.168015866,0.136492885,0.308012906,0.104649792,0.004284604,0.098491902,0.132385769,0.139124909,0.000183533,0.000227787,0.00029573,0.080647821,0.553072625,0.309189222,0.078784203,0.215828772,0.298757676,0.433276267,0.15896316,0.13845552,0.034112978,0.048363027,0.123117889,0.037636776,0.523959049,0.057302686,0.442979552,0.133389367,0.468854381
Actinomyces_odontolyticus_ATCC_17982,0.034723269,0.182676409,0.00412532,0.015165236,0.000638708,0.035724124,0.001036348,0.139594641,0.002922931,0.065480686,0.004770742,0.008930733,0.028083062,0.004257692,0.055628316,0.122325973,0.002664195,0.033995088,0.004438648,0.004209588,0.006388453,0.005191548,0.002943343,0.006856068,0.003138384,0.002095344,0.000984611,0.004439597,0.003577166,0.001496766,0.074110764,0.004626645,0.0138814,0.09711754,0.176173683,0.033432982,0.213371426,0.002761723,0.09207566,0.051608781,0.050733072,0.013315429,0.075737936,0.031552555,0.099563356,0.004740717,0.007239925,0.003094553,0.002147491,0.182437321,0.006956224,0.003403406,0.001130652,0.057142415,0.008356009,0.001710755,0.004367175,0.004575662,0.019126473,0.002338409,0.177731772,0.018143524,0.005316846,0.033492778,0.00097879,0.001693673,0.020113936,0.002656247,0.001174198,0.065849822,0.021072338,0.006621173,0.00510491,0.002616234,0.005863031,0.017840191,0.194571888,0.094872337,1,0.546009188,0.356451016,0.59910955,0.162874398,0.313926717,0.004856085,0.130740935,0.258897707,0.426288212,0.108541596,0.229094807,0.039643254,0.332524485,0.386588844,0.051389271,0.020463741,0.386546318,0.585946981,0.454033201,0.654932189,0.014000192,0.473551799,0.262068539,0.412543485,0.348042504,0.044669996,0.005185333,0.486776179,0.106594278,0.031145068,0.267548878,0.4524864,0.21784875,0.248339524,0.607728963,0.264497623,0.476235147,0.15904044,0,0.230580973,0.034618407,0.009175622,0.212262151,0.238810614,0.114203677,0.067313287,0.361657752,0.013256448,0.185443783,0.198701996,0.035277814,0.376287138,0.171640982,0.074395813,0.00072816,0.001904792,0.002659224,0.813728069,0.171536851,0.165945061,0.74359571,0.032595888,0.049122976,0.046223579,0.160112316,0.033858652,0.338401275,0.509769533,0.465000001,0.396709696,0.16846301,0.603997839,0.132650824,0.501542833,0.144125884
Anaerococcus_hydrogenalis_DSM_7454,0.021165976,0.191869607,0.002483114,0.009128263,0.000384451,0.021503076,0.000623799,0.084024849,0.001759372,0.039414154,0.002871606,0.005375589,0.016903765,0.002562791,0.033483812,0.073630487,0.001603633,0.020462333,0.002671712,0.002533837,0.00384534,0.003124898,0.001771658,0.004126806,0.001889057,0.00126123,0.000592657,0.002672283,0.002153169,0.000900934,0.044608773,0.002784872,0.008355497,0.058457019,0.106042516,0.02012399,0.128432593,0.001662337,0.055422209,0.031064373,0.030537266,0.008014827,0.045588201,0.018992123,0.059929205,0.002853534,0.004357858,0.001862674,0.001292619,0.109812727,0.004187093,0.002048579,0.000680563,0.034395179,0.005029651,0.001029738,0.002628691,0.002754184,0.011512613,0.001407536,0.106980362,0.010920955,0.003200318,0.020159983,0.000589153,0.001019456,0.012106987,0.001598849,0.000706774,0.039636344,0.012683868,0.003985419,0.003072749,0.001574764,0.003529077,0.010738373,0.11711677,0.15761611,0.546009188,1,0.524541074,0.3606162,0.098037407,0.211142553,0.002922976,0.078695623,0.155835786,0.377523391,0.06533339,0.137896815,0.105463333,0.552439393,0.232695673,0.1103741,0.033140058,0.232670076,0.352693383,0.311285883,0.478325016,0.065852451,0.593328444,0.155464953,0.248318298,0.209493849,0.134093063,0.003685879,0.508670133,0.226202201,0.100416236,0.332467532,0.241416728,0.088877223,0.149480601,0.801933904,0.503904282,0.286655603,0.264221758,0,0.085719136,0.057513274,0.015243915,0.162179328,0.306750209,0.190618033,0.111830897,0.600839932,0.022023593,0.317561062,0.129080516,0.027183792,0.159356613,0.139793396,0.151146713,0.000606646,0.001726767,0.008736156,0.511672445,0.284982664,0.227044187,0.499848667,0.054153162,0.083381013,0.076793521,0.236882704,0.101095881,0.21643078,0.306840631,0.226415399,0.23878762,0.300817613,0.363558561,0.285480443,0.250411557,0.293535784
Anaerofustis_stercorihominis_DSM_17244,0.022847837,0.139023407,0.002112165,0.007764607,0.000327018,0.018290765,0.000530611,0.071472509,0.001496542,0.033526136,0.002442621,0.004572539,0.014378538,0.00217994,0.028481718,0.062630944,0.001364069,0.017405498,0.002272589,0.002155311,0.00327089,0.002658075,0.001506993,0.003510309,0.001606854,0.001072817,0.000504121,0.002273075,0.00183151,0.000766345,0.037944739,0.002368844,0.007107282,0.049724217,0.090200992,0.017117699,0.10924625,0.001414003,0.047142773,0.026423715,0.025975352,0.006817505,0.038777852,0.01615492,0.050976475,0.002427249,0.003706844,0.001584412,0.001099516,0.093407977,0.003561589,0.001742545,0.000578894,0.029256938,0.00427828,0.000875907,0.002235995,0.00234274,0.009792762,0.001197266,0.090998734,0.009289491,0.002722227,0.017148315,0.000501141,0.000867161,0.010298343,0.001359999,0.00060119,0.033715133,0.010789045,0.003390043,0.002613716,0.001339513,0.003001874,0.009134184,0.09962088,0.185297396,0.356451016,0.524541074,1,0.306744314,0.083391753,0.189380399,0.002486317,0.066939408,0.132555723,0.538347313,0.055573338,0.117296627,0.123985301,0.445592932,0.197933633,0.228353536,0.057978356,0.19791186,0.300005074,0.44652077,0.441220478,0.204493507,0.744626478,0.205713162,0.211222419,0.178197893,0.20066743,0.003135251,0.388850191,0.432630924,0.118051809,0.54661696,0.414028872,0.156092643,0.127149929,0.408653073,0.677276596,0.219241841,0.310625632,0,0.180962322,0.067614027,0.017921123,0.351746972,0.658592379,0.437935093,0.131471167,0.375220895,0.02589148,0.373332636,0.249164936,0.023122848,0.253878869,0.26944598,0.294808699,0.000855919,0.001252665,0.022127028,0.435234505,0.335032667,0.326178432,0.425177062,0.063663796,0.098024781,0.090280362,0.482285589,0.118850818,0.184098527,0.261002192,0.371419818,0.203115514,0.353648623,0.30924712,0.364801432,0.424653844,0.345087926
Anaerostipes_caccae_DSM_14662,0.064204891,0.347028208,0.006885753,0.018936482,0.001066095,0.059628702,0.001729814,0.233003533,0.004878793,0.109296682,0.007963054,0.014906677,0.046874669,0.0071067,0.092851659,0.204179641,0.004446925,0.05674269,0.007408741,0.007026408,0.010663247,0.00866544,0.004912863,0.011443763,0.005238414,0.003497431,0.001643457,0.007410326,0.005970805,0.002498317,0.123701523,0.007722536,0.023170053,0.162103141,0.294059214,0.055804455,0.356147597,0.004609713,0.153687519,0.085072269,0.084680793,0.022225366,0.126417508,0.052665751,0.166185559,0.007912939,0.012084476,0.005165253,0.003584472,0.304514127,0.011610938,0.005680774,0.001887222,0.095378908,0.01394738,0.002855496,0.007289443,0.007637437,0.031924835,0.003903141,0.270459217,0.03028415,0.008874581,0.055904263,0.001633741,0.002746859,0.033573053,0.004433658,0.001959905,0.109912823,0.035172763,0.011051691,0.008520829,0.004366871,0.009786242,0.029777844,0.324768464,0.056838923,0.59910955,0.3606162,0.306744314,1,0.271860795,0.550203434,0.008105504,0.218225422,0.407209832,0.28432562,0.181171533,0.382392181,0.038031786,0.199218595,0.645272378,0.2989295,0.155407249,0.645201396,0.794990453,0.294719914,0.695217765,0.159623908,0.339186198,0.339359703,0.449128411,0.400056452,0.061553593,0.008592188,0.385852735,0.132707076,0.036211721,0.561168674,0.584168716,0.259718348,0.41451438,0.384017243,0.207750745,0.423248051,0.095282647,0,0.495948085,0.020740218,0.005497203,0.394734004,0.24627446,0.1815704,0.040328033,0.216672613,0.007942064,0.114517664,0.119044263,0.047183811,0.370069187,0.102831751,0.254643786,0.001801676,0.003787361,0.085708099,0.704779403,0.102769366,0.10005338,0.704675578,0.019528507,0.030068544,0.027692988,0.147938362,0.036456813,0.348436956,0.76260547,0.446612542,0.456350746,0.108479705,0.626072278,0.111900765,0.426112845,0.105853759
Bifidobacterium_angulatum_DSM_20098,0.1722227,0.25169491,0.025328229,0.075757709,0.003921473,0.21933542,0.006362867,0.285945064,0.01638102,0.322558192,0.029290923,0.054832023,0.15653628,0.026140951,0.341541188,0.486232735,0.016357361,0.208719651,0.021452375,0.025845611,0.039223189,0.03187455,0.018071243,0.042094201,0.019268738,0.012864784,0.006045214,0.027257794,0.021962729,0.009189694,0.455017881,0.028406214,0.085227637,0.596272591,0.730837312,0.20526849,0.486124624,0.016956151,0.520359031,0.272843944,0.311485857,0.081752745,0.465008232,0.19372323,0.611289169,0.029106584,0.044450968,0.018999625,0.013184953,0.675548973,0.042709132,0.020895894,0.006941867,0.350837302,0.034159038,0.010503523,0.026813145,0.028093191,0.117430815,0.014357132,0.602455515,0.111395799,0.032643843,0.20563562,0.006009475,0.005775516,0.123493542,0.016308561,0.007209224,0.404298173,0.129377842,0.040652021,0.031342619,0.016062892,0.035997252,0.109533425,0.772467558,0.015452275,0.162874398,0.098037407,0.083391753,0.271860795,1,0.361942159,0.029814906,0.6866758,0.62910715,0.077296989,0.578749171,0.692938673,0.010339352,0.054159725,0.421311688,0.081267211,0.162653054,0.421358039,0.277967809,0.08012279,0.189002454,0.043395483,0.092211429,0.405378793,0.394805407,0.467972723,0.016734009,0.01930504,0.192732776,0.036077851,0.009844547,0.152559762,0.158812572,0.299530592,0.655853712,0.104399233,0.056479283,0.342004154,0.025903616,0,0.214457073,0.005638452,0.001494474,0.1073127,0.066952371,0.049361873,0.010963611,0.058904789,0.002159136,0.031132863,0.032363468,0.085417244,0.141288126,0.027955922,0.069227662,0.003036825,0.009788897,0.116504172,0.191601889,0.027938961,0.027200591,0.196134177,0.005309036,0.008174458,0.007528638,0.040218641,0.009911178,0.347944949,0.319505949,0.125507957,0.398028757,0.029491379,0.269660565,0.030421431,0.115843377,0.028777487
Bifidobacterium_animalis_lactis_AD011,0.071455731,0.600030467,0.011153031,0.01909959,0.001726781,0.096582145,0.002801824,0.373816188,0.007902306,0.177030654,0.012897963,0.02414473,0.07592411,0.011510905,0.144915034,0.330715029,0.007202799,0.091907598,0.012000129,0.011380855,0.017271536,0.014035637,0.00795749,0.018535758,0.008484795,0.005664878,0.002661949,0.012002695,0.009671067,0.004046589,0.200362546,0.012508391,0.037529133,0.262562636,0.379326668,0.090387914,0.576861444,0.00746647,0.248931636,0.0823546,0.137159663,0.035998999,0.204761696,0.085304075,0.269175035,0.012816792,0.019573537,0.008366294,0.005805861,0.399723021,0.018806536,0.009201296,0.003056781,0.154487676,0.022590931,0.00462512,0.011806899,0.012370554,0.051709478,0.006322019,0.234643601,0.049052019,0.014374388,0.090549576,0.002646212,0.004248364,0.054379139,0.007181311,0.003174509,0.178028633,0.056970231,0.017900708,0.013801407,0.007073133,0.015851028,0.048231941,0.336039262,0.035091695,0.313926717,0.211142553,0.189380399,0.550203434,0.361942159,1,0.013128694,0.213868861,0.330417559,0.175539356,0.293448203,0.519103203,0.023480386,0.122995261,0.519511419,0.184555623,0.397384468,0.557558575,0.471315545,0.181956673,0.429219423,0.098549958,0.209409643,0.300801444,0.339150407,0.312546782,0.038002478,0.014003836,0.21091912,0.081931817,0.022356699,0.346459061,0.360659022,0.237046446,0.485140845,0.187243308,0.128262912,0.264137184,0.058826406,0,0.487026169,0.012804771,0.003393909,0.243704217,0.152047009,0.112099469,0.024898062,0.13377117,0.004903339,0.070701884,0.073496554,0.040004925,0.303920197,0.063487136,0.157214134,0.003741746,0.006779375,0.234817467,0.388108181,0.06344862,0.061771802,0.41650937,0.012056675,0.018563972,0.017097331,0.091335437,0.022508015,0.231986692,0.459609568,0.285025151,0.296815533,0.066974117,0.429676964,0.069086241,0.263077152,0.065352889
Bifidobacterium_bifidum_NCIMB_41171,0.108820684,0.013191377,0.619581646,0.320211626,0.131527257,0.13593293,0.213412262,0.034787044,0.169858125,0.074160569,0.726449903,0.495866711,0.172918641,0.296714998,0.0872952,0.039697905,0.318139149,0.142846666,0.269352503,0.610927557,0.715745884,0.799290294,0.60611438,0.538532864,0.105369805,0.431488341,0.202758117,0.691789116,0.348850738,0.308224801,0.065524691,0.671233039,0.349826736,0.050002141,0.02756419,0.145248334,0.022758834,0.568713868,0.052740159,0.094094161,0.09571833,0.274341522,0.064116943,0.153904651,0.048773817,0.410157169,0.474132171,0.637252563,0.44222689,0.026617826,0.399848982,0.65436628,0.232832102,0.084982144,0.540259875,0.352290982,0.812922242,0.709207328,0.216518676,0.481542096,0.027322548,0.267648389,0.476307319,0.144989016,0.201559408,0.169922152,0.241428868,0.546993537,0.214411308,0.073744845,0.230448318,0.541355562,0.81058808,0.538753745,0.168307349,0.27219916,0.024957793,0.000460708,0.004856085,0.002922976,0.002486317,0.008105504,0.029814906,0.013128694,1,0.037142804,0.018756771,0.002304602,0.044739391,0.021196835,0.000308267,0.001614767,0.012561368,0.002422974,0.014907275,0.01256275,0.008287584,0.002388853,0.00563509,0.001293832,0.002749275,0.012086331,0.011771086,0.013952563,0.000498923,0.454910567,0.00574631,0.001075658,0.000293514,0.004548555,0.004734982,0.008930477,0.019554217,0.003112653,0.001683925,0.010196822,0.000772314,0,0.006394018,0.00016811,4.46E-05,0.003199518,0.001996179,0.00147172,0.000326879,0.001756241,6.44E-05,0.000928223,0.000964914,0.107526431,0.004212492,0.000833503,0.002064016,0.050312512,0.298034044,0.027159663,0.005712592,0.000832998,0.000810983,0.005847722,0.000158288,0.000243721,0.000224466,0.001199115,0.000295501,0.013505362,0.00952604,0.003742008,0.012240903,0.000879283,0.008039904,0.000907012,0.003453859,0.000857998
Bifidobacterium_breve_DSM_20213,0.245673378,0.137712489,0.031553393,0.106972185,0.004885291,0.273243607,0.00792673,0.196436531,0.015646237,0.278823724,0.036490037,0.068308619,0.143424732,0.032565865,0.425485069,0.39229524,0.020377668,0.260018698,0.020305502,0.032197937,0.048863451,0.039708666,0.022512788,0.0524401,0.024004602,0.016026687,0.007531005,0.033957206,0.027360721,0.011448333,0.566852026,0.035387884,0.10513117,0.494223137,0.564924826,0.255719311,0.32351446,0.021123628,0.433116723,0.384458807,0.388042749,0.101845908,0.534377235,0.241336462,0.507349956,0.036260391,0.055376113,0.023669347,0.016425547,0.516772992,0.053206168,0.026031679,0.008648037,0.437065979,0.031858503,0.013085075,0.033403271,0.034997926,0.146292922,0.017885824,0.552642529,0.138774622,0.040667036,0.256176676,0.007486482,0.00538105,0.153845745,0.020316874,0.008981105,0.503666445,0.161176286,0.050643461,0.039045997,0.020010825,0.044844645,0.136454514,0.640050335,0.012403698,0.130740935,0.078695623,0.066939408,0.218225422,0.6866758,0.213868861,0.037142804,1,0.504990701,0.062047079,0.433843788,0.457937223,0.008299503,0.043474562,0.338191173,0.065234016,0.076554688,0.326106113,0.223127585,0.064315378,0.15171419,0.034833995,0.074019051,0.325401676,0.316914312,0.37564646,0.013432559,0.017768349,0.154708558,0.028960058,0.007902318,0.122461271,0.127480465,0.24043625,0.455191966,0.083802325,0.045336494,0.274530209,0.020793096,0,0.141984647,0.004526043,0.001199629,0.086140995,0.053743348,0.039623277,0.008800602,0.047283473,0.00173316,0.024990665,0.025978485,0.092694386,0.113413415,0.022440502,0.055569748,0.002019903,0.008985114,0.055652125,0.153800783,0.022426888,0.021834191,0.157438897,0.004261617,0.006561721,0.006043314,0.032283912,0.007955803,0.332790816,0.256470672,0.100746513,0.329563244,0.023673029,0.216459275,0.024419592,0.092988656,0.023099981
Bifidobacterium_dentium_ATCC_27678,0.147163723,0.192370915,0.01593417,0.05307874,0.002467027,0.137985481,0.004002925,0.222256756,0.011289908,0.233782247,0.018427129,0.034495218,0.108471652,0.016445459,0.214866004,0.344862107,0.010290533,0.131307025,0.014450018,0.016259659,0.024675588,0.020052507,0.011368748,0.026481763,0.012122101,0.008093328,0.003803088,0.017148073,0.01381691,0.005781302,0.286255002,0.017870552,0.053617316,0.37511935,0.563653967,0.129135874,0.36345349,0.010667236,0.355644942,0.199340432,0.19595798,0.051431237,0.292540004,0.121872669,0.384566387,0.01831116,0.027964422,0.0119528,0.008294748,0.496905894,0.02686862,0.013145756,0.004367178,0.220714255,0.021155572,0.006607841,0.016868341,0.017673627,0.073876565,0.009032175,0.596831214,0.070079894,0.020536475,0.129366839,0.003780604,0.003087682,0.07769067,0.010259832,0.004535375,0.254346871,0.081392526,0.025574477,0.019717866,0.01010528,0.022646129,0.068908261,0.696796038,0.02456223,0.258897707,0.155835786,0.132555723,0.407209832,0.62910715,0.330417559,0.018756771,0.504990701,1,0.122867764,0.419245103,0.653174283,0.016434961,0.086089827,0.516565311,0.129178649,0.089416412,0.563273893,0.441844937,0.127359529,0.300429671,0.068979478,0.146575078,0.644371619,0.55465608,0.656780262,0.026599616,0.009741765,0.269122902,0.057347705,0.015648443,0.229605367,0.252441212,0.476120153,0.591578117,0.165948254,0.089776889,0.305892953,0.041175205,0,0.216420813,0.008962626,0.002375547,0.170579368,0.106424431,0.07846338,0.017427256,0.093632363,0.003432064,0.049487378,0.051443491,0.05470008,0.224585154,0.044437456,0.110041131,0.001662238,0.004457612,0.056405309,0.304561614,0.044410497,0.043236818,0.311765932,0.008439001,0.012993746,0.011967179,0.063929715,0.015754356,0.273243192,0.439525189,0.199501718,0.331357487,0.046878149,0.428640121,0.048356518,0.184139342,0.04574338
Bifidobacterium_gallicum_DSM_20093,0.021177982,0.076695406,0.001957796,0.007197123,0.000303118,0.016953968,0.00049183,0.066248874,0.001387166,0.031075847,0.0022641,0.00423835,0.013327669,0.002020617,0.026400106,0.058053503,0.001264375,0.016133401,0.002106495,0.001997788,0.003031834,0.002463807,0.001396853,0.003253755,0.001489415,0.000994409,0.000467277,0.002106945,0.001697653,0.000710336,0.035171512,0.002195715,0.00658784,0.046090076,0.083608568,0.015866636,0.101261886,0.001310659,0.043697299,0.024492513,0.024076919,0.006319241,0.035943736,0.014974222,0.047250812,0.002249851,0.003435926,0.001468614,0.001019157,0.086581168,0.003301287,0.00161519,0.000536585,0.027118667,0.003965597,0.000811891,0.002072575,0.002171519,0.009077048,0.001109763,0.084348007,0.00861056,0.002523271,0.015895014,0.000464514,0.000803784,0.009545679,0.001260603,0.000557251,0.031251031,0.010000518,0.003142279,0.00242269,0.001241613,0.002782479,0.008466604,0.092339995,0.199907848,0.426288212,0.377523391,0.538347313,0.28432562,0.077296989,0.175539356,0.002304602,0.062047079,0.122867764,1,0.051511709,0.108723894,0.133761376,0.27561925,0.183467469,0.123640639,0.033675923,0.183447287,0.278078924,0.832989573,0.408973468,0.074447255,0.623097314,0.190678423,0.195785032,0.165174134,0.163227998,0.002906108,0.272103561,0.278243919,0.127360036,0.337457107,0.486718327,0.194353224,0.117857058,0.28667825,0.462208389,0.226011843,0.335118047,0,0.224762071,0.072945302,0.01933418,0.400825776,0.527579664,0.274357585,0.141837492,0.222936458,0.027932989,0.355892742,0.418689892,0.019306997,0.393860992,0.361668959,0.172777033,0.000762632,0.000688646,0.008534386,0.403424985,0.361449543,0.351897165,0.3941026,0.068683601,0.105753904,0.097398848,0.39947632,0.128222045,0.170643514,0.241926604,0.528691903,0.188270627,0.381533344,0.286645506,0.353828052,0.590436609,0.372297647
Blautia_hydrogenotrophica_DSM_10507,0.133812403,0.294849269,0.038006813,0.064663001,0.005884449,0.260405384,0.009547935,0.665381412,0.026735812,0.441705697,0.043953117,0.082279357,0.257785923,0.03922636,0.276862765,0.592924294,0.024545386,0.313198708,0.037133266,0.038783181,0.058857189,0.047830033,0.027117188,0.063165348,0.028914115,0.019304526,0.009071275,0.040902262,0.032956639,0.01378979,0.440946238,0.042625548,0.127890143,0.553974661,0.49651504,0.308019995,0.508697896,0.025443912,0.639982962,0.209805245,0.350857909,0.12267582,0.539962871,0.29069551,0.452925502,0.043676504,0.066701845,0.028510292,0.019784962,0.460929226,0.064088095,0.031355777,0.010416766,0.418679069,0.063462747,0.015761284,0.040235034,0.042155834,0.176213305,0.0215439,0.41799049,0.10750069,0.048984412,0.308570901,0.009017645,0.011745589,0.18531086,0.024472158,0.010817955,0.483201948,0.194140671,0.061001253,0.047031833,0.024103515,0.054016442,0.164362708,0.513001075,0.010297595,0.108541596,0.06533339,0.055573338,0.181171533,0.578749171,0.293448203,0.044739391,0.433843788,0.419245103,0.051511709,1,0.473784618,0.006890277,0.036092738,0.280767533,0.054157516,0.333202463,0.280798421,0.185241326,0.053394859,0.125953669,0.028919308,0.061450884,0.270149646,0.263103406,0.311863047,0.011151759,0.040687489,0.128439603,0.024042744,0.006560533,0.101667789,0.105834742,0.199611042,0.437069356,0.069572993,0.037638521,0.227915971,0.017262503,0,0.142916954,0.003757537,0.000995937,0.071514565,0.044617922,0.032895388,0.007306292,0.03925491,0.001438876,0.020747341,0.021567432,0.074589051,0.094156226,0.018630186,0.046134205,0.009921127,0.021652716,0.481075347,0.127685965,0.018618884,0.018126824,0.13070634,0.00353801,0.005447564,0.005017181,0.02680222,0.006604937,0.231348883,0.212922877,0.083640118,0.259350052,0.019653434,0.179705272,0.020273233,0.077199517,0.019177688
Butyrivibrio_fibrisolvens_16_4,0.121554683,0.352630765,0.018007043,0.04824949,0.002787962,0.155935985,0.004523665,0.355485673,0.01275861,0.285823528,0.020824311,0.038982694,0.122582708,0.018584846,0.242817881,0.503789026,0.011629226,0.14838873,0.019374719,0.018374875,0.027885631,0.022661134,0.012847707,0.02992677,0.013699063,0.009146187,0.00429783,0.019378863,0.015614349,0.00653339,0.323493861,0.020195329,0.060592382,0.423918555,0.735088092,0.145935136,0.599674517,0.012054934,0.401910725,0.180469667,0.221450116,0.058121916,0.330596477,0.137727061,0.434594555,0.020693256,0.031602308,0.013507738,0.009373811,0.724893091,0.030363954,0.014855885,0.004935304,0.249426931,0.030520561,0.007467454,0.01906274,0.019972786,0.083487154,0.010207169,0.546956388,0.079196574,0.023208061,0.146196146,0.004272422,0.004973568,0.087797435,0.011594532,0.005125381,0.287434807,0.091980864,0.028901456,0.022282959,0.011419874,0.025592159,0.077872523,0.702624564,0.02173476,0.229094807,0.137896815,0.117296627,0.382392181,0.692938673,0.519103203,0.021196835,0.457937223,0.653174283,0.108723894,0.473784618,1,0.014543058,0.076179633,0.592605842,0.114308303,0.222608343,0.592671038,0.390982144,0.112698591,0.265845837,0.061038934,0.12970215,0.54849784,0.55532281,0.658238015,0.023537613,0.016533476,0.271092809,0.050746148,0.013847079,0.214586513,0.223381549,0.421311783,0.83949416,0.146845191,0.07944226,0.364279046,0.036435339,0,0.301649629,0.007930897,0.002102087,0.150943197,0.094173428,0.069431101,0.015421124,0.082853913,0.003036983,0.043790659,0.045521595,0.067592257,0.19873213,0.039322058,0.097373793,0.003173266,0.008211315,0.148768776,0.269502133,0.039298202,0.03825963,0.275877129,0.007467549,0.011497976,0.010589582,0.056570473,0.0139408,0.325612958,0.44940859,0.176536162,0.386167463,0.041481791,0.379297395,0.042789978,0.16294222,0.04047765
Campylobacter_concisus_13826,0.002832796,0.023368812,0.000261877,0.000962697,4.05E-05,0.002267786,6.58E-05,0.008861541,0.000185549,0.004156748,0.000302849,0.000566928,0.001782727,0.00027028,0.003531314,0.007765316,0.000169125,0.002158026,0.000281768,0.000267227,0.000405542,0.000329562,0.000186845,0.000435227,0.000199226,0.000133014,6.25E-05,0.000281828,0.00022708,9.50E-05,0.00470459,0.000293702,0.000881199,0.006165072,0.011183597,0.002122343,0.013544929,0.000175316,0.005845011,0.003276152,0.003220562,0.00084527,0.004807884,0.002002973,0.006320334,0.000300943,0.000459594,0.000196444,0.000136324,0.011581216,0.000441585,0.00021605,7.18E-05,0.00362743,0.000530444,0.0001086,0.000277231,0.000290465,0.001214158,0.000148443,0.011282505,0.00115176,0.000337516,0.002126139,6.21E-05,0.000107515,0.001276843,0.00016862,7.45E-05,0.004180181,0.001337683,0.000420316,0.000324062,0.00016608,0.000372188,0.001132505,0.012351525,0.185234752,0.039643254,0.105463333,0.123985301,0.038031786,0.010339352,0.023480386,0.000308267,0.008299503,0.016434961,0.133761376,0.006890277,0.014543058,1,0.090545288,0.024540861,0.105465112,0.018081243,0.024538162,0.03719622,0.129043829,0.054704854,0.139597861,0.112126574,0.025505408,0.026188475,0.022093919,0.447372721,0.000388725,0.053646047,0.253652744,0.692612576,0.067772468,0.065104113,0.034518516,0.015764722,0.095198533,0.1830645,0.030231655,0.131217046,0,0.043266478,0.29828709,0.14454232,0.096347885,0.154428462,0.160335172,0.275272641,0.031119871,0.188807629,0.160032242,0.041833086,0.002866893,0.073179197,0.062704502,0.149352893,0.000122805,0.000180086,0.007196224,0.053962681,0.155246211,0.219337127,0.052715706,0.498964205,0.558614547,0.3479599,0.257078594,0.749004937,0.022825511,0.032360435,0.082380049,0.025183338,0.265723409,0.038342097,0.339870654,0.089252851,0.359286118
Campylobacter_hominis_ATCC_BAA_381,0.014838789,0.122410811,0.00137177,0.005042812,0.000212386,0.011879146,0.000344611,0.046418636,0.000971946,0.021773931,0.001586388,0.002969687,0.009338306,0.001415787,0.018497777,0.040676381,0.00088591,0.011304199,0.001475959,0.001399791,0.002124317,0.001726317,0.000978734,0.00227981,0.00104359,0.000696753,0.000327407,0.001476275,0.001189495,0.000497711,0.024643644,0.001538473,0.004615905,0.03229396,0.058582063,0.011117285,0.070951224,0.00091834,0.030617411,0.017161183,0.016869989,0.004427706,0.025184718,0.010491997,0.033107254,0.001576405,0.002407452,0.001029014,0.000714093,0.060664876,0.002313115,0.001131716,0.00037597,0.019001252,0.002778577,0.000568868,0.001452193,0.00152152,0.006360021,0.000777578,0.059100166,0.006033166,0.001767982,0.011137169,0.000325472,0.000563188,0.006688376,0.000883267,0.00039045,0.021896678,0.007007068,0.002201702,0.001697508,0.000869962,0.001949601,0.0059323,0.064699917,0.228464299,0.332524485,0.552439393,0.445592932,0.199218595,0.054159725,0.122995261,0.001614767,0.043474562,0.086089827,0.27561925,0.036092738,0.076179633,0.090545288,1,0.128550256,0.03094092,0.007982462,0.128536115,0.194841718,0.216679517,0.286555673,0.016655687,0.53188121,0.115846988,0.13718081,0.115732655,0.054956082,0.002036225,0.281009419,0.055150589,0.059319543,0.258822599,0.163482782,0.036412877,0.082578972,0.518775129,0.513006883,0.158359847,0.405260801,0,0.017606926,0.071303344,0.027593823,0.056476481,0.182664274,0.035763065,0.084706418,0.809634291,0.039866079,0.517851803,0.023949409,0.015017397,0.070500478,0.03229098,0.080194981,0.000369047,0.001083628,0.001658768,0.282668015,0.349531987,0.122693593,0.276136094,0.091992359,0.121624805,0.124814965,0.073404163,0.073899291,0.119564889,0.169510852,0.134108574,0.131915688,0.299620416,0.200844071,0.179979203,0.154952815,0.184800574
Candidatus_Sulcia_muelleri_GWSS,0.079824626,0.304988268,0.010671079,0.031062788,0.001652162,0.092408576,0.00268075,0.325617545,0.007560827,0.169380693,0.012340608,0.023101372,0.072643229,0.011013488,0.143895295,0.316423961,0.006891548,0.087936028,0.011481572,0.010889058,0.016525188,0.01342912,0.007613626,0.017734779,0.008118145,0.005420084,0.002546919,0.011484027,0.009253154,0.003871725,0.191704352,0.01196787,0.0359074,0.251216612,0.455713314,0.086482014,0.55193374,0.007143824,0.238174644,0.126020201,0.131232632,0.034443387,0.195913403,0.081617861,0.257543272,0.012262944,0.018727713,0.008004764,0.005554975,0.471915639,0.017993856,0.008803684,0.00292469,0.147811856,0.021614717,0.004425257,0.011296691,0.01183599,0.049474975,0.006048828,0.403470064,0.046932352,0.013753233,0.08663669,0.002531862,0.00375653,0.052029273,0.006870987,0.003037331,0.170335546,0.054508397,0.017127171,0.013205012,0.006767484,0.015166063,0.046147712,0.503304458,0.036676587,0.386588844,0.232695673,0.197933633,0.645272378,0.421311688,0.519511419,0.012561368,0.338191173,0.516565311,0.183467469,0.280767533,0.592605842,0.024540861,0.128550256,1,0.192890949,0.152146718,0.837533018,0.659767618,0.19017462,0.44860482,0.103000899,0.218867484,0.371089065,0.689956457,0.623548129,0.039718834,0.012220527,0.457458888,0.085632211,0.023366424,0.362106644,0.376947937,0.308512687,0.64238668,0.247795719,0.134055817,0.522646347,0.06148326,0,0.392105719,0.01338309,0.003547193,0.254710949,0.158914107,0.117162364,0.026022566,0.139812852,0.005124795,0.073895085,0.076815975,0.067364211,0.335352971,0.066354489,0.164314601,0.002010192,0.005797948,0.091085127,0.454774681,0.066314233,0.064561682,0.465532247,0.012601206,0.019402401,0.01786952,0.095460539,0.023524574,0.439075223,0.758360041,0.297898114,0.544568083,0.069998957,0.640050044,0.072206473,0.274958849,0.068304507
Citrobacter_koseri_ATCC_BAA_895,0.022265751,0.171067773,0.002058355,0.003267896,0.000318687,0.017824778,0.000517092,0.06965163,0.001458415,0.032672003,0.002380392,0.004456046,0.014012221,0.002124402,0.0277561,0.061035318,0.001329317,0.016962064,0.002214691,0.002100401,0.003187559,0.002590356,0.0014686,0.003420878,0.001565917,0.001045485,0.000491278,0.002215165,0.00178485,0.000746821,0.036978034,0.002308494,0.006926212,0.048457411,0.087902974,0.016681598,0.106463023,0.001377979,0.045941733,0.025750528,0.025313587,0.006643818,0.037789922,0.015743347,0.049677766,0.002365411,0.003612406,0.001544047,0.001071504,0.091028256,0.003470852,0.001698151,0.000564146,0.028511569,0.004169283,0.000853592,0.00217903,0.002283055,0.009543275,0.001166764,0.088680392,0.009052826,0.002652874,0.016711433,0.000488373,0.000845069,0.010035976,0.001325351,0.000585874,0.032856185,0.010514176,0.003303676,0.002547127,0.001305386,0.002925396,0.008901476,0.097082875,0.057353115,0.051389271,0.1103741,0.228353536,0.2989295,0.081267211,0.184555623,0.002422974,0.065234016,0.129178649,0.123640639,0.054157516,0.114308303,0.105465112,0.03094092,0.192890949,1,0.162536361,0.192869731,0.259934582,0.111409934,0.295711077,0.533985132,0.146507609,0.10791324,0.084805049,0.08280019,0.205913412,0.003055376,0.098319777,0.325954755,0.121137998,0.532690997,0.319766096,0.082103583,0.123910576,0.089816635,0.195541207,0.059347001,0.056461255,0,0.378943955,0.068316817,0.005956584,0.616729435,0.304303982,0.426423702,0.110610051,0.003508384,0.026568352,0.038064082,0.082319307,0.015953338,0.111014933,0.091842142,0.742581734,0.000965246,0.001508881,0.078456488,0.173836457,0.106063612,0.125337375,0.140410712,0.050408791,0.059659947,0.047234876,0.247749638,0.090808492,0.087950971,0.254352734,0.137208336,0.111115261,0.141035424,0.125369806,0.214375321,0.153274015,0.177242923
Citrobacter_sp_30_2,0.028761781,0.608256322,0.012663964,0.003267521,0.001960713,0.109666402,0.003181395,0.428529524,0.008972854,0.201013498,0.014645287,0.027415684,0.086209764,0.01307032,0.079822836,0.375517931,0.008178583,0.104358581,0.01362582,0.012922652,0.01961136,0.015937085,0.009035514,0.02104685,0.009634254,0.006432316,0.003022571,0.013628735,0.010981233,0.004594792,0.186942844,0.014202938,0.04261331,0.243256028,0.165630535,0.102633021,0.457212086,0.008477974,0.28265511,0.02832588,0.155741071,0.040875885,0.232501343,0.09686046,0.145261165,0.014553119,0.022225219,0.009499699,0.006592398,0.175333948,0.021354311,0.010447822,0.003470892,0.175416559,0.025651389,0.005251699,0.013406413,0.014046428,0.058714707,0.007178481,0.063777686,0.03383787,0.016321727,0.102816584,0.003004702,0.005199259,0.061746035,0.008154183,0.003604569,0.202146676,0.06468815,0.020325768,0.015671122,0.00803135,0.017998411,0.054766059,0.124813461,0.010924771,0.020463741,0.033140058,0.057978356,0.155407249,0.162653054,0.397384468,0.014907275,0.076554688,0.089416412,0.033675923,0.333202463,0.222608343,0.018081243,0.007982462,0.152146718,0.162536361,1,0.172471133,0.10743623,0.031173882,0.100712468,0.086792,0.04137293,0.05692203,0.045054732,0.046894837,0.033468417,0.018798104,0.038821581,0.059711981,0.019689329,0.179423932,0.099333945,0.039325989,0.190746253,0.02801007,0.04380634,0.030691075,0.011641171,0,0.281747282,0.011277039,0.001625933,0.137257353,0.067683741,0.078714292,0.018964355,0.001458673,0.004318323,0.008440642,0.018516642,0.014644114,0.038203845,0.019746327,0.12769425,0.005938645,0.010181118,0.531317576,0.064278106,0.020987964,0.026161552,0.053759367,0.008942801,0.010659446,0.008603223,0.049504698,0.01576622,0.049039289,0.149057187,0.043905469,0.058771697,0.028344943,0.055477478,0.041379628,0.046842208,0.03509447
Clostridium_difficile_630,0.086569529,0.332892787,0.010672253,0.029747821,0.001652344,0.092418742,0.002681045,0.300250729,0.007561659,0.169399327,0.012341966,0.023103914,0.072651221,0.0110147,0.143911125,0.316458772,0.006892306,0.087945703,0.011482835,0.010890256,0.016527006,0.013430598,0.007614464,0.01773673,0.008119038,0.00542068,0.0025472,0.011485291,0.009254172,0.003872151,0.191725442,0.011969187,0.03591135,0.25124425,0.455763449,0.086491528,0.531896806,0.00714461,0.238200846,0.12114059,0.13124707,0.034447176,0.195934957,0.08162684,0.257571606,0.012264293,0.018729773,0.008005645,0.005555586,0.471967557,0.017995836,0.008804653,0.002925012,0.147828118,0.021617095,0.004425744,0.011297934,0.011837292,0.049480418,0.006049493,0.383390306,0.046937515,0.013754746,0.086646222,0.002532141,0.003512903,0.052034997,0.006871743,0.003037665,0.170354285,0.054514394,0.017129056,0.013206464,0.006768229,0.015167732,0.046152789,0.503359829,0.036672552,0.386546318,0.232670076,0.19791186,0.645201396,0.421358039,0.557558575,0.01256275,0.326106113,0.563273893,0.183447287,0.280798421,0.592671038,0.024538162,0.128536115,0.837533018,0.192869731,0.172471133,1,0.659695041,0.1901537,0.448555472,0.102989569,0.218843408,0.426433183,0.659678682,0.587680138,0.039714464,0.011335416,0.387738053,0.085622791,0.023363853,0.362066812,0.376906471,0.366547161,0.642457352,0.247768461,0.134041071,0.417348906,0.061476497,0,0.435657782,0.013381618,0.003546803,0.25468293,0.158896626,0.117149476,0.026019703,0.139797472,0.005124231,0.073886956,0.076807525,0.056935945,0.335316081,0.066347189,0.164296526,0.002174778,0.005311663,0.103615924,0.454724654,0.066306938,0.06455458,0.465481037,0.01259982,0.019400267,0.017867554,0.095450038,0.023521986,0.355955366,0.682672039,0.297865344,0.44466698,0.069991257,0.639979637,0.07219853,0.274928602,0.068296993
Clostridium_hylemonae_DSM_15053,0.057601399,0.275665523,0.007040432,0.022182542,0.001090043,0.060968186,0.001768672,0.238237667,0.004988389,0.111751896,0.008141934,0.015241537,0.04792765,0.007266343,0.094937456,0.208766283,0.00454682,0.058017344,0.007575169,0.007184248,0.010902784,0.008860099,0.005023224,0.011700833,0.005356089,0.003575996,0.001680375,0.007576789,0.006104932,0.002554439,0.126480323,0.007896013,0.02369054,0.165744586,0.300664887,0.057058032,0.364148009,0.004713264,0.157139917,0.088077561,0.086583041,0.022724631,0.129257319,0.053848822,0.169918711,0.008090693,0.012355938,0.005281284,0.003664993,0.311354657,0.011871764,0.005808386,0.001929616,0.097521476,0.014260691,0.002919641,0.007453191,0.007809003,0.032641986,0.003990821,0.303323983,0.030964446,0.009073937,0.057160083,0.001670441,0.002751259,0.034327229,0.004533255,0.002003932,0.112381877,0.035962875,0.011299953,0.008712239,0.004464967,0.010006077,0.030446766,0.332063983,0.055590159,0.585946981,0.352693383,0.300005074,0.794990453,0.277967809,0.471315545,0.008287584,0.223127585,0.441844937,0.278078924,0.185241326,0.390982144,0.03719622,0.194841718,0.659767618,0.259934582,0.10743623,0.659695041,1,0.288244853,0.679943678,0.156116936,0.331734202,0.350265761,0.558422933,0.491623953,0.060201247,0.008606826,0.505936052,0.129791473,0.035416142,0.426688572,0.571334401,0.271951836,0.423825929,0.375580299,0.203186416,0.517174351,0.093189266,0,0.369588919,0.020284551,0.005376428,0.386061611,0.240863756,0.177581259,0.039442017,0.211912268,0.007767575,0.112001685,0.116428834,0.055294257,0.388301113,0.100572515,0.249049206,0.001464891,0.00379601,0.05786013,0.689295244,0.1005115,0.097855185,0.705600327,0.019099462,0.029407932,0.027084567,0.144688124,0.035655848,0.419689715,0.751221589,0.451519756,0.544109454,0.106096382,0.710903796,0.109442281,0.416751052,0.103528129
Clostridium_perfringens_ATCC_13124,0.0219522,0.063634111,0.002029368,0.007460233,0.000314199,0.017573766,0.000509811,0.068670781,0.001437877,0.032211909,0.00234687,0.004393295,0.013814898,0.002094486,0.027365233,0.060175806,0.001310597,0.016723201,0.002183504,0.002070822,0.003142671,0.002553878,0.001447918,0.003372705,0.001543865,0.001030762,0.000484359,0.002183971,0.001759715,0.000736304,0.036457302,0.002275985,0.006828676,0.047775024,0.086665106,0.016446684,0.104963789,0.001358574,0.045294772,0.025387904,0.024957116,0.006550258,0.037257757,0.015521646,0.048978194,0.002332101,0.003561536,0.001522303,0.001056415,0.089746377,0.003421975,0.001674237,0.000556202,0.028110064,0.004110571,0.000841572,0.002148344,0.002250905,0.009408885,0.001150334,0.087431577,0.008925342,0.002615516,0.0164761,0.000481496,0.000833168,0.009894647,0.001306687,0.000577623,0.032393498,0.010366114,0.003257153,0.002511258,0.001287004,0.0028842,0.008776124,0.095715734,0.192857422,0.454033201,0.311285883,0.44652077,0.294719914,0.08012279,0.181956673,0.002388853,0.064315378,0.127359529,0.832989573,0.053394859,0.112698591,0.129043829,0.216679517,0.19017462,0.111409934,0.031173882,0.1901537,0.288244853,1,0.423924602,0.060922926,0.524817072,0.19764919,0.202942484,0.171212522,0.140407626,0.002767283,0.235452742,0.252280062,0.117531019,0.28948954,0.504511635,0.2206771,0.122165643,0.242336792,0.365015455,0.234274319,0.317936784,0,0.260375554,0.07037264,0.018652294,0.379400905,0.492762601,0.251230725,0.136835114,0.171375013,0.026947837,0.274638046,0.403923378,0.017671588,0.453486457,0.348913481,0.15745327,0.000694174,0.000569067,0.007208506,0.418173279,0.348701804,0.339486322,0.408510089,0.066261242,0.102024135,0.093963748,0.366481714,0.123595204,0.176881851,0.250770887,0.604275476,0.19515337,0.368077281,0.29712461,0.321330678,0.675646157,0.352583282
Clostridium_phytofermentans_ISDg,0.047424027,0.248551233,0.004787098,0.015099565,0.000741168,0.041454933,0.001202597,0.161988195,0.003391823,0.075984995,0.005536056,0.010363387,0.032588103,0.004940704,0.064552123,0.141949314,0.003091581,0.039448526,0.005150688,0.004884884,0.007413279,0.006024368,0.003415509,0.007955907,0.003641839,0.002431476,0.00114256,0.00515179,0.00415101,0.001736875,0.085999496,0.005368844,0.016108233,0.112696983,0.204435189,0.038796248,0.247600136,0.003204754,0.106846293,0.059887781,0.058871591,0.01545147,0.087887697,0.036614166,0.115535153,0.005501216,0.008401342,0.003590976,0.002491989,0.211703631,0.008072131,0.003949375,0.00131203,0.066309111,0.009696466,0.001985192,0.00506775,0.005309682,0.022194712,0.002713533,0.206243225,0.021054079,0.006169766,0.038865637,0.001135805,0.001965369,0.023340583,0.003082358,0.001362561,0.076413347,0.02445273,0.007683332,0.005923832,0.003035926,0.006803569,0.020702086,0.225784806,0.081757006,0.654932189,0.478325016,0.441220478,0.695217765,0.189002454,0.429219423,0.00563509,0.15171419,0.300429671,0.408973468,0.125953669,0.265845837,0.054704854,0.286555673,0.44860482,0.295711077,0.100712468,0.448555472,0.679943678,0.423924602,1,0.229602747,0.487884825,0.336285796,0.392438896,0.347213369,0.088538579,0.006313589,0.401126216,0.190885623,0.052086876,0.516484051,0.694588971,0.24389906,0.288177761,0.407389383,0.298828303,0.397484018,0.13705439,0,0.425611477,0.029832693,0.007907166,0.487094595,0.354240747,0.261170542,0.058007771,0.311661502,0.011423851,0.164722004,0.171233057,0.042485858,0.372151316,0.147913008,0.342085129,0.001318706,0.002527344,0.050218897,0.78793453,0.147823273,0.143916604,0.721962431,0.028089771,0.043250541,0.039833545,0.212794278,0.052439415,0.352253433,0.591545963,0.47073431,0.417211003,0.156037015,0.56943168,0.160957862,0.513857278,0.15225986
Clostridium_ramosum_VPI_0427_DSM_1402,0.01188958,0.098081668,0.001099131,0.002432084,0.000170174,0.009518166,0.00027612,0.037192935,0.000778772,0.017446364,0.001271094,0.002379462,0.007482318,0.001134399,0.014821345,0.032591952,0.000709836,0.00905749,0.001182612,0.001121583,0.001702109,0.001383211,0.00078421,0.001826698,0.000836176,0.000558274,0.000262335,0.001182865,0.000953083,0.000398791,0.019745721,0.001232701,0.003698494,0.025875537,0.046938881,0.008907725,0.056849671,0.00073582,0.024532202,0.013750399,0.013517079,0.0035477,0.020179257,0.008406713,0.026527189,0.001263094,0.001928971,0.000824498,0.000572167,0.048607735,0.001853383,0.000906787,0.000301246,0.015224754,0.002226335,0.000455805,0.001163569,0.001219118,0.005095967,0.000623035,0.047354011,0.004834074,0.001416595,0.008923657,0.000260784,0.000451254,0.005359062,0.000707718,0.000312848,0.017544714,0.005614414,0.001764114,0.001360128,0.000697057,0.001562118,0.004753256,0.051840812,0.004675832,0.014000192,0.065852451,0.204493507,0.159623908,0.043395483,0.098549958,0.001293832,0.034833995,0.068979478,0.074447255,0.028919308,0.061038934,0.139597861,0.016655687,0.103000899,0.533985132,0.086792,0.102989569,0.156116936,0.060922926,0.229602747,1,0.106779665,0.093347536,0.068603304,0.068793518,0.246786516,0.001631525,0.069977216,0.330946399,0.163350329,0.284449072,0.273249669,0.061301317,0.066166405,0.043908693,0.155553936,0.039451539,0.006493372,0,0.202350438,0.030099558,0,0.404383476,0.300471522,0.488850206,0.015721118,0,0.007027159,0.0512218,0.000627705,0.01203269,0.076680887,0.002691205,0.626851771,0.000515427,0.000901174,0.047638008,0.153799811,0.019829314,0.044316388,0.116895261,0.040537844,0.062059645,0.01708533,0.219267882,0.153668316,0.073774552,0.135820578,0.103653029,0.096891946,0.067441243,0.106022793,0.168258104,0.120396169,0.115674592
Clostridium_sp_7_2_43FAA,0.02526427,0.136368226,0.002335552,0.008585807,0.000361605,0.020225233,0.000586729,0.079031582,0.001654819,0.037071926,0.002700958,0.005056139,0.015899241,0.002410494,0.031494001,0.069254916,0.001508336,0.019246337,0.002512943,0.002383261,0.003616826,0.002939198,0.001666375,0.003881566,0.001776798,0.00118628,0.000557438,0.00251348,0.002025215,0.000847395,0.041957849,0.002619378,0.007858962,0.054983148,0.099740827,0.018928101,0.120800349,0.001563551,0.052128685,0.029218339,0.028722556,0.007538537,0.042879074,0.017863496,0.056367848,0.00268396,0.004098887,0.001751983,0.001215803,0.103286989,0.00393827,0.00192684,0.00064012,0.032351209,0.004730759,0.000968545,0.002472478,0.002590513,0.010828463,0.001323892,0.10062294,0.010271966,0.003010135,0.018961954,0.000554142,0.000958874,0.011387516,0.001503836,0.000664773,0.037280912,0.011930116,0.003748581,0.002890148,0.001481182,0.003319358,0.010100234,0.11015698,0.167574398,0.473551799,0.593328444,0.744626478,0.339186198,0.092211429,0.209409643,0.002749275,0.074019051,0.146575078,0.623097314,0.061450884,0.12970215,0.112126574,0.53188121,0.218867484,0.146507609,0.04137293,0.218843408,0.331734202,0.524817072,0.487884825,0.106779665,1,0.218118487,0.233561718,0.197044453,0.181474346,0.003466842,0.424389542,0.297295245,0.106760598,0.45735682,0.39683819,0.159255896,0.140597557,0.470424989,0.606200743,0.269620788,0.280915459,0,0.176640411,0.061147,0.016207035,0.334591516,0.521292826,0.291911174,0.118896445,0.454867271,0.023415058,0.337624775,0.344636224,0.025568366,0.302737299,0.30317198,0.194674953,0.000850397,0.001252014,0.013214263,0.481265764,0.302988053,0.294980693,0.470144626,0.057574594,0.08864908,0.081645385,0.40635928,0.107483184,0.20356915,0.288606299,0.403885523,0.224597411,0.319823464,0.341953705,0.329909548,0.446267919,0.312081565
Clostridium_spiroforme_DSM_1552,0.111066483,0.113297447,0.010267527,0.036571884,0.001589682,0.088913928,0.002579371,0.139546285,0.007274896,0.162975162,0.011873919,0.022227739,0.069896054,0.010596987,0.138453555,0.269494967,0.006630927,0.08461052,0.010833177,0.010477263,0.015900249,0.012921267,0.007325699,0.017064096,0.007811138,0.005215111,0.002450602,0.011049732,0.008903224,0.003725307,0.184454599,0.011515277,0.034549477,0.241716263,0.43847944,0.083211493,0.25455642,0.006873664,0.229167507,0.128449317,0.126269761,0.033140829,0.188504476,0.078531289,0.247803665,0.011799192,0.01801948,0.007702045,0.0053449,0.400381961,0.017313376,0.008470752,0.002814086,0.142222002,0.014418436,0.004257905,0.01086948,0.011388384,0.047603962,0.005820077,0.442357374,0.045157495,0.013233122,0.08336032,0.002436114,0.001700184,0.050061663,0.006611145,0.002922467,0.163893905,0.052447034,0.016479467,0.012705633,0.006511556,0.014592523,0.044402527,0.484270812,0.038118113,0.262068539,0.155464953,0.205713162,0.339359703,0.405378793,0.300801444,0.012086331,0.325401676,0.644371619,0.190678423,0.270149646,0.54849784,0.025505408,0.115846988,0.371089065,0.10791324,0.05692203,0.426433183,0.350265761,0.19764919,0.336285796,0.093347536,0.218118487,1,0.52412815,0.652270433,0.041279932,0.004786614,0.163718051,0.088997875,0.024284811,0.223842927,0.355749179,0.738890631,0.478730795,0.132866526,0.13932471,0.225140571,0.063899781,0,0.206691098,0.013909095,0.003686611,0.192540282,0.165160022,0.121767281,0.027045349,0.105045566,0.005326218,0.076799437,0.079835128,0.030577818,0.348533591,0.068962467,0.12182254,0.0011461,0.001700798,0.029980559,0.337272588,0.068920629,0.067099197,0.365559416,0.013096481,0.020164988,0.018571859,0.099212493,0.024449177,0.198376717,0.273312222,0.309606618,0.257045509,0.072750176,0.454925904,0.075044456,0.285765755,0.070989128
Collinsella_intestinalis_DSM_13280,0.075839699,0.165326422,0.009999722,0.036570235,0.001548219,0.08659481,0.002512094,0.239734887,0.007085147,0.158724325,0.011564215,0.021647979,0.068072974,0.010320589,0.134842308,0.296516556,0.006457975,0.082403647,0.010759223,0.010203987,0.015485527,0.012584245,0.007134625,0.016619018,0.007607402,0.005079086,0.002386683,0.010761524,0.008671004,0.003628141,0.17964352,0.011214927,0.033648332,0.235411643,0.427042699,0.08104111,0.427066684,0.00669438,0.223190193,0.125099008,0.122976301,0.032276426,0.183587764,0.076482979,0.241340269,0.011491437,0.017549483,0.007501155,0.005205491,0.442225676,0.016861796,0.008249812,0.002740687,0.138512464,0.02012158,0.004146848,0.010585975,0.011091344,0.046362321,0.005668274,0.430819486,0.043979664,0.012887966,0.081186055,0.002372573,0.002838989,0.048755918,0.006438708,0.002846241,0.159619105,0.051079072,0.016049638,0.012374235,0.006341717,0.01421191,0.043244388,0.471639707,0.039138964,0.412543485,0.248318298,0.211222419,0.449128411,0.394805407,0.339150407,0.011771086,0.316914312,0.55465608,0.195785032,0.263103406,0.55532281,0.026188475,0.13718081,0.689956457,0.084805049,0.045054732,0.659678682,0.558422933,0.202942484,0.392438896,0.068603304,0.233561718,0.52412815,1,0.843650468,0.04238546,0.008898903,0.488171572,0.09138135,0.024935189,0.201678457,0.331589722,0.500390555,0.601971751,0.264432125,0.143056001,0.535554708,0.065611097,0,0.187008457,0.014281598,0.003785343,0.169007002,0.169583216,0.118444854,0.027769658,0.149199549,0.005468861,0.078856223,0.081973214,0.060560703,0.357867759,0.070809369,0.097842706,0.001025595,0.003968362,0.022019199,0.473392072,0.07076641,0.068896198,0.496786957,0.013447221,0.020705031,0.019069237,0.101869529,0.025103957,0.431990864,0.544339688,0.317898273,0.52222705,0.074698518,0.675056474,0.077054241,0.293418921,0.072890307
Collinsella_stercoris_DSM_13279,0.0942636,0.157035921,0.01185292,0.042917277,0.001835142,0.102642994,0.002977648,0.23430496,0.008398202,0.188139912,0.013707353,0.025659891,0.080688599,0.012233252,0.15983196,0.351468489,0.007654799,0.097675103,0.012753177,0.012095041,0.018355382,0.01491642,0.008456849,0.019698938,0.009017244,0.006020368,0.002828995,0.012755904,0.010277958,0.004300526,0.212935957,0.013293333,0.03988421,0.279039308,0.506184391,0.096060054,0.405005059,0.007935016,0.264552918,0.148282983,0.145766885,0.038258055,0.217611169,0.090657188,0.286066657,0.013621088,0.020801841,0.008891306,0.006170198,0.524181154,0.019986709,0.009778708,0.003248605,0.164182288,0.020481701,0.004915362,0.01254782,0.013146847,0.054954418,0.006718746,0.510661112,0.052130195,0.015276428,0.096231861,0.00281227,0.002923719,0.057791609,0.007631962,0.00337372,0.189200517,0.060545301,0.019024037,0.014667491,0.007516995,0.016845732,0.051258655,0.559046341,0.033019606,0.348042504,0.209493849,0.178197893,0.400056452,0.467972723,0.312546782,0.013952563,0.37564646,0.656780262,0.165174134,0.311863047,0.658238015,0.022093919,0.115732655,0.623548129,0.08280019,0.046894837,0.587680138,0.491623953,0.171212522,0.347213369,0.068793518,0.197044453,0.652270433,0.843650468,1,0.035758513,0.009188658,0.411846175,0.077093919,0.021036584,0.184481338,0.294630971,0.629110135,0.696440727,0.223088286,0.120689262,0.474200626,0.055352833,0,0.173244219,0.012048677,0.003193506,0.155399958,0.143068959,0.105480236,0.023427885,0.12587227,0.004613807,0.066527089,0.06915674,0.0617131,0.301915303,0.059738357,0.093956182,0.001081316,0.004135449,0.024453564,0.409429608,0.059702115,0.058124309,0.419114549,0.011344754,0.017467809,0.01608777,0.085942276,0.021178965,0.402070037,0.483234124,0.268195027,0.479285782,0.063019439,0.576231373,0.065006846,0.24754301,0.061493941
Cronobacter_sakazakii_ATCC_BAA_894,0.004584817,0.035754965,0.000423843,0.001558104,6.56E-05,0.003670361,0.000106476,0.014342205,0.000300307,0.006727604,0.000490155,0.00091756,0.002885304,0.000437443,0.005715353,0.012567991,0.000273724,0.003492716,0.000456035,0.000432501,0.000656361,0.000533389,0.000302404,0.000704405,0.000322443,0.000215279,0.000101161,0.000456132,0.000367524,0.00015378,0.007614273,0.00047535,0.0014262,0.009978031,0.018100401,0.003434965,0.021922164,0.000283744,0.009460019,0.005302379,0.005212407,0.001368051,0.007781452,0.003241766,0.010229318,0.00048707,0.000743843,0.00031794,0.000220637,0.018743939,0.000714695,0.000349672,0.000116165,0.005870915,0.000858511,0.000175766,0.000448691,0.000470112,0.001965088,0.000240252,0.018260482,0.001864098,0.000546262,0.003441108,0.000100563,0.000174011,0.002066542,0.000272908,0.000120639,0.006765529,0.00216501,0.000680271,0.000524488,0.000268797,0.000602378,0.001832933,0.019990666,0.178492595,0.044669996,0.134093063,0.20066743,0.061553593,0.016734009,0.038002478,0.000498923,0.013432559,0.026599616,0.163227998,0.011151759,0.023537613,0.447372721,0.054956082,0.039718834,0.205913412,0.033468417,0.039714464,0.060201247,0.140407626,0.088538579,0.246786516,0.181474346,0.041279932,0.04238546,0.035758513,1,0.000629143,0.086824925,0.463830528,0.588295815,0.109688221,0.105369547,0.055867445,0.02551485,0.100364661,0.296285788,0.048929256,0.141311408,0,0.078029643,0.301753695,0.006552629,0.155936891,0.249939004,0.335795483,0.257601194,0.001571328,0.129026819,0.085004756,0.107382136,0.004640002,0.11843889,0.12664643,0.241724309,0.000198757,0.000249602,0.012996557,0.08733739,0.161728934,0.216798872,0.085319188,0.207198519,0.230400179,0.176145147,0.416075941,0.371618851,0.036942578,0.052374639,0.133330262,0.040758668,0.256524788,0.062055825,0.487934324,0.144453738,0.370976219
Desulfovibrio_piger_ATCC_29098,0.006852064,0.016634353,0.56400091,0.294845552,0.104303763,0.077443408,0.16924022,0.041365438,0.189322946,0.080202383,0.366613625,0.352163632,0.200108884,0.503565324,0.025797277,0.040666282,0.109362121,0.102454257,0.52885433,0.497643125,0.264411321,0.374143299,0.367451621,0.252392852,0.10475146,0.342178942,0.160791269,0.332291643,0.18174185,0.244428473,0.033180868,0.263112281,0.090310862,0.044183451,0.023318298,0.101860891,0.024519699,0.412537774,0.049732218,0.06795302,0.056389684,0.256242359,0.053262134,0.113196198,0.04254005,0.683972709,0.621104254,0.505354112,0.350694827,0.024226574,0.031593335,0.443161761,0.184640544,0.059383626,0.722843802,0.203479269,0.384701998,0.686295227,0.234535693,0.381872577,0.022052902,0.288536116,0.183373219,0.120984645,0.159840668,0.276584241,0.111763041,0.402397024,0.161086309,0.059634618,0.087652657,0.307361522,0.33142363,0.332783687,0.145545007,0.150811232,0.018475086,0.000580954,0.005185333,0.003685879,0.003135251,0.008592188,0.01930504,0.014003836,0.454910567,0.017768349,0.009741765,0.002906108,0.040687489,0.016533476,0.000388725,0.002036225,0.012220527,0.003055376,0.018798104,0.011335416,0.008606826,0.002767283,0.006313589,0.001631525,0.003466842,0.004786614,0.008898903,0.009188658,0.000629143,1,0.007246108,0.001356407,0.000370122,0.005735737,0.004566269,0.0027905,0.016444432,0.003925062,0.002123432,0.011626197,0.000973889,0,0.007283037,0.000211987,5.62E-05,0.004034599,0.002517185,0.001855841,0.000412195,0.002214623,8.12E-05,0.001170492,0.001216758,0.135591048,0.002573599,0.001051049,0.002602729,0.059024511,0.550863372,0.034248391,0.006109838,0.001050412,0.001022651,0.005648723,0.000199602,0.000307332,0.000283052,0.001512086,0.000372627,0.016355391,0.010987819,0.0029922,0.013979251,0.001108777,0.006704037,0.001143744,0.003099154,0.001081937
Desulfovibrio_vulgaris_Miyazaki_F,0.025102251,0.200521226,0.00488158,0.01794535,0.000755796,0.042273124,0.001226333,0.16518534,0.003458767,0.077484703,0.005645321,0.010567928,0.033231291,0.005038218,0.065826181,0.144750953,0.0031526,0.040227118,0.005252347,0.004981296,0.007559594,0.00614327,0.003482921,0.008112932,0.003713717,0.002479466,0.001165111,0.00525347,0.004232938,0.001771155,0.087696859,0.005474809,0.016426159,0.114921272,0.208470106,0.039561966,0.252486995,0.003268006,0.108955107,0.06106978,0.060033534,0.015756434,0.089622328,0.037336816,0.117815459,0.005609793,0.008567159,0.003661851,0.002541173,0.215882003,0.008231449,0.004027324,0.001337925,0.067617847,0.009887845,0.002024373,0.005167772,0.005414479,0.022632767,0.00276709,0.210313826,0.021469622,0.006291538,0.039632724,0.001158223,0.002004159,0.023801253,0.003143194,0.001389454,0.077921509,0.024935351,0.007834977,0.00604075,0.003095846,0.00693785,0.021110681,0.230241097,0.080174608,0.486776179,0.508670133,0.388850191,0.385852735,0.192732776,0.21091912,0.00574631,0.154708558,0.269122902,0.272103561,0.128439603,0.271092809,0.053646047,0.281009419,0.457458888,0.098319777,0.038821581,0.387738053,0.505936052,0.235452742,0.401126216,0.069977216,0.424389542,0.163718051,0.488171572,0.411846175,0.086824925,0.007246108,1,0.16117307,0.05107874,0.296370635,0.232696838,0.110199962,0.293865496,0.541678665,0.293044514,0.559820327,0.134401717,0,0.112218964,0.029255285,0.007754124,0.176753918,0.269587876,0.165340469,0.056885037,0.305629328,0.011202744,0.161533827,0.122781416,0.053440904,0.163824957,0.128678312,0.12287837,0.000800727,0.003490425,0.014190853,0.483051053,0.14496217,0.141131113,0.442321132,0.027546096,0.042413431,0.039062571,0.208675668,0.051424455,0.425483562,0.592149333,0.221378453,0.46943511,0.153016935,0.446523305,0.15784254,0.23761367,0.149312886
Enterobacter_cancerogenus_ATCC_35316,0.009884681,0.054505967,0.000913788,0.003359209,0.000141478,0.007913151,0.000229559,0.030921218,0.00064745,0.014504443,0.001056754,0.001978222,0.0062206,0.000943109,0.012322072,0.027096083,0.000590138,0.007530157,0.000983192,0.000932454,0.001415088,0.001149965,0.000651972,0.001518668,0.000695175,0.000464134,0.000218098,0.000983403,0.000792368,0.000331544,0.016416067,0.001024835,0.00307483,0.021512234,0.039023738,0.007405646,0.047263306,0.000611741,0.020395421,0.011431716,0.01123774,0.002949463,0.016776498,0.006989118,0.022054,0.001050103,0.001603695,0.000685466,0.000475685,0.040411179,0.001540854,0.000753879,0.000250448,0.012657456,0.001850916,0.000378945,0.000967361,0.001013542,0.004236651,0.000517974,0.039368866,0.004018921,0.00117772,0.007418891,0.000216809,0.000375161,0.004455382,0.000588378,0.000260093,0.014586209,0.004667675,0.001466638,0.001130774,0.000579515,0.001298704,0.003951731,0.043099073,0.129259315,0.106594278,0.226202201,0.432630924,0.132707076,0.036077851,0.081931817,0.001075658,0.028960058,0.057347705,0.278243919,0.024042744,0.050746148,0.253652744,0.055150589,0.085632211,0.325954755,0.059711981,0.085622791,0.129791473,0.252280062,0.190885623,0.330946399,0.297295245,0.088997875,0.09138135,0.077093919,0.463830528,0.001356407,0.16117307,1,0.272869558,0.236483401,0.227172515,0.120447968,0.055008991,0.135799852,0.343840819,0.089140166,0.114738591,0,0.16785384,0.1562857,0.031350858,0.336193677,0.538858459,0.691742017,0.264427324,0.012170843,0.059846578,0.076454251,0.286019609,0.010003659,0.199257821,0.326656998,0.371805629,0.000428512,0.000433958,0.021311673,0.188295906,0.211606886,0.439251095,0.183944745,0.13140568,0.147485516,0.119569189,0.697617567,0.218366106,0.079646716,0.11291762,0.248670347,0.087874052,0.294641711,0.133789868,0.502392298,0.282108884,0.464084474
Enterobacter_sp_638,0.002697229,0.022250464,0.000249345,0.000916626,3.86E-05,0.002159258,6.26E-05,0.008437459,0.000176669,0.003957821,0.000288356,0.000539796,0.001697412,0.000257346,0.003362318,0.007393696,0.000161031,0.00205475,0.000268283,0.000254438,0.000386135,0.000313791,0.000177903,0.000414398,0.000189692,0.000126648,5.95E-05,0.000268341,0.000216213,9.05E-05,0.004479445,0.000279646,0.000839028,0.005870034,0.01064839,0.002020775,0.012896718,0.000166926,0.00556529,0.003119367,0.003066437,0.000804819,0.004577796,0.001907118,0.006017865,0.000286541,0.0004376,0.000187043,0.0001298,0.011026981,0.000420452,0.000205711,6.83E-05,0.003453834,0.000505059,0.000103402,0.000263963,0.000276565,0.001156053,0.000141339,0.010742565,0.001096641,0.000321364,0.00202439,5.92E-05,0.00010237,0.001215738,0.00016055,7.10E-05,0.003980133,0.001273666,0.000400201,0.000308554,0.000158132,0.000354377,0.001078307,0.011760425,0.116659152,0.031145068,0.100416236,0.118051809,0.036211721,0.009844547,0.022356699,0.000293514,0.007902318,0.015648443,0.127360036,0.006560533,0.013847079,0.692612576,0.059319543,0.023366424,0.121137998,0.019689329,0.023363853,0.035416142,0.117531019,0.052086876,0.163350329,0.106760598,0.024284811,0.024935189,0.021036584,0.588295815,0.000370122,0.05107874,0.272869558,1,0.064529121,0.061988464,0.032866584,0.015010279,0.081256534,0.174303689,0.028784877,0.085509088,0,0.045904512,0.325450828,0.000854388,0.09173702,0.14703807,0.1992011,0.182424004,0.000140816,0.219323027,0.097523023,0.060469511,0.002729694,0.069677103,0.072656643,0.142205399,0.000116928,0.000155436,0.008185193,0.051380221,0.110378903,0.169338578,0.050192921,0.320091199,0.338337259,0.227888667,0.244775734,0.562259263,0.021733164,0.030811781,0.078437635,0.023978154,0.215497534,0.036507182,0.323605663,0.08498153,0.342091973
Enterococcus_faecalis_TX1322,0.041798625,0.28394846,0.003864069,0.008321572,0.000598259,0.033461759,0.000970717,0.130754283,0.002737826,0.061333874,0.004468616,0.00836516,0.026304596,0.003988057,0.052105442,0.114579219,0.002495475,0.03184222,0.004157553,0.003943,0.00598388,0.004862774,0.002756945,0.006421881,0.002939634,0.001962648,0.000922256,0.004158443,0.003350629,0.001401977,0.069417419,0.004333645,0.013002308,0.090967204,0.165016819,0.031315712,0.199858875,0.002586826,0.086244621,0.04834046,0.047520208,0.012472179,0.070941545,0.02955437,0.09325813,0.004440494,0.006781429,0.002898578,0.002011493,0.170883789,0.006515695,0.003187873,0.00105905,0.053523655,0.007826833,0.001602415,0.004090607,0.00428589,0.017915217,0.002190321,0.148488014,0.016994517,0.004980137,0.031371721,0.000916804,0.001586414,0.018840145,0.00248803,0.001099838,0.061679633,0.019737853,0.006201863,0.004781622,0.002450551,0.005491732,0.016710393,0.182249888,0.101286699,0.267548878,0.332467532,0.54661696,0.561168674,0.152559762,0.346459061,0.004548555,0.122461271,0.229605367,0.337457107,0.101667789,0.214586513,0.067772468,0.258822599,0.362106644,0.532690997,0.179423932,0.362066812,0.426688572,0.28948954,0.516484051,0.284449072,0.45735682,0.223842927,0.201678457,0.184481338,0.109688221,0.005735737,0.296370635,0.236483401,0.064529121,1,0.474763045,0.134119466,0.232612485,0.269706471,0.370210874,0.188273376,0.169793239,0,0.454613103,0.036958974,0.00979599,0.554642723,0.42465501,0.32355762,0.07186437,0.225625547,0.014152722,0.204069951,0.155252699,0.030866923,0.191628903,0.163722472,0.453774058,0.001676113,0.00265168,0.091135192,0.381596696,0.183134538,0.178294663,0.341687944,0.034799711,0.053582008,0.049348777,0.263625483,0.064965873,0.192705397,0.477486451,0.265501515,0.22607068,0.193310335,0.285382463,0.19940665,0.295046394,0.188630913
Enterococcus_sp_7L76,0.043511782,0.151851574,0.004022441,0.012625882,0.000622779,0.034833222,0.001010503,0.136113375,0.002850038,0.063847703,0.004651767,0.008708015,0.027382715,0.004151512,0.054241034,0.119275359,0.002597755,0.033147304,0.004327955,0.004104608,0.006229135,0.005062079,0.002869941,0.006685088,0.003060118,0.002043089,0.000960056,0.00432888,0.003487957,0.001459439,0.07226256,0.004511264,0.01353522,0.094695584,0.171780193,0.032599217,0.208050285,0.00269285,0.08977944,0.05032174,0.04946787,0.012983364,0.073849153,0.030765684,0.097080405,0.004622492,0.007059373,0.003017379,0.002093936,0.177887627,0.006782747,0.003318531,0.001102456,0.055717374,0.008147623,0.001668091,0.004258264,0.004461552,0.01864949,0.002280093,0.173299426,0.017691053,0.005184253,0.032657522,0.00095438,0.001631468,0.019612327,0.002590005,0.001144915,0.064207633,0.020546828,0.006456052,0.004977602,0.002550989,0.005716816,0.017395285,0.189719577,0.097298813,0.4524864,0.241416728,0.414028872,0.584168716,0.158812572,0.360659022,0.004734982,0.127480465,0.252441212,0.486718327,0.105834742,0.223381549,0.065104113,0.163482782,0.376947937,0.319766096,0.099333945,0.376906471,0.571334401,0.504511635,0.694588971,0.273249669,0.39683819,0.355749179,0.331589722,0.294630971,0.105369547,0.004566269,0.232696838,0.227172515,0.061988464,0.474763045,1,0.32352257,0.242146333,0.189887073,0.293811452,0.313595516,0.163108095,0,0.456201725,0.035503815,0.0094103,0.542033624,0.421581049,0.310818425,0.069034907,0.137697161,0.013595498,0.187431211,0.203784044,0.030588832,0.544743226,0.176030911,0.375952893,0.001263701,0.001563806,0.04808977,0.610105321,0.175924117,0.171274799,0.612305059,0.033429567,0.051472363,0.047405804,0.253245951,0.062408019,0.254996278,0.450592797,0.698368498,0.357118963,0.185699271,0.483966689,0.191555559,0.72943455,0.181204088
Escherichia_fergusonii_UMN026_ATCC_35469,0.082065984,0.045794015,0.00758658,0.027889295,0.001174601,0.065697668,0.001905873,0.104500151,0.005375353,0.12042082,0.008773528,0.016423868,0.051645539,0.007830015,0.102302034,0.224960899,0.00489953,0.062517921,0.008162797,0.007741551,0.011748545,0.009547403,0.00541289,0.012608501,0.005771577,0.003853396,0.001810727,0.008164543,0.006578509,0.002752594,0.136291775,0.00850853,0.025528285,0.178601882,0.32398835,0.061484192,0.208464309,0.005078886,0.169329724,0.094909997,0.093299543,0.024487448,0.139284191,0.058026034,0.183099807,0.008718312,0.013314425,0.005690969,0.003949297,0.335507357,0.012792691,0.006258959,0.002079302,0.105086505,0.011707115,0.003146126,0.008031357,0.00841477,0.035174122,0.0043004,0.32685372,0.03336645,0.00977783,0.061594159,0.001800022,0.001142854,0.036990094,0.004884913,0.002159383,0.121099671,0.038752622,0.012176524,0.009388073,0.004811328,0.010782278,0.032808612,0.357823166,0.04515376,0.21784875,0.088877223,0.156092643,0.259718348,0.299530592,0.237046446,0.008930477,0.24043625,0.476120153,0.194353224,0.199611042,0.421311783,0.034518516,0.036412877,0.308512687,0.082103583,0.039325989,0.366547161,0.271951836,0.2206771,0.24389906,0.061301317,0.159255896,0.738890631,0.500390555,0.629110135,0.055867445,0.0027905,0.110199962,0.120447968,0.032866584,0.134119466,0.32352257,1,0.435358461,0.064586712,0.096704223,0.189187622,0.045253824,0,0.205623258,0.018824295,0.004989386,0.187603594,0.176517061,0.124809992,0.036602642,0.025321521,0.007208399,0.039233921,0.108047288,0.016987066,0.469513795,0.093332442,0.098387698,0.000706907,0.000591831,0.01663573,0.267869246,0.061217315,0.090810729,0.321122007,0.017724519,0.027290896,0.025134787,0.134272231,0.033089034,0.140169943,0.196823419,0.378429198,0.18936241,0.073868304,0.410269262,0.09982124,0.340294567,0.094212858
Eubacterium_dolichum_DSM_3991,0.108310068,0.318584556,0.016611613,0.046590769,0.002571913,0.143851949,0.00417311,0.334759368,0.0117699,0.263674042,0.019210561,0.035961786,0.113083337,0.01714464,0.224001056,0.492575532,0.010728036,0.136889558,0.017873303,0.01695094,0.025724674,0.020905042,0.011852092,0.027607638,0.012637473,0.008437417,0.003964776,0.017877125,0.014404337,0.006027095,0.298425166,0.018630321,0.055896862,0.391067592,0.709406543,0.134626101,0.631692065,0.011120754,0.370765228,0.176337477,0.204289156,0.053617841,0.304977375,0.127054099,0.400916271,0.019089661,0.029153333,0.012460975,0.008647401,0.734628619,0.028010942,0.013704649,0.004552849,0.230097947,0.030435543,0.006888774,0.017585501,0.018425023,0.077017436,0.009416179,0.546521046,0.073059348,0.021409585,0.134866885,0.003941336,0.004942566,0.080993698,0.01069603,0.004728197,0.265160457,0.084852938,0.026661779,0.020556173,0.010534908,0.023608931,0.071837903,0.708411291,0.023560551,0.248339524,0.149480601,0.127149929,0.41451438,0.655853712,0.485140845,0.019554217,0.455191966,0.591578117,0.117857058,0.437069356,0.83949416,0.015764722,0.082578972,0.64238668,0.123910576,0.190746253,0.642457352,0.423825929,0.122165643,0.288177761,0.066166405,0.140597557,0.478730795,0.601971751,0.696440727,0.02551485,0.016444432,0.293865496,0.055008991,0.015010279,0.232612485,0.242146333,0.435358461,1,0.159180669,0.086115671,0.457527901,0.039496027,0,0.326989189,0.008597119,0.00227867,0.163622921,0.102084305,0.075263542,0.01671655,0.089813914,0.0032921,0.047469218,0.049345559,0.077189695,0.215426282,0.04262524,0.105553511,0.002756494,0.008153089,0.125503132,0.292141197,0.04259938,0.041473565,0.299051714,0.008094847,0.012463844,0.011479142,0.061322579,0.015111873,0.40207467,0.487160389,0.19136578,0.477245067,0.044966397,0.411159623,0.046384476,0.176629902,0.043877905
Finegoldia_magna_ATCC_29328,0.018927517,0.21526919,0.002644248,0.009720613,0.000409399,0.02289845,0.000664278,0.089477374,0.001873541,0.041971811,0.00305795,0.005724421,0.018000681,0.002729095,0.035656638,0.078408503,0.001707696,0.021790171,0.002845084,0.002698262,0.004094871,0.003327679,0.001886624,0.004394602,0.002011641,0.001343074,0.000631116,0.002845693,0.002292892,0.000959397,0.047503518,0.002965587,0.0088977,0.062250401,0.112923808,0.021429873,0.136766818,0.001770209,0.059018657,0.033080197,0.032518885,0.008534924,0.048546503,0.020224557,0.06381812,0.003038705,0.004640647,0.001983546,0.001376499,0.116938675,0.004458801,0.002181515,0.000724726,0.036627145,0.005356034,0.00109656,0.002799272,0.002932908,0.012259687,0.001498874,0.113922512,0.011629636,0.003407992,0.021468201,0.000627385,0.00108561,0.012892631,0.001702601,0.000752638,0.042208419,0.013506948,0.00424404,0.003272145,0.001676954,0.003758086,0.011435206,0.12471669,0.148011382,0.607728963,0.801933904,0.408653073,0.384017243,0.104399233,0.187243308,0.003112653,0.083802325,0.165948254,0.28667825,0.069572993,0.146845191,0.095198533,0.518775129,0.247795719,0.089816635,0.02801007,0.247768461,0.375580299,0.242336792,0.407389383,0.043908693,0.470424989,0.132866526,0.264432125,0.223088286,0.100364661,0.003925062,0.541678665,0.135799852,0.081256534,0.269706471,0.189887073,0.064586712,0.159180669,1,0.44121149,0.305257208,0.248120751,0,0.055363842,0.05400856,0.014314989,0.108435463,0.219009082,0.113344956,0.105016204,0.564226261,0.020681531,0.298209692,0.074520235,0.028947797,0.113035589,0.081992092,0.126083078,0.000512247,0.001971646,0.0061603,0.516595174,0.267616539,0.155908177,0.461487127,0.050853205,0.078299985,0.072113918,0.146991619,0.085742671,0.230475368,0.326752078,0.169522524,0.254282984,0.282486546,0.387150539,0.227423675,0.188220484,0.231280609
Fusobacterium_nucleatum_nucleatum_ATCC_25586,0.015474306,0.114392604,0.00143052,0.005258786,0.000221482,0.012387907,0.00035937,0.048406658,0.001013573,0.022706467,0.00165433,0.003096873,0.009738247,0.001476422,0.019290001,0.042418473,0.000923852,0.011788336,0.001539171,0.001459742,0.002215298,0.001800252,0.001020651,0.00237745,0.001088285,0.000726594,0.000341429,0.001539501,0.001240439,0.000519027,0.025699084,0.001604363,0.004813596,0.033677048,0.061091021,0.011593417,0.073989929,0.000957671,0.031928697,0.017896164,0.017592498,0.004617336,0.026263331,0.010941349,0.034525174,0.001643919,0.002510559,0.001073085,0.000744677,0.063263037,0.002412181,0.001180185,0.000392072,0.019815039,0.002897579,0.000593231,0.001514387,0.001586683,0.006632408,0.000810881,0.061631313,0.006291555,0.001843701,0.011614152,0.000339411,0.000587308,0.006974827,0.000921096,0.000407172,0.022834471,0.007307168,0.002295997,0.001770209,0.000907221,0.002033099,0.006186369,0.06747089,0.273591908,0.264497623,0.503904282,0.677276596,0.207750745,0.056479283,0.128262912,0.001683925,0.045336494,0.089776889,0.462208389,0.037638521,0.07944226,0.1830645,0.513006883,0.134055817,0.195541207,0.04380634,0.134041071,0.203186416,0.365015455,0.298828303,0.155553936,0.606200743,0.13932471,0.143056001,0.120689262,0.296285788,0.002123432,0.293044514,0.343840819,0.174303689,0.370210874,0.293811452,0.096704223,0.086115671,0.44121149,1,0.165142096,0.458639253,0,0.095475133,0.099832221,0.026460567,0.202632326,0.439265283,0.270583613,0.194117393,0.416716205,0.038228813,0.551226247,0.114716774,0.015660564,0.189781461,0.12960788,0.269272467,0.000594364,0.000983814,0.014093166,0.294774144,0.494676279,0.262679931,0.287962474,0.093999699,0.144733749,0.133299102,0.356623391,0.175483426,0.124685624,0.176770676,0.283625394,0.137565384,0.520007276,0.209445837,0.502242276,0.319985755,0.437317384
Haemophilus_influenzae_NTHi_86_028NP,0.038312331,0.15500829,0.00866236,0.031844009,0.00134116,0.075013625,0.002176127,0.213591419,0.00613758,0.137496542,0.010017617,0.01875278,0.058968898,0.008940314,0.116808505,0.256860448,0.005594286,0.071382987,0.009320286,0.008839306,0.013414493,0.010901228,0.00618044,0.014396392,0.006589988,0.00439981,0.002067488,0.009322279,0.007511344,0.003142913,0.155618005,0.009715043,0.029148206,0.203927703,0.369930032,0.070202676,0.400196256,0.005799074,0.193340749,0.108368274,0.106529457,0.027959778,0.159034747,0.066254149,0.209063435,0.009954573,0.015202416,0.006497951,0.004509309,0.383082438,0.0146067,0.007146482,0.002374147,0.119987815,0.017545972,0.003592248,0.009170207,0.009607988,0.040161826,0.004910199,0.373201712,0.038097826,0.01116433,0.070328236,0.002055265,0.003556379,0.042235304,0.005577596,0.002465585,0.138271654,0.04424776,0.01390316,0.010719306,0.005493576,0.01231121,0.037460886,0.408562639,0.045181541,0.476235147,0.286655603,0.219241841,0.423248051,0.342004154,0.264137184,0.010196822,0.274530209,0.305892953,0.226011843,0.227915971,0.364279046,0.030231655,0.158359847,0.522646347,0.059347001,0.030691075,0.417348906,0.517174351,0.234274319,0.397484018,0.039451539,0.269620788,0.225140571,0.535554708,0.474200626,0.048929256,0.011626197,0.559820327,0.089140166,0.028784877,0.188273376,0.313595516,0.189187622,0.457527901,0.305257208,0.165142096,1,0.075740647,0,0.17402111,0.016486502,0.004369754,0.151419551,0.158936353,0.093712476,0.032056953,0.172234133,0.006313186,0.091030658,0.094628874,0.082227912,0.264303312,0.081741468,0.07264672,0.000866184,0.005461454,0.011812408,0.487605021,0.081691878,0.079532927,0.471592318,0.015523307,0.023901635,0.022013293,0.116261117,0.028979701,0.699745172,0.562972714,0.310912211,0.833012218,0.086231054,0.471299676,0.088950472,0.325541907,0.084143677
Haemophilus_parasuis_SH0165,0.007097124,0.0562551,0.000656093,0.002411886,0.00010158,0.00568158,0.000164821,0.022201193,0.000464864,0.010414077,0.000758741,0.001420348,0.004466343,0.000677145,0.008847152,0.019454777,0.000423715,0.005406594,0.000705924,0.000669495,0.001016022,0.000825666,0.000468111,0.001090392,0.00049913,0.000333244,0.000156593,0.000706075,0.000568914,0.000238046,0.011786608,0.000735824,0.002207704,0.015445616,0.02801874,0.005317196,0.033934686,0.000439226,0.014643754,0.008207883,0.00806861,0.002117692,0.012045395,0.005018132,0.0158346,0.000753966,0.001151441,0.000492159,0.000341538,0.029014912,0.001106321,0.000541279,0.000179819,0.009087955,0.001328943,0.000272079,0.000694557,0.000727715,0.003041883,0.000371902,0.028266539,0.002885554,0.000845594,0.005326706,0.000155667,0.000269362,0.003198929,0.000422451,0.000186745,0.010472785,0.003351354,0.001053034,0.000811887,0.000416087,0.000932459,0.002837312,0.030944799,0.59652964,0.15904044,0.264221758,0.310625632,0.095282647,0.025903616,0.058826406,0.000772314,0.020793096,0.041175205,0.335118047,0.017262503,0.036435339,0.131217046,0.405260801,0.06148326,0.056461255,0.011641171,0.061476497,0.093189266,0.317936784,0.13705439,0.006493372,0.280915459,0.063899781,0.065611097,0.055352833,0.141311408,0.000973889,0.134401717,0.114738591,0.085509088,0.169793239,0.163108095,0.045253824,0.039496027,0.248120751,0.458639253,0.075740647,1,0,0.026963572,0.173033835,0.057693639,0.083753039,0.281003596,0.074792343,0.255625718,0.322190644,0.083352684,0.587727853,0.090549854,0.007182549,0.095212475,0.111041895,0.128381665,0.000307668,0.000438404,0.000477448,0.135194993,0.753574725,0.248053989,0.132070894,0.141063874,0.196984585,0.270609855,0.13993853,0.100065422,0.057185721,0.081073971,0.178275455,0.063092885,0.608143392,0.096060082,0.348748723,0.208665668,0.364239612
Helicobacter_pullorum_MIT_98_5489,0,0,0,0,0.00E+00,0,0.00E+00,0,0,0,0,0,0,0,0,0,0,0,0,0,0,0,0,0,0,0.00E+00,0.00E+00,0,0,0,0,0,0,0,0,0,0,0,0,0,0,0,0,0,0,0,0,0,0,0,0,0,0.00E+00,0,0,0,0,0,0,0,0,0,0,0,0.00E+00,0,0,0,0.00E+00,0,0,0,0,0,0,0,0,0,0,0,0,0,0,0,0,0,0,0,0,0,0,0,0,0,0,0,0,0,0,0,0,0,0,0,0,0,0,0,0,0,0,0,0,0,0,0,0,1,0,0,0,0,0,0,0,0,0,0,0,0,0,0,0,0,0,0,0,0,0,0,0,0,0,0,0,0,0,0,0,0,0,0,0,0
Klebsiella_pneumoniae_342,0.0469887,0.299778432,0.005431818,0.008656868,0.000840988,0.047038032,0.001364562,0.183804567,0.00384863,0.086218561,0.006281646,0.011759115,0.036977028,0.005606112,0.073245924,0.161066874,0.003507952,0.044761405,0.005844377,0.005542774,0.00841169,0.006835723,0.003875506,0.009027399,0.004132317,0.002758944,0.001296439,0.005845627,0.004710063,0.001970795,0.097581803,0.006091914,0.01827767,0.127874875,0.23196827,0.044021279,0.280946619,0.003636366,0.121236221,0.049221991,0.066800345,0.017532454,0.099724304,0.041545317,0.131095286,0.006242113,0.009532825,0.004074604,0.002827606,0.240215616,0.009159275,0.004481272,0.001488733,0.075239541,0.011002375,0.002252555,0.005750269,0.006024783,0.025183869,0.003078989,0.14397965,0.023889617,0.007000703,0.044100013,0.001288774,0.002230063,0.026484064,0.003497486,0.001546069,0.086704603,0.027745993,0.008718113,0.006721646,0.003444801,0.007719865,0.023490218,0.243302372,0.026015202,0.230580973,0.085719136,0.180962322,0.495948085,0.214457073,0.487026169,0.006394018,0.141984647,0.216420813,0.224762071,0.142916954,0.301649629,0.043266478,0.017606926,0.392105719,0.378943955,0.281747282,0.435657782,0.369588919,0.260375554,0.425611477,0.202350438,0.176640411,0.206691098,0.187008457,0.173244219,0.078029643,0.007283037,0.112218964,0.16785384,0.045904512,0.454613103,0.456201725,0.205623258,0.326989189,0.055363842,0.095475133,0.17402111,0.026963572,0,1,0.026291752,0.004994768,0.473026379,0.231468537,0.230171347,0.045299136,0.003941653,0.010067917,0.019531017,0.150908839,0.023157284,0.294855915,0.130356725,0.295542641,0.002121624,0.003062464,0.149777977,0.32318761,0.048043333,0.10496901,0.292520707,0.022034217,0.025891888,0.021105544,0.17761818,0.037807152,0.174222207,0.442182801,0.32670765,0.208782717,0.064836754,0.25336784,0.099538123,0.34632933,0.091983625
Lactobacillus_acidophilus_NCFM,0.001544834,0.012743926,0.000142812,0.000524996,2.21E-05,0.001236712,3.59E-05,0.004832544,0.000101187,0.002266837,0.000165155,0.000309168,0.000972191,0.000147395,0.001925764,0.00423473,9.22E-05,0.001176856,0.000153659,0.000145729,0.000221158,0.000179723,0.000101894,0.000237346,0.000108646,7.25E-05,3.41E-05,0.000153692,0.000123836,5.18E-05,0.002565597,0.000160167,0.000480552,0.003362055,0.006098852,0.001157397,0.007386579,9.56E-05,0.003187513,0.001786614,0.001756298,0.000460959,0.002621927,0.001092299,0.003446725,0.000164116,0.000250635,0.000107128,7.43E-05,0.006315689,0.000240813,0.00011782,3.91E-05,0.001978179,0.000289272,5.92E-05,0.000151185,0.000158402,0.000662128,8.10E-05,0.006152791,0.0006281,0.000184061,0.001159467,3.39E-05,5.86E-05,0.000696312,9.20E-05,4.06E-05,0.002279616,0.000729491,0.000229214,0.000176724,9.06E-05,0.000202969,0.000617599,0.006735769,0.269671596,0.034618407,0.057513274,0.067614027,0.020740218,0.005638452,0.012804771,0.00016811,0.004526043,0.008962626,0.072945302,0.003757537,0.007930897,0.29828709,0.071303344,0.01338309,0.068316817,0.011277039,0.013381618,0.020284551,0.07037264,0.029832693,0.030099558,0.061147,0.013909095,0.014281598,0.012048677,0.301753695,0.000211987,0.029255285,0.1562857,0.325450828,0.036958974,0.035503815,0.018824295,0.008597119,0.05400856,0.099832221,0.016486502,0.173033835,0,0.026291752,1,0.087026927,0.052542264,0.084215872,0.101483988,0.436782817,0.008926679,0.382930604,0.057635264,0.107289267,0.001563429,0.039907474,0.143938415,0.081447965,6.70E-05,4.16E-05,0.00156562,0.029427957,0.199847875,0.207291532,0.028747933,0.52548402,0.344076431,0.449959196,0.140194997,0.147930238,0.012447643,0.017647409,0.044925058,0.013733458,0.191189849,0.020909443,0.185344741,0.048673065,0.195932752
Lactobacillus_casei_casei_BL23,0.000409459,0.003377782,3.79E-05,0.00013915,5.86E-06,0.000327791,9.51E-06,0.001280868,2.68E-05,0.000600826,4.38E-05,8.19E-05,0.00025768,3.91E-05,0.000510424,0.001122417,2.44E-05,0.000311926,4.07E-05,3.86E-05,5.86E-05,4.76E-05,2.70E-05,6.29E-05,2.88E-05,1.92E-05,9.03E-06,4.07E-05,3.28E-05,1.37E-05,0.000680012,4.25E-05,0.00012737,0.000891114,0.001616503,0.000306768,0.001957815,2.53E-05,0.000844851,0.000473543,0.000465507,0.000122177,0.000694943,0.000289514,0.000913556,4.35E-05,6.64E-05,2.84E-05,1.97E-05,0.001673976,6.38E-05,3.12E-05,1.04E-05,0.000524317,7.67E-05,1.57E-05,4.01E-05,4.20E-05,0.000175497,2.15E-05,0.0016308,0.000166478,4.88E-05,0.000307317,8.98E-06,1.55E-05,0.000184558,2.44E-05,1.08E-05,0.000604213,0.000193352,6.08E-05,4.68E-05,2.40E-05,5.38E-05,0.000163695,0.001785318,0.096715461,0.009175622,0.015243915,0.017921123,0.005497203,0.001494474,0.003393909,4.46E-05,0.001199629,0.002375547,0.01933418,0.000995937,0.002102087,0.14454232,0.027593823,0.003547193,0.005956584,0.001625933,0.003546803,0.005376428,0.018652294,0.007907166,0,0.016207035,0.003686611,0.003785343,0.003193506,0.006552629,5.62E-05,0.007754124,0.031350858,0.000854388,0.00979599,0.0094103,0.004989386,0.00227867,0.014314989,0.026460567,0.004369754,0.057693639,0,0.004994768,0.087026927,1,0.013926347,0.022321448,0,0.136312193,0.025371008,0,0.048003098,0,0.000414387,0.010577491,0.013802552,0.021587814,1.78E-05,3.10E-05,0,0.007799891,0.053490674,0.054942698,0.00761965,0.2814963,0.182822373,0.198505218,0.037158736,0.150786704,0.003299252,0.004677452,0.011907403,0.003640058,0.050674941,0.005542056,0.049125693,0.012900814,0.051932049
Lactobacillus_delbrueckii_bulgaricus_ATCC_11842,0.029401746,0.150078873,0.002718041,0.006553336,0.000420824,0.023537476,0.000682816,0.091974417,0.001925825,0.043143117,0.003143288,0.005884172,0.018503026,0.002805256,0.036651707,0.080596647,0.001755353,0.022398269,0.002924482,0.002773562,0.004209146,0.003420544,0.001939274,0.004517242,0.00206778,0.001380555,0.000648728,0.002925107,0.00235688,0.000986171,0.048829197,0.003048348,0.009146008,0.063987622,0.116075171,0.022027916,0.140583567,0.00181961,0.06066569,0.034003365,0.033426388,0.008773108,0.049901289,0.020788963,0.065599091,0.003123506,0.004770153,0.002038901,0.001414913,0.120202081,0.004583232,0.002242395,0.000744951,0.037649298,0.005505505,0.001127161,0.002877391,0.003014756,0.012601818,0.001540703,0.117101746,0.011954184,0.003503099,0.022067314,0.000644893,0.001115906,0.013252425,0.001750116,0.000773641,0.043386329,0.013883886,0.004362478,0.003363461,0.001723752,0.003862962,0.011754328,0.128197156,0.086884306,0.212262151,0.162179328,0.351746972,0.394734004,0.1073127,0.243704217,0.003199518,0.086140995,0.170579368,0.400825776,0.071514565,0.150943197,0.096347885,0.056476481,0.254710949,0.616729435,0.137257353,0.25468293,0.386061611,0.379400905,0.487094595,0.404383476,0.334591516,0.192540282,0.169007002,0.155399958,0.155936891,0.004034599,0.176753918,0.336193677,0.09173702,0.554642723,0.542033624,0.187603594,0.163622921,0.108435463,0.202632326,0.151419551,0.083753039,0,0.473026379,0.052542264,0.013926347,1,0.484537826,0.459981655,0.102165085,0.031381716,0.020120041,0.066963393,0.301580968,0.024967132,0.301663572,0.260508976,0.63703953,0.001174992,0.001409092,0.06578583,0.339648761,0.125635924,0.250445798,0.297242897,0.049472575,0.076174193,0.070156074,0.374779879,0.092357923,0.163090198,0.335870742,0.34970961,0.195147202,0.15968965,0.246179605,0.234378641,0.381054887,0.219260088
Lactobacillus_fermentum_IFO_3956,0.018343743,0.095620888,0.001695785,0.006233936,0.000262552,0.014685026,0.000426009,0.057382819,0.001201522,0.026916981,0.001961097,0.003671134,0.011544034,0.001750199,0.022866992,0.050284231,0.001095164,0.013974275,0.001824584,0.001730425,0.002626085,0.002134077,0.001209913,0.002818307,0.001290088,0.000861328,0.000404741,0.001824974,0.001470457,0.000615272,0.030464526,0.001901863,0.005706192,0.039921863,0.072419274,0.013743212,0.087710057,0.001135254,0.037849311,0.021214692,0.020854717,0.00547354,0.031133403,0.012970229,0.040927259,0.001948755,0.002976098,0.00127207,0.000882764,0.074994052,0.002859478,0.00139903,0.000464774,0.023489389,0.003434884,0.000703236,0.001795204,0.001880906,0.007862271,0.000961244,0.073059754,0.007458213,0.002185583,0.013767792,0.000402349,0.000696214,0.008268185,0.001091897,0.000482675,0.027068721,0.008662153,0.002721749,0.002098463,0.001075449,0.002410101,0.007333522,0.079982178,0.230795036,0.238810614,0.306750209,0.658592379,0.24627446,0.066952371,0.152047009,0.001996179,0.053743348,0.106424431,0.527579664,0.044617922,0.094173428,0.154428462,0.182664274,0.158914107,0.304303982,0.067683741,0.158896626,0.240863756,0.492762601,0.354240747,0.300471522,0.521292826,0.165160022,0.169583216,0.143068959,0.249939004,0.002517185,0.269587876,0.538858459,0.14703807,0.42465501,0.421581049,0.176517061,0.102084305,0.219009082,0.439265283,0.158936353,0.281003596,0,0.231468537,0.084215872,0.022321448,0.484537826,1,0.617436183,0.163752396,0.136657858,0.032248835,0.236541397,0.361551511,0.018564539,0.305870253,0.395902057,0.397283468,0.000795222,0.000843226,0.026769938,0.349434815,0.36100727,0.406267786,0.33845106,0.079295707,0.122093636,0.112447664,0.600705255,0.148033266,0.147806375,0.209549684,0.424149594,0.16307446,0.428124912,0.248283877,0.454374218,0.471460041,0.429820287
Lactobacillus_gasseri_ATCC_33323,0.013524264,0.074940309,0.001250249,0.004194633,0.000193571,0.010826807,0.000314083,0.042306545,0.000885844,0.019845042,0.001445855,0.002706611,0.008511052,0.001290366,0.016859113,0.037072979,0.00080743,0.010302793,0.001345208,0.001275788,0.00193613,0.001573387,0.00089203,0.002077849,0.000951141,0.00063503,0.000298403,0.001345496,0.001084121,0.00045362,0.022460535,0.001402184,0.004206996,0.029433132,0.053392449,0.010132437,0.064665862,0.000836987,0.027905104,0.015640924,0.015375525,0.004035469,0.022953677,0.009562542,0.030174379,0.001436756,0.002194183,0.000937857,0.000650834,0.055290752,0.002108203,0.00103146,0.000342664,0.017317986,0.002532431,0.000518474,0.001323547,0.001386733,0.005796605,0.000708695,0.053864655,0.005498705,0.001611361,0.010150559,0.000296639,0.000513296,0.006095873,0.000805021,0.000355861,0.019956915,0.006386333,0.00200666,0.00154713,0.000792894,0.001776892,0.005406775,0.05896834,0.0791938,0.114203677,0.190618033,0.437935093,0.1815704,0.049361873,0.112099469,0.00147172,0.039623277,0.07846338,0.274357585,0.032895388,0.069431101,0.160335172,0.035763065,0.117162364,0.426423702,0.078714292,0.117149476,0.177581259,0.251230725,0.261170542,0.488850206,0.291911174,0.121767281,0.118444854,0.105480236,0.335795483,0.001855841,0.165340469,0.691742017,0.1992011,0.32355762,0.310818425,0.124809992,0.075263542,0.113344956,0.270583613,0.093712476,0.074792343,0,0.230171347,0.101483988,0,0.459981655,0.617436183,1,0.168421269,0,0.043740964,0.047245788,0.301940164,0.01368705,0.202148648,0.32801813,0.473240229,0.000586292,0.000632218,0.032753752,0.25762728,0.14924237,0.400219042,0.21821688,0.071848311,0.085781046,0.065854641,0.610064042,0.136095013,0.108972984,0.154494379,0.248170799,0.120229661,0.211770465,0.181095695,0.359439012,0.278798987,0.330627815
Lactobacillus_helveticus_DPC_4571,0.003003832,0.015544052,0.000277689,0.001020822,4.30E-05,0.002404708,6.98E-05,0.009396574,0.000196752,0.00440772,0.000321134,0.000601157,0.001890363,0.000286599,0.003744525,0.008234163,0.000179336,0.002288321,0.00029878,0.000283361,0.000430028,0.00034946,0.000198126,0.000461504,0.000211255,0.000141044,6.63E-05,0.000298844,0.000240791,0.000100752,0.004988639,0.000311435,0.000934403,0.006537301,0.01185883,0.002250484,0.014362732,0.000185901,0.006197915,0.003473957,0.00341501,0.000896305,0.005098169,0.002123906,0.006701937,0.000319113,0.000487343,0.000208305,0.000144555,0.012280456,0.000468246,0.000229094,7.61E-05,0.003846444,0.00056247,0.000115157,0.000293969,0.000308003,0.001287466,0.000157406,0.01196371,0.0012213,0.000357894,0.002254509,6.59E-05,0.000114007,0.001353935,0.000178801,7.90E-05,0.004432568,0.001418448,0.000445693,0.000343628,0.000176107,0.00039466,0.001200882,0.013097273,0.362231064,0.067313287,0.111830897,0.131471167,0.040328033,0.010963611,0.024898062,0.000326879,0.008800602,0.017427256,0.141837492,0.007306292,0.015421124,0.275272641,0.084706418,0.026022566,0.110610051,0.018964355,0.026019703,0.039442017,0.136835114,0.058007771,0.015721118,0.118896445,0.027045349,0.027769658,0.023427885,0.257601194,0.000412195,0.056885037,0.264427324,0.182424004,0.07186437,0.069034907,0.036602642,0.01671655,0.105016204,0.194117393,0.032056953,0.255625718,0,0.045299136,0.436782817,0.136312193,0.102165085,0.163752396,0.168421269,1,0.033550651,0.196936566,0.079754496,0.223053358,0.003039988,0.07759754,0.277186984,0.154760308,0.00013022,6.46E-05,0.000913463,0.057220788,0.39241298,0.403065175,0.055898525,0.353830246,0.320187725,0.453419472,0.272600239,0.175025378,0.024203648,0.034314263,0.087353912,0.026703834,0.371756479,0.04065708,0.360391039,0.094641674,0.380978751
Lactobacillus_hilgardii_ATCC_8290,0.014798865,0.133135516,0.001491954,0.005484625,0.000230994,0.012919907,0.000374803,0.050485484,0.001057101,0.023681598,0.001725376,0.003229869,0.010156457,0.001539827,0.020118412,0.044240136,0.000963527,0.012294587,0.001605271,0.00152243,0.002310434,0.001877564,0.001064483,0.00247955,0.001135021,0.000757797,0.000356092,0.001605615,0.00129371,0.000541317,0.026802732,0.001673262,0.005020316,0.035123311,0.063714578,0.012091297,0.07716743,0.000998798,0.033299876,0.018664716,0.018348009,0.004815628,0.027391212,0.011411226,0.036007859,0.001714517,0.002618375,0.001119169,0.000776657,0.065979872,0.002515772,0.001230868,0.000408909,0.020665997,0.003022015,0.000618708,0.001579423,0.001654823,0.006917237,0.000845704,0.064278073,0.006561746,0.001922879,0.012112923,0.000353987,0.00061253,0.007274361,0.000960652,0.000424658,0.023815099,0.007620974,0.002394599,0.00184623,0.000946181,0.002120411,0.006452043,0.070368432,0.168015866,0.361657752,0.600839932,0.375220895,0.216672613,0.058904789,0.13377117,0.001756241,0.047283473,0.093632363,0.222936458,0.03925491,0.082853913,0.031119871,0.809634291,0.139812852,0.003508384,0.001458673,0.139797472,0.211912268,0.171375013,0.311661502,0,0.454867271,0.105045566,0.149199549,0.12587227,0.001571328,0.002214623,0.305629328,0.012170843,0.000140816,0.225625547,0.137697161,0.025321521,0.089813914,0.564226261,0.416716205,0.172234133,0.322190644,0,0.003941653,0.008926679,0.025371008,0.031381716,0.136657858,0,0.033550651,1,0,0.439767259,0,0.016333108,0.048703515,0.004637492,0.045582811,0.000326571,0.001223249,0,0.307433237,0.25964212,0.065814533,0.300329039,0.026279998,0.057192052,0.064300323,0.029919797,0.042583675,0.130040255,0.184362104,0.105980403,0.143473137,0.21614954,0.218440501,0.11658207,0.123678882,0.119532039
Lactobacillus_johnsonii_NCC_533,0.000591564,0.004880039,5.47E-05,0.000201037,8.47E-06,0.000473575,1.37E-05,0.001850529,3.87E-05,0.000868041,6.32E-05,0.00011839,0.000372282,5.64E-05,0.000737434,0.001621608,3.53E-05,0.000450654,5.88E-05,5.58E-05,8.47E-05,6.88E-05,3.90E-05,9.09E-05,4.16E-05,2.78E-05,1.31E-05,5.89E-05,4.74E-05,1.98E-05,0.000982445,6.13E-05,0.000184018,0.001287434,0.002335437,0.000443203,0.002828547,3.66E-05,0.001220596,0.000684149,0.00067254,0.000176515,0.001004016,0.000418275,0.001319856,6.28E-05,9.60E-05,4.10E-05,2.85E-05,0.002418471,9.22E-05,4.51E-05,1.50E-05,0.000757505,0.000110771,2.27E-05,5.79E-05,6.07E-05,0.000253549,3.10E-05,0.002356092,0.000240519,7.05E-05,0.000443995,1.30E-05,2.25E-05,0.000266639,3.52E-05,1.56E-05,0.000872935,0.000279344,8.78E-05,6.77E-05,3.47E-05,7.77E-05,0.000236498,0.002579332,0.136492885,0.013256448,0.022023593,0.02589148,0.007942064,0.002159136,0.004903339,6.44E-05,0.00173316,0.003432064,0.027932989,0.001438876,0.003036983,0.188807629,0.039866079,0.005124795,0.026568352,0.004318323,0.005124231,0.007767575,0.026947837,0.011423851,0.007027159,0.023415058,0.005326218,0.005468861,0.004613807,0.129026819,8.12E-05,0.011202744,0.059846578,0.219323027,0.014152722,0.013595498,0.007208399,0.0032921,0.020681531,0.038228813,0.006313186,0.083352684,0,0.010067917,0.382930604,0,0.020120041,0.032248835,0.043740964,0.196936566,0,1,0.009640463,0.057877813,0.000598685,0.015281793,0.072385667,0.031188919,2.56E-05,6.60E-06,0.00034826,0.011268866,0.077280465,0.079378271,0.011008463,0.387353631,0.218080077,0.286789723,0.053684955,0.027048513,0.004766583,0.006757733,0.01720318,0.005258961,0.073212444,0.008006866,0.070974174,0.018638406,0.075028647
Lactobacillus_paracasei_ATCC_25302,0.008529843,0.070365922,0.00078854,0.002898781,0.000122087,0.00682854,0.000198094,0.02668302,0.000558708,0.012516401,0.00091191,0.001707078,0.005367978,0.000813843,0.010633155,0.023382175,0.000509251,0.00649804,0.000848432,0.000804648,0.00122113,0.000992346,0.00056261,0.001310513,0.000599891,0.000400518,0.000188205,0.000848613,0.000683763,0.000286101,0.014166009,0.000884367,0.00265338,0.018563673,0.033674974,0.006390596,0.040785191,0.000527894,0.017599936,0.009864835,0.009697447,0.002545197,0.014477038,0.006031159,0.019031182,0.000906171,0.001383886,0.000591513,0.000410485,0.034872246,0.001329658,0.000650549,0.00021612,0.01092257,0.001597221,0.000327005,0.00083477,0.000874621,0.003655957,0.000446979,0.033972797,0.00346807,0.001016296,0.006402026,0.000187092,0.00032374,0.003844708,0.000507732,0.000224444,0.01258696,0.004027903,0.001265614,0.000975785,0.000500084,0.001120698,0.003410089,0.037191726,0.308012906,0.185443783,0.317561062,0.373332636,0.114517664,0.031132863,0.070701884,0.000928223,0.024990665,0.049487378,0.355892742,0.020747341,0.043790659,0.160032242,0.517851803,0.073895085,0.038064082,0.008440642,0.073886956,0.112001685,0.274638046,0.164722004,0.0512218,0.337624775,0.076799437,0.078856223,0.066527089,0.085004756,0.001170492,0.161533827,0.076454251,0.097523023,0.204069951,0.187431211,0.039233921,0.047469218,0.298209692,0.551226247,0.091030658,0.587727853,0,0.019531017,0.057635264,0.048003098,0.066963393,0.236541397,0.047245788,0.079754496,0.439767259,0.009640463,1,0.00074902,0.008632514,0.081061963,0.010128197,0.101131981,0.000369778,0.000646522,0.003869668,0.162487245,0.484803979,0.166188432,0.158732473,0.10765262,0.203344467,0.144087053,0.100416678,0.18618121,0.068729988,0.097440636,0.157404307,0.07582965,0.468543394,0.115452043,0.266645723,0.18423279,0.276941183
Lactobacillus_reuteri_SD2112_ATCC_55730,0.008867007,0.008234854,0.000819709,0.003013363,0.000126912,0.007098455,0.000205924,0.027737734,0.000580792,0.013011143,0.000947956,0.001774554,0.00558016,0.000846012,0.011053457,0.024306415,0.000529381,0.006754892,0.000881968,0.000836454,0.001269398,0.001031571,0.000584848,0.001362314,0.000623603,0.000416349,0.000195644,0.000882157,0.00071079,0.00029741,0.014725957,0.000919324,0.002758262,0.019297449,0.035006062,0.0066432,0.042397328,0.00054876,0.018295617,0.010254768,0.010080763,0.002645802,0.015049279,0.006269556,0.019783437,0.00094199,0.001438587,0.000614894,0.000426711,0.03625066,0.001382216,0.000676264,0.000224663,0.011354312,0.001660356,0.00033993,0.000867766,0.000909193,0.003800468,0.000464647,0.035315658,0.003605154,0.001056468,0.006655082,0.000194487,0.000336536,0.003996679,0.000527802,0.000233316,0.013084491,0.004187116,0.00131564,0.001014356,0.000519851,0.001164996,0.003544881,0.038661823,0.104649792,0.198701996,0.129080516,0.249164936,0.119044263,0.032363468,0.073496554,0.000964914,0.025978485,0.051443491,0.418689892,0.021567432,0.045521595,0.041833086,0.023949409,0.076815975,0.082319307,0.018516642,0.076807525,0.116428834,0.403923378,0.171233057,0.000627705,0.344636224,0.079835128,0.081973214,0.06915674,0.107382136,0.001216758,0.122781416,0.286019609,0.060469511,0.155252699,0.203784044,0.108047288,0.049345559,0.074520235,0.114716774,0.094628874,0.090549854,0,0.150908839,0.107289267,0,0.301580968,0.361551511,0.301940164,0.223053358,0,0.057877813,0.00074902,1,0.008973736,0.229060069,0.832947784,0.081840702,0.000369078,9.86E-07,5.04E-05,0.168909963,0.168572241,0.466055459,0.165006775,0.05061047,0.04054918,0.072801083,0.444927793,0.001125448,0.071446715,0.101292224,0.25785989,0.078827008,0.17523613,0.120015576,0.20107462,0.279372623,0.243694859
Lactobacillus_sakei_sakei_23K,0.019600194,0.035675768,0.091345386,0.332985557,0.014142656,0.271580915,0.022947459,0.05707893,0.06472135,0.362118203,0.105636704,0.197749798,0.308401418,0.094276438,0.089866236,0.146723342,0.041364301,0.263532151,0.098283275,0.093211306,0.141457076,0.114954465,0.065173316,0.151811284,0.025226027,0.046396401,0.021801857,0.098304294,0.079207823,0.033142313,0.104585851,0.102446031,0.026811327,0.18374378,0.116946695,0.206048829,0.075859965,0.061151772,0.181182313,0.374410465,0.19745557,0.131701333,0.192688616,0.250760563,0.215890798,0.104971892,0.160310884,0.068521493,0.047551079,0.122819513,0.029919019,0.075360319,0.025035605,0.210587477,0.185023902,0.037880592,0.096700682,0.101317123,0.051497584,0.051778503,0.140858371,0.401745107,0.088758165,0.238849046,0.021672964,0.037502347,0.230441396,0.058816263,0.025999819,0.220382355,0.157831322,0.14661011,0.113036073,0.057930267,0.02722028,0.38816746,0.098642112,0.004284604,0.035277814,0.027183792,0.023122848,0.047183811,0.085417244,0.040004925,0.107526431,0.092694386,0.05470008,0.019306997,0.074589051,0.067592257,0.002866893,0.015017397,0.067364211,0.015953338,0.014644114,0.056935945,0.055294257,0.017671588,0.042485858,0.01203269,0.025568366,0.030577818,0.060560703,0.0617131,0.004640002,0.135591048,0.053440904,0.010003659,0.002729694,0.030866923,0.030588832,0.016987066,0.077189695,0.028947797,0.015660564,0.082227912,0.007182549,0,0.023157284,0.001563429,0.000414387,0.024967132,0.018564539,0.01368705,0.003039988,0.016333108,0.000598685,0.008632514,0.008973736,1,0.016003914,0.007751612,0.017170064,0.001224221,0.074077852,0.010925771,0.041997668,0.007746909,0.007542174,0.038478614,0.001472088,0.002266612,0.002087539,0.011151816,0.002748169,0.117153733,0.063930162,0.019148208,0.099267161,0.008177363,0.045677328,0.008435248,0.019983935,0.007979416
Lactobacillus_salivarius_HO66_ATCC_11741,0.0387104,0.047144885,0.003578578,0.013155338,0.000554058,0.03098949,0.000898997,0.11273329,0.002535546,0.056802318,0.00413846,0.007747114,0.024361123,0.003693406,0.048255715,0.106113715,0.002311101,0.029489608,0.003850379,0.003651678,0.005541771,0.004503495,0.002553252,0.005947411,0.002722444,0.001817641,0.000854117,0.003851203,0.003103073,0.001298395,0.064288624,0.004013461,0.012041653,0.084246237,0.152824814,0.029002,0.18509262,0.002395703,0.079872574,0.044768902,0.044009253,0.011550692,0.065700142,0.027370792,0.086367901,0.004112415,0.006280394,0.002684421,0.001862877,0.158258312,0.006034293,0.002952342,0.000980803,0.049569145,0.00724856,0.001484023,0.003788379,0.003969234,0.01659158,0.002028492,0.154176404,0.015738904,0.004612187,0.029053872,0.000849067,0.001080118,0.017448171,0.002304206,0.001018578,0.057122531,0.018279553,0.005743648,0.00442834,0.002269496,0.005085984,0.015475772,0.168784645,0.098491902,0.376287138,0.159356613,0.253878869,0.370069187,0.141288126,0.303920197,0.004212492,0.113413415,0.224585154,0.393860992,0.094156226,0.19873213,0.073179197,0.070500478,0.335352971,0.111014933,0.038203845,0.335316081,0.388301113,0.453486457,0.372151316,0.076680887,0.302737299,0.348533591,0.357867759,0.301915303,0.11843889,0.002573599,0.163824957,0.199257821,0.069677103,0.191628903,0.544743226,0.469513795,0.215426282,0.113035589,0.189781461,0.264303312,0.095212475,0,0.294855915,0.039907474,0.010577491,0.301663572,0.305870253,0.202148648,0.07759754,0.048703515,0.015281793,0.081061963,0.229060069,0.016003914,1,0.197864621,0.143244687,0.00063451,0.00046507,0.012658451,0.414536145,0.128998015,0.192518593,0.512077835,0.03757595,0.057856655,0.053285707,0.267754843,0.070148698,0.169899323,0.261759234,0.750950488,0.240104009,0.156245818,0.523948047,0.215063371,0.656955089,0.20313005
Lactobacillus_ultunensis_DSM_16047,0.007659419,0.009491832,0.000708074,0.002602976,0.000109628,0.006131724,0.00017788,0.023960161,0.000501695,0.011239169,0.000818855,0.00153288,0.004820204,0.000730794,0.009548099,0.02099615,0.000457285,0.00583495,0.000761854,0.000722538,0.00109652,0.000891082,0.000505198,0.001176782,0.000538675,0.000359647,0.000169,0.000762017,0.000613988,0.000256906,0.012720444,0.000794122,0.002382617,0.01666935,0.030238624,0.00573847,0.036623281,0.000474025,0.015803957,0.008858182,0.008707874,0.002285473,0.012999734,0.005415711,0.017089152,0.000813701,0.001242668,0.000531152,0.000368598,0.031313721,0.001193973,0.000584164,0.000194066,0.00980798,0.001434234,0.000293636,0.000749586,0.000785371,0.003282887,0.000401367,0.030506056,0.003114172,0.000912589,0.005748733,0.000168,0.000290704,0.003452376,0.000455921,0.000201541,0.011302528,0.003616877,0.001136465,0.000876212,0.000449053,0.001006336,0.003062108,0.03339651,0.132385769,0.171640982,0.139793396,0.26944598,0.102831751,0.027955922,0.063487136,0.000833503,0.022440502,0.044437456,0.361668959,0.018630186,0.039322058,0.062704502,0.03229098,0.066354489,0.091842142,0.019746327,0.066347189,0.100572515,0.348913481,0.147913008,0.002691205,0.30317198,0.068962467,0.070809369,0.059738357,0.12664643,0.001051049,0.128678312,0.326656998,0.072656643,0.163722472,0.176030911,0.093332442,0.04262524,0.081992092,0.12960788,0.081741468,0.111041895,0,0.130356725,0.143938415,0.013802552,0.260508976,0.395902057,0.32801813,0.277186984,0.004637492,0.072385667,0.010128197,0.832947784,0.007751612,0.197864621,1,0.0925233,0.000332045,1.23E-05,0.00020401,0.145906295,0.198149066,0.546026469,0.142534677,0.076353203,0.062479522,0.10089334,0.505626652,0.015894515,0.061716462,0.087497343,0.222742225,0.068091642,0.204867232,0.103670782,0.233633991,0.241325162,0.283321688
Lactococcus_lactis_cremoris_MG1363,0.018967132,0.14660038,0.001753414,0.003657093,0.000271474,0.015184078,0.000440486,0.059332902,0.001242354,0.027831721,0.002027742,0.003795893,0.011936343,0.001809677,0.023644098,0.051993077,0.001132382,0.014449173,0.00188659,0.001789231,0.00271533,0.002206601,0.00125103,0.002914083,0.00133393,0.000890599,0.000418496,0.001886993,0.001520428,0.000636181,0.031499824,0.001966496,0.00590011,0.041278557,0.074880352,0.014210258,0.090690773,0.001173835,0.039135572,0.021935647,0.021563438,0.005659551,0.032191433,0.013411006,0.04231812,0.002014981,0.003077237,0.0013153,0.000912763,0.07754263,0.002956653,0.001446574,0.000480569,0.024287646,0.003551614,0.000727134,0.001856211,0.001944826,0.008129461,0.000993911,0.075542597,0.007711671,0.002259857,0.014235673,0.000416022,0.000719874,0.008549169,0.001129004,0.000499078,0.027988617,0.008956526,0.002814244,0.002169776,0.001111996,0.002492006,0.007582743,0.082700271,0.139124909,0.074395813,0.151146713,0.294808699,0.254643786,0.069227662,0.157214134,0.002064016,0.055569748,0.110041131,0.172777033,0.046134205,0.097373793,0.149352893,0.080194981,0.164314601,0.742581734,0.12769425,0.164296526,0.249049206,0.15745327,0.342085129,0.626851771,0.194674953,0.12182254,0.097842706,0.093956182,0.241724309,0.002602729,0.12287837,0.371805629,0.142205399,0.453774058,0.375952893,0.098387698,0.105553511,0.126083078,0.269272467,0.07264672,0.128381665,0,0.295542641,0.081447965,0.021587814,0.63703953,0.397283468,0.473240229,0.154760308,0.045582811,0.031188919,0.101131981,0.081840702,0.017170064,0.143244687,0.0925233,1,0.000822247,0.001278806,0.060599333,0.205975645,0.176981052,0.198199708,0.168641485,0.076689511,0.118080809,0.10875187,0.30460782,0.143167886,0.099662744,0.216670964,0.175593869,0.125035136,0.220407564,0.146228533,0.314738944,0.196046505,0.267881393
Megamonas_hypermegale_ART12_1,0.00187169,0.004547383,0.114398953,0.000892946,0.162623987,0.006729161,0.326587371,0.011169465,0.528902367,0.007405953,0.105590866,0.070137236,0.037858441,0.010703763,0.003472542,0.006559546,0.232036099,0.014402192,0.01231609,0.13464277,0.063068397,0.076139536,0.164793095,0.094722101,0.569711993,0.145981203,0.259923342,0.126875636,0.310303,0.124216979,0.005504959,0.0486993,0.030865968,0.005551243,0.002951698,0.017810087,0.005259218,0.105375996,0.00723105,0.001706327,0.006504466,0.090691732,0.00724951,0.017876902,0.003730498,0.037950446,0.011115322,0.105764573,0.042038984,0.003016107,0.007909736,0.155557571,0.252322628,0.007235597,0.0536925,0.3184905,0.101271874,0.058081037,0.077525155,0.091659843,0.001565207,0.003860197,0.156850068,0.021335322,0.468342375,0.316702609,0.015332185,0.109126856,0.011395265,0.007391724,0.014556858,0.099208989,0.039830387,0.243880181,0.281342451,0.013228973,0.002315763,0.000183533,0.00072816,0.000606646,0.000855919,0.001801676,0.003036825,0.003741746,0.050312512,0.002019903,0.001662238,0.000762632,0.009921127,0.003173266,0.000122805,0.000369047,0.002010192,0.000965246,0.005938645,0.002174778,0.001464891,0.000694174,0.001318706,0.000515427,0.000850397,0.0011461,0.001025595,0.001081316,0.000198757,0.059024511,0.000800727,0.000428512,0.000116928,0.001676113,0.001263701,0.000706907,0.002756494,0.000512247,0.000594364,0.000866184,0.000307668,0,0.002121624,6.70E-05,1.78E-05,0.001174992,0.000795222,0.000586292,0.00013022,0.000326571,2.56E-05,0.000369778,0.000369078,0.001224221,0.00063451,0.000332045,0.000822247,1,0.231313352,0.010819657,0.001065982,0.000331843,0.000323073,0.000991646,6.31E-05,9.71E-05,8.94E-05,0.000477694,0.000117719,0.001095584,0.001830215,0.000766267,0.001167168,0.000350282,0.001049389,0.000361328,0.000799749,0.000341803
Methanobrevibacter_smithii_DSM_2375,0.003091538,0.00910773,0.528571876,0.167649295,0.188836033,0.043414376,0.306399797,0.021893875,0.440731583,0.04354844,0.350859016,0.224435178,0.110207808,0.397040565,0.013820248,0.021577334,0.333319616,0.057332522,0.411383613,0.529241894,0.178966828,0.28710315,0.522939873,0.226234528,0.353215487,0.535223352,0.291103452,0.375768189,0.465665276,0.396732082,0.017758924,0.181870053,0.055124711,0.023628085,0.011979218,0.057074237,0.012599058,0.433933404,0.026688225,0.037341603,0.031011333,0.191774638,0.028786705,0.06349832,0.022715239,0.502500296,0.361626965,0.561620155,0.315195031,0.012469625,0.021195923,0.558805753,0.334281209,0.03248045,0.398958535,0.377224968,0.36179582,0.44188507,0.14369127,0.440150407,0.011283101,0.160938086,0.300734309,0.06743402,0.289382443,0.500740045,0.065170878,0.437579637,0.159982099,0.032422122,0.051167041,0.273716147,0.22148442,0.587459071,0.498878771,0.088053453,0.009301276,0.000227787,0.001904792,0.001726767,0.001252665,0.003787361,0.009788897,0.006779375,0.298034044,0.008985114,0.004457612,0.000688646,0.021652716,0.008211315,0.000180086,0.001083628,0.005797948,0.001508881,0.010181118,0.005311663,0.00379601,0.000569067,0.002527344,0.000901174,0.001252014,0.001700798,0.003968362,0.004135449,0.000249602,0.550863372,0.003490425,0.000433958,0.000155436,0.00265168,0.001563806,0.000591831,0.008153089,0.001971646,0.000983814,0.005461454,0.000438404,0,0.003062464,4.16E-05,3.10E-05,0.001409092,0.000843226,0.000632218,6.46E-05,0.001223249,6.60E-06,0.000646522,9.86E-07,0.074077852,0.00046507,1.23E-05,0.001278806,0.231313352,1,0.018917131,0.002415481,0.000400464,0.000172561,0.002162113,7.35E-05,0.000137932,0.000101108,0.00037189,0.000205821,0.008070018,0.005108329,0.000695067,0.006761499,0.000421811,0.002748603,0.000414369,0.000753525,0.000349722
Methanosphaera_stadtmanae_DSM_3091,0.023697,0.351233852,0.023072559,0.002250579,0.003572236,0.108339516,0.005796205,0.741077252,0.016347702,0.205241866,0.026682345,0.049948816,0.157066139,0.023812902,0.067563965,0.286082777,0.014900615,0.190131587,0.024824972,0.023543864,0.035730067,0.02903588,0.016461862,0.038345394,0.017552711,0.011719078,0.005506842,0.024830281,0.020006782,0.008371282,0.153826988,0.025876426,0.077637472,0.191264765,0.116807142,0.186987778,0.299559444,0.015446077,0.26333524,0.022697707,0.140055573,0.074472045,0.22529766,0.176470711,0.113920222,0.026514423,0.040492273,0.017307565,0.012010733,0.122837662,0.033388347,0.019034956,0.006323641,0.177415588,0.046734434,0.009568104,0.024425231,0.02559128,0.106972713,0.013078521,0.042486775,0.031261385,0.029736662,0.187322213,0.005474286,0.009472565,0.112495508,0.01485616,0.006567188,0.205695638,0.117855767,0.037031651,0.028551321,0.01463237,0.032791425,0.099778645,0.085660652,0.00029573,0.002659224,0.008736156,0.022127028,0.085708099,0.116504172,0.234817467,0.027159663,0.055652125,0.056405309,0.008534386,0.481075347,0.148768776,0.007196224,0.001658768,0.091085127,0.078456488,0.531317576,0.103615924,0.05786013,0.007208506,0.050218897,0.047638008,0.013214263,0.029980559,0.022019199,0.024453564,0.012996557,0.034248391,0.014190853,0.021311673,0.008185193,0.091135192,0.04808977,0.01663573,0.125503132,0.0061603,0.014093166,0.011812408,0.000477448,0,0.149777977,0.00156562,0,0.06578583,0.026769938,0.032753752,0.000913463,0,0.00034826,0.003869668,5.04E-05,0.010925771,0.012658451,0.00020401,0.060599333,0.010819657,0.018917131,1,0.029242188,0.001479486,0.00320356,0.023169336,0.002075189,0.003289368,0.000932242,0.016062828,0.007770625,0.025645295,0.084490508,0.015543105,0.031293446,0.004920785,0.026081665,0.011422686,0.016947625,0.008026916
Mitsuokella_multacida_DSM_20544,0.043606706,0.234230186,0.004852937,0.017351046,0.000751362,0.042025081,0.001219137,0.164216091,0.003438473,0.07703005,0.005612196,0.010505919,0.033036301,0.005008656,0.065439937,0.143901606,0.003134101,0.039991079,0.005221528,0.004952068,0.007515237,0.006107224,0.003462484,0.008065328,0.003691927,0.002464917,0.001158274,0.005222645,0.0042081,0.001760763,0.087182285,0.005442684,0.016329776,0.114246955,0.207246877,0.03932983,0.251005491,0.00324883,0.108315798,0.060711444,0.059681279,0.01566398,0.089096456,0.037117737,0.117124159,0.005576877,0.008516889,0.003640364,0.002526262,0.214615284,0.00818315,0.004003693,0.001330075,0.06722109,0.009829826,0.002012495,0.005137449,0.005382708,0.022499966,0.002750854,0.209079779,0.021343646,0.006254622,0.039400173,0.001151427,0.0019924,0.023661596,0.003124751,0.001381301,0.077464294,0.024789039,0.007789004,0.006005305,0.003077681,0.006897142,0.020986811,0.228890124,0.080647821,0.813728069,0.511672445,0.435234505,0.704779403,0.191601889,0.388108181,0.005712592,0.153800783,0.304561614,0.403424985,0.127685965,0.269502133,0.053962681,0.282668015,0.454774681,0.173836457,0.064278106,0.454724654,0.689295244,0.418173279,0.78793453,0.153799811,0.481265764,0.337272588,0.473392072,0.409429608,0.08733739,0.006109838,0.483051053,0.188295906,0.051380221,0.381596696,0.610105321,0.267869246,0.292141197,0.516595174,0.294774144,0.487605021,0.135194993,0,0.32318761,0.029427957,0.007799891,0.339648761,0.349434815,0.25762728,0.057220788,0.307433237,0.011268866,0.162487245,0.168909963,0.041997668,0.414536145,0.145906295,0.205975645,0.001065982,0.002415481,0.029242188,1,0.145817777,0.141964109,0.861271244,0.027708681,0.042663767,0.039293129,0.20990733,0.051727977,0.388493576,0.589925825,0.5211227,0.466680631,0.153920083,0.702226408,0.158774171,0.568635603,0.150194173
Pasteurella_multocida_multocida_Pm70,0.007654772,0.051687824,0.000707644,0.002601397,0.000109562,0.006128004,0.000177772,0.023945625,0.00050139,0.011232351,0.000818358,0.00153195,0.00481728,0.000730351,0.009542306,0.020983412,0.000457008,0.00583141,0.000761392,0.0007221,0.001095855,0.000890542,0.000504892,0.001176068,0.000538349,0.000359429,0.000168897,0.000761554,0.000613616,0.00025675,0.012712727,0.00079364,0.002381172,0.016659237,0.030220279,0.005734988,0.036601063,0.000473737,0.015794369,0.008852808,0.008702591,0.002284087,0.012991847,0.005412426,0.017078785,0.000813208,0.001241914,0.00053083,0.000368374,0.031294724,0.001193249,0.00058381,0.000193949,0.00980203,0.001433363,0.000293458,0.000749131,0.000784895,0.003280895,0.000401123,0.030487549,0.003112283,0.000912035,0.005745246,0.000167898,0.000290527,0.003450281,0.000455644,0.000201418,0.011295671,0.003614683,0.001135775,0.00087568,0.000448781,0.001005726,0.00306025,0.033376249,0.553072625,0.171536851,0.284982664,0.335032667,0.102769366,0.027938961,0.06344862,0.000832998,0.022426888,0.044410497,0.361449543,0.018618884,0.039298202,0.155246211,0.349531987,0.066314233,0.106063612,0.020987964,0.066306938,0.1005115,0.348701804,0.147823273,0.019829314,0.302988053,0.068920629,0.07076641,0.059702115,0.161728934,0.001050412,0.14496217,0.211606886,0.110378903,0.183134538,0.175924117,0.061217315,0.04259938,0.267616539,0.494676279,0.081691878,0.753574725,0,0.048043333,0.199847875,0.053490674,0.125635924,0.36100727,0.14924237,0.39241298,0.25964212,0.077280465,0.484803979,0.168572241,0.007746909,0.128998015,0.198149066,0.176981052,0.000331843,0.000400464,0.001479486,0.145817777,1,0.385969526,0.142448205,0.168670915,0.221477696,0.269467343,0.233853976,0.124738693,0.06167902,0.08744426,0.220378136,0.068050332,0.812766529,0.103607887,0.496594597,0.241178756,0.519886538
Pediococcus_pentosaceus_ATCC_25745,0.007452472,0.026542851,0.000688943,0.002532647,0.000106666,0.005966053,0.000173074,0.023312791,0.00048814,0.010935502,0.00079673,0.001491463,0.004689969,0.000711049,0.009290122,0.020428863,0.00044493,0.005677298,0.00074127,0.000703016,0.001066894,0.000867007,0.000491549,0.001144987,0.000524121,0.00034993,0.000164433,0.000741428,0.000597399,0.000249965,0.012376755,0.000772666,0.002318242,0.016218967,0.029421618,0.005583424,0.035633771,0.000461217,0.015376956,0.008618846,0.0084726,0.002223723,0.012648499,0.005269386,0.016627427,0.000791716,0.001209093,0.000516801,0.000358639,0.030467668,0.001161714,0.000568381,0.000188823,0.009542982,0.001395483,0.000285702,0.000729333,0.000764151,0.003194188,0.000390522,0.029681824,0.003030032,0.000887932,0.00559341,0.000163461,0.000282849,0.003359097,0.000443603,0.000196095,0.010997149,0.003519154,0.001105759,0.000852538,0.00043692,0.000979147,0.002979374,0.032494182,0.309189222,0.165945061,0.227044187,0.326178432,0.10005338,0.027200591,0.061771802,0.000810983,0.021834191,0.043236818,0.351897165,0.018126824,0.03825963,0.219337127,0.122693593,0.064561682,0.125337375,0.026161552,0.06455458,0.097855185,0.339486322,0.143916604,0.044316388,0.294980693,0.067099197,0.068896198,0.058124309,0.216798872,0.001022651,0.141131113,0.439251095,0.169338578,0.178294663,0.171274799,0.090810729,0.041473565,0.155908177,0.262679931,0.079532927,0.248053989,0,0.10496901,0.207291532,0.054942698,0.250445798,0.406267786,0.400219042,0.403065175,0.065814533,0.079378271,0.166188432,0.466055459,0.007542174,0.192518593,0.546026469,0.198199708,0.000323073,0.000172561,0.00320356,0.141964109,0.385969526,1,0.138683588,0.195180888,0.299683991,0.276782133,0.580530006,0.185481655,0.060048969,0.085133286,0.216724038,0.0662519,0.446089183,0.100869741,0.483355054,0.23480489,0.566585581
Porphyromonas_gingivalis_ATCC_33277,0.046523437,0.203879315,0.004967731,0.018262054,0.000769135,0.043019172,0.001247976,0.168100576,0.003519809,0.078852174,0.005744951,0.010754434,0.033817766,0.005127134,0.0669879,0.147305557,0.003208238,0.040937057,0.005345042,0.005069208,0.007693008,0.006251689,0.003544388,0.008256111,0.003779258,0.002523224,0.001185673,0.005346185,0.004307642,0.001802413,0.089244558,0.005571429,0.016716052,0.116949434,0.212149243,0.040260166,0.256942954,0.003325681,0.110877977,0.062147556,0.061093022,0.016034507,0.091204007,0.037995746,0.119894698,0.005708796,0.008718354,0.003726476,0.00258602,0.219691948,0.00837672,0.004098399,0.001361537,0.068811186,0.010062348,0.0020601,0.005258974,0.005510035,0.023032196,0.002815924,0.214025502,0.021848523,0.006402573,0.040332173,0.001178663,0.001931597,0.024221304,0.003198666,0.001413975,0.079296689,0.025375417,0.007973251,0.006147359,0.003150482,0.007060291,0.021483248,0.234304455,0.078784203,0.74359571,0.499848667,0.425177062,0.704675578,0.196134177,0.41650937,0.005847722,0.157438897,0.311765932,0.3941026,0.13070634,0.275877129,0.052715706,0.276136094,0.465532247,0.140410712,0.053759367,0.465481037,0.705600327,0.408510089,0.721962431,0.116895261,0.470144626,0.365559416,0.496786957,0.419114549,0.085319188,0.005648723,0.442321132,0.183944745,0.050192921,0.341687944,0.612305059,0.321122007,0.299051714,0.461487127,0.287962474,0.471592318,0.132070894,0,0.292520707,0.028747933,0.00761965,0.297242897,0.33845106,0.21821688,0.055898525,0.300329039,0.011008463,0.158732473,0.165006775,0.038478614,0.512077835,0.142534677,0.168641485,0.000991646,0.002162113,0.023169336,0.861271244,0.142448205,0.138683588,1,0.027068386,0.041677888,0.038385139,0.20505677,0.050532642,0.349657848,0.524739456,0.638630013,0.451474862,0.150363283,0.727337262,0.155105201,0.590633303,0.146723471
Proteus_mirabilis_HI4320,0.00145458,0.011999384,0.000134468,0.000494324,2.08E-05,0.00116446,3.38E-05,0.004550211,9.53E-05,0.002134401,0.000155507,0.000291105,0.000915392,0.000138783,0.001813254,0.003987324,8.68E-05,0.0011081,0.000144682,0.000137215,0.000208237,0.000169223,9.59E-05,0.00022348,0.000102298,6.83E-05,3.21E-05,0.000144713,0.000116601,4.88E-05,0.002415706,0.00015081,0.000452477,0.003165632,0.005742538,0.001089778,0.006955031,9.00E-05,0.003001288,0.001682234,0.001653689,0.000434028,0.002468745,0.001028484,0.003245356,0.000154528,0.000235992,0.00010087,7.00E-05,0.005946706,0.000226744,0.000110937,3.69E-05,0.001862608,0.000272372,5.58E-05,0.000142352,0.000149148,0.000623444,7.62E-05,0.005793325,0.000591404,0.000173307,0.001091727,3.19E-05,5.52E-05,0.000655632,8.66E-05,3.83E-05,0.002146433,0.000686872,0.000215823,0.000166399,8.53E-05,0.000191111,0.000581517,0.006342243,0.215828772,0.032595888,0.054153162,0.063663796,0.019528507,0.005309036,0.012056675,0.000158288,0.004261617,0.008439001,0.068683601,0.00353801,0.007467549,0.498964205,0.091992359,0.012601206,0.050408791,0.008942801,0.01259982,0.019099462,0.066261242,0.028089771,0.040537844,0.057574594,0.013096481,0.013447221,0.011344754,0.207198519,0.000199602,0.027546096,0.13140568,0.320091199,0.034799711,0.033429567,0.017724519,0.008094847,0.050853205,0.093999699,0.015523307,0.141063874,0,0.022034217,0.52548402,0.2814963,0.049472575,0.079295707,0.071848311,0.353830246,0.026279998,0.387353631,0.10765262,0.05061047,0.001472088,0.03757595,0.076353203,0.076689511,6.31E-05,7.35E-05,0.002075189,0.027708681,0.168670915,0.195180888,0.027068386,1,0.603362314,0.497863716,0.132004351,0.303275661,0.011720411,0.01661639,0.04230039,0.012931105,0.180019918,0.019687846,0.1745163,0.045829427,0.184485725
Proteus_penneri_ATCC_35198,0.002239654,0.01847576,0.000207045,0.000761124,3.21E-05,0.001792948,5.20E-05,0.007006077,0.000146698,0.003286392,0.000239437,0.000448222,0.001409453,0.000213688,0.002791914,0.006139385,0.000133713,0.00170617,0.00022277,0.000211274,0.000320628,0.000260557,0.000147723,0.000344097,0.000157511,0.000105163,4.94E-05,0.000222818,0.000179533,7.51E-05,0.003719525,0.000232205,0.00069669,0.004874205,0.008841932,0.001677959,0.01070884,0.000138607,0.00462116,0.002590179,0.002546228,0.000668284,0.00380119,0.001583582,0.004996958,0.000237931,0.000363363,0.000155312,0.00010778,0.009156296,0.000349124,0.000170813,5.67E-05,0.002867905,0.000419377,8.59E-05,0.000219183,0.000229647,0.000959933,0.000117362,0.008920131,0.0009106,0.000266846,0.00168096,4.91E-05,8.50E-05,0.001009493,0.000133314,5.89E-05,0.003304919,0.001057594,0.000332308,0.000256209,0.000131305,0.000294258,0.000895376,0.009765315,0.298757676,0.049122976,0.083381013,0.098024781,0.030068544,0.008174458,0.018563972,0.000243721,0.006561721,0.012993746,0.105753904,0.005447564,0.011497976,0.558614547,0.121624805,0.019402401,0.059659947,0.010659446,0.019400267,0.029407932,0.102024135,0.043250541,0.062059645,0.08864908,0.020164988,0.020705031,0.017467809,0.230400179,0.000307332,0.042413431,0.147485516,0.338337259,0.053582008,0.051472363,0.027290896,0.012463844,0.078299985,0.144733749,0.023901635,0.196984585,0,0.025891888,0.344076431,0.182822373,0.076174193,0.122093636,0.085781046,0.320187725,0.057192052,0.218080077,0.203344467,0.04054918,0.002266612,0.057856655,0.062479522,0.118080809,9.71E-05,0.000137932,0.003289368,0.042663767,0.221477696,0.299683991,0.041677888,0.603362314,1,0.621115465,0.181244239,0.47499501,0.018046218,0.025584683,0.065130997,0.019910354,0.277181288,0.030313881,0.268707226,0.070564745,0.284057406
Pseudomonas_aeruginosa_LESB58,0.002062711,0.017016088,0.000190687,0.000700991,2.95E-05,0.001651297,4.79E-05,0.006452564,0.000135108,0.003026752,0.000220521,0.00041281,0.0012981,0.000196806,0.00257134,0.005654344,0.000123149,0.001571375,0.00020517,0.000194582,0.000295297,0.000239972,0.000136052,0.000316912,0.000145067,9.69E-05,4.55E-05,0.000205214,0.000165349,6.92E-05,0.003425665,0.00021386,0.000641648,0.00448912,0.008143378,0.001545392,0.009862791,0.000127657,0.004256067,0.002385543,0.002345064,0.000615487,0.003500879,0.001458472,0.004602175,0.000219133,0.000334655,0.000143041,9.93E-05,0.008432906,0.000321542,0.000157318,5.23E-05,0.002641327,0.000386245,7.91E-05,0.000201866,0.000211503,0.000884094,0.00010809,0.008215399,0.000838659,0.000245764,0.001548156,4.52E-05,7.83E-05,0.000929738,0.000122781,5.43E-05,0.003043814,0.000974039,0.000306054,0.000235967,0.000120932,0.00027101,0.000824637,0.008993809,0.433276267,0.046223579,0.076793521,0.090280362,0.027692988,0.007528638,0.017097331,0.000224466,0.006043314,0.011967179,0.097398848,0.005017181,0.010589582,0.3479599,0.124814965,0.01786952,0.047234876,0.008603223,0.017867554,0.027084567,0.093963748,0.039833545,0.01708533,0.081645385,0.018571859,0.019069237,0.01608777,0.176145147,0.000283052,0.039062571,0.119569189,0.227888667,0.049348777,0.047405804,0.025134787,0.011479142,0.072113918,0.133299102,0.022013293,0.270609855,0,0.021105544,0.449959196,0.198505218,0.070156074,0.112447664,0.065854641,0.453419472,0.064300323,0.286789723,0.144087053,0.072801083,0.002087539,0.053285707,0.10089334,0.10875187,8.94E-05,0.000101108,0.000932242,0.039293129,0.269467343,0.276782133,0.038385139,0.497863716,0.621115465,1,0.154636237,0.266174175,0.016620482,0.023563372,0.059985342,0.018337342,0.255282663,0.027918942,0.247478092,0.064989798,0.261615535
Salmonella_enterica_sv_Heidelberg_SL476_CVM30485,0.011019183,0.047182105,0.001018667,0.003744758,0.000157716,0.008821372,0.000255906,0.034470161,0.000721761,0.016169172,0.001178041,0.002205269,0.006934562,0.001051354,0.013736322,0.030206002,0.000657871,0.008394421,0.001096037,0.001039475,0.001577503,0.001281951,0.000726801,0.001692972,0.000774962,0.000517404,0.00024313,0.001096271,0.000883311,0.000369597,0.018300201,0.001142459,0.00342774,0.023981273,0.043502638,0.00825562,0.052687892,0.000681953,0.02273628,0.012743777,0.012527538,0.003287984,0.018701999,0.007791285,0.02458522,0.001170627,0.001787758,0.000764139,0.000530281,0.045049321,0.001717703,0.000840404,0.000279192,0.014110199,0.002063353,0.000422437,0.001078388,0.00112987,0.004722908,0.000577424,0.043887378,0.004480188,0.001312891,0.008270385,0.000241693,0.000418219,0.004966742,0.000655908,0.000289945,0.016260323,0.005203401,0.001634969,0.001260558,0.000646028,0.001447761,0.004405285,0.048045715,0.15896316,0.160112316,0.236882704,0.482285589,0.147938362,0.040218641,0.091335437,0.001199115,0.032283912,0.063929715,0.39947632,0.02680222,0.056570473,0.257078594,0.073404163,0.095460539,0.247749638,0.049504698,0.095450038,0.144688124,0.366481714,0.212794278,0.219267882,0.40635928,0.099212493,0.101869529,0.085942276,0.416075941,0.001512086,0.208675668,0.697617567,0.244775734,0.263625483,0.253245951,0.134272231,0.061322579,0.146991619,0.356623391,0.116261117,0.13993853,0,0.17761818,0.140194997,0.037158736,0.374779879,0.600705255,0.610064042,0.272600239,0.029919797,0.053684955,0.100416678,0.444927793,0.011151816,0.267754843,0.505626652,0.30460782,0.000477694,0.00037189,0.016062828,0.20990733,0.233853976,0.580530006,0.20505677,0.132004351,0.181244239,0.154636237,1,0.246432447,0.088788066,0.125877596,0.32044694,0.097959685,0.314045352,0.14914543,0.513751258,0.347181185,0.477406245
Staphylococcus_saprophyticus_saprophyticus_ATCC_15305,0.002715484,0.022401062,0.000251033,0.00092283,3.89E-05,0.002173872,6.31E-05,0.008494566,0.000177865,0.003984609,0.000290308,0.00054345,0.001708901,0.000259088,0.003385076,0.007443739,0.000162121,0.002068658,0.000270099,0.00025616,0.000388748,0.000315914,0.000179107,0.000417203,0.000190976,0.000127505,5.99E-05,0.000270157,0.000217677,9.11E-05,0.004509763,0.000281539,0.000844706,0.005909764,0.010720462,0.002034453,0.012984006,0.000168055,0.005602957,0.00314048,0.003087192,0.000810266,0.004608779,0.001920025,0.006058596,0.000288481,0.000440561,0.000188309,0.000130678,0.011101614,0.000423298,0.000207103,6.88E-05,0.003477211,0.000508477,0.000104102,0.00026575,0.000278437,0.001163878,0.000142296,0.010815274,0.001104064,0.000323539,0.002038091,5.96E-05,0.000103063,0.001223966,0.000161637,7.15E-05,0.004007071,0.001282287,0.000402909,0.000310642,0.000159202,0.000356775,0.001085605,0.011840023,0.13845552,0.033858652,0.101095881,0.118850818,0.036456813,0.009911178,0.022508015,0.000295501,0.007955803,0.015754356,0.128222045,0.006604937,0.0139408,0.749004937,0.073899291,0.023524574,0.090808492,0.01576622,0.023521986,0.035655848,0.123595204,0.052439415,0.153668316,0.107483184,0.024449177,0.025103957,0.021178965,0.371618851,0.000372627,0.051424455,0.218366106,0.562259263,0.064965873,0.062408019,0.033089034,0.015111873,0.085742671,0.175483426,0.028979701,0.100065422,0,0.037807152,0.147930238,0.150786704,0.092357923,0.148033266,0.136095013,0.175025378,0.042583675,0.027048513,0.18618121,0.001125448,0.002748169,0.070148698,0.015894515,0.143167886,0.000117719,0.000205821,0.007770625,0.051727977,0.124738693,0.185481655,0.050532642,0.303275661,0.47499501,0.266174175,0.246432447,1,0.02188026,0.031020324,0.078968523,0.024140445,0.231838066,0.036754273,0.325795919,0.085556709,0.344407349
Streptococcus_gordonii_Challis_CH1,0.038483357,0.161877261,0.011473017,0.041406364,0.001776323,0.099353132,0.00288221,0.200294802,0.008129027,0.182109746,0.013268012,0.024837453,0.078102408,0.011841158,0.154709106,0.340203397,0.007409451,0.09454447,0.012344418,0.011707377,0.017767065,0.014438326,0.008185794,0.019067557,0.008728228,0.005827406,0.002738322,0.012347058,0.009948534,0.004162688,0.20611104,0.012867262,0.035087306,0.27009568,0.489960422,0.092981185,0.35803096,0.007680687,0.2560736,0.143530291,0.141094838,0.037031827,0.210636404,0.087751489,0.276897792,0.013184511,0.020135111,0.008606327,0.005972434,0.507380362,0.019346105,0.009465286,0.003144482,0.158919999,0.023239075,0.004757817,0.012145644,0.012725471,0.053193047,0.0065034,0.494293658,0.050459345,0.014786796,0.093147486,0.002722133,0.00471031,0.055939302,0.007387346,0.003265588,0.183136357,0.058604734,0.018414288,0.014197376,0.007276065,0.016305801,0.049615738,0.46840372,0.034112978,0.338401275,0.21643078,0.184098527,0.348436956,0.347944949,0.231986692,0.013505362,0.332790816,0.273243192,0.170643514,0.231348883,0.325612958,0.022825511,0.119564889,0.439075223,0.087950971,0.049039289,0.355955366,0.419689715,0.176881851,0.352253433,0.073774552,0.20356915,0.198376717,0.431990864,0.402070037,0.036942578,0.016355391,0.425483562,0.079646716,0.021733164,0.192705397,0.254996278,0.140169943,0.40207467,0.230475368,0.124685624,0.699745172,0.057185721,0,0.174222207,0.012447643,0.003299252,0.163090198,0.147806375,0.108972984,0.024203648,0.130040255,0.004766583,0.068729988,0.071446715,0.117153733,0.169899323,0.061716462,0.099662744,0.001095584,0.008070018,0.025645295,0.388493576,0.06167902,0.060048969,0.349657848,0.011720411,0.018046218,0.016620482,0.088788066,0.02188026,1,0.474129185,0.202425566,0.800854623,0.065106191,0.373701341,0.067159406,0.213812996,0.063530179
Streptococcus_infantarius_infantarius_ATCC_BAA_102,0.059549881,0.324120881,0.00809252,0.02310952,0.001252934,0.070078971,0.002032974,0.27383873,0.005733829,0.128451549,0.009358624,0.017519157,0.055089722,0.008352189,0.109124442,0.239963288,0.005226274,0.06668717,0.008707165,0.008257827,0.012532042,0.010184108,0.00577387,0.013449348,0.006156476,0.004110375,0.001931482,0.008709027,0.007017222,0.002936162,0.14538092,0.009075954,0.027230737,0.19051264,0.345594767,0.065584504,0.418564494,0.005417591,0.180622132,0.099288301,0.099521584,0.026120488,0.148572897,0.061895724,0.195310526,0.009299727,0.014202349,0.006070493,0.004212671,0.357881963,0.013645822,0.006676362,0.002217968,0.112094605,0.016391738,0.003355938,0.008566959,0.008975942,0.037519844,0.004587189,0.31789315,0.035591621,0.010429902,0.065701804,0.001920063,0.003322428,0.039456921,0.005210682,0.00230339,0.129175671,0.04133699,0.012988562,0.010014153,0.00513219,0.011501336,0.034996581,0.381685989,0.048363027,0.509769533,0.306840631,0.261002192,0.76260547,0.319505949,0.459609568,0.00952604,0.256470672,0.439525189,0.241926604,0.212922877,0.44940859,0.032360435,0.169510852,0.758360041,0.254352734,0.149057187,0.682672039,0.751221589,0.250770887,0.591545963,0.135820578,0.288606299,0.273312222,0.544339688,0.483234124,0.052374639,0.010987819,0.592149333,0.11291762,0.030811781,0.477486451,0.450592797,0.196823419,0.487160389,0.326752078,0.176770676,0.562972714,0.081073971,0,0.442182801,0.017647409,0.004677452,0.335870742,0.209549684,0.154494379,0.034314263,0.184362104,0.006757733,0.097440636,0.101292224,0.063930162,0.261759234,0.087497343,0.216670964,0.001830215,0.005108329,0.084490508,0.589925825,0.08744426,0.085133286,0.524739456,0.01661639,0.025584683,0.023563372,0.125877596,0.031020324,0.474129185,1,0.315303629,0.565578832,0.092303066,0.537134113,0.095213974,0.336001465,0.090068705
Streptococcus_mutans_UA159,0.034386918,0.07042206,0.003178894,0.011686047,0.000492176,0.02752834,0.00079859,0.107569013,0.002252356,0.050458189,0.003676244,0.006881855,0.021640281,0.003280897,0.042866137,0.094262101,0.002052979,0.026195977,0.003420339,0.00324383,0.004922822,0.00400051,0.002268085,0.005283157,0.00241838,0.001614633,0.000758722,0.00342107,0.002756497,0.00115338,0.057108365,0.003565206,0.010696747,0.074836955,0.135756137,0.025762829,0.16442002,0.002128132,0.070951777,0.039768759,0.039093954,0.01026062,0.058362233,0.024313807,0.076721655,0.003653108,0.00557895,0.002384604,0.001654817,0.140582779,0.005360336,0.002622601,0.00087126,0.044032873,0.006438984,0.001318276,0.003365263,0.003525919,0.014738502,0.001801934,0.136956771,0.013981059,0.004097062,0.025808907,0.000754237,0.001195666,0.015499422,0.002046854,0.000904815,0.050742638,0.016237949,0.005102152,0.003933748,0.002016021,0.004517942,0.013747316,0.149933449,0.123117889,0.465000001,0.226415399,0.371419818,0.446612542,0.125507957,0.285025151,0.003742008,0.100746513,0.199501718,0.528691903,0.083640118,0.176536162,0.082380049,0.134108574,0.297898114,0.137208336,0.043905469,0.297865344,0.451519756,0.604275476,0.47073431,0.103653029,0.403885523,0.309606618,0.317898273,0.268195027,0.133330262,0.0029922,0.221378453,0.248670347,0.078437635,0.265501515,0.698368498,0.378429198,0.19136578,0.169522524,0.283625394,0.310912211,0.178275455,0,0.32670765,0.044925058,0.011907403,0.34970961,0.424149594,0.248170799,0.087353912,0.105980403,0.01720318,0.157404307,0.25785989,0.019148208,0.750950488,0.222742225,0.175593869,0.000766267,0.000695067,0.015543105,0.5211227,0.220378136,0.216724038,0.638630013,0.04230039,0.065130997,0.059985342,0.32044694,0.078968523,0.202425566,0.315303629,1,0.28203787,0.234976167,0.465429409,0.242386472,0.880870448,0.229288148
Streptococcus_pneumoniae_Hungary19A_6,0.046004226,0.181028469,0.010398839,0.036881991,0.001610012,0.09005105,0.002612359,0.231807573,0.007367935,0.165059454,0.012025775,0.02251201,0.070789956,0.010732512,0.14022424,0.308351357,0.00671573,0.085692606,0.011188654,0.010611257,0.016103597,0.013086517,0.007419387,0.017282329,0.007911035,0.005281807,0.002481942,0.011191047,0.009017088,0.00377295,0.186813593,0.011662546,0.034991331,0.244807577,0.444087162,0.084275686,0.41999883,0.006961571,0.232098335,0.130092058,0.127884627,0.033564668,0.190915263,0.079535627,0.250972831,0.011950092,0.018249931,0.007800547,0.005413256,0.459876134,0.017534797,0.008579085,0.002850075,0.144040882,0.021063283,0.00431236,0.01100849,0.01153403,0.04821277,0.00589451,0.448014691,0.045735015,0.01340236,0.084426416,0.002467269,0.004238642,0.050701903,0.006695695,0.002959842,0.165989948,0.05311778,0.016690223,0.012868126,0.006594832,0.014779147,0.044970392,0.490464161,0.037636776,0.396709696,0.23878762,0.203115514,0.456350746,0.398028757,0.296815533,0.012240903,0.329563244,0.331357487,0.188270627,0.259350052,0.386167463,0.025183338,0.131915688,0.544568083,0.111115261,0.058771697,0.44466698,0.544109454,0.19515337,0.417211003,0.096891946,0.224597411,0.257045509,0.52222705,0.479285782,0.040758668,0.013979251,0.46943511,0.087874052,0.023978154,0.22607068,0.357118963,0.18936241,0.477245067,0.254282984,0.137565384,0.833012218,0.063092885,0,0.208782717,0.013733458,0.003640058,0.195147202,0.16307446,0.120229661,0.026703834,0.143473137,0.005258961,0.07582965,0.078827008,0.099267161,0.240104009,0.068091642,0.125035136,0.001167168,0.006761499,0.031293446,0.466680631,0.068050332,0.0662519,0.451474862,0.012931105,0.019910354,0.018337342,0.097959685,0.024140445,0.800854623,0.565578832,0.28203787,1,0.071831522,0.468869723,0.07409683,0.28215724,0.070092711
Streptococcus_pyogenes_M4_MGAS10750,0.008080106,0.053923812,0.000746964,0.002745942,0.00011565,0.006468504,0.00018765,0.025276154,0.00052925,0.011856472,0.00086383,0.001617072,0.00508495,0.000770933,0.010072521,0.022149347,0.000482401,0.00615543,0.000803698,0.000762223,0.001156746,0.000940024,0.000532946,0.001241416,0.000568262,0.0003794,0.000178282,0.00080387,0.000647711,0.000271017,0.013419105,0.000837738,0.002513481,0.017584901,0.031899457,0.006053651,0.038634786,0.00050006,0.016671977,0.00934471,0.009186147,0.002411001,0.013713734,0.005713165,0.01802776,0.000858393,0.00131092,0.000560325,0.000388842,0.033033602,0.001259551,0.000616249,0.000204725,0.010346676,0.001513008,0.000309763,0.000790757,0.000828507,0.003463197,0.000423412,0.032181577,0.003285216,0.000962712,0.006064478,0.000177228,0.00030667,0.003641995,0.000480962,0.00021261,0.011923311,0.003815531,0.001198884,0.000924337,0.000473717,0.001061609,0.003230292,0.035230787,0.523959049,0.16846301,0.300817613,0.353648623,0.108479705,0.029491379,0.066974117,0.000879283,0.023673029,0.046878149,0.381533344,0.019653434,0.041481791,0.265723409,0.299620416,0.069998957,0.141035424,0.028344943,0.069991257,0.106096382,0.368077281,0.156037015,0.067441243,0.319823464,0.072750176,0.074698518,0.063019439,0.256524788,0.001108777,0.153016935,0.294641711,0.215497534,0.193310335,0.185699271,0.073868304,0.044966397,0.282486546,0.520007276,0.086231054,0.608143392,0,0.064836754,0.191189849,0.050674941,0.15968965,0.428124912,0.211770465,0.371756479,0.21614954,0.073212444,0.468543394,0.17523613,0.008177363,0.156245818,0.204867232,0.220407564,0.000350282,0.000421811,0.004920785,0.153920083,0.812766529,0.446089183,0.150363283,0.180019918,0.277181288,0.255282663,0.314045352,0.231838066,0.065106191,0.092303066,0.234976167,0.071831522,1,0.109364818,0.627809324,0.254579757,0.6588259
Streptococcus_sanguinis_SK36,0.059759601,0.204007068,0.006830025,0.024741046,0.001057467,0.059146113,0.001715814,0.203418508,0.004839308,0.10841212,0.007898607,0.014786034,0.046495302,0.007049184,0.09210019,0.20252717,0.004410935,0.056283459,0.00734878,0.006969542,0.010576947,0.008595309,0.004873102,0.011351146,0.005196019,0.003469125,0.001630156,0.007350352,0.005922482,0.002478098,0.122700379,0.007660036,0.022982533,0.160791204,0.291679327,0.055352817,0.353265215,0.004572405,0.152443691,0.085445307,0.083995452,0.022045491,0.125394382,0.052239516,0.164840583,0.007848898,0.011986673,0.00512345,0.003555462,0.302049626,0.011516969,0.005634798,0.001871948,0.094606985,0.013834501,0.002832386,0.007230448,0.007575626,0.03166646,0.003871552,0.294258954,0.030039054,0.008802757,0.055451818,0.001620518,0.002226049,0.033301338,0.004397776,0.001944044,0.109023274,0.034888102,0.010962247,0.008451868,0.004331529,0.009707039,0.029536845,0.32214004,0.057302686,0.603997839,0.363558561,0.30924712,0.626072278,0.269660565,0.429676964,0.008039904,0.216459275,0.428640121,0.286645506,0.179705272,0.379297395,0.038342097,0.200844071,0.640050044,0.125369806,0.055477478,0.639979637,0.710903796,0.29712461,0.56943168,0.106022793,0.341953705,0.454925904,0.675056474,0.576231373,0.062055825,0.006704037,0.446523305,0.133789868,0.036507182,0.285382463,0.483966689,0.410269262,0.411159623,0.387150539,0.209445837,0.471299676,0.096060082,0,0.25336784,0.020909443,0.005542056,0.246179605,0.248283877,0.181095695,0.04065708,0.218440501,0.008006866,0.115452043,0.120015576,0.045677328,0.523948047,0.103670782,0.146228533,0.001049389,0.002748603,0.026081665,0.702226408,0.103607887,0.100869741,0.727337262,0.019687846,0.030313881,0.027918942,0.14914543,0.036754273,0.373701341,0.537134113,0.465429409,0.468869723,0.109364818,1,0.112813792,0.429589609,0.106717447
Streptococcus_suis_05ZYH33,0.008334924,0.052972166,0.000770521,0.00283254,0.000119297,0.006672497,0.000193568,0.026073274,0.000545941,0.012230382,0.000891072,0.001668069,0.005245311,0.000795245,0.010390172,0.022847858,0.000497614,0.00634955,0.000829044,0.00078626,0.001193226,0.000969669,0.000549753,0.001280566,0.000586183,0.000391365,0.000183904,0.000829221,0.000668138,0.000279564,0.013842295,0.000864158,0.002592747,0.018139465,0.032905451,0.006244561,0.039853189,0.00051583,0.017197751,0.009639409,0.009475846,0.002487035,0.014146216,0.005893338,0.018596291,0.000885464,0.001352262,0.000577996,0.000401105,0.034075364,0.001299273,0.000635683,0.000211182,0.010672973,0.001560723,0.000319532,0.000815694,0.000854635,0.003572413,0.000436765,0.033196469,0.00338882,0.000993072,0.00625573,0.000182817,0.000316342,0.00375685,0.00049613,0.000219315,0.012299329,0.003935859,0.001236693,0.000953487,0.000488656,0.001095088,0.003332164,0.03634184,0.442979552,0.132650824,0.285480443,0.364801432,0.111900765,0.030421431,0.069086241,0.000907012,0.024419592,0.048356518,0.353828052,0.020273233,0.042789978,0.339870654,0.179979203,0.072206473,0.214375321,0.041379628,0.07219853,0.109442281,0.321330678,0.160957862,0.168258104,0.329909548,0.075044456,0.077054241,0.065006846,0.487934324,0.001143744,0.15784254,0.502392298,0.323605663,0.19940665,0.191555559,0.09982124,0.046384476,0.227423675,0.502242276,0.088950472,0.348748723,0,0.099538123,0.185344741,0.049125693,0.234378641,0.454374218,0.359439012,0.360391039,0.11658207,0.070974174,0.266645723,0.20107462,0.008435248,0.215063371,0.233633991,0.314738944,0.000361328,0.000414369,0.011422686,0.158774171,0.496594597,0.483355054,0.155105201,0.1745163,0.268707226,0.247478092,0.513751258,0.325795919,0.067159406,0.095213974,0.242386472,0.07409683,0.627809324,0.112813792,1,0.262608289,0.854256258
Thermoanaerobacter_sp_X514,0.031738997,0.077543245,0.002934108,0.010786177,0.000454277,0.025408556,0.000737096,0.099285798,0.002078916,0.04657272,0.003393159,0.006351927,0.019973899,0.003028256,0.039565285,0.087003568,0.001894892,0.024178789,0.00315696,0.002994043,0.004543747,0.003692455,0.002093434,0.004876334,0.002232156,0.0014903,0.000700298,0.003157635,0.002544237,0.001064565,0.052710808,0.003290672,0.009873057,0.06907423,0.125302408,0.023778995,0.151759066,0.001964258,0.065488226,0.036706416,0.036083573,0.009470514,0.053868124,0.022441553,0.070813801,0.003371805,0.00514935,0.002200981,0.00152739,0.129757381,0.00494757,0.002420651,0.000804169,0.040642178,0.005943158,0.001216764,0.003106125,0.00325441,0.013603582,0.001663179,0.126410589,0.012904466,0.003781573,0.023821525,0.000696158,0.001204614,0.014305909,0.001889239,0.000835141,0.046835266,0.014987566,0.004709267,0.003630835,0.00186078,0.004170043,0.012688722,0.138388014,0.133389367,0.501542833,0.250411557,0.424653844,0.426112845,0.115843377,0.263077152,0.003453859,0.092988656,0.184139342,0.590436609,0.077199517,0.16294222,0.089252851,0.154952815,0.274958849,0.153274015,0.046842208,0.274928602,0.416751052,0.675646157,0.513857278,0.120396169,0.446267919,0.285765755,0.293418921,0.24754301,0.144453738,0.003099154,0.23761367,0.282108884,0.08498153,0.295046394,0.72943455,0.340294567,0.176629902,0.188220484,0.319985755,0.325541907,0.208665668,0,0.34632933,0.048673065,0.012900814,0.381054887,0.471460041,0.278798987,0.094641674,0.123678882,0.018638406,0.18423279,0.279372623,0.019983935,0.656955089,0.241325162,0.196046505,0.000799749,0.000753525,0.016947625,0.568635603,0.241178756,0.23480489,0.590633303,0.045829427,0.070564745,0.064989798,0.347181185,0.085556709,0.213812996,0.336001465,0.880870448,0.28215724,0.254579757,0.429589609,0.262608289,1,0.248417199
Tropheryma_whipplei_Twist,0.007884513,0.045889558,0.000728883,0.002679472,0.00011285,0.006311922,0.000183107,0.0246643,0.000516439,0.011569465,0.000842919,0.001577928,0.00496186,0.000752271,0.009828697,0.021613183,0.000470724,0.006006427,0.000784243,0.000743772,0.001128745,0.000917269,0.000520045,0.001211365,0.000554506,0.000370216,0.000173966,0.000784411,0.000632032,0.000264456,0.013094271,0.000817459,0.002452637,0.017159227,0.031127273,0.005907111,0.037699562,0.000487955,0.016268402,0.009118505,0.00896378,0.002352639,0.013381768,0.005574868,0.017591366,0.000837614,0.001279187,0.000546761,0.00037943,0.032233965,0.001229061,0.000601331,0.000199769,0.010096216,0.001476383,0.000302265,0.000771615,0.000808451,0.003379364,0.000413162,0.031402564,0.003205691,0.000939408,0.005917676,0.000172938,0.000299247,0.003553834,0.000469319,0.000207463,0.011634685,0.003723169,0.001169863,0.000901962,0.00046225,0.00103591,0.003152097,0.034377963,0.468854381,0.144125884,0.293535784,0.345087926,0.105853759,0.028777487,0.065352889,0.000857998,0.023099981,0.04574338,0.372297647,0.019177688,0.04047765,0.359286118,0.184800574,0.068304507,0.177242923,0.03509447,0.068296993,0.103528129,0.352583282,0.15225986,0.115674592,0.312081565,0.070989128,0.072890307,0.061493941,0.370976219,0.001081937,0.149312886,0.464084474,0.342091973,0.188630913,0.181204088,0.094212858,0.043877905,0.231280609,0.437317384,0.084143677,0.364239612,0,0.091983625,0.195932752,0.051932049,0.219260088,0.429820287,0.330627815,0.380978751,0.119532039,0.075028647,0.276941183,0.243694859,0.007979416,0.20313005,0.283321688,0.267881393,0.000341803,0.000349722,0.008026916,0.150194173,0.519886538,0.566585581,0.146723471,0.184485725,0.284057406,0.261615535,0.477406245,0.344407349,0.063530179,0.090068705,0.229288148,0.070092711,0.6588259,0.106717447,0.854256258,0.248417199,1
