,,,,,,,,,,,,,,,,,,,,,,,,,,,,,,,,,,,,,,,,,,,,,,,,,,,,,,,,,,,,,,,,,,,,,,,,,,,,,,,,,,,,,,,,,,,,,,,,,,,,,,,,,,,,,,,,,,,,,,,,,,,,,,,,,,,,,,,,,,,,,,,,,,,,,,,,,,
Jaccard Similarity,Escherichia_coli_O157_H7_EC4115,Leuconostoc_mesenteroides_mesenteroides_ATCC_8293,Coprococcus_comes_ATCC_27758,Akkermansia_muciniphila_ATCC_BAA_835,Alistipes_putredinis_DSM_17216,Anaerotruncus_colihominis_DSM_17241,Bacteroides_caccae_ATCC_43185,Bacteroides_cellulosilyticus_DSM_14838,Bacteroides_coprocola_M16_DSM_17136,Bacteroides_coprophilus_DSM_18228,Bacteroides_dorei_5_1_36_D4,Bacteroides_dorei_DSM_17855,Bacteroides_eggerthii_DSM_20697,Bacteroides_finegoldii_DSM_17565,Bacteroides_fragilis_3_1_12,Bacteroides_intestinalis_341_DSM_17393,Bacteroides_ovatus_ATCC_8483,Bacteroides_pectinophilus_ATCC_43243,Bacteroides_plebeius_M12_DSM_17135,Bacteroides_sp_2_1_7,Bacteroides_sp_2_2_4,Bacteroides_sp_4_3_47FAA,Bacteroides_sp_9_1_42FAA,Bacteroides_sp_D1,Bacteroides_stercoris_ATCC_43183,Bacteroides_thetaiotaomicron_VPI_5482,Bacteroides_uniformis_ATCC_8492,Bacteroides_vulgatus_ATCC_8482,Bacteroides_xylanisolvens_XB1A,Bifidobacterium_adolescentis_L2_32,Bifidobacterium_catenulatum_DSM_16992,Bifidobacterium_longum_longum_CCUG_52486,Bifidobacterium_pseudocatenulatum_DSM_20438,Blautia_hansenii_VPI_C7_24_DSM_20583,Bryantella_formatexigens_I_52_DSM_14469,Butyrivibrio_crossotus_DSM_2876,Catenibacterium_mitsuokai_DSM_15897,Clostridiales_sp_SS3_4,Clostridium_asparagiforme_DSM_15981,Clostridium_bartlettii_DSM_16795,Clostridium_bolteae_ATCC_BAA_613,Clostridium_leptum_DSM_753,Clostridium_methylpentosum_R2_DSM_5476,Clostridium_nexile_DSM_1787,Clostridium_scindens_ATCC_35704,Clostridium_sp_L2_50,Clostridium_sp_M62_1,Clostridium_sp_SS2_1,Collinsella_aerofaciens_ATCC_25986,Coprobacillus_sp_D7,Coprococcus_eutactus_ATCC_27759,Dorea_formicigenerans_ATCC_27755,Dorea_longicatena_DSM_13814,Enterococcus_faecalis_TX0104,Eubacterium_biforme_DSM_3989,Eubacterium_hallii_DSM_3353,Eubacterium_rectale_M104_1,Eubacterium_siraeum_70_3,Eubacterium_ventriosum_ATCC_27560,Faecalibacterium_prausnitzii_SL3_3,Gordonibacter_pamelaeae_7_10_1_bT_DSM_19378,Holdemania_filiformis_VPI_J1_31B_1_DSM_12042,Parabacteroides_distasonis_ATCC_8503,Parabacteroides_johnsonii_DSM_18315,Parabacteroides_merdae_ATCC_43184,Prevotella_copri_CB7_DSM_18205,Pseudoflavonifractor_capillosus_ATCC_29799,Roseburia_intestinalis_M50_1,Ruminococcus_bromii_L2_63,Ruminococcus_gnavus_ATCC_29149,Ruminococcus_lactaris_ATCC_29176,Ruminococcus_obeum_A2_162,Ruminococcus_sp_SR1_5,Ruminococcus_torques_L2_14,Streptococcus_thermophilus_LMD_9,Subdoligranulum_variabile_DSM_15176,Clostridium_symbiosum_WAL_14163,Actinobacillus_pleuropneumoniae_sv_7_AP76,Actinomyces_odontolyticus_ATCC_17982,Anaerococcus_hydrogenalis_DSM_7454,Anaerofustis_stercorihominis_DSM_17244,Anaerostipes_caccae_DSM_14662,Bifidobacterium_angulatum_DSM_20098,Bifidobacterium_animalis_lactis_AD011,Bifidobacterium_bifidum_NCIMB_41171,Bifidobacterium_breve_DSM_20213,Bifidobacterium_dentium_ATCC_27678,Bifidobacterium_gallicum_DSM_20093,Blautia_hydrogenotrophica_DSM_10507,Butyrivibrio_fibrisolvens_16_4,Campylobacter_concisus_13826,Campylobacter_hominis_ATCC_BAA_381,Candidatus_Sulcia_muelleri_GWSS,Citrobacter_koseri_ATCC_BAA_895,Citrobacter_sp_30_2,Clostridium_difficile_630,Clostridium_hylemonae_DSM_15053,Clostridium_perfringens_ATCC_13124,Clostridium_phytofermentans_ISDg,Clostridium_ramosum_VPI_0427_DSM_1402,Clostridium_sp_7_2_43FAA,Clostridium_spiroforme_DSM_1552,Collinsella_intestinalis_DSM_13280,Collinsella_stercoris_DSM_13279,Cronobacter_sakazakii_ATCC_BAA_894,Desulfovibrio_piger_ATCC_29098,Desulfovibrio_vulgaris_Miyazaki_F,Enterobacter_cancerogenus_ATCC_35316,Enterobacter_sp_638,Enterococcus_faecalis_TX1322,Enterococcus_sp_7L76,Escherichia_fergusonii_UMN026_ATCC_35469,Eubacterium_dolichum_DSM_3991,Finegoldia_magna_ATCC_29328,Fusobacterium_nucleatum_nucleatum_ATCC_25586,Haemophilus_influenzae_NTHi_86_028NP,Haemophilus_parasuis_SH0165,Helicobacter_pullorum_MIT_98_5489,Klebsiella_pneumoniae_342,Lactobacillus_acidophilus_NCFM,Lactobacillus_casei_casei_BL23,Lactobacillus_delbrueckii_bulgaricus_ATCC_11842,Lactobacillus_fermentum_IFO_3956,Lactobacillus_gasseri_ATCC_33323,Lactobacillus_helveticus_DPC_4571,Lactobacillus_hilgardii_ATCC_8290,Lactobacillus_johnsonii_NCC_533,Lactobacillus_paracasei_ATCC_25302,Lactobacillus_reuteri_SD2112_ATCC_55730,Lactobacillus_sakei_sakei_23K,Lactobacillus_salivarius_HO66_ATCC_11741,Lactobacillus_ultunensis_DSM_16047,Lactococcus_lactis_cremoris_MG1363,Megamonas_hypermegale_ART12_1,Methanobrevibacter_smithii_DSM_2375,Methanosphaera_stadtmanae_DSM_3091,Mitsuokella_multacida_DSM_20544,Pasteurella_multocida_multocida_Pm70,Pediococcus_pentosaceus_ATCC_25745,Porphyromonas_gingivalis_ATCC_33277,Proteus_mirabilis_HI4320,Proteus_penneri_ATCC_35198,Pseudomonas_aeruginosa_LESB58,Salmonella_enterica_sv_Heidelberg_SL476_CVM30485,Staphylococcus_saprophyticus_saprophyticus_ATCC_15305,Streptococcus_gordonii_Challis_CH1,Streptococcus_infantarius_infantarius_ATCC_BAA_102,Streptococcus_mutans_UA159,Streptococcus_pneumoniae_Hungary19A_6,Streptococcus_pyogenes_M4_MGAS10750,Streptococcus_sanguinis_SK36,Streptococcus_suis_05ZYH33,Thermoanaerobacter_sp_X514,Tropheryma_whipplei_Twist
Escherichia_coli_O157_H7_EC4115,1,0.013672949,0.197934474,0.081354916,0.057721413,0.173409179,0.057833138,0.084716379,0.098077773,0.160241307,0.200439011,0.226182335,0.111915505,0.132797369,0.21490874,0.077101441,0.150327453,0.112641063,0.109056537,0.149242135,0.151478045,0.158814274,0.191746559,0.165932282,0.066441428,0.082618603,0.042597027,0.145447431,0.146319291,0.094017299,0.079392288,0.12926205,0.112307024,0.104428347,0.080993076,0.058038285,0.061531582,0.08945623,0.186000279,0.19143055,0.145739364,0.191336229,0.108475189,0.161611353,0.131005215,0.083334629,0.20567147,0.087799444,0.14240575,0.091050143,0.095453464,0.126513405,0.074921856,0.139549578,0.085033169,0.109929456,0.177120664,0.153496997,0.101181375,0.139105272,0.118607974,0.249202852,0.147788266,0.129531697,0.044566355,0.036960167,0.260953966,0.137105723,0.060173921,0.201898935,0.051060515,0.178905893,0.109536817,0.08816759,0.185686829,0.215719275,0.125120445,0.008467101,0.052285988,0.009330801,0.01686171,0.056387812,0.058958928,0.027470778,0.073286574,0.05403346,0.052576767,0.008891593,0.095139396,0.054706261,0.015411815,0.037121399,0.042151743,0.013515264,0.014723474,0.037517408,0.035136435,0.019205701,0.026637479,0.049924193,0.026415045,0.115944445,0.045931307,0.045479597,0.008436316,0.068555163,0.023263904,0.024793037,0.01053067,0.020914799,0.019734197,0.078248476,0.059015535,0.012946332,0.021054141,0.05588859,0.009655726,0.001090213,0.038716595,0.017418174,0.00180341,0.041055172,0.009155199,0.007906809,0.004809932,0.004310193,0.001957895,0.003415281,0.007943918,0.025438694,0.019025734,0.002752902,0.046581673,0.010858592,0.221828644,0.019665481,0.068176908,0.011109412,0.010154233,0.029745779,0.002152529,0.002615824,0.017637183,0.008773795,0.003127595,0.061788121,0.028672215,0.023937433,0.06557768,0.008537025,0.045351171,0.010359053,0.009616258,0.007019469
Leuconostoc_mesenteroides_mesenteroides_ATCC_8293,0.013672949,1,0.00565128,0.001989032,0.001031409,0.030926033,0.001350865,0.002579445,0.009128853,0.008402125,0.007190803,0.009351722,0.00374667,0.006425111,0.010922512,0.004789622,0.004352108,0.006643031,0.006666215,0.003607465,0.004386167,0.005035993,0.004767178,0.005440062,0.003464722,0.00156946,0.000777381,0.003341355,0.003968525,0.002341368,0.018236231,0.004420845,0.015766313,0.074788834,0.104530694,0.001839894,0.008896484,0.002244015,0.032080745,0.014577972,0.015351572,0.008954366,0.080912918,0.018155501,0.062473664,0.00324665,0.014263187,0.001686932,0.003443966,0.08357248,0.004497359,0.003221523,0.001476184,0.055273592,0.004266133,0.002248349,0.004825045,0.003335957,0.003963008,0.00283943,0.040017859,0.013611853,0.004278829,0.009197339,0.00129344,0.002970108,0.014703039,0.003340554,0.001383724,0.014975791,0.001682897,0.007655511,0.002306368,0.002252299,0.013467175,0.016247968,0.049375057,0.173569157,0.166429993,0.321541216,0.326900929,0.179798802,0.05259932,0.231983899,0.053324047,0.152936333,0.143270534,0.247498567,0.099065452,0.144404971,0.191631032,0.121931702,0.212955816,0.257540083,0.224408565,0.252149513,0.234636716,0.21538847,0.277006201,0.090951645,0.222957533,0.025735919,0.147799518,0.207918946,0.269248641,0.007721378,0.261533795,0.094967745,0.240745543,0.311407587,0.331555738,0.118031175,0.115113887,0.3278526,0.259097057,0.104481968,0.174947668,0.072261945,0.033932035,0.156456219,0.101930299,0.109100349,0.13202868,0.166249289,0.194230434,0.153161279,0.127397222,0.162828215,0.055716445,0.136815401,0.044421032,0.149308661,0.231500111,0.024998208,0.023720612,0.053172734,0.013214525,0.177908489,0.029081735,0.221513369,0.08733462,0.069042163,0.116044169,0.24428042,0.187516879,0.103864599,0.243319605,0.226461754,0.130137512,0.303434648,0.107332491,0.284850716,0.283407093,0.190348207
Coprococcus_comes_ATCC_27758,0.197934474,0.00565128,1,0.179375144,0.143007424,0.179688291,0.152000576,0.203309671,0.137075055,0.117723861,0.547172009,0.530722165,0.168156595,0.218052504,0.34171287,0.183701275,0.449106577,0.168282368,0.144105032,0.497746086,0.528108585,0.587321071,0.573229472,0.5289823,0.196251732,0.20685511,0.127205695,0.468276888,0.493158253,0.26883695,0.134837519,0.392208691,0.129665398,0.07556315,0.053642248,0.142193295,0.16513658,0.358013259,0.15184842,0.223915662,0.16387588,0.323225235,0.069843976,0.196668702,0.088364671,0.17191442,0.327032881,0.282079286,0.471282481,0.05925543,0.336790408,0.500779329,0.239274495,0.102241951,0.240552471,0.370679429,0.632677171,0.426309936,0.367460535,0.486597212,0.112709409,0.370592566,0.52441788,0.215936217,0.145344574,0.136956667,0.351474351,0.48029296,0.159166533,0.187381033,0.205858851,0.551036624,0.371984174,0.35911539,0.290976951,0.346350971,0.09623845,0.003284767,0.028244727,0.004013134,0.007574143,0.02624786,0.070925624,0.011527037,0.058432227,0.027489002,0.029913634,0.00347895,0.052071982,0.033649975,0.005808729,0.017452312,0.022447197,0.005225566,0.007109443,0.018310065,0.017941494,0.009761024,0.013179902,0.029525115,0.012358076,0.168863528,0.03206458,0.024710097,0.00330753,0.187248827,0.009968542,0.022389474,0.004347627,0.008605032,0.009011956,0.027845275,0.043270681,0.005969121,0.008398424,0.033255648,0.003754934,0.00040995,0.036228886,0.006255693,0.000697202,0.016922373,0.003306276,0.003908036,0.001795587,0.001677969,0.000762881,0.00145001,0.003614491,0.012252139,0.016575553,0.001019961,0.019195489,0.02109635,0.153001406,0.014220371,0.116063272,0.004304393,0.010498018,0.015153138,0.000858261,0.003715475,0.006377713,0.003272707,0.001230448,0.035427772,0.013098521,0.009926687,0.036202195,0.003305987,0.027905061,0.004022185,0.003955854,0.004907346
Akkermansia_muciniphila_ATCC_BAA_835,0.081354916,0.001989032,0.179375144,1,0.271760305,0.046507499,0.234074788,0.241730129,0.042957288,0.097684628,0.142087563,0.119074858,0.117333162,0.105296056,0.083737652,0.148539607,0.176428641,0.103562509,0.051727081,0.203914137,0.18843754,0.172586105,0.200731569,0.170559478,0.15360772,0.237201135,0.246865081,0.227739826,0.198041497,0.309873999,0.027563923,0.18987834,0.037895305,0.022641721,0.017223686,0.182193939,0.080517239,0.203669224,0.03700206,0.072223168,0.039064017,0.124939852,0.020574024,0.053163213,0.024812292,0.110671925,0.070663511,0.294727572,0.209815178,0.016158159,0.1598206,0.215747976,0.277646924,0.029841458,0.142052303,0.272377776,0.176840334,0.219935967,0.1528557,0.228862583,0.033391932,0.10373889,0.180302832,0.115510476,0.201422358,0.085853028,0.085481826,0.178846574,0.236664965,0.059561702,0.230364986,0.164150199,0.256555182,0.21866104,0.086917214,0.082588828,0.02830688,0.000947057,0.006749961,0.001526833,0.002882331,0.007944908,0.026015318,0.003368572,0.012443584,0.008454328,0.007902627,0.001329167,0.014127631,0.010790472,0.001679782,0.003853265,0.007378414,0.001776154,0.001777901,0.006187245,0.006057456,0.003130249,0.004547793,0.006285201,0.004455651,0.04884635,0.011111138,0.007805086,0.001178941,0.08656967,0.0034881,0.003574768,0.001285984,0.003146572,0.003029759,0.009395992,0.009721273,0.002010526,0.002078252,0.007272265,0.001069087,0.000165694,0.013616075,0.002314763,0.000275095,0.006116054,0.000514202,0.001473568,0.000609347,0.000513538,0.000308342,0.000540883,0.000192007,0.002548234,0.002938925,0.000386173,0.006582004,0.00829932,0.044381526,0.004684835,0.077696765,0.001205671,0.000725068,0.004808324,0.000346893,0.001501723,0.002577748,0.001215513,0.000497323,0.007182597,0.003738858,0.002883454,0.009031302,0.001136308,0.005738903,0.001326222,0.001535599,0.001910229
Alistipes_putredinis_DSM_17216,0.057721413,0.001031409,0.143007424,0.271760305,1,0.030836075,0.454579909,0.275363898,0.095391085,0.102036691,0.119182658,0.100157265,0.24488849,0.11234995,0.071655235,0.11842253,0.18969182,0.121179011,0.126117915,0.241705691,0.166736972,0.168899314,0.178573372,0.143957473,0.208484229,0.434720184,0.604276316,0.25170795,0.204833878,0.289584601,0.037232662,0.155279103,0.053766806,0.013790944,0.009790185,0.276421493,0.075916753,0.302227056,0.023995829,0.055417921,0.034075756,0.099803785,0.012747144,0.053960022,0.016390302,0.212999014,0.059625145,0.413416945,0.207908897,0.010661909,0.163849428,0.235239418,0.417822201,0.018660061,0.159652996,0.337849924,0.169294931,0.248473332,0.172939369,0.267111445,0.024418044,0.062474751,0.200385596,0.080386084,0.491611503,0.156716674,0.062798104,0.227620214,0.437322647,0.055810115,0.297670138,0.113169343,0.298300209,0.318429326,0.062353628,0.060812615,0.013204239,0.000599499,0.004198445,0.000732432,0.001382348,0.004790467,0.015408256,0.002103786,0.012033177,0.005016986,0.005371698,0.000634939,0.008365488,0.006141418,0.001060144,0.003185201,0.004096812,0.000953712,0.001297536,0.003341749,0.003274481,0.001781473,0.002405449,0.006032564,0.002255458,0.028959482,0.00585207,0.004509811,0.000603653,0.089477455,0.001819347,0.004086277,0.00079348,0.001570494,0.001644762,0.005082009,0.007754371,0.001089417,0.001532787,0.00606945,0.000685309,7.48E-05,0.011849135,0.001141719,0.000127245,0.003088483,0.000603425,0.000713251,0.000327711,0.000306244,0.000139233,0.00026464,0.000475876,0.00182263,0.00186151,0.000186152,0.003503347,0.014275106,0.032532243,0.002587451,0.051466991,0.00078559,0.000725557,0.002765582,0.00015664,0.000678107,0.001163989,0.000597298,0.000224568,0.005261873,0.002390596,0.001811708,0.006288911,0.000603372,0.003888677,0.000734084,0.000721978,0.000895634
Anaerotruncus_colihominis_DSM_17241,0.173409179,0.030926033,0.179688291,0.046507499,0.030836075,1,0.036772383,0.065012297,0.121694306,0.102523063,0.212419765,0.270707175,0.076633487,0.154543063,0.236510299,0.109835173,0.136880217,0.158723345,0.080057636,0.110446172,0.137819252,0.14834014,0.153810168,0.166288844,0.079934783,0.048149697,0.023729174,0.10179134,0.127520094,0.053687111,0.164852397,0.104376512,0.128438278,0.411914831,0.293551544,0.046186578,0.070329981,0.072459291,0.473927812,0.211231095,0.272693412,0.235344647,0.372362992,0.450395653,0.460885111,0.0790354,0.41784545,0.054547297,0.104405313,0.302798515,0.100566777,0.101025408,0.044714156,0.481859699,0.056694443,0.072700845,0.145576332,0.101556224,0.113905727,0.09181357,0.370912946,0.413255321,0.123625379,0.195286548,0.030276301,0.038965825,0.453463822,0.108017531,0.039878316,0.313220274,0.051318885,0.234796288,0.073824057,0.071421981,0.292410006,0.454130669,0.341973165,0.017975539,0.125516932,0.021961452,0.041448697,0.143638649,0.16037037,0.062358231,0.11054538,0.150430668,0.149461955,0.019038189,0.271739166,0.18414594,0.027459018,0.051913116,0.12283992,0.028596361,0.038905675,0.100199898,0.098182932,0.044162186,0.072125626,0.134419457,0.067628267,0.268309102,0.133489992,0.135223402,0.018100108,0.074504198,0.054551797,0.068886411,0.023791928,0.04709013,0.04931698,0.110418101,0.177314207,0.032665384,0.044669854,0.131735431,0.020548479,0.002243409,0.067843224,0.029388136,0.003815362,0.048826486,0.01809325,0.021386314,0.009826162,0.009182511,0.004174787,0.007935024,0.018056042,0.055590495,0.043815733,0.005581628,0.080120342,0.033735729,0.186859301,0.044075898,0.058750175,0.023499938,0.021404667,0.082923952,0.004696745,0.011813667,0.034901362,0.017909545,0.006733496,0.14153829,0.071680275,0.054322748,0.189163877,0.018091665,0.107243445,0.022010985,0.021647992,0.026854935
Bacteroides_caccae_ATCC_43185,0.057833138,0.001350865,0.152000576,0.234074788,0.454579909,0.036772383,1,0.238129128,0.077312924,0.07363904,0.144037211,0.110485173,0.238637069,0.104352102,0.084102779,0.121631824,0.198935756,0.128825908,0.108136853,0.222607025,0.192191494,0.187470092,0.200586018,0.169099695,0.192281644,0.332617557,0.449910709,0.262161322,0.208600447,0.255019535,0.050242723,0.168121272,0.05320041,0.01710002,0.012510094,0.246057608,0.047937954,0.297500491,0.03201131,0.063282062,0.036834349,0.082764393,0.015358073,0.064387048,0.019831431,0.177775758,0.059495353,0.365187508,0.20990978,0.012801537,0.149354022,0.239313912,0.338722823,0.021620718,0.180716538,0.323726694,0.173399283,0.209228077,0.216046549,0.26622183,0.024075064,0.071078732,0.203113345,0.099137492,0.410732675,0.166833601,0.069110757,0.230123629,0.276796008,0.068078573,0.365162515,0.134055617,0.294100316,0.305803993,0.062427691,0.067619872,0.01645167,0.000785181,0.005156991,0.000959288,0.0018105,0.005435959,0.017057152,0.002755388,0.008498785,0.006570889,0.006863966,0.000831598,0.009836628,0.008000228,0.001388501,0.004171748,0.0053386,0.001249104,0.00169942,0.004376783,0.004288681,0.002333246,0.003150484,0.006850405,0.002954037,0.040830309,0.007653225,0.00585067,0.000790622,0.077551405,0.002382851,0.004591999,0.001039244,0.002053739,0.002154191,0.006427492,0.01012559,0.001426841,0.002007534,0.007866709,0.000897568,9.80E-05,0.014894258,0.001495342,0.000166657,0.003775051,0.000645127,0.000934165,0.000429212,0.000401097,0.000182357,0.000346606,0.000452774,0.002216137,0.00226364,0.000243808,0.004281635,0.02355724,0.032041114,0.003399195,0.039175068,0.001028909,0.000779245,0.003622161,0.000205156,0.000888136,0.001524509,0.000782298,0.000294123,0.006358208,0.003131031,0.002372846,0.007920205,0.000790253,0.004712502,0.000961451,0.000945595,0.001173037
Bacteroides_cellulosilyticus_DSM_14838,0.084716379,0.002579445,0.203309671,0.241730129,0.275363898,0.065012297,0.238129128,1,0.073285288,0.075629776,0.161210185,0.138004959,0.104738052,0.069627046,0.113026242,0.12469826,0.245184909,0.097205666,0.082407377,0.23067546,0.238519105,0.163034969,0.228356856,0.184307846,0.115161821,0.298277606,0.234577977,0.220425092,0.204066244,0.350123204,0.047054102,0.28352426,0.058058135,0.030714546,0.023586318,0.15430607,0.060102559,0.2727348,0.057007836,0.077271421,0.083673532,0.144756492,0.029092582,0.073270919,0.035071216,0.137053881,0.105785639,0.405381011,0.263935987,0.026395749,0.203499679,0.257776611,0.264000748,0.039598629,0.137628838,0.330548109,0.190018531,0.254072,0.238830562,0.255002969,0.054380107,0.114947396,0.227936198,0.161665423,0.257619188,0.064222424,0.108743571,0.222670357,0.276694955,0.078181785,0.357322699,0.167744786,0.323093783,0.281602956,0.116812826,0.096511788,0.032491027,0.001566009,0.013731335,0.001976605,0.003730523,0.012612015,0.024827889,0.005677458,0.029472733,0.013430463,0.01297766,0.001713501,0.023658311,0.015340342,0.002351099,0.008288209,0.010919833,0.002573769,0.003373576,0.008859934,0.008618273,0.00410792,0.00637867,0.013632537,0.006050996,0.063732721,0.015379841,0.011675763,0.001629071,0.131034565,0.004904455,0.009773612,0.002018943,0.004088415,0.004321719,0.009735286,0.016412356,0.002939995,0.003853852,0.010224505,0.001747108,0.000201914,0.025732531,0.002987879,0.000343395,0.003662699,0.001628454,0.001622197,0.000884388,0.000826457,0.000375745,0.000714179,0.00178026,0.005965682,0.022499774,0.000502365,0.005785023,0.03603409,0.053178652,0.005939163,0.034444477,0.00196534,0.020458141,0.007253916,0.000422723,0.000689987,0.002568498,0.00161192,0.000606037,0.019472189,0.006312976,0.004727694,0.016290297,0.001612257,0.018278197,0.001962198,0.001948392,0.00211605
Bacteroides_coprocola_M16_DSM_17136,0.098077773,0.009128853,0.137075055,0.042957288,0.095391085,0.121694306,0.077312924,0.073285288,1,0.143332049,0.144044753,0.158048783,0.180665508,0.146412911,0.080679427,0.066959645,0.109148845,0.097457733,0.148442754,0.156744313,0.11791178,0.150079507,0.1304498,0.122569573,0.081404455,0.080840171,0.070373204,0.136479055,0.12173228,0.080297949,0.103786032,0.117846415,0.086122536,0.094633839,0.075730347,0.113078304,0.123665763,0.119730184,0.096531662,0.133667576,0.071852141,0.141491695,0.083118733,0.119210837,0.092611752,0.115694419,0.122880675,0.090546568,0.117331234,0.070686233,0.116650116,0.120396246,0.104080977,0.107148917,0.12698999,0.113802631,0.14959907,0.121433032,0.129455958,0.140263108,0.077651147,0.113506038,0.137763447,0.09093063,0.095846087,0.15807003,0.137561331,0.126104101,0.093058978,0.08918838,0.075431269,0.131508718,0.116361832,0.134560056,0.10875768,0.156864747,0.055260017,0.005445787,0.040264068,0.006653341,0.012433471,0.034783179,0.056279299,0.019110578,0.031543407,0.037857919,0.03605462,0.005767723,0.056146959,0.052060603,0.008658167,0.02629765,0.036922941,0.008663423,0.009967082,0.030204815,0.02956934,0.014256234,0.021850849,0.023541138,0.019931145,0.063284032,0.03325118,0.038296446,0.005483526,0.165112165,0.016377296,0.018841916,0.006798138,0.013502758,0.014929425,0.025574494,0.050487706,0.009423339,0.011546731,0.03699747,0.006225273,0.000679653,0.029558547,0.007304898,0.001155885,0.011153195,0.005481448,0.005181542,0.002976889,0.002781891,0.001264774,0.002403959,0.005992435,0.018750042,0.022275267,0.001690984,0.029627675,0.018186821,0.085696738,0.009381692,0.086030596,0.007136217,0.016037622,0.025114977,0.001422904,0.001794112,0.008962989,0.005425794,0.002039949,0.048921661,0.020806374,0.014898474,0.051760346,0.005480968,0.038182983,0.006668347,0.006558376,0.005193846
Bacteroides_coprophilus_DSM_18228,0.160241307,0.008402125,0.117723861,0.097684628,0.102036691,0.102523063,0.07363904,0.075629776,0.143332049,1,0.113791765,0.123414713,0.121372704,0.191901998,0.073911192,0.087436099,0.116816759,0.116587557,0.212837708,0.118843689,0.103787418,0.133030061,0.123111311,0.104045014,0.074536196,0.089648098,0.075163564,0.139874695,0.094733752,0.086922044,0.056881452,0.075341456,0.040981307,0.086443457,0.06920717,0.118294453,0.134484644,0.10028914,0.087003401,0.12313587,0.068794335,0.13424493,0.076638821,0.1016544,0.085034442,0.125282905,0.101668558,0.078399341,0.092995612,0.064250458,0.123738097,0.084720765,0.115143797,0.097494371,0.105831317,0.094769047,0.139393109,0.118553352,0.06771048,0.117021968,0.082164068,0.106175782,0.137405578,0.155936067,0.09369304,0.130368663,0.116216149,0.099282415,0.101984594,0.138083186,0.063344014,0.107693571,0.086383193,0.080006709,0.096445217,0.128240858,0.048412274,0.004721271,0.028037791,0.005966587,0.01126097,0.029694929,0.041426982,0.017009978,0.024053202,0.034232064,0.034205588,0.005172382,0.051586157,0.047937297,0.008543132,0.022095325,0.033324502,0.007456139,0.008569272,0.026931501,0.026463584,0.012973437,0.01941303,0.02083106,0.017988101,0.064223152,0.03129545,0.035413665,0.004895125,0.127486058,0.01482088,0.016688224,0.006205781,0.012722155,0.013398661,0.032193892,0.044702969,0.00808014,0.010468379,0.027588987,0.005378936,0.0006095,0.026454372,0.006026242,0.001036575,0.011097177,0.004028724,0.00495957,0.002669616,0.002494746,0.001134225,0.002155823,0.002829284,0.011840332,0.010551667,0.001516442,0.027321042,0.016574346,0.13924941,0.007554233,0.112306586,0.00616229,0.004646098,0.022529156,0.001276033,0.001920093,0.007415989,0.004804344,0.001829387,0.034918299,0.019268121,0.013772871,0.044918581,0.004915226,0.02527914,0.005980044,0.005453927,0.00500529
Bacteroides_dorei_5_1_36_D4,0.200439011,0.007190803,0.547172009,0.142087563,0.119182658,0.212419765,0.144037211,0.161210185,0.144044753,0.113791765,1,0.645767248,0.175267889,0.220400216,0.316215523,0.138978657,0.414491196,0.16968179,0.163022755,0.389211321,0.494329427,0.522909633,0.581844698,0.527924736,0.230396799,0.185319149,0.09523855,0.405933424,0.438754744,0.205822073,0.139913592,0.325621695,0.114637509,0.096148084,0.068255483,0.112793945,0.117348721,0.279919808,0.177399218,0.290910778,0.166052074,0.29241908,0.088870891,0.224055382,0.11484485,0.189556225,0.326071375,0.217996758,0.336976317,0.074092192,0.288081268,0.366329182,0.175704181,0.126155027,0.208192637,0.293621428,0.517801891,0.36252303,0.298582081,0.374228497,0.125305821,0.352466381,0.419018252,0.23265336,0.129334324,0.106568517,0.398819799,0.416541566,0.112274508,0.173490423,0.175012023,0.505885075,0.273659065,0.273925965,0.285083843,0.393225563,0.092047821,0.004179604,0.033266889,0.005106393,0.009637493,0.03339831,0.097122394,0.014667236,0.061934116,0.034977564,0.037493477,0.004426687,0.057884785,0.04281691,0.007391145,0.022206675,0.028562269,0.006649117,0.009046199,0.023298097,0.02282912,0.012420125,0.016770375,0.04179878,0.015724666,0.169360908,0.040799622,0.031441629,0.004208568,0.208947933,0.012684175,0.025704555,0.005532008,0.010949217,0.011466996,0.034109795,0.055058492,0.00759523,0.010686325,0.04231516,0.004777854,0.000521629,0.029904953,0.007959871,0.000887133,0.02153237,0.004206973,0.004972664,0.002284742,0.002135082,0.000970705,0.001845022,0.004599152,0.01558987,0.016401261,0.001297819,0.024424729,0.022325292,0.145151062,0.018094289,0.079308777,0.005476997,0.008764282,0.01928116,0.001092069,0.004727645,0.008115131,0.004164259,0.001565647,0.040220404,0.016666824,0.012630918,0.046064407,0.004206605,0.030707669,0.00511791,0.005033508,0.006244207
Bacteroides_dorei_DSM_17855,0.226182335,0.009351722,0.530722165,0.119074858,0.100157265,0.270707175,0.110485173,0.138004959,0.158048783,0.123414713,0.645767248,1,0.166250939,0.24954949,0.356685029,0.152011521,0.382883127,0.197896883,0.16830655,0.342618589,0.435904099,0.489457568,0.502751777,0.452056401,0.19074774,0.151571714,0.078504716,0.34839563,0.372031395,0.180587264,0.142367677,0.300434237,0.158817072,0.125041681,0.088767035,0.101376949,0.121090818,0.22792011,0.207173814,0.286820334,0.182256047,0.336449666,0.114032018,0.271761258,0.145538486,0.152120973,0.404682369,0.175283358,0.308661886,0.092650179,0.256696095,0.325733337,0.146700469,0.165616334,0.171653808,0.234841597,0.465067537,0.306777728,0.28318578,0.300009308,0.168398256,0.443209091,0.377240436,0.249562353,0.104223554,0.095140837,0.508717234,0.348862354,0.099451953,0.197027581,0.137966878,0.535298979,0.229410892,0.222873468,0.330213469,0.517148555,0.115565538,0.005435622,0.044606682,0.006640922,0.012533669,0.041415597,0.112177861,0.019074907,0.06866849,0.045488721,0.049500994,0.005756957,0.071575494,0.05568388,0.009612268,0.028880035,0.037145556,0.008647252,0.011764685,0.030299441,0.029689531,0.016152514,0.021810064,0.04928637,0.020450108,0.194883952,0.047613159,0.040890197,0.005473291,0.186337485,0.016495915,0.034705703,0.00719444,0.014239582,0.014912959,0.046078279,0.071604197,0.009877684,0.013897688,0.053459421,0.006213654,0.000678384,0.048472371,0.010351903,0.001153727,0.028003093,0.005471217,0.006467006,0.002971333,0.002776699,0.001262414,0.002399472,0.005981249,0.020274803,0.022342098,0.001687828,0.031764639,0.021618982,0.188334483,0.023531829,0.08001065,0.007122897,0.012522861,0.025075369,0.001420249,0.006148357,0.010553821,0.005415666,0.002036142,0.053434162,0.021675394,0.016426653,0.059907287,0.005470738,0.041073844,0.0066559,0.006546135,0.008120662
Bacteroides_eggerthii_DSM_20697,0.111915505,0.00374667,0.168156595,0.117333162,0.24488849,0.076633487,0.238637069,0.104738052,0.180665508,0.121372704,0.175267889,0.166250939,1,0.136557292,0.085743174,0.063810388,0.196237719,0.108717579,0.196789741,0.205237294,0.187675186,0.20576724,0.194637185,0.159866985,0.149862002,0.195549389,0.199558786,0.22931481,0.17283838,0.147385594,0.097206431,0.150751033,0.071220621,0.045459093,0.034034172,0.125664779,0.053276526,0.184340465,0.055117249,0.092477737,0.053340982,0.100190325,0.041841434,0.115654495,0.048373458,0.149553619,0.101312595,0.217010735,0.187815747,0.034101034,0.147762532,0.207994835,0.221970983,0.053968948,0.166988343,0.232248074,0.174302945,0.224661023,0.174410198,0.213493115,0.047958771,0.109517975,0.199150758,0.085640686,0.188672942,0.062024225,0.118933871,0.21735677,0.195452206,0.117516454,0.122304855,0.175538584,0.237668975,0.253777199,0.089917761,0.12281898,0.029203514,0.002177726,0.012857188,0.002660617,0.005021485,0.014459343,0.040341295,0.007642164,0.018517765,0.016638695,0.017094898,0.002306465,0.026048108,0.022032658,0.003851056,0.011393712,0.014881983,0.003464432,0.003979418,0.012139158,0.011894803,0.005634282,0.008737976,0.017231068,0.008193124,0.058072586,0.014546818,0.01616817,0.002192817,0.104035656,0.006608918,0.007191844,0.00283024,0.005704941,0.005974723,0.016243311,0.020369968,0.003758729,0.004516219,0.01893833,0.002489436,0.000271788,0.00571879,0.004147383,0.000462229,0.007151045,0.001782965,0.002590939,0.001190434,0.001112456,0.000505773,0.000961323,0.001249023,0.005936863,0.00617283,0.000676211,0.009776325,0.004604155,0.056122032,0.003899474,0.036597152,0.002853715,0.002121372,0.010046187,0.000569008,0.002309963,0.004085022,0.002169731,0.000815759,0.016848516,0.008668573,0.006220269,0.021135505,0.002191794,0.011685716,0.002666618,0.002622641,0.002929526
Bacteroides_finegoldii_DSM_17565,0.132797369,0.006425111,0.218052504,0.105296056,0.11234995,0.154543063,0.104352102,0.069627046,0.146412911,0.191901998,0.220400216,0.24954949,0.136557292,1,0.145614299,0.198451459,0.231676646,0.108874909,0.187238852,0.216244898,0.230845337,0.252312356,0.223604241,0.271899721,0.233339164,0.19717778,0.117710119,0.239164125,0.249781049,0.112872861,0.099301984,0.11897852,0.134357878,0.082698037,0.060642035,0.077424541,0.095230087,0.188320232,0.117955202,0.144952426,0.098035091,0.15070206,0.074827877,0.148519581,0.095693182,0.118973874,0.174175434,0.164203042,0.171463092,0.05563692,0.146739946,0.209523332,0.162857883,0.103957797,0.136304505,0.167089701,0.241095729,0.157069568,0.208108594,0.204130924,0.093388141,0.215816966,0.224679601,0.159495205,0.135455347,0.133496043,0.183372213,0.217695713,0.091429664,0.163700317,0.141548484,0.204827144,0.214309584,0.205719766,0.144677108,0.194981498,0.066958781,0.00373455,0.024439425,0.004562653,0.008611272,0.026121872,0.05738066,0.011906305,0.040033667,0.031253078,0.032852294,0.003955324,0.045897583,0.038257674,0.00660412,0.01085173,0.025520897,0.005941104,0.00808294,0.020817266,0.020398227,0.011097604,0.01498463,0.018820047,0.01405027,0.088989216,0.028698795,0.027623648,0.003760431,0.147158443,0.011333537,0.018222318,0.004942948,0.009783321,0.010245965,0.031441606,0.046819278,0.006786474,0.009548422,0.035528665,0.004269098,0.000466085,0.03529108,0.005674983,0.000792669,0.0098504,0.003556188,0.004443164,0.002041458,0.001907734,0.000867343,0.00164856,0.002638591,0.011004298,0.009713476,0.001159624,0.021277481,0.015001928,0.093208415,0.01267626,0.045070381,0.004893795,0.004053951,0.017228061,0.000975783,0.002586547,0.007251015,0.00372084,0.001398933,0.029834418,0.014892105,0.011285951,0.038700562,0.003758677,0.022041856,0.004572944,0.00449753,0.00557931
Bacteroides_fragilis_3_1_12,0.21490874,0.010922512,0.34171287,0.083737652,0.071655235,0.236510299,0.084102779,0.113026242,0.080679427,0.073911192,0.316215523,0.356685029,0.085743174,0.145614299,1,0.129951887,0.275605475,0.184869556,0.076306219,0.214825924,0.280362461,0.254009293,0.271535014,0.298540247,0.113195637,0.10612673,0.057501879,0.204071123,0.252743304,0.134801837,0.090315881,0.204289656,0.116588925,0.134609315,0.102483686,0.080463407,0.053855559,0.167746568,0.214924653,0.186451305,0.190415986,0.261445913,0.122458637,0.212290766,0.152401408,0.12545351,0.363358454,0.131058208,0.199856373,0.098708153,0.172989169,0.21096804,0.099384005,0.154770325,0.105194623,0.16036636,0.283172575,0.185264524,0.198845046,0.220346319,0.174723377,0.317605694,0.232824363,0.154829489,0.053708021,0.078477407,0.356576178,0.244511326,0.065834703,0.21845648,0.125259339,0.3275754,0.166415449,0.157529297,0.223671066,0.320801367,0.157655157,0.006628465,0.055260652,0.008098268,0.015284173,0.045802642,0.094879634,0.019000116,0.090125581,0.053830903,0.049363297,0.007020317,0.079818508,0.066575879,0.010345015,0.018494118,0.044729921,0.010544885,0.014346436,0.036779523,0.036204876,0.019697171,0.026596266,0.037824405,0.024850299,0.234133727,0.05320589,0.047853392,0.0066744,0.073985661,0.020115931,0.039048897,0.008773254,0.017364447,0.018185596,0.043262791,0.080658179,0.012045334,0.016678861,0.056720844,0.007577235,0.000827255,0.028589777,0.010734247,0.001406912,0.023569294,0.006671871,0.006957033,0.003623389,0.003386043,0.001539449,0.002926034,0.00729383,0.022068687,0.031105753,0.002058221,0.025845828,0.033009161,0.121446107,0.018254524,0.033849061,0.008686012,0.023021497,0.030389008,0.001731921,0.002828569,0.011745213,0.00660413,0.002482971,0.070281113,0.026432043,0.020031469,0.067308973,0.006671287,0.056118879,0.008116533,0.007982679,0.008673213
Bacteroides_intestinalis_341_DSM_17393,0.077101441,0.004789622,0.183701275,0.148539607,0.11842253,0.109835173,0.121631824,0.12469826,0.066959645,0.087436099,0.138978657,0.152011521,0.063810388,0.198451459,0.129951887,1,0.139713357,0.095487093,0.076263526,0.172066482,0.176355822,0.153583502,0.159192813,0.189072536,0.21801842,0.185586414,0.137558265,0.147133468,0.234479375,0.118422175,0.049872704,0.207884966,0.131129395,0.059808436,0.044350055,0.082893196,0.06497791,0.165779916,0.108803744,0.115476319,0.126518195,0.12677521,0.057106293,0.114477217,0.066278377,0.093983997,0.151450814,0.181969268,0.194553898,0.046757004,0.128141029,0.160464176,0.204264309,0.072842033,0.130608676,0.193251383,0.171869717,0.188555318,0.125951661,0.169477994,0.097733323,0.16112795,0.173364566,0.130150243,0.135317007,0.047594423,0.151397044,0.177078736,0.142908775,0.104825452,0.166129237,0.179508286,0.198717393,0.162146689,0.189290396,0.148265287,0.052271957,0.002844447,0.02445855,0.003475177,0.006558836,0.022729361,0.038199964,0.00991341,0.023440956,0.023804129,0.02413131,0.003012601,0.043058223,0.028434244,0.005030075,0.008875263,0.019305761,0.004525084,0.006156429,0.015855619,0.015517212,0.007362856,0.01141315,0.021833233,0.010560256,0.070509902,0.023504704,0.020895209,0.002864159,0.061358043,0.008632269,0.01624361,0.003764832,0.007451536,0.007803912,0.016746037,0.02892443,0.005168966,0.007272624,0.021960203,0.003251589,0.000354997,0.011221374,0.004287386,0.000603742,0.005666747,0.002863073,0.002854007,0.001554891,0.001453039,0.000660618,0.001255637,0.003129972,0.010250222,0.039665226,0.000883236,0.011246939,0.00937402,0.081866548,0.009687432,0.090790546,0.003727394,0.035968576,0.013111857,0.000743212,0.001084471,0.004916125,0.002834004,0.001065508,0.037315781,0.011342677,0.008272311,0.030550537,0.002862823,0.033282473,0.003483015,0.003425575,0.0035914
Bacteroides_ovatus_ATCC_8483,0.150327453,0.004352108,0.449106577,0.176428641,0.18969182,0.136880217,0.198935756,0.245184909,0.109148845,0.116816759,0.414491196,0.382883127,0.196237719,0.231676646,0.275605475,0.139713357,1,0.194329714,0.177193611,0.427761321,0.588184032,0.477533443,0.540781765,0.434210168,0.198711119,0.275149812,0.168177161,0.445452591,0.444498695,0.297249156,0.119775284,0.347376851,0.114567035,0.058115749,0.041310439,0.173814585,0.092929857,0.393078598,0.119470731,0.184786372,0.137626266,0.219122496,0.053700638,0.151665803,0.069060793,0.206311143,0.234992892,0.334993839,0.382004921,0.046838058,0.260153306,0.433238182,0.271997357,0.07511388,0.187350725,0.377896007,0.436433315,0.360289662,0.320767311,0.466740966,0.075858386,0.248991408,0.476622951,0.185285421,0.191649954,0.139995468,0.248301039,0.456052161,0.185102137,0.136208525,0.256614148,0.377610119,0.348673421,0.359393248,0.20416384,0.233485493,0.060540622,0.002529632,0.021078849,0.003090555,0.005832924,0.020213743,0.055249429,0.008877088,0.051916432,0.020875012,0.021854616,0.002679175,0.040101161,0.025914187,0.004473361,0.012596103,0.017286814,0.004024262,0.005475054,0.014100766,0.013816926,0.007517064,0.010149976,0.028165684,0.009517079,0.132982758,0.024693258,0.019029496,0.002547162,0.172717619,0.007676876,0.01724236,0.003348151,0.006626822,0.006940199,0.021010834,0.03332319,0.00459688,0.006467711,0.025610511,0.002891713,0.000315707,0.040751197,0.004817573,0.000536922,0.012792261,0.002546197,0.003009618,0.0013828,0.001292221,0.000587503,0.001116667,0.002783556,0.009435496,0.014836591,0.000785482,0.014782641,0.030163927,0.10352363,0.010951252,0.039311369,0.003314857,0.010114481,0.011669585,0.000660956,0.002861325,0.004911541,0.002520345,0.00094758,0.02914876,0.010087304,0.007644642,0.027827938,0.002545974,0.023571855,0.003097526,0.003046443,0.003779197
Bacteroides_pectinophilus_ATCC_43243,0.112641063,0.006643031,0.168282368,0.103562509,0.121179011,0.158723345,0.128825908,0.097205666,0.097457733,0.116587557,0.16968179,0.197896883,0.108717579,0.108874909,0.184869556,0.095487093,0.194329714,1,0.12165796,0.163522232,0.146171244,0.197809803,0.166969685,0.152938158,0.083162638,0.105103262,0.088504622,0.166430666,0.147803228,0.113620397,0.106086232,0.13260512,0.072600973,0.088527483,0.063056001,0.226744922,0.129422702,0.141009924,0.109115549,0.153998238,0.08540905,0.158560295,0.080076208,0.165047956,0.09709421,0.175584916,0.180272175,0.110614685,0.121453524,0.058216634,0.103962708,0.146620175,0.127018271,0.112770856,0.183416076,0.127854537,0.16065033,0.154888829,0.14006047,0.156641696,0.09818627,0.164346435,0.178884535,0.112193908,0.114189751,0.136781121,0.1859629,0.143747191,0.111452254,0.113736348,0.134593443,0.173593863,0.089401692,0.116399412,0.145031509,0.210652488,0.060806549,0.003861215,0.025515847,0.004717404,0.00890334,0.028490181,0.049602217,0.013046626,0.028611607,0.032313086,0.034098408,0.004089476,0.048613479,0.039555256,0.006828111,0.012990302,0.026386487,0.006142608,0.008357089,0.021523324,0.021090072,0.010554485,0.015492862,0.020046519,0.014526812,0.086349913,0.028752859,0.029046507,0.003887973,0.05810435,0.011717936,0.019528789,0.005110598,0.010115141,0.010593477,0.025287313,0.041192966,0.00701665,0.009407981,0.034624634,0.004413892,0.000481893,0.026730828,0.006167291,0.000819554,0.010101636,0.003293735,0.004593862,0.002110697,0.001972439,0.00089676,0.001704474,0.002345768,0.010991506,0.010865106,0.001198955,0.022564132,0.010243736,0.114456957,0.016090011,0.099978593,0.005059777,0.003818588,0.017812384,0.001008879,0.003924415,0.007496947,0.003847039,0.001446381,0.030924343,0.015397199,0.011538934,0.03969343,0.003886159,0.022870923,0.004728044,0.004650072,0.005768543
Bacteroides_plebeius_M12_DSM_17135,0.109056537,0.006666215,0.144105032,0.051727081,0.126117915,0.080057636,0.108136853,0.082407377,0.148442754,0.212837708,0.163022755,0.16830655,0.196789741,0.187238852,0.076306219,0.076263526,0.177193611,0.12165796,1,0.177058833,0.149975062,0.200297344,0.178262877,0.123669469,0.104363939,0.133247291,0.103087828,0.179033113,0.123633811,0.102357721,0.087575981,0.107639698,0.043178452,0.062353995,0.052462551,0.08649215,0.098013139,0.137392166,0.065157099,0.084433635,0.051314878,0.086935396,0.05702094,0.096069721,0.062774839,0.11554005,0.089132816,0.135440171,0.141242407,0.056568375,0.174249783,0.158430199,0.144646233,0.073491735,0.111639876,0.140648257,0.172352544,0.159307993,0.089668241,0.169078689,0.064645806,0.102541526,0.17797959,0.097744753,0.108392951,0.124634831,0.112250431,0.149807695,0.107662716,0.071939284,0.100630231,0.119203419,0.115570945,0.146041463,0.081036269,0.109527519,0.03721878,0.004114352,0.022377965,0.005139201,0.009556285,0.024095701,0.033399541,0.01474603,0.019596054,0.026468193,0.026365381,0.004478839,0.040407238,0.039652528,0.006200109,0.020596451,0.028363823,0.00637949,0.007448317,0.023236352,0.022518452,0.012547895,0.016836799,0.031170548,0.015213753,0.057102615,0.024719057,0.028524768,0.00425815,0.151246222,0.01261866,0.01227151,0.005159032,0.010312203,0.011512715,0.022031937,0.041807768,0.006931302,0.007682545,0.022921434,0.004683884,0.000527774,0.00988832,0.00495377,0.000897585,0.007642686,0.003335022,0.00393907,0.002311659,0.002160236,0.000982142,0.001866758,0.002297208,0.00990891,0.008604778,0.001313109,0.016503227,0.009831906,0.105807201,0.007363235,0.022477734,0.00521074,0.003905454,0.019338019,0.001104935,0.001354502,0.005788558,0.004186235,0.001584092,0.026383757,0.016014217,0.011280549,0.033359429,0.004256164,0.019472296,0.005105463,0.004620672,0.003987766
Bacteroides_sp_2_1_7,0.149242135,0.003607465,0.497746086,0.203914137,0.241705691,0.110446172,0.222607025,0.23067546,0.156744313,0.118843689,0.389211321,0.342618589,0.205237294,0.216244898,0.214825924,0.172066482,0.427761321,0.163522232,0.177058833,1,0.474630047,0.528569775,0.533494926,0.434541339,0.240217279,0.322799304,0.208403368,0.534091137,0.450969262,0.308980897,0.101737853,0.400597803,0.120258442,0.048235342,0.034242249,0.147037439,0.174548509,0.401403365,0.094273218,0.163742014,0.120539664,0.272827745,0.044584537,0.134672069,0.054426573,0.174606528,0.206082522,0.338355597,0.472861246,0.038824096,0.284144941,0.503760116,0.339083561,0.063323352,0.290650177,0.42540195,0.483931456,0.435859757,0.32399279,0.543658484,0.063613669,0.239313365,0.591380857,0.193924096,0.241508302,0.163342989,0.214766381,0.500697645,0.230634307,0.12501434,0.2517924,0.365086958,0.414991,0.406556012,0.179389228,0.210013339,0.061788114,0.002096814,0.017549813,0.002561763,0.004834914,0.016755185,0.051549747,0.007358224,0.040209492,0.017547461,0.019095212,0.00222077,0.033239878,0.021480286,0.003707972,0.011140592,0.014329051,0.003335713,0.004538276,0.011688134,0.011452859,0.006230899,0.008413322,0.024086325,0.007888713,0.107239216,0.020468257,0.015773561,0.002111344,0.149118102,0.006363367,0.014292203,0.002775285,0.005492977,0.005752735,0.017774886,0.027621613,0.003810357,0.00536109,0.02019128,0.002396942,0.00026169,0.036773018,0.003993289,0.000445055,0.010802308,0.002110544,0.002494674,0.001146204,0.001071123,0.000486981,0.000925606,0.002307292,0.007821089,0.014782019,0.000651087,0.01225334,0.016222413,0.106398875,0.0090775,0.128998812,0.002747687,0.010844141,0.009672927,0.000547867,0.002371754,0.00407118,0.002089115,0.00078545,0.02560446,0.008361372,0.006336649,0.023109482,0.00211036,0.021347994,0.002567541,0.002525198,0.003132579
Bacteroides_sp_2_2_4,0.151478045,0.004386167,0.528108585,0.18843754,0.166736972,0.137819252,0.192191494,0.238519105,0.11791178,0.103787418,0.494329427,0.435904099,0.187675186,0.230845337,0.280362461,0.176355822,0.588184032,0.146171244,0.149975062,0.474630047,1,0.543039298,0.624222131,0.528320863,0.239106736,0.256231968,0.163626432,0.501709996,0.522481015,0.312944327,0.114361724,0.440594352,0.122857893,0.058647347,0.041633726,0.128475315,0.109290572,0.406556149,0.13452369,0.217940247,0.140193686,0.24449669,0.054208485,0.162184055,0.070208251,0.192710417,0.263020031,0.335212817,0.459082086,0.047204603,0.311230592,0.478909092,0.260080771,0.076796271,0.209118255,0.430332842,0.487220656,0.378144096,0.350703576,0.508241351,0.08163716,0.266753084,0.506992757,0.190176516,0.199550065,0.1238037,0.281023354,0.48807189,0.169450215,0.168960168,0.248491039,0.426162958,0.375854055,0.359897,0.231842656,0.253299288,0.063330933,0.002549428,0.021685406,0.003114741,0.005878571,0.020371932,0.05890123,0.008946558,0.041381892,0.021335228,0.022467271,0.002700142,0.040414985,0.026116986,0.004508369,0.013545383,0.017422097,0.004055755,0.0055179,0.014211116,0.013925055,0.007575891,0.010229408,0.029285561,0.009591558,0.129888236,0.024886503,0.019178417,0.002567096,0.204000831,0.007736953,0.017377296,0.003374353,0.006678682,0.006994511,0.021611744,0.033583971,0.004632855,0.006518326,0.025810934,0.002914343,0.000318177,0.041421518,0.004855274,0.000541124,0.013134077,0.002566123,0.003033171,0.001393622,0.001302334,0.0005921,0.001125406,0.00280534,0.009509336,0.025145959,0.000791629,0.014898327,0.019978753,0.100695628,0.011036954,0.056362379,0.003340798,0.020341234,0.011760909,0.000666128,0.002883717,0.004949978,0.002540069,0.000954996,0.034334525,0.010166245,0.007704468,0.028097858,0.002565898,0.029830504,0.003121766,0.003070284,0.003808772
Bacteroides_sp_4_3_47FAA,0.158814274,0.005035993,0.587321071,0.172586105,0.168899314,0.14834014,0.187470092,0.163034969,0.150079507,0.133030061,0.522909633,0.489457568,0.20576724,0.252312356,0.254009293,0.153583502,0.477533443,0.197809803,0.200297344,0.528569775,0.543039298,1,0.584688901,0.528862289,0.263234429,0.248660778,0.147921192,0.631913725,0.504472649,0.28073965,0.126677623,0.317052112,0.129470331,0.065086129,0.047078151,0.15743489,0.163992428,0.393095308,0.109516337,0.228884516,0.107845354,0.264456954,0.058701472,0.171239002,0.075666187,0.196214301,0.243072659,0.279199596,0.438770065,0.047369024,0.33640812,0.494667469,0.271528607,0.088118195,0.259261228,0.36647456,0.58602169,0.444323601,0.329335548,0.531640424,0.090154806,0.266320184,0.525951571,0.181963177,0.194813912,0.182138188,0.292683286,0.5058874,0.171776113,0.136022127,0.234854267,0.464953308,0.354838002,0.376127745,0.26260822,0.293759609,0.065884249,0.002927135,0.025169563,0.003576201,0.006749503,0.019694379,0.076920221,0.010272023,0.03939296,0.024344785,0.026656766,0.003100177,0.036130627,0.02998631,0.0051763,0.015552179,0.020003243,0.004656629,0.006335397,0.016316543,0.015988101,0.008698286,0.011744931,0.024864376,0.011012582,0.127038907,0.026681325,0.022019768,0.00294742,0.229540548,0.00888321,0.019951804,0.003874276,0.007668153,0.008030773,0.024813601,0.037443035,0.005319228,0.00748404,0.029634916,0.003346113,0.000365317,0.030436896,0.0055746,0.000621293,0.015079938,0.002946303,0.003482546,0.001600091,0.001495279,0.000679822,0.001292139,0.003220961,0.010918178,0.01641398,0.000908912,0.017105567,0.012824623,0.130039473,0.012672119,0.104902956,0.003835749,0.010971947,0.01350333,0.000764818,0.00331095,0.005683335,0.002916389,0.001096482,0.033252841,0.01167241,0.008845912,0.032260656,0.002946045,0.026534361,0.003584267,0.003349047,0.004373056
Bacteroides_sp_9_1_42FAA,0.191746559,0.004767178,0.573229472,0.200731569,0.178573372,0.153810168,0.200586018,0.228356856,0.1304498,0.123111311,0.581844698,0.502751777,0.194637185,0.223604241,0.271535014,0.159192813,0.540781765,0.166969685,0.178262877,0.533494926,0.624222131,0.584688901,1,0.52481758,0.24822164,0.266280572,0.150970448,0.547391765,0.531893023,0.306418227,0.126513627,0.406541818,0.131377788,0.063741848,0.04525031,0.145509763,0.123320418,0.412118191,0.126252746,0.234439478,0.14385471,0.277260275,0.058917397,0.162641474,0.07630701,0.203848255,0.25554617,0.332032212,0.480023974,0.051305111,0.341131633,0.510723117,0.261569597,0.086246945,0.23921454,0.42443773,0.592745551,0.460187459,0.331177214,0.534735831,0.092701912,0.289296787,0.553490631,0.237412482,0.196493243,0.12423019,0.308243882,0.509376908,0.173950359,0.144769717,0.237621126,0.473745111,0.383501759,0.36880292,0.249504076,0.283831435,0.069519998,0.002770889,0.022920194,0.003385308,0.006389223,0.022141575,0.065642133,0.009723716,0.046503307,0.023188549,0.025233865,0.002934694,0.043925701,0.028385682,0.004899996,0.014722025,0.018935497,0.004408065,0.005997222,0.015445589,0.015134678,0.008233983,0.011118003,0.031829501,0.010424745,0.135121144,0.027048311,0.020844383,0.002790091,0.216481519,0.008409037,0.018886804,0.003667472,0.007258838,0.007602101,0.023489085,0.036501299,0.005035295,0.007084552,0.028053045,0.003167502,0.000345817,0.037924499,0.005277036,0.000588129,0.014274991,0.002789034,0.003296652,0.001514681,0.001415463,0.000643534,0.001223166,0.00304903,0.010335381,0.0118448,0.000860395,0.016192495,0.016394059,0.134851525,0.011995698,0.076121467,0.003631002,0.006704565,0.012782541,0.000723993,0.003134216,0.005379966,0.002760716,0.001037953,0.02764502,0.011049353,0.008373729,0.030538627,0.00278879,0.021314419,0.003392944,0.003336989,0.004139628
Bacteroides_sp_D1,0.165932282,0.005440062,0.5289823,0.170559478,0.143957473,0.166288844,0.169099695,0.184307846,0.122569573,0.104045014,0.527924736,0.452056401,0.159866985,0.271899721,0.298540247,0.189072536,0.434210168,0.152938158,0.123669469,0.434541339,0.528320863,0.528862289,0.52481758,1,0.219753465,0.226090315,0.129704925,0.472384999,0.666826248,0.232491941,0.142826878,0.318867745,0.131580129,0.071913389,0.05082638,0.131910359,0.126306371,0.372436327,0.132836716,0.211414348,0.136953698,0.275586596,0.066130857,0.160611525,0.086387231,0.183030523,0.274471491,0.268104379,0.411422081,0.055773363,0.330919109,0.434304602,0.245571308,0.093163001,0.247447826,0.334640212,0.544521718,0.406470573,0.390956246,0.482930521,0.100197085,0.288725144,0.471563209,0.204147815,0.154716822,0.126110169,0.294334889,0.506587513,0.149358738,0.160222558,0.224243672,0.455403186,0.361966367,0.365874814,0.255194775,0.291466776,0.069724938,0.003161998,0.026932134,0.003863142,0.007291057,0.025266841,0.065917721,0.011096211,0.038750121,0.026461595,0.027898464,0.003348924,0.045662088,0.032244177,0.005591627,0.014038645,0.021510716,0.00503026,0.006843726,0.017625722,0.017270926,0.009396204,0.0126873,0.025504784,0.01189619,0.137011138,0.030866159,0.023786552,0.00318391,0.173589267,0.009595966,0.019750737,0.004185133,0.008283417,0.008675132,0.026804551,0.041606053,0.005746023,0.008084531,0.03201271,0.003614592,0.000394628,0.02272737,0.006021885,0.000671143,0.016289895,0.003182704,0.003761972,0.001728477,0.001615255,0.000734368,0.001395815,0.003479399,0.011794212,0.016771479,0.000981839,0.018478053,0.020431065,0.12491884,0.013688882,0.071116579,0.004143516,0.010910002,0.014586786,0.000826184,0.003576608,0.006139345,0.003150389,0.00118446,0.034387839,0.012608961,0.009555675,0.034518824,0.003182425,0.027694271,0.003871855,0.003808003,0.004723933
Bacteroides_stercoris_ATCC_43183,0.066441428,0.003464722,0.196251732,0.15360772,0.208484229,0.079934783,0.192281644,0.115161821,0.081404455,0.074536196,0.230396799,0.19074774,0.149862002,0.233339164,0.113195637,0.21801842,0.198711119,0.083162638,0.104363939,0.240217279,0.239106736,0.263234429,0.24822164,0.219753465,1,0.229156269,0.193435695,0.285944965,0.275656131,0.160308157,0.041596081,0.143661215,0.085335738,0.043856677,0.032542606,0.135075029,0.114432612,0.234358913,0.068500177,0.116601317,0.063607102,0.106073641,0.039731802,0.098813421,0.050113358,0.118308804,0.116469486,0.199868633,0.210607408,0.033079696,0.162912213,0.228929781,0.216355252,0.051748771,0.20495586,0.233931904,0.220503483,0.232445797,0.178525809,0.266878546,0.047391426,0.117529258,0.226063902,0.115945901,0.22723438,0.209648042,0.129231955,0.276408336,0.157048556,0.069437144,0.242187211,0.180433693,0.217867882,0.225173846,0.117719564,0.128924189,0.03084195,0.002013845,0.012446385,0.002460398,0.004643603,0.014256061,0.049326171,0.007067069,0.023120971,0.016186826,0.016045451,0.002132897,0.025107131,0.02063034,0.003561252,0.005742541,0.01376207,0.003203723,0.00406793,0.01122565,0.010999684,0.00598435,0.008080418,0.01734765,0.007576567,0.064305322,0.014762174,0.015149423,0.002027801,0.110038725,0.006111577,0.0075764,0.00266547,0.005275627,0.005525107,0.013365363,0.023028014,0.003659586,0.004302994,0.019439983,0.002302099,0.000251335,0.006890366,0.00383528,0.000427445,0.007470791,0.001766546,0.002395963,0.00110085,0.00102874,0.000467712,0.000888981,0.001272695,0.005708897,0.005834503,0.000625324,0.009489061,0.008308819,0.044057676,0.005110348,0.079180223,0.002638965,0.002080476,0.009290182,0.000526188,0.002277907,0.003785276,0.002006452,0.000754371,0.015772972,0.008030524,0.006052564,0.020345341,0.002026855,0.01144611,0.002465947,0.00242528,0.003008627
Bacteroides_thetaiotaomicron_VPI_5482,0.082618603,0.00156946,0.20685511,0.237201135,0.434720184,0.048149697,0.332617557,0.298277606,0.080840171,0.089648098,0.185319149,0.151571714,0.195549389,0.19717778,0.10612673,0.185586414,0.275149812,0.105103262,0.133247291,0.322799304,0.256231968,0.248660778,0.266280572,0.226090315,0.229156269,1,0.426408005,0.333147484,0.291253049,0.310787714,0.051966854,0.22347178,0.0710436,0.020763628,0.014817659,0.172176513,0.076073673,0.389884656,0.037549563,0.072509939,0.057897084,0.148893113,0.019354941,0.049355027,0.024775473,0.199666653,0.088815192,0.469192153,0.287867599,0.014931566,0.184320643,0.314809366,0.413973969,0.027960534,0.214619793,0.376807773,0.231638015,0.286228397,0.261994364,0.347261962,0.038091105,0.0980348,0.276332806,0.154873168,0.38032204,0.140685296,0.089013754,0.312387815,0.361962794,0.058666639,0.361837681,0.162180431,0.371911198,0.410064531,0.101209192,0.088923272,0.025501474,0.000912238,0.00784406,0.001114518,0.002103473,0.007289495,0.022916898,0.003201262,0.021473413,0.007634182,0.008307545,0.000966166,0.012824837,0.009332402,0.001613187,0.004846816,0.006233984,0.001451232,0.001974418,0.005085029,0.00498267,0.002710809,0.003660292,0.00608648,0.003432056,0.046571796,0.008904901,0.006862431,0.000918559,0.09293588,0.00276844,0.006141646,0.001207413,0.00238977,0.00250278,0.007733125,0.012017033,0.00165773,0.002332391,0.009235681,0.001042812,0.00011385,0.011272471,0.001737317,0.000193625,0.004421907,0.000918211,0.001085331,0.000498666,0.000466002,0.000211866,0.000402693,0.001003808,0.003402636,0.013323514,0.000283261,0.005330927,0.030166374,0.047641746,0.003949249,0.04015811,0.001195406,0.011535421,0.004208294,0.000238354,0.001031853,0.001771204,0.000908889,0.000341717,0.012285597,0.003637691,0.002756817,0.009984943,0.000918131,0.010673966,0.001117032,0.00109861,0.001362857
Bacteroides_uniformis_ATCC_8492,0.042597027,0.000777381,0.127205695,0.246865081,0.604276316,0.023729174,0.449910709,0.234577977,0.070373204,0.075163564,0.09523855,0.078504716,0.199558786,0.117710119,0.057501879,0.137558265,0.168177161,0.088504622,0.103087828,0.208403368,0.163626432,0.147921192,0.150970448,0.129704925,0.193435695,0.426408005,1,0.221823857,0.183521945,0.250981602,0.032858692,0.154789193,0.045387457,0.010249804,0.007333684,0.243656229,0.068276695,0.308872325,0.021201478,0.042694326,0.04336774,0.081157903,0.009312156,0.035478807,0.011429095,0.162487655,0.050569163,0.411600444,0.205601175,0.008338852,0.14299549,0.221946071,0.434473791,0.013119807,0.150513139,0.323617367,0.145784684,0.211933369,0.166169608,0.244471018,0.018799023,0.053387888,0.175544004,0.073633595,0.504003989,0.165131357,0.049128891,0.213386767,0.398764367,0.039216538,0.335105375,0.097376329,0.306438281,0.319136771,0.056242752,0.045704287,0.012607649,0.000451847,0.003833115,0.00055204,0.001041886,0.003550804,0.011868211,0.00158564,0.01063615,0.003709173,0.00411487,0.000478559,0.007149991,0.004628835,0.000788986,0.002400711,0.003087799,0.00071882,0.000977963,0.002518702,0.002468002,0.00134271,0.001813005,0.005190416,0.001699956,0.021826616,0.00439765,0.003383587,0.000454978,0.07518287,0.001371256,0.003079859,0.000598052,0.001183694,0.00123967,0.003619292,0.005751903,0.000821102,0.000938341,0.004290428,0.000516522,5.64E-05,0.008930785,0.000860523,9.59E-05,0.002327813,0.000454806,0.000537583,0.000246998,0.000230819,0.000104941,0.000199461,0.000497203,0.001685384,0.006599366,0.000140304,0.0026405,0.012668256,0.023796916,0.001956131,0.046358593,0.000592105,0.005713692,0.002084441,0.000118061,0.000511095,0.000877308,0.000450188,0.000169258,0.005979809,0.001801811,0.001365499,0.004923847,0.000454766,0.005286999,0.000553285,0.000544161,0.000675046
Bacteroides_vulgatus_ATCC_8482,0.145447431,0.003341355,0.468276888,0.227739826,0.25170795,0.10179134,0.262161322,0.220425092,0.136479055,0.139874695,0.405933424,0.34839563,0.22931481,0.239164125,0.204071123,0.147133468,0.445452591,0.166430666,0.179033113,0.534091137,0.501709996,0.631913725,0.547391765,0.472384999,0.285944965,0.333147484,0.221823857,1,0.524429457,0.340192579,0.089418148,0.324018072,0.106092251,0.044474377,0.031716314,0.20078797,0.15466206,0.491604029,0.082154937,0.182651881,0.087767425,0.223590503,0.040255258,0.126511781,0.051591843,0.238127458,0.179821605,0.35972104,0.460785219,0.032739402,0.342220987,0.523496435,0.339662763,0.058099068,0.292990032,0.453859114,0.530792396,0.490918756,0.334461385,0.634459036,0.064771093,0.198035687,0.53567507,0.149059466,0.277210508,0.209426517,0.208829827,0.559399572,0.23057373,0.113782634,0.275173331,0.381411248,0.416185425,0.472436354,0.192257354,0.1953615,0.045127804,0.001942139,0.016699871,0.00237279,0.004478259,0.014304833,0.05107617,0.006815433,0.030248215,0.016253044,0.01701701,0.002056951,0.02528185,0.019895758,0.003434447,0.010318788,0.013272045,0.003089649,0.004203502,0.01082594,0.01060802,0.005771266,0.0077927,0.017766571,0.007306789,0.097177351,0.018958383,0.014609999,0.001955598,0.228142559,0.005893963,0.013237916,0.002570561,0.005087779,0.005328375,0.016434755,0.02558406,0.00352928,0.004965621,0.019662609,0.002220128,0.000242386,0.027710334,0.003698718,0.000412225,0.010005458,0.001954857,0.002310651,0.001061652,0.00099211,0.000451058,0.000857327,0.00213709,0.007244153,0.013318676,0.000603058,0.011349453,0.021835049,0.092348046,0.008407883,0.113189673,0.002544999,0.009668423,0.008959388,0.000507452,0.002196798,0.003770863,0.001935008,0.00072751,0.024498831,0.007744582,0.005869216,0.021404774,0.001954685,0.020028448,0.002378142,0.002338923,0.002901499
Bacteroides_xylanisolvens_XB1A,0.146319291,0.003968525,0.493158253,0.198041497,0.204833878,0.127520094,0.208600447,0.204066244,0.12173228,0.094733752,0.438754744,0.372031395,0.17283838,0.249781049,0.252743304,0.234479375,0.444498695,0.147803228,0.123633811,0.450969262,0.522481015,0.504472649,0.531893023,0.666826248,0.275656131,0.291253049,0.183521945,0.524429457,1,0.275895736,0.116655047,0.370556466,0.166480838,0.053063064,0.037669446,0.143938845,0.119100393,0.460401385,0.10295252,0.181906443,0.110989812,0.253481877,0.049046861,0.137048508,0.063523162,0.21039868,0.22517929,0.335302207,0.43072339,0.042709875,0.31198018,0.467335125,0.306390448,0.070275439,0.230696856,0.40721384,0.501625368,0.429434002,0.386403331,0.522679249,0.096316858,0.224550668,0.480660625,0.168680849,0.210231158,0.138667453,0.233236675,0.517370728,0.207895505,0.12616854,0.247343044,0.410844993,0.425368348,0.416417551,0.244653875,0.229062118,0.053920473,0.002306677,0.019834427,0.002818162,0.005318826,0.018432158,0.048724888,0.008094685,0.036366906,0.01930373,0.020678486,0.00244304,0.035046842,0.023630179,0.004079091,0.012255618,0.0157632,0.003669574,0.004992497,0.012857962,0.012599139,0.00685453,0.009255384,0.023427633,0.008678269,0.110299437,0.02251686,0.017352287,0.002322662,0.16269901,0.007000256,0.014881737,0.003053054,0.006042752,0.006328508,0.019553917,0.030386172,0.004191723,0.005897664,0.023353269,0.002636845,0.000287881,0.023430751,0.004392965,0.000489599,0.011883477,0.002321782,0.002744358,0.001260924,0.001178328,0.000535722,0.001018247,0.002538221,0.008603876,0.016649972,0.000716252,0.013479738,0.015117096,0.100805683,0.009986038,0.073706328,0.003022694,0.012323035,0.010641059,0.000602701,0.002609135,0.004478651,0.002298208,0.000864063,0.029988521,0.009198235,0.006970864,0.025422437,0.002321579,0.024670366,0.002824518,0.002777938,0.003446109
Bifidobacterium_adolescentis_L2_32,0.094017299,0.002341368,0.26883695,0.309873999,0.289584601,0.053687111,0.255019535,0.350123204,0.080297949,0.086922044,0.205822073,0.180587264,0.147385594,0.112872861,0.134801837,0.118422175,0.297249156,0.113620397,0.102357721,0.308980897,0.312944327,0.28073965,0.306418227,0.232491941,0.160308157,0.310787714,0.250981602,0.340192579,0.275895736,1,0.08493672,0.301325181,0.066864287,0.025771834,0.018553902,0.25095754,0.178636735,0.357127243,0.04183581,0.089076446,0.068436268,0.142186742,0.022998016,0.081431776,0.028495771,0.212226573,0.099475855,0.407964339,0.349042603,0.019559737,0.257593366,0.370256406,0.326477925,0.036022907,0.200535358,0.434483247,0.284898875,0.342341326,0.238937601,0.374334394,0.050592479,0.117247255,0.297253779,0.13921335,0.288761277,0.180886928,0.109781049,0.281056515,0.292843731,0.089003962,0.252794087,0.205152526,0.354024131,0.354143669,0.119421927,0.103771856,0.023182503,0.001411408,0.008937713,0.001829509,0.003254884,0.008286606,0.040161151,0.004583961,0.034107147,0.011295965,0.0124688,0.001620152,0.015800866,0.012588989,0.002154724,0.004394554,0.008774486,0.002256827,0.002883136,0.007407168,0.006990127,0.004491851,0.005336025,0.010601125,0.005588832,0.050450327,0.011377649,0.009979922,0.00150342,0.175079261,0.004127019,0.007876936,0.001849397,0.003704043,0.003725929,0.011059764,0.01689809,0.002711138,0.003442106,0.012556665,0.001630942,0.000190914,0.016856972,0.002749286,0.000323651,0.007557466,0.000575982,0.001815745,0.000823826,0.000577128,0.000355275,0.00064906,0.000212107,0.0035141,0.003698416,0.000435852,0.008013702,0.00545004,0.054034415,0.006622447,0.092870727,0.001868035,0.000846338,0.00612914,0.000399694,0.001730302,0.002470163,0.001485975,0.000573021,0.010188916,0.00521183,0.004209149,0.013117899,0.001340414,0.007947216,0.001640932,0.001267333,0.001741355
Bifidobacterium_catenulatum_DSM_16992,0.079392288,0.018236231,0.134837519,0.027563923,0.037232662,0.164852397,0.050242723,0.047054102,0.103786032,0.056881452,0.139913592,0.142367677,0.097206431,0.099301984,0.090315881,0.049872704,0.119775284,0.106086232,0.087575981,0.101737853,0.114361724,0.126677623,0.126513627,0.142826878,0.041596081,0.051966854,0.032858692,0.089418148,0.116655047,0.08493672,1,0.117641921,0.172265039,0.14612677,0.120399677,0.057445476,0.107038945,0.090468626,0.129829214,0.121739529,0.070463975,0.114234256,0.136570623,0.126482566,0.149740329,0.082479494,0.126623362,0.067538339,0.133684444,0.101379978,0.088211448,0.126106585,0.063995146,0.155709482,0.162006627,0.078874123,0.135325013,0.089105703,0.116718109,0.098988972,0.143204039,0.116173709,0.103309252,0.094972756,0.055714376,0.044934824,0.138136892,0.104783533,0.058325934,0.097288405,0.05541095,0.128499082,0.095956926,0.096545074,0.141339125,0.166965746,0.074865055,0.011571316,0.063397515,0.015050039,0.026913281,0.058424051,0.12533173,0.043221084,0.079742838,0.089864692,0.086620488,0.013203493,0.095304601,0.091206463,0.017332999,0.043492171,0.067012199,0.017535699,0.02265104,0.055900935,0.054022446,0.026263894,0.042849069,0.033312855,0.038388015,0.117026105,0.085590022,0.074193327,0.011885975,0.118941273,0.03461824,0.041019524,0.012967651,0.026973633,0.026816512,0.046484104,0.079722009,0.022364735,0.025312274,0.080887963,0.013359101,0.001555864,0.031249667,0.014449561,0.002646055,0.023506351,0.004923956,0.008669516,0.006796401,0.004993724,0.002895326,0.005482594,0.001899292,0.02370849,0.015107634,0.003726076,0.032816681,0.016343347,0.117558932,0.016434776,0.078006248,0.015289563,0.006271865,0.046865556,0.003155015,0.003776685,0.011927523,0.012217253,0.00466986,0.06469211,0.042147663,0.03003654,0.093981267,0.011185487,0.058260142,0.013555842,0.011332898,0.009670664
Bifidobacterium_longum_longum_CCUG_52486,0.12926205,0.004420845,0.392208691,0.18987834,0.155279103,0.104376512,0.168121272,0.28352426,0.117846415,0.075341456,0.325621695,0.300434237,0.150751033,0.11897852,0.204289656,0.207884966,0.347376851,0.13260512,0.107639698,0.400597803,0.440594352,0.317052112,0.406541818,0.318867745,0.143661215,0.22347178,0.154789193,0.324018072,0.370556466,0.301325181,0.117641921,1,0.185725126,0.050807963,0.036967774,0.10907388,0.092124819,0.32179524,0.108405187,0.152179422,0.136863812,0.251014801,0.045703357,0.128908154,0.058226399,0.15174733,0.213743723,0.293844536,0.43682158,0.039975043,0.224866422,0.354098076,0.253704903,0.067396016,0.212923085,0.378409867,0.350246576,0.315407607,0.320909764,0.373022775,0.096701393,0.217064176,0.366432996,0.180161162,0.173002758,0.068355113,0.214664243,0.332874308,0.181522342,0.115590922,0.210885801,0.321654834,0.374895655,0.329928474,0.217607201,0.201889076,0.068548888,0.002599755,0.022651508,0.003386457,0.005788184,0.01980172,0.062305491,0.009547618,0.04998263,0.023620924,0.024510187,0.002992747,0.038783565,0.023644275,0.003828221,0.015009332,0.016522313,0.004089388,0.005192089,0.013735992,0.013036514,0.008133108,0.0098084,0.01898084,0.009879104,0.111182512,0.021073683,0.018885681,0.00279361,0.163529668,0.00759364,0.017960268,0.00371705,0.00663176,0.006496618,0.019008919,0.030061548,0.004982001,0.006286642,0.023147329,0.002993965,0.000352657,0.035655909,0.005187698,0.000599764,0.013997927,0.002751162,0.00302452,0.001544644,0.001385702,0.000646425,0.001227071,0.003109346,0.010308563,0.03024037,0.00082352,0.014667468,0.004504975,0.078198919,0.012232994,0.088833018,0.003433837,0.025590262,0.011474644,0.000738315,0.003166208,0.004543382,0.002705851,0.001058486,0.035370398,0.010751451,0.008327619,0.028999081,0.002765063,0.031555743,0.003419233,0.003067476,0.003063255
Bifidobacterium_pseudocatenulatum_DSM_20438,0.112307024,0.015766313,0.129665398,0.037895305,0.053766806,0.128438278,0.05320041,0.058058135,0.086122536,0.040981307,0.114637509,0.158817072,0.071220621,0.134357878,0.116588925,0.131129395,0.114567035,0.072600973,0.043178452,0.120258442,0.122857893,0.129470331,0.131377788,0.131580129,0.085335738,0.0710436,0.045387457,0.106092251,0.166480838,0.066864287,0.172265039,0.185725126,1,0.112151706,0.102135108,0.030480884,0.0541337,0.095374238,0.102382359,0.125131004,0.064523404,0.140088908,0.107679676,0.106390179,0.113958089,0.071721243,0.136629313,0.077630369,0.141349348,0.084630796,0.075604827,0.11942359,0.084573736,0.118899548,0.08413701,0.101094258,0.151133223,0.103990652,0.099226254,0.120578685,0.217551819,0.111529092,0.121418451,0.10591722,0.046615404,0.029793744,0.139202344,0.126259397,0.067920212,0.079996831,0.043052208,0.164288528,0.106513602,0.099781687,0.215320257,0.156673993,0.06763343,0.009673838,0.054818116,0.012155793,0.02287363,0.051988648,0.102440999,0.028530215,0.076015234,0.072315722,0.070014359,0.01053775,0.086028151,0.078701296,0.014078037,0.018832832,0.059980537,0.014874721,0.018845158,0.05087672,0.04802188,0.020787512,0.037754128,0.031055451,0.031294647,0.099755288,0.059537993,0.061471841,0.009695498,0.075207414,0.02904805,0.032247892,0.010804895,0.023088069,0.024284899,0.044957312,0.069481609,0.018035193,0.018581746,0.063049647,0.011101539,0.00124174,0.091870604,0.009566127,0.002111825,0.018777851,0.004871257,0.007488967,0.005438839,0.004932933,0.002310769,0.004392083,0.002439228,0.015805612,0.013737393,0.003089464,0.02875755,0.014351564,0.074379775,0.008487688,0.058228029,0.012643506,0.005973206,0.041265395,0.002136007,0.00264121,0.012575628,0.009913038,0.00372703,0.060383494,0.036397179,0.024520393,0.078591906,0.010013843,0.049044596,0.011758492,0.01033408,0.008184443
Blautia_hansenii_VPI_C7_24_DSM_20583,0.104428347,0.074788834,0.07556315,0.022641721,0.013790944,0.411914831,0.01710002,0.030714546,0.094633839,0.086443457,0.096148084,0.125041681,0.045459093,0.082698037,0.134609315,0.059808436,0.058115749,0.088527483,0.062353995,0.048235342,0.058647347,0.065086129,0.063741848,0.071913389,0.043856677,0.020763628,0.010249804,0.044474377,0.053063064,0.025771834,0.14612677,0.050807963,0.112151706,1,0.685355524,0.024590882,0.069108734,0.030004678,0.375279754,0.130646554,0.165910042,0.117335988,0.7033052,0.242756839,0.738093966,0.043124173,0.190712785,0.022555928,0.044195537,0.534204409,0.056927226,0.043074925,0.019472788,0.598051845,0.039287532,0.030062626,0.064515574,0.044369093,0.052641409,0.037965956,0.372701804,0.179206925,0.055851555,0.108383989,0.015628982,0.025369964,0.196594043,0.044666477,0.017932191,0.200241007,0.022336706,0.102361681,0.030838397,0.030115448,0.164693046,0.21725126,0.320527196,0.043470482,0.221930474,0.053109668,0.100235931,0.3066416,0.225935532,0.123618964,0.148996125,0.325279822,0.268134281,0.046040304,0.443721868,0.445322551,0.063381127,0.082698174,0.29634307,0.069154957,0.089030018,0.242314732,0.237437077,0.100452675,0.174422352,0.166565986,0.159270648,0.213333459,0.26388635,0.322862521,0.043771729,0.054102035,0.13192333,0.117122089,0.056449364,0.109753987,0.117600249,0.174082579,0.351804044,0.078995127,0.099084188,0.228891818,0.049692658,0.005425266,0.064316676,0.046344609,0.00922674,0.093636598,0.022942275,0.047876268,0.023762738,0.022206186,0.010095942,0.019189374,0.012332366,0.077989991,0.055712256,0.013498124,0.156850531,0.042618667,0.148712297,0.05817956,0.052689193,0.056964184,0.020562554,0.196747388,0.011358201,0.020445478,0.077451258,0.043310888,0.016283703,0.231746776,0.161821745,0.11792912,0.372771143,0.043751313,0.174760766,0.053229455,0.052351623,0.056176125
Bryantella_formatexigens_I_52_DSM_14469,0.080993076,0.104530694,0.053642248,0.017223686,0.009790185,0.293551544,0.012510094,0.023586318,0.075730347,0.06920717,0.068255483,0.088767035,0.034034172,0.060642035,0.102483686,0.044350055,0.041310439,0.063056001,0.052462551,0.034242249,0.041633726,0.047078151,0.04525031,0.05082638,0.032542606,0.014817659,0.007333684,0.031716314,0.037669446,0.018553902,0.120399677,0.036967774,0.102135108,0.685355524,1,0.017464373,0.062320327,0.021300308,0.299747811,0.103137196,0.133887252,0.084977664,0.655814642,0.172332974,0.578743729,0.030817377,0.135386923,0.016012443,0.031241597,0.520917362,0.042357835,0.030578871,0.014012019,0.506442741,0.031717207,0.021341445,0.045799578,0.0316399,0.037617081,0.026952015,0.329337877,0.127942871,0.040162012,0.080586148,0.011420398,0.020264967,0.139562026,0.031708713,0.0130217,0.141798167,0.015974151,0.072666513,0.021892165,0.021378944,0.121097935,0.154226575,0.30744395,0.060114989,0.29668793,0.074812933,0.141197341,0.36477235,0.221188391,0.170148105,0.155560287,0.401129849,0.328980055,0.064854672,0.50723287,0.62542361,0.074461636,0.095453863,0.417409324,0.097415128,0.110117766,0.3410096,0.334465731,0.129592998,0.245700041,0.169157824,0.2035161,0.173115274,0.33510583,0.431263923,0.061659044,0.043876974,0.185833795,0.124115439,0.074034633,0.141966596,0.158465937,0.191701925,0.413823005,0.111276484,0.111350864,0.235920299,0.066546561,0.007642301,0.064039574,0.062176911,0.012997247,0.108456919,0.029177286,0.060118583,0.03347338,0.030299274,0.014221648,0.027031111,0.014353168,0.096595333,0.059440507,0.019014131,0.198913758,0.043888777,0.129784314,0.064754551,0.047122544,0.071670987,0.023716239,0.27850468,0.01599973,0.022268814,0.092349169,0.06100988,0.022938038,0.251963735,0.22316807,0.154498226,0.442434872,0.061630285,0.208827634,0.072172889,0.073745112,0.063685788
Butyrivibrio_crossotus_DSM_2876,0.058038285,0.001839894,0.142193295,0.182193939,0.276421493,0.046186578,0.246057608,0.15430607,0.113078304,0.118294453,0.112793945,0.101376949,0.125664779,0.077424541,0.080463407,0.082893196,0.173814585,0.226744922,0.08649215,0.147037439,0.128475315,0.15743489,0.145509763,0.131910359,0.135075029,0.172176513,0.243656229,0.20078797,0.143938845,0.25095754,0.057445476,0.10907388,0.030480884,0.024590882,0.017464373,1,0.141230072,0.234927563,0.033935002,0.068158703,0.031709325,0.071520298,0.02231182,0.053924845,0.027198779,0.210488554,0.06359137,0.222470111,0.171579502,0.016253611,0.224486735,0.202139125,0.294905477,0.032674146,0.206258726,0.216783228,0.172073139,0.206272667,0.159113421,0.226418219,0.028479888,0.06615288,0.133709045,0.074357389,0.271217942,0.28752803,0.070567432,0.172911161,0.337692295,0.050968505,0.225935463,0.104170486,0.192653707,0.215233356,0.055912884,0.080083911,0.017936607,0.001069425,0.007034777,0.001306561,0.002465923,0.007897484,0.021700566,0.003752872,0.009826428,0.008949628,0.00957988,0.001132646,0.013763281,0.010955464,0.001839878,0.003749815,0.007308162,0.001701294,0.00231463,0.00596123,0.005841234,0.002752799,0.004290997,0.00590108,0.004023434,0.038201562,0.008993438,0.008044897,0.001076837,0.095087347,0.003245471,0.00692762,0.001415462,0.002801551,0.002934034,0.008056582,0.011398178,0.001943374,0.002734285,0.009459707,0.001222498,0.000133468,0.007629395,0.001855552,0.000226989,0.002937735,0.00083855,0.001272344,0.000584592,0.000546299,0.000248372,0.000472081,0.000576543,0.0029775,0.003033307,0.00033207,0.006249499,0.032771137,0.043851753,0.004629744,0.066112828,0.001401387,0.001018276,0.004933426,0.000279425,0.001209652,0.0020764,0.001065499,0.000400598,0.008620568,0.004264502,0.003078677,0.010940801,0.001076334,0.006363622,0.001309508,0.001287912,0.001597691
Catenibacterium_mitsuokai_DSM_15897,0.061531582,0.008896484,0.16513658,0.080517239,0.075916753,0.070329981,0.047937954,0.060102559,0.123665763,0.134484644,0.117348721,0.121090818,0.053276526,0.095230087,0.053855559,0.06497791,0.092929857,0.129422702,0.098013139,0.174548509,0.109290572,0.163992428,0.123320418,0.126306371,0.114432612,0.076073673,0.068276695,0.15466206,0.119100393,0.178636735,0.107038945,0.092124819,0.0541337,0.069108734,0.062320327,0.141230072,1,0.173244868,0.060097379,0.121808995,0.054237159,0.110012631,0.061927256,0.070936347,0.068390647,0.09099471,0.088492721,0.095273626,0.176098335,0.052594545,0.114081222,0.176224549,0.146951091,0.074578248,0.202906487,0.124911593,0.186026076,0.150187356,0.101158898,0.181745585,0.054034158,0.101366722,0.139651303,0.070976262,0.118711713,0.237174686,0.097847065,0.146584361,0.130504277,0.058892182,0.062454244,0.131415939,0.128731996,0.125357269,0.096029609,0.111533306,0.043049989,0.005162704,0.02881063,0.006317645,0.011783578,0.029405474,0.043289174,0.014572877,0.035706121,0.032374852,0.034874818,0.005476711,0.04947109,0.049386725,0.006736652,0.010397351,0.034540483,0.007862685,0.009021972,0.028495659,0.027974084,0.015260298,0.020735811,0.017945188,0.01783328,0.041559298,0.031809637,0.036173426,0.005206853,0.173261916,0.015686286,0.01245359,0.005701313,0.011721489,0.012616884,0.018659673,0.051056038,0.008963502,0.009616918,0.029807171,0.00576669,0.000645361,0.024802784,0.004458094,0.001097564,0.011232698,0.002128637,0.004788979,0.002826689,0.002153601,0.00120096,0.002282666,0.000864824,0.007343953,0.008293164,0.001605665,0.025043035,0.009078249,0.086588911,0.01164227,0.220238197,0.006384043,0.002884947,0.023443448,0.001306131,0.001573317,0.006521902,0.005012872,0.001937023,0.028739571,0.017948816,0.011947381,0.03965299,0.004798204,0.02320834,0.005700655,0.005867688,0.004888956
Clostridiales_sp_SS3_4,0.08945623,0.002244015,0.358013259,0.203669224,0.302227056,0.072459291,0.297500491,0.2727348,0.119730184,0.10028914,0.279919808,0.22792011,0.184340465,0.188320232,0.167746568,0.165779916,0.393078598,0.141009924,0.137392166,0.401403365,0.406556149,0.393095308,0.412118191,0.372436327,0.234358913,0.389884656,0.308872325,0.491604029,0.460401385,0.357127243,0.090468626,0.32179524,0.095374238,0.030004678,0.021300308,0.234927563,0.173244868,1,0.061179707,0.123818079,0.079874781,0.205626409,0.027733703,0.075911207,0.035919373,0.228956695,0.145978349,0.504920823,0.476318068,0.022397909,0.309437715,0.515532747,0.44820552,0.040598317,0.306419872,0.547124028,0.413323275,0.392450757,0.374818189,0.599518485,0.051655586,0.153693994,0.409129911,0.133880036,0.342364741,0.243979071,0.142276675,0.569544639,0.313932339,0.082148937,0.409259346,0.260975047,0.55495501,0.590559091,0.153920984,0.135683045,0.038471438,0.001304318,0.011215439,0.001593538,0.003007547,0.010422522,0.033983365,0.004577165,0.030702692,0.010915356,0.01187813,0.001381424,0.020676785,0.01336176,0.002306535,0.006929978,0.008913351,0.002074972,0.002823023,0.007270575,0.007124223,0.003875915,0.005233486,0.010643978,0.004907155,0.06387998,0.01273223,0.009811906,0.001313357,0.187308239,0.003958317,0.00889043,0.001726359,0.003416893,0.003578475,0.010897573,0.017181958,0.002370223,0.003334853,0.01320518,0.001491012,0.000162783,0.025779925,0.002281026,0.000276845,0.00671955,0.001312859,0.001551806,0.000712993,0.000666289,0.000302925,0.000575771,0.001435245,0.004865089,0.012961634,0.000405007,0.007622161,0.009086434,0.058546444,0.005646637,0.090896885,0.001709192,0.010488684,0.006017021,0.000340799,0.001475344,0.002532468,0.001299529,0.000488587,0.01756595,0.005201171,0.003941697,0.014375197,0.001312744,0.015261639,0.001597133,0.001570794,0.001948613
Clostridium_asparagiforme_DSM_15981,0.186000279,0.032080745,0.15184842,0.03700206,0.023995829,0.473927812,0.03201131,0.057007836,0.096531662,0.087003401,0.177399218,0.207173814,0.055117249,0.117955202,0.214924653,0.108803744,0.119470731,0.109115549,0.065157099,0.094273218,0.13452369,0.109516337,0.126252746,0.132836716,0.068500177,0.037549563,0.021201478,0.082154937,0.10295252,0.04183581,0.129829214,0.108405187,0.102382359,0.375279754,0.299747811,0.033935002,0.060097379,0.061179707,1,0.185585706,0.373675488,0.173507227,0.376064414,0.335693875,0.447988275,0.063474759,0.380129791,0.052583926,0.099762961,0.294831733,0.075392644,0.077840826,0.030635581,0.374661938,0.048184577,0.070084056,0.105916642,0.075627134,0.081404544,0.077436479,0.301195745,0.385236287,0.108224441,0.13264386,0.023654418,0.030593556,0.337486366,0.089361306,0.026512337,0.309013015,0.039803729,0.16680308,0.059820286,0.052328419,0.228771384,0.306106783,0.367614149,0.018462219,0.106858364,0.022781446,0.042996303,0.147618462,0.133223928,0.065435786,0.105548075,0.145639927,0.13542018,0.019749034,0.288938573,0.190065937,0.027596051,0.051007395,0.127426499,0.029664088,0.035392783,0.103941147,0.101848872,0.041560754,0.074818643,0.138732714,0.067312098,0.215505231,0.13952022,0.137921842,0.018775927,0.07301659,0.056588645,0.060803811,0.024680268,0.047091427,0.050347976,0.098594557,0.175176966,0.033697861,0.045433716,0.125701171,0.020951043,0.002327173,0.049813751,0.025017297,0.003957819,0.071418978,0.011238599,0.02000463,0.01019305,0.009525366,0.004330664,0.008231301,0.006664724,0.038563254,0.030712,0.005790034,0.071972992,0.043301029,0.147554152,0.049543684,0.050857635,0.023493291,0.012017149,0.086020155,0.004872112,0.00834699,0.031232629,0.018578249,0.006984911,0.118325342,0.071171394,0.055952721,0.168367286,0.01876717,0.086500094,0.022832828,0.022456281,0.024813189
Clostridium_bartlettii_DSM_16795,0.19143055,0.014577972,0.223915662,0.072223168,0.055417921,0.211231095,0.063282062,0.077271421,0.133667576,0.12313587,0.290910778,0.286820334,0.092477737,0.144952426,0.186451305,0.115476319,0.184786372,0.153998238,0.084433635,0.163742014,0.217940247,0.228884516,0.234439478,0.211414348,0.116601317,0.072509939,0.042694326,0.182651881,0.181906443,0.089076446,0.121739529,0.152179422,0.125131004,0.130646554,0.103137196,0.068158703,0.121808995,0.123818079,0.185585706,1,0.122885352,0.225285421,0.125230901,0.240402372,0.158956062,0.141976352,0.225488771,0.086755949,0.143225079,0.117729286,0.11363451,0.154068709,0.080286216,0.17059569,0.106649607,0.129404276,0.221214477,0.175790658,0.119120082,0.156407109,0.131145193,0.242626616,0.165638439,0.107607477,0.054302511,0.06476582,0.275197896,0.18024076,0.065361622,0.186487782,0.075448452,0.24202352,0.106216652,0.103013977,0.174488068,0.278838827,0.104466995,0.008554391,0.062226729,0.01045125,0.018788853,0.059173344,0.070951819,0.02914166,0.066304789,0.062335491,0.062090338,0.009060096,0.090703828,0.070377837,0.015063185,0.027705354,0.050291522,0.012984874,0.016927453,0.044086981,0.040895706,0.019557961,0.031765937,0.080171769,0.028062874,0.13206012,0.046565875,0.053727555,0.008351868,0.106008762,0.024264983,0.054109559,0.011197274,0.018419361,0.019586411,0.055326329,0.062798258,0.015545151,0.01842863,0.074631627,0.009778829,0.001067618,0.064308577,0.015088949,0.001815695,0.014916247,0.008610408,0.010177547,0.004676179,0.004369871,0.001986742,0.003776204,0.00941308,0.026310438,0.027602088,0.002656244,0.047648098,0.01236583,0.117801629,0.025126467,0.170958434,0.011209765,0.016231155,0.03487044,0.002235137,0.005203139,0.01446066,0.00778785,0.003204408,0.070460443,0.03288749,0.025395404,0.081636452,0.008609655,0.056068677,0.010474822,0.010302077,0.009852535
Clostridium_bolteae_ATCC_BAA_613,0.145739364,0.015351572,0.16387588,0.039064017,0.034075756,0.272693412,0.036834349,0.083673532,0.071852141,0.068794335,0.166052074,0.182256047,0.053340982,0.098035091,0.190415986,0.126518195,0.137626266,0.08540905,0.051314878,0.120539664,0.140193686,0.107845354,0.14385471,0.136953698,0.063607102,0.057897084,0.04336774,0.087767425,0.110989812,0.068436268,0.070463975,0.136863812,0.064523404,0.165910042,0.133887252,0.031709325,0.054237159,0.079874781,0.373675488,0.122885352,1,0.212121797,0.164156611,0.211164093,0.195928601,0.054490002,0.33292211,0.089631741,0.154652343,0.136966049,0.065610031,0.092007028,0.038698169,0.183294824,0.048616715,0.099070453,0.111911366,0.087066787,0.091213059,0.095480741,0.158430039,0.3079527,0.139306543,0.14195121,0.035688146,0.034107552,0.262832407,0.09254054,0.042706128,0.222552387,0.052425155,0.164634522,0.086307763,0.073805957,0.167116883,0.21742703,0.204823479,0.00883764,0.057078635,0.010901586,0.020574985,0.07130171,0.066505593,0.030202289,0.143635762,0.069022129,0.065928308,0.009450489,0.139604083,0.089154061,0.013031764,0.025760564,0.060977295,0.014195131,0.016930429,0.049664916,0.048737655,0.02030482,0.035802902,0.06502588,0.031818552,0.165582546,0.064333684,0.064474608,0.008984828,0.056152787,0.027079316,0.029905893,0.011810228,0.023117881,0.024480772,0.051507762,0.091099535,0.016054432,0.021767765,0.055459694,0.01002965,0.00111362,0.033785168,0.012955632,0.001893932,0.039964334,0.00724608,0.009164965,0.004877672,0.004558165,0.002072349,0.003938918,0.005049714,0.019798653,0.017744914,0.0027707,0.036621268,0.029233275,0.086568716,0.013673104,0.039996302,0.011249715,0.008027951,0.041163152,0.002331448,0.003606337,0.016147715,0.008890234,0.003342483,0.061073935,0.035356387,0.025406089,0.079119776,0.008980638,0.044410768,0.010926174,0.010745985,0.01147292
Clostridium_leptum_DSM_753,0.191336229,0.008954366,0.323225235,0.124939852,0.099803785,0.235344647,0.082764393,0.144756492,0.141491695,0.13424493,0.29241908,0.336449666,0.100190325,0.15070206,0.261445913,0.12677521,0.219122496,0.158560295,0.086935396,0.272827745,0.24449669,0.264456954,0.277260275,0.275586596,0.106073641,0.148893113,0.081157903,0.223590503,0.253481877,0.142186742,0.114234256,0.251014801,0.140088908,0.117335988,0.084977664,0.071520298,0.110012631,0.205626409,0.173507227,0.225285421,0.212121797,1,0.109523564,0.227105936,0.131923997,0.117717238,0.371542637,0.161722396,0.249724588,0.095419747,0.163709286,0.226178432,0.125155709,0.153889418,0.116290649,0.184265191,0.274869296,0.198200958,0.201195216,0.218534713,0.147421719,0.310538286,0.243381017,0.19628007,0.099225814,0.061397704,0.349108288,0.229100671,0.118545035,0.181240961,0.112660434,0.322333945,0.217496602,0.182975774,0.259304941,0.344171968,0.130942809,0.005204662,0.042110126,0.006358749,0.012001112,0.041589331,0.072050082,0.018264413,0.105251278,0.04281783,0.046945014,0.005512343,0.076543304,0.053317867,0.00835537,0.026535935,0.035567238,0.008279829,0.010278568,0.028973947,0.02842802,0.011801312,0.020883352,0.04354363,0.018625172,0.167057646,0.045027554,0.038366421,0.00524073,0.124553559,0.015795002,0.024927346,0.006888747,0.013634541,0.014279306,0.037009812,0.056012412,0.00945798,0.013307173,0.03893906,0.005949635,0.00064956,0.030976633,0.009912049,0.001104705,0.024612323,0.005238744,0.006192223,0.00284508,0.002658717,0.001208773,0.002297518,0.005727106,0.018576841,0.020900475,0.001616112,0.030344702,0.012224053,0.149068119,0.020717672,0.105412363,0.006820245,0.011529021,0.024009914,0.001359902,0.005498801,0.010105388,0.005185554,0.001949626,0.04861658,0.020754405,0.015728683,0.05619745,0.005238286,0.03808368,0.006373091,0.006267989,0.007775615
Clostridium_methylpentosum_R2_DSM_5476,0.108475189,0.080912918,0.069843976,0.020574024,0.012747144,0.372362992,0.015358073,0.029092582,0.083118733,0.076638821,0.088870891,0.114032018,0.041841434,0.074827877,0.122458637,0.057106293,0.053700638,0.080076208,0.05702094,0.044584537,0.054208485,0.058701472,0.058917397,0.066130857,0.039731802,0.019354941,0.009312156,0.040255258,0.049046861,0.022998016,0.136570623,0.045703357,0.107679676,0.7033052,0.655814642,0.02231182,0.061927256,0.027733703,0.376064414,0.125230901,0.164156611,0.109523564,1,0.224383218,0.65303744,0.039251107,0.17627824,0.020848729,0.040533238,0.514648039,0.05034418,0.039814699,0.017616996,0.563845066,0.033761668,0.027787266,0.059346766,0.040510415,0.047331231,0.035092413,0.365354901,0.166196304,0.051279751,0.09597384,0.013777283,0.021047659,0.181714362,0.04128579,0.016396246,0.182778573,0.020228253,0.094614197,0.028504321,0.02783609,0.147418076,0.200808089,0.32757566,0.044094342,0.234657834,0.057458554,0.10844375,0.35650774,0.229082042,0.138733739,0.143333135,0.328809097,0.28848834,0.049810314,0.485360046,0.449980621,0.067909343,0.090358389,0.319950846,0.07476183,0.084264614,0.255788851,0.256879613,0.09517979,0.188412164,0.181868204,0.151255837,0.204205514,0.254134417,0.3233777,0.047355977,0.04944144,0.142725873,0.112253919,0.062247697,0.118017034,0.125514065,0.219245448,0.359413046,0.080439867,0.104774154,0.217607269,0.049054555,0.005869514,0.066304419,0.057901876,0.009982271,0.091500567,0.026419217,0.04411912,0.024883968,0.02402454,0.010922648,0.020760696,0.014900807,0.091645419,0.054853565,0.014603417,0.156755272,0.039079224,0.157025635,0.067008305,0.04680303,0.053053143,0.02271036,0.210446044,0.012288268,0.014814635,0.07464277,0.0468574,0.017617094,0.228801202,0.174266952,0.120000758,0.359121426,0.047333889,0.180844362,0.057588149,0.056638436,0.044075413
Clostridium_nexile_DSM_1787,0.161611353,0.018155501,0.196668702,0.053163213,0.053960022,0.450395653,0.064387048,0.073270919,0.119210837,0.1016544,0.224055382,0.271761258,0.115654495,0.148519581,0.212290766,0.114477217,0.151665803,0.165047956,0.096069721,0.134672069,0.162184055,0.171239002,0.162641474,0.160611525,0.098813421,0.049355027,0.035478807,0.126511781,0.137048508,0.081431776,0.126482566,0.128908154,0.106390179,0.242756839,0.172332974,0.053924845,0.070936347,0.075911207,0.335693875,0.240402372,0.211164093,0.227105936,0.224383218,1,0.276417673,0.084277619,0.391759177,0.064037358,0.112512077,0.195392305,0.105705851,0.10749154,0.048883856,0.306112352,0.06650527,0.087427898,0.159581615,0.139426215,0.121466233,0.103990661,0.244635055,0.34646221,0.163345214,0.172203768,0.040321173,0.042079373,0.423618933,0.128202971,0.064887257,0.545642181,0.050973732,0.233282267,0.079804636,0.077213352,0.256579641,0.400678343,0.197333991,0.010552757,0.071243643,0.012892735,0.024332958,0.084324801,0.107175871,0.035750614,0.073517887,0.088312138,0.093617988,0.011176599,0.164728609,0.108105095,0.018661328,0.03406466,0.072114656,0.016787839,0.022840046,0.058823558,0.057639474,0.027956586,0.042342219,0.121220663,0.03970199,0.225118563,0.079627837,0.079384529,0.010625886,0.086415739,0.032025291,0.048203464,0.013967339,0.027644829,0.028952128,0.07065472,0.108355501,0.019176607,0.026981073,0.086809307,0.012063233,0.001317021,0.036981853,0.02009726,0.002239854,0.031078157,0.010617527,0.012555093,0.005768567,0.005390704,0.002450859,0.004658352,0.008004973,0.03031252,0.027480214,0.003276762,0.050583402,0.027590438,0.155915969,0.037096733,0.06024792,0.013828445,0.011164514,0.048681506,0.002757281,0.008928639,0.020489266,0.010514014,0.00395298,0.084023972,0.04208077,0.031890825,0.109742897,0.01062093,0.062187184,0.012921814,0.012708715,0.015765514
Clostridium_scindens_ATCC_35704,0.131005215,0.062473664,0.088364671,0.024812292,0.016390302,0.460885111,0.019831431,0.035071216,0.092611752,0.085034442,0.11484485,0.145538486,0.048373458,0.095693182,0.152401408,0.066278377,0.069060793,0.09709421,0.062774839,0.054426573,0.070208251,0.075666187,0.07630701,0.086387231,0.050113358,0.024775473,0.011429095,0.051591843,0.063523162,0.028495771,0.149740329,0.058226399,0.113958089,0.738093966,0.578743729,0.027198779,0.068390647,0.035919373,0.447988275,0.158956062,0.195928601,0.131923997,0.65303744,0.276417673,1,0.049842209,0.228307192,0.027002283,0.052673825,0.497730552,0.060853297,0.05126367,0.021219791,0.576637716,0.040380403,0.035988745,0.075337414,0.051620526,0.060463489,0.045450024,0.375935905,0.214239747,0.061774379,0.114239121,0.016526418,0.026123451,0.235347798,0.053471392,0.020085275,0.225617699,0.025950839,0.116970459,0.03691744,0.03519584,0.185072947,0.246078946,0.358603521,0.036312376,0.198150016,0.044364317,0.083730492,0.287653516,0.207343328,0.104156957,0.145402789,0.290804419,0.240659203,0.038459036,0.423691572,0.371993117,0.057661615,0.074787113,0.248148857,0.057767494,0.072833794,0.20241376,0.198339289,0.082841751,0.14570094,0.169070625,0.131610164,0.229416388,0.225503304,0.268376918,0.036564018,0.05512463,0.110200057,0.101455863,0.048062062,0.09351464,0.099625205,0.165714512,0.317570806,0.065987324,0.091839434,0.232198597,0.041509972,0.00453191,0.06044331,0.040083385,0.00770741,0.084495911,0.019536698,0.042311022,0.019849825,0.018549585,0.008433485,0.016029538,0.01066219,0.067410356,0.051713168,0.011275443,0.139256762,0.041771943,0.153477651,0.053632732,0.052286636,0.045924175,0.018418981,0.166782859,0.009487893,0.019355056,0.062354827,0.036179062,0.013602333,0.211424589,0.135741489,0.096889847,0.318598998,0.036546964,0.154991612,0.044464379,0.043731096,0.051005697
Clostridium_sp_L2_50,0.083334629,0.00324665,0.17191442,0.110671925,0.212999014,0.0790354,0.177775758,0.137053881,0.115694419,0.125282905,0.189556225,0.152120973,0.149553619,0.118973874,0.12545351,0.093983997,0.206311143,0.175584916,0.11554005,0.174606528,0.192710417,0.196214301,0.203848255,0.183030523,0.118308804,0.199666653,0.162487655,0.238127458,0.21039868,0.212226573,0.082479494,0.15174733,0.071721243,0.043124173,0.030817377,0.210488554,0.09099471,0.228956695,0.063474759,0.141976352,0.054490002,0.117717238,0.039251107,0.084277619,0.049842209,1,0.105593656,0.178856067,0.19038502,0.028297605,0.126700631,0.191248401,0.233007289,0.054337826,0.184746287,0.196098745,0.202260308,0.210441586,0.173469941,0.237344584,0.068462176,0.108060434,0.185279991,0.084575689,0.183966467,0.174652906,0.109302086,0.214764342,0.19485631,0.089822419,0.171129493,0.146701461,0.156933825,0.196835029,0.092323803,0.123876793,0.029535087,0.001887093,0.012867623,0.002305538,0.004351332,0.014093009,0.036011553,0.005952667,0.019620798,0.015792384,0.016723608,0.001998651,0.024279225,0.019331851,0.003088574,0.005898918,0.012895875,0.003002079,0.004084362,0.0105191,0.010307356,0.00478104,0.007571831,0.009929015,0.007099693,0.048630005,0.016948786,0.014195907,0.00190017,0.110271974,0.00572691,0.01187285,0.002497704,0.004943576,0.005177353,0.014186928,0.020138646,0.003429249,0.004521128,0.016706502,0.002157203,0.000235516,0.012862133,0.00267822,0.000400541,0.005090355,0.001641798,0.00224516,0.001031562,0.00096399,0.000438274,0.000833028,0.001179089,0.00531326,0.00546182,0.000585966,0.011027775,0.005670736,0.048015961,0.006258653,0.098040438,0.002472866,0.001939028,0.008705451,0.00049307,0.002134534,0.003663985,0.001880164,0.00070689,0.015815876,0.007525077,0.005173573,0.019342341,0.001899284,0.011840913,0.002310738,0.002272631,0.002819262
Clostridium_sp_M62_1,0.20567147,0.014263187,0.327032881,0.070663511,0.059625145,0.41784545,0.059495353,0.105785639,0.122880675,0.101668558,0.326071375,0.404682369,0.101312595,0.174175434,0.363358454,0.151450814,0.234992892,0.180272175,0.089132816,0.206082522,0.263020031,0.243072659,0.25554617,0.274471491,0.116469486,0.088815192,0.050569163,0.179821605,0.22517929,0.099475855,0.126623362,0.213743723,0.136629313,0.190712785,0.135386923,0.06359137,0.088492721,0.145978349,0.380129791,0.225488771,0.33292211,0.371542637,0.17627824,0.391759177,0.228307192,0.105593656,1,0.115541286,0.223863994,0.145099091,0.165132726,0.170787238,0.082035383,0.249965934,0.086666274,0.145911709,0.241201947,0.164739939,0.198339716,0.178940378,0.219499273,0.488549879,0.231334801,0.218960661,0.052269504,0.055473634,0.581905559,0.202671099,0.072118365,0.310835721,0.091268957,0.342967053,0.14706792,0.138216455,0.302615909,0.545162844,0.20530457,0.008290377,0.059107056,0.010128693,0.019116273,0.06624661,0.103846622,0.028732751,0.119793833,0.069379111,0.074581621,0.008780475,0.131301378,0.084928704,0.014660571,0.028382805,0.056654169,0.013188734,0.017943423,0.046212517,0.045282286,0.022261132,0.033264572,0.066953646,0.031190376,0.239603132,0.060897634,0.062365471,0.008347828,0.087820742,0.025159466,0.04372902,0.010972914,0.02171812,0.022745151,0.061925847,0.092958033,0.015065381,0.021196666,0.075659679,0.009477025,0.001034668,0.044872712,0.015788657,0.001759657,0.026815972,0.008344665,0.009863437,0.004531858,0.004235004,0.001925425,0.003659659,0.008246702,0.026779025,0.024719435,0.002574265,0.042018112,0.020318886,0.161528483,0.033161206,0.063496333,0.010863798,0.010771773,0.038244795,0.002166154,0.007875298,0.016096621,0.00825994,0.00310551,0.071977122,0.033059175,0.025053827,0.088428721,0.008343935,0.053404799,0.010151538,0.009984124,0.012385583
Clostridium_sp_SS2_1,0.087799444,0.001686932,0.282079286,0.294727572,0.413416945,0.054547297,0.365187508,0.405381011,0.090546568,0.078399341,0.217996758,0.175283358,0.217010735,0.164203042,0.131058208,0.181969268,0.334993839,0.110614685,0.135440171,0.338355597,0.335212817,0.279199596,0.332032212,0.268104379,0.199868633,0.469192153,0.411600444,0.35972104,0.335302207,0.407964339,0.067538339,0.293844536,0.077630369,0.022555928,0.016012443,0.222470111,0.095273626,0.504920823,0.052583926,0.086755949,0.089631741,0.161722396,0.020848729,0.064037358,0.027002283,0.178856067,0.115541286,1,0.397386732,0.018155018,0.249893699,0.432891619,0.462226759,0.030519665,0.196612948,0.610604985,0.290668068,0.338236039,0.323554374,0.431661886,0.040942153,0.123931074,0.326424526,0.164323967,0.350763073,0.144767447,0.112594793,0.381786382,0.345481502,0.070462084,0.42251689,0.207159788,0.551097494,0.529568655,0.114455546,0.102703986,0.029868485,0.000980517,0.008431173,0.001197938,0.002260914,0.0078351,0.02496623,0.003440871,0.023080658,0.008205586,0.008929349,0.001038482,0.015543712,0.010044663,0.001733931,0.005209591,0.006700586,0.001559854,0.002122199,0.005465634,0.005355614,0.002913708,0.003934258,0.010156321,0.003688939,0.055844242,0.009571416,0.007376071,0.000987312,0.139743752,0.002975653,0.006683355,0.001297785,0.002568639,0.002690108,0.008311935,0.012351208,0.001781808,0.002506966,0.009926955,0.001120864,0.000122372,0.019207735,0.001867351,0.000208118,0.005051402,0.000986938,0.001166566,0.000535991,0.000500881,0.000227723,0.000432834,0.001078941,0.003657316,0.006095499,0.000304463,0.005729937,0.023910474,0.050456904,0.004244842,0.04597239,0.00128488,0.004240142,0.004523277,0.000256195,0.001109085,0.001903775,0.000976917,0.000367294,0.011692472,0.003909965,0.002963159,0.010806512,0.000986851,0.009440734,0.00120064,0.001180839,0.001464864
Collinsella_aerofaciens_ATCC_25986,0.14240575,0.003443966,0.471282481,0.209815178,0.207908897,0.104405313,0.20990978,0.263935987,0.117331234,0.092995612,0.336976317,0.308661886,0.187815747,0.171463092,0.199856373,0.194553898,0.382004921,0.121453524,0.141242407,0.472861246,0.459082086,0.438770065,0.480023974,0.411422081,0.210607408,0.287867599,0.205601175,0.460785219,0.43072339,0.349042603,0.133684444,0.43682158,0.141349348,0.044195537,0.031241597,0.171579502,0.176098335,0.476318068,0.099762961,0.143225079,0.154652343,0.249724588,0.040533238,0.112512077,0.052673825,0.19038502,0.223863994,0.397386732,1,0.03414159,0.319110766,0.557048659,0.348992538,0.058678086,0.294056828,0.485260755,0.479433161,0.421436318,0.376943455,0.552415339,0.077021423,0.223882703,0.444874441,0.19516796,0.221808238,0.185578474,0.206670979,0.484859336,0.271783689,0.117060997,0.264736452,0.37353959,0.468938206,0.469225887,0.200200212,0.194634541,0.0550279,0.002001781,0.01718268,0.002445658,0.004568167,0.015818525,0.052510435,0.007024732,0.047120469,0.016677256,0.01816341,0.002120119,0.03079879,0.019982666,0.003539918,0.010607454,0.013413139,0.003184531,0.004153078,0.011051012,0.01073753,0.0059485,0.008019109,0.017035281,0.007472532,0.102804429,0.019540588,0.015058666,0.002015653,0.213994171,0.006074964,0.012881629,0.002649502,0.005244022,0.005467544,0.016969286,0.026010486,0.003637663,0.005118113,0.02026644,0.002288307,0.000249829,0.026717416,0.003812304,0.000424884,0.010204926,0.002014889,0.00238161,0.001094255,0.001022577,0.00046491,0.000883655,0.00220272,0.007466619,0.020602094,0.000621578,0.011651452,0.011929197,0.075775428,0.006676149,0.126386387,0.002623155,0.016816649,0.009098302,0.000523036,0.00226426,0.00342962,0.001994432,0.000749852,0.026900198,0.007982415,0.006047222,0.021530986,0.002014713,0.023374807,0.002451174,0.002410751,0.002990603
Coprobacillus_sp_D7,0.091050143,0.08357248,0.05925543,0.016158159,0.010661909,0.302798515,0.012801537,0.026395749,0.070686233,0.064250458,0.074092192,0.092650179,0.034101034,0.05563692,0.098708153,0.046757004,0.046838058,0.058216634,0.056568375,0.038824096,0.047204603,0.047369024,0.051305111,0.055773363,0.033079696,0.014931566,0.008338852,0.032739402,0.042709875,0.019559737,0.101379978,0.039975043,0.084630796,0.534204409,0.520917362,0.016253611,0.052594545,0.022397909,0.294831733,0.117729286,0.136966049,0.095419747,0.514648039,0.195392305,0.497730552,0.028297605,0.145099091,0.018155018,0.03414159,1,0.037345912,0.032443301,0.01292416,0.382366082,0.02749337,0.024197077,0.048437644,0.03295856,0.03459659,0.030558379,0.273390378,0.143732427,0.045690578,0.077985069,0.011657771,0.017794334,0.158236379,0.035951556,0.013790008,0.161171781,0.014693055,0.078262312,0.02240283,0.022571028,0.128928096,0.152676293,0.321961232,0.053938257,0.227692446,0.065983843,0.124533859,0.376813755,0.186645364,0.152333914,0.139463176,0.324435171,0.249436758,0.057200812,0.537483951,0.439836229,0.076625405,0.085044398,0.350299838,0.084068697,0.081716446,0.295852352,0.276034636,0.114555777,0.211735921,0.383926488,0.17028457,0.176800125,0.26664102,0.303613336,0.054382318,0.048474469,0.157907356,0.083681748,0.055622522,0.124323185,0.13407024,0.159889092,0.3642172,0.093249839,0.105907649,0.189703295,0.060697929,0.006740391,0.04674473,0.052626473,0.011463369,0.08506874,0.022509606,0.052328424,0.029523,0.023316887,0.012543273,0.023841019,0.009515865,0.079169031,0.055777757,0.016770168,0.162891327,0.050903014,0.104136906,0.039754727,0.036688663,0.068882814,0.019951027,0.225764498,0.014111513,0.02108595,0.060998434,0.053809766,0.020230993,0.219583981,0.179664443,0.14607474,0.340398968,0.050876254,0.176490332,0.060147861,0.065042042,0.068744289
Coprococcus_eutactus_ATCC_27759,0.095453464,0.004497359,0.336790408,0.1598206,0.163849428,0.100566777,0.149354022,0.203499679,0.116650116,0.123738097,0.288081268,0.256696095,0.147762532,0.146739946,0.172989169,0.128141029,0.260153306,0.103962708,0.174249783,0.284144941,0.311230592,0.33640812,0.341131633,0.330919109,0.162912213,0.184320643,0.14299549,0.342220987,0.31198018,0.257593366,0.088211448,0.224866422,0.075604827,0.056927226,0.042357835,0.224486735,0.114081222,0.309437715,0.075392644,0.11363451,0.065610031,0.163709286,0.05034418,0.105705851,0.060853297,0.126700631,0.165132726,0.249893699,0.319110766,0.037345912,1,0.329330701,0.225693176,0.075289446,0.196236859,0.289585522,0.356582328,0.392295535,0.271386279,0.390346225,0.080373935,0.154976117,0.299700359,0.136120792,0.150742325,0.157791998,0.175319721,0.352864865,0.144412186,0.112302638,0.202226605,0.271555544,0.26989189,0.309211244,0.160545258,0.18083363,0.039861157,0.002614058,0.021830925,0.003193702,0.006027597,0.017228828,0.066629916,0.00917336,0.02003829,0.02144402,0.022375249,0.002768592,0.030370229,0.026779069,0.004167651,0.013796104,0.017863759,0.004158571,0.005516104,0.014571377,0.014278064,0.006136306,0.01048873,0.012238923,0.009558255,0.08955953,0.021316954,0.01947823,0.002632173,0.214903039,0.00793309,0.012192555,0.003459895,0.006847991,0.007171827,0.021624409,0.025093342,0.004750301,0.005678123,0.018822426,0.002988223,0.000326243,0.009093882,0.003588912,0.000554842,0.006475813,0.002631176,0.003110064,0.001428951,0.001335349,0.00060711,0.001153936,0.002876457,0.009480803,0.018410551,0.000811697,0.013002079,0.086443095,0.091725376,0.009369511,0.091679506,0.00342549,0.014646737,0.012059056,0.000683015,0.001525379,0.005075463,0.002604461,0.000979206,0.033257586,0.010423966,0.007109244,0.028207616,0.002630946,0.028682997,0.003200905,0.003148117,0.003831195
Dorea_formicigenerans_ATCC_27755,0.126513405,0.003221523,0.500779329,0.215747976,0.235239418,0.101025408,0.239313912,0.257776611,0.120396246,0.084720765,0.366329182,0.325733337,0.207994835,0.209523332,0.21096804,0.160464176,0.433238182,0.146620175,0.158430199,0.503760116,0.478909092,0.494667469,0.510723117,0.434304602,0.228929781,0.314809366,0.221946071,0.523496435,0.467335125,0.370256406,0.126106585,0.354098076,0.11942359,0.043074925,0.030578871,0.202139125,0.176224549,0.515532747,0.077840826,0.154068709,0.092007028,0.226178432,0.039814699,0.10749154,0.05126367,0.191248401,0.170787238,0.432891619,0.557048659,0.032443301,0.329330701,1,0.39547995,0.057743827,0.328113262,0.577673193,0.507078136,0.440445711,0.409002342,0.588698398,0.076439863,0.217064355,0.467062215,0.169760209,0.249165384,0.210940764,0.201529,0.529474483,0.253057256,0.100670725,0.29613926,0.374259122,0.530819137,0.578029358,0.199332509,0.19535075,0.05179616,0.001872488,0.014604489,0.002287695,0.004317655,0.014962645,0.046055642,0.006571011,0.031174934,0.015670161,0.017052327,0.001983183,0.025856915,0.019182236,0.003311278,0.009948725,0.01279607,0.002978845,0.004052752,0.010437689,0.010227584,0.005564291,0.00751323,0.014250982,0.007044746,0.106645428,0.018278478,0.01408604,0.001885464,0.200870699,0.005682588,0.012763164,0.002478373,0.004905316,0.005137284,0.015873255,0.024666539,0.003402709,0.004787538,0.018957449,0.002140508,0.000233693,0.03388052,0.00356607,0.000397441,0.009646633,0.00188475,0.002227784,0.001023578,0.00095653,0.000434882,0.000826581,0.002060448,0.006984356,0.00721016,0.000581431,0.010942427,0.020188671,0.085106544,0.008106351,0.113143714,0.002453728,0.003707997,0.008638077,0.000489254,0.002118014,0.003635628,0.001865613,0.000701419,0.017851857,0.007466838,0.005658728,0.020637134,0.001884585,0.013572181,0.002292855,0.002255042,0.002797443
Dorea_longicatena_DSM_13814,0.074921856,0.001476184,0.239274495,0.277646924,0.417822201,0.044714156,0.338722823,0.264000748,0.104080977,0.115143797,0.175704181,0.146700469,0.221970983,0.162857883,0.099384005,0.204264309,0.271997357,0.127018271,0.144646233,0.339083561,0.260080771,0.271528607,0.261569597,0.245571308,0.216355252,0.413973969,0.434473791,0.339662763,0.306390448,0.326477925,0.063995146,0.253704903,0.084573736,0.019472788,0.014012019,0.294905477,0.146951091,0.44820552,0.030635581,0.080286216,0.038698169,0.125155709,0.017616996,0.048883856,0.021219791,0.233007289,0.082035383,0.462226759,0.348992538,0.01292416,0.225693176,0.39547995,1,0.026706863,0.289760209,0.434263798,0.27990867,0.355612652,0.294799086,0.441355321,0.035729881,0.090450261,0.285362461,0.136150399,0.369917607,0.23433319,0.08689268,0.357897684,0.466631446,0.05319037,0.410679585,0.179265195,0.460563881,0.474421539,0.102926596,0.088540873,0.021895173,0.000858022,0.007377872,0.00104828,0.00197846,0.006148612,0.022565052,0.003011005,0.012154549,0.007180468,0.007813812,0.000908745,0.011026828,0.00878979,0.001517312,0.00455876,0.005863486,0.001364983,0.001857074,0.004782816,0.00468654,0.0025497,0.003442754,0.004616362,0.003228082,0.045399567,0.008375665,0.006454583,0.000863968,0.1102664,0.002603907,0.005848408,0.001135654,0.002247741,0.002354035,0.00727353,0.010636463,0.001559208,0.002193772,0.00825589,0.000980835,0.000107084,0.014255222,0.001634064,0.000182118,0.004420333,0.00086364,0.001020827,0.00046903,0.000438306,0.000199274,0.00037876,0.00094415,0.00320041,0.012531672,0.000266426,0.005014099,0.005425881,0.047591102,0.003714537,0.082815183,0.001124361,0.010849849,0.003958187,0.000224189,0.000970528,0.001665938,0.000854872,0.000321408,0.011465283,0.003421496,0.002592974,0.009456462,0.000863565,0.010039591,0.001050645,0.001033318,0.00128186
Enterococcus_faecalis_TX0104,0.139549578,0.055273592,0.102241951,0.029841458,0.018660061,0.481859699,0.021620718,0.039598629,0.107148917,0.097494371,0.126155027,0.165616334,0.053968948,0.103957797,0.154770325,0.072842033,0.07511388,0.112770856,0.073491735,0.063323352,0.076796271,0.088118195,0.086246945,0.093163001,0.051748771,0.027960534,0.013119807,0.058099068,0.070275439,0.036022907,0.155709482,0.067396016,0.118899548,0.598051845,0.506442741,0.032674146,0.074578248,0.040598317,0.374661938,0.17059569,0.183294824,0.153889418,0.563845066,0.306112352,0.576637716,0.054337826,0.249965934,0.030519665,0.058678086,0.382366082,0.075289446,0.057743827,0.026706863,1,0.050495016,0.040500572,0.086087196,0.060333798,0.071698035,0.051370454,0.345714782,0.237235977,0.072132339,0.133619874,0.01983304,0.029620002,0.26600477,0.060436704,0.024285312,0.230772291,0.029942508,0.13765727,0.041726395,0.040748198,0.180833241,0.293955354,0.272497694,0.031720093,0.185039994,0.039251343,0.074080577,0.205469191,0.207702529,0.101512577,0.137530862,0.248980168,0.237695293,0.034026643,0.330846755,0.325359382,0.041990943,0.078273297,0.219549774,0.051109807,0.06186918,0.178080525,0.175480744,0.06886188,0.128908949,0.110779429,0.113207329,0.218129668,0.194998775,0.234555235,0.032350025,0.058913491,0.097499533,0.10489856,0.042522923,0.084038168,0.088004431,0.183756405,0.259758357,0.058382304,0.074677705,0.157470973,0.036002739,0.004009609,0.066893156,0.043943469,0.006819134,0.07234319,0.024216457,0.034853297,0.017562139,0.016411751,0.007461528,0.014182139,0.01623633,0.070931315,0.050825557,0.009975951,0.13148511,0.033592677,0.238193238,0.072812387,0.063397511,0.04036507,0.021934814,0.148208619,0.008394416,0.014676002,0.062378633,0.032009435,0.012034668,0.190512527,0.12675494,0.083528071,0.287324702,0.032334937,0.136652378,0.039339872,0.0386911,0.037789055
Eubacterium_biforme_DSM_3989,0.085033169,0.004266133,0.240552471,0.142052303,0.159652996,0.056694443,0.180716538,0.137628838,0.12698999,0.105831317,0.208192637,0.171653808,0.166988343,0.136304505,0.105194623,0.130608676,0.187350725,0.183416076,0.111639876,0.290650177,0.209118255,0.259261228,0.23921454,0.247447826,0.20495586,0.214619793,0.150513139,0.292990032,0.230696856,0.200535358,0.162006627,0.212923085,0.08413701,0.039287532,0.031717207,0.206258726,0.202906487,0.306419872,0.048184577,0.106649607,0.048616715,0.116290649,0.033761668,0.06650527,0.040380403,0.184746287,0.086666274,0.196612948,0.294056828,0.02749337,0.196236859,0.328113262,0.289760209,0.050495016,1,0.251861934,0.289656188,0.274478526,0.27818658,0.322805189,0.035461871,0.106266431,0.236139816,0.111131137,0.179448052,0.227812225,0.104291596,0.311914195,0.197549982,0.055912492,0.229495635,0.174830294,0.246752624,0.313912334,0.093844278,0.11797316,0.043444165,0.002437821,0.013678141,0.003029502,0.005677895,0.014309156,0.045921296,0.006991165,0.024780334,0.016294523,0.018930882,0.002626249,0.024710179,0.024011144,0.003690403,0.004767284,0.016781019,0.003863921,0.005247063,0.013796226,0.013408383,0.007368566,0.009949467,0.008609391,0.009176881,0.063184844,0.019584397,0.017670355,0.002496844,0.145070237,0.007444499,0.009708576,0.002794702,0.006192904,0.006622543,0.016628982,0.024873233,0.00450607,0.004540624,0.017744217,0.002728615,0.00030947,0.026892907,0.002109204,0.000526315,0.005395132,0.001100188,0.002950164,0.001341267,0.001110889,0.000575897,0.001094608,0.000493448,0.004107262,0.006095963,0.000769965,0.012044063,0.008957399,0.102015988,0.00798191,0.144118426,0.00299497,0.001502689,0.010882493,0.000647899,0.0028048,0.004225215,0.002470556,0.000928861,0.014884646,0.008492394,0.005815934,0.020073131,0.00237938,0.011246511,0.002812567,0.002620553,0.003076533
Eubacterium_hallii_DSM_3353,0.109929456,0.002248349,0.370679429,0.272377776,0.337849924,0.072700845,0.323726694,0.330548109,0.113802631,0.094769047,0.293621428,0.234841597,0.232248074,0.167089701,0.16036636,0.193251383,0.377896007,0.127854537,0.140648257,0.42540195,0.430332842,0.36647456,0.42443773,0.334640212,0.233931904,0.376807773,0.323617367,0.453859114,0.40721384,0.434483247,0.078874123,0.378409867,0.101094258,0.030062626,0.021341445,0.216783228,0.124911593,0.547124028,0.070084056,0.129404276,0.099070453,0.184265191,0.027787266,0.087427898,0.035988745,0.196098745,0.145911709,0.610604985,0.485260755,0.024197077,0.289585522,0.577673193,0.434263798,0.040500572,0.251861934,1,0.388928635,0.4162673,0.346582844,0.551210908,0.054567857,0.164461122,0.410711439,0.163000403,0.316787601,0.176031725,0.151933273,0.458386382,0.283189886,0.085893119,0.351245351,0.281715782,0.56554949,0.571422474,0.155633228,0.137716075,0.036824162,0.001306837,0.0112371,0.001596616,0.003013355,0.010442651,0.034368411,0.004586005,0.02919228,0.010936437,0.011901071,0.001384092,0.020716719,0.013387565,0.00231099,0.006943362,0.008930566,0.00207898,0.002828475,0.007284617,0.007137982,0.003883401,0.005243594,0.015011777,0.004916632,0.066236172,0.01275682,0.009830856,0.001315893,0.184944614,0.003965962,0.008907601,0.001729693,0.003423492,0.003585386,0.011078179,0.017215141,0.002374801,0.003341294,0.013230683,0.001493892,0.000163098,0.023486316,0.002488813,0.00027738,0.006732527,0.001315395,0.001554803,0.00071437,0.000667576,0.000303511,0.000576883,0.001438017,0.004874485,0.013005179,0.000405789,0.007636881,0.007777812,0.062368536,0.005657542,0.078889951,0.001712493,0.010527438,0.006028641,0.000341457,0.001478193,0.002537359,0.001302039,0.000489531,0.017599875,0.005211217,0.00394931,0.01440296,0.001315279,0.015291114,0.001600217,0.001573827,0.001952376
Eubacterium_rectale_M104_1,0.177120664,0.004825045,0.632677171,0.176840334,0.169294931,0.145576332,0.173399283,0.190018531,0.14959907,0.139393109,0.517801891,0.465067537,0.174302945,0.241095729,0.283172575,0.171869717,0.436433315,0.16065033,0.172352544,0.483931456,0.487220656,0.58602169,0.592745551,0.544521718,0.220503483,0.231638015,0.145784684,0.530792396,0.501625368,0.284898875,0.135325013,0.350246576,0.151133223,0.064515574,0.045799578,0.172073139,0.186026076,0.413323275,0.105916642,0.221214477,0.111911366,0.274869296,0.059346766,0.159581615,0.075337414,0.202260308,0.241201947,0.290668068,0.479433161,0.048437644,0.356582328,0.507078136,0.27990867,0.086087196,0.289656188,0.388928635,1,0.476743924,0.341462927,0.555824187,0.094222148,0.28851269,0.513050911,0.189014571,0.189053621,0.162346857,0.291306212,0.524934246,0.195952886,0.138237805,0.217487578,0.429386461,0.382457166,0.391213777,0.243553607,0.288691316,0.066953892,0.002804523,0.022213556,0.003426401,0.006466779,0.021843845,0.069945902,0.009841747,0.046984278,0.023470022,0.025540164,0.002970317,0.037630892,0.02873024,0.004959474,0.014900728,0.019165344,0.004461572,0.006070019,0.015633074,0.015318389,0.008333931,0.011252958,0.026803338,0.010551285,0.13594682,0.027376635,0.021097401,0.002823958,0.243563989,0.008511109,0.01911606,0.00371199,0.007346948,0.007694379,0.023774206,0.036758929,0.005096416,0.006771755,0.028393565,0.00320595,0.000350014,0.041414219,0.005341091,0.000595268,0.014448267,0.002822888,0.003336668,0.001533067,0.001432645,0.000651345,0.001238013,0.003086041,0.010460836,0.011036996,0.000870839,0.016389047,0.019410056,0.134233578,0.012141307,0.125870234,0.003675077,0.005840851,0.012937701,0.000732781,0.00317226,0.005445271,0.002794227,0.001050552,0.026996667,0.011183475,0.008475373,0.030909318,0.002822641,0.02059711,0.003434129,0.003377495,0.004189876
Eubacterium_siraeum_70_3,0.153496997,0.003335957,0.426309936,0.219935967,0.248473332,0.101556224,0.209228077,0.254072,0.121433032,0.118553352,0.36252303,0.306777728,0.224661023,0.157069568,0.185264524,0.188555318,0.360289662,0.154888829,0.159307993,0.435859757,0.378144096,0.444323601,0.460187459,0.406470573,0.232445797,0.286228397,0.211933369,0.490918756,0.429434002,0.342341326,0.089105703,0.315407607,0.103990652,0.044369093,0.0316399,0.206272667,0.150187356,0.392450757,0.075627134,0.175790658,0.087066787,0.198200958,0.040510415,0.139426215,0.051620526,0.210441586,0.164739939,0.338236039,0.421436318,0.03295856,0.392295535,0.440445711,0.355612652,0.060333798,0.274478526,0.4162673,0.476743924,1,0.313275728,0.508028815,0.067225201,0.193521508,0.421767543,0.167196813,0.215361585,0.142359855,0.204754857,0.492061157,0.251199366,0.131868673,0.263781026,0.326063958,0.397308468,0.434805011,0.189495526,0.195160467,0.04157456,0.001939002,0.016626633,0.002368958,0.004471025,0.014698406,0.047738251,0.006804423,0.02048001,0.01622679,0.017658053,0.002053628,0.025660638,0.019863619,0.0034289,0.01030212,0.013250607,0.003084658,0.004196712,0.010775974,0.010590885,0.004388164,0.007780112,0.018154713,0.00692444,0.097942657,0.018244217,0.014281629,0.001952439,0.174211583,0.005884442,0.013216532,0.002566409,0.00507956,0.005319768,0.016437098,0.020344465,0.003523579,0.004957599,0.017641632,0.002216542,0.000241994,0.024569745,0.003692743,0.000411559,0.009989296,0.001951699,0.002306918,0.001059937,0.000990507,0.00045033,0.000855942,0.002133638,0.007232452,0.020715618,0.000602084,0.01133112,0.018258906,0.104463493,0.008394302,0.111663906,0.002540888,0.017045237,0.008944915,0.000506633,0.002193249,0.003764771,0.001931883,0.000726335,0.026113578,0.007732072,0.005859735,0.021303264,0.001951528,0.022687984,0.002374301,0.002335145,0.002896812
Eubacterium_ventriosum_ATCC_27560,0.101181375,0.003963008,0.367460535,0.1528557,0.172939369,0.113905727,0.216046549,0.238830562,0.129455958,0.06771048,0.298582081,0.28318578,0.174410198,0.208108594,0.198845046,0.125951661,0.320767311,0.14006047,0.089668241,0.32399279,0.350703576,0.329335548,0.331177214,0.390956246,0.178525809,0.261994364,0.166169608,0.334461385,0.386403331,0.238937601,0.116718109,0.320909764,0.099226254,0.052641409,0.037617081,0.159113421,0.101158898,0.374818189,0.081404544,0.119120082,0.091213059,0.201195216,0.047331231,0.121466233,0.060463489,0.173469941,0.198339716,0.323554374,0.376943455,0.03459659,0.271386279,0.409002342,0.294799086,0.071698035,0.27818658,0.346582844,0.341462927,0.313275728,1,0.385485147,0.074022088,0.195306424,0.318062837,0.203300042,0.161835057,0.146429319,0.19923328,0.393344597,0.186802134,0.106122103,0.264302118,0.314553869,0.414046658,0.438092794,0.162994428,0.200588749,0.061262506,0.00230347,0.016091411,0.002814244,0.005311432,0.016631547,0.044407737,0.007507595,0.031217182,0.019254891,0.02097719,0.002439643,0.029681726,0.02359733,0.004073421,0.0074967,0.015741287,0.003664473,0.004985557,0.012840088,0.012581625,0.005597389,0.009242518,0.012353565,0.008612788,0.115484454,0.022485559,0.017328165,0.002319433,0.123237984,0.006990525,0.010383422,0.00304881,0.006034352,0.006319711,0.017160199,0.023999199,0.004185897,0.005889466,0.023241842,0.002633179,0.000287481,0.021352029,0.004386858,0.000488918,0.00642472,0.002318554,0.002740543,0.001259171,0.00117669,0.000534977,0.001016831,0.001830613,0.006998044,0.007019266,0.000715256,0.012294534,0.047186288,0.08721144,0.009014939,0.060117048,0.003018492,0.002737959,0.010626267,0.000601863,0.002605508,0.004472425,0.002295014,0.000862862,0.02006192,0.009185449,0.006584557,0.024145508,0.002318351,0.014813986,0.002820592,0.002774076,0.003441318
Faecalibacterium_prausnitzii_SL3_3,0.139105272,0.00283943,0.486597212,0.228862583,0.267111445,0.09181357,0.26622183,0.255002969,0.140263108,0.117021968,0.374228497,0.300009308,0.213493115,0.204130924,0.220346319,0.169477994,0.466740966,0.156641696,0.169078689,0.543658484,0.508241351,0.531640424,0.534735831,0.482930521,0.266878546,0.347261962,0.244471018,0.634459036,0.522679249,0.374334394,0.098988972,0.373022775,0.120578685,0.037965956,0.026952015,0.226418219,0.181745585,0.599518485,0.077436479,0.156407109,0.095480741,0.218534713,0.035092413,0.103990661,0.045450024,0.237344584,0.178940378,0.431661886,0.552415339,0.030558379,0.390346225,0.588698398,0.441355321,0.051370454,0.322805189,0.551210908,0.555824187,0.508028815,0.385485147,1,0.057905083,0.187765486,0.542629544,0.158592954,0.280241276,0.235782022,0.189610265,0.649544489,0.267348233,0.107376065,0.334560881,0.349153135,0.5039527,0.541708684,0.18872586,0.174755974,0.050274393,0.001650398,0.014191283,0.002016359,0.003805553,0.013187977,0.043403711,0.005791645,0.02943268,0.013811577,0.015029809,0.001747964,0.026163051,0.016907096,0.002918538,0.008768741,0.011278372,0.002625534,0.003572069,0.00919971,0.009014525,0.00490433,0.006622111,0.016908607,0.006209193,0.091401261,0.01611053,0.012415343,0.001661835,0.209393292,0.005008595,0.011249369,0.002184422,0.004323513,0.004527968,0.013990582,0.021740925,0.002999125,0.004219705,0.01670897,0.001886629,0.000205975,0.026691232,0.003143111,0.000350302,0.008502478,0.001661206,0.001963554,0.000902175,0.000843079,0.000383302,0.000728543,0.001816065,0.006155966,0.016219327,0.000512469,0.009644583,0.013572671,0.085551644,0.007144885,0.108570095,0.0021627,0.013095872,0.007613544,0.000431225,0.001866803,0.003204419,0.001644339,0.000618226,0.022226804,0.006581222,0.004987565,0.018189434,0.00166106,0.01931108,0.002020907,0.001987579,0.002465647
Gordonibacter_pamelaeae_7_10_1_bT_DSM_19378,0.118607974,0.040017859,0.112709409,0.033391932,0.024418044,0.370912946,0.024075064,0.054380107,0.077651147,0.082164068,0.125305821,0.168398256,0.047958771,0.093388141,0.174723377,0.097733323,0.075858386,0.09818627,0.064645806,0.063613669,0.08163716,0.090154806,0.092701912,0.100197085,0.047391426,0.038091105,0.018799023,0.064771093,0.096316858,0.050592479,0.143204039,0.096701393,0.217551819,0.372701804,0.329337877,0.028479888,0.054034158,0.051655586,0.301195745,0.131145193,0.158430039,0.147421719,0.365354901,0.244635055,0.375935905,0.068462176,0.219499273,0.040942153,0.077021423,0.273390378,0.080373935,0.076439863,0.035729881,0.345714782,0.035461871,0.054567857,0.094222148,0.067225201,0.074022088,0.057905083,1,0.199134419,0.072375881,0.108551631,0.018888563,0.029327972,0.223381643,0.070050211,0.031651699,0.177110126,0.029552731,0.15546993,0.055808409,0.054663737,0.246454475,0.250770469,0.236603495,0.023172916,0.148984694,0.029259278,0.055222167,0.165517887,0.156192963,0.075510513,0.106999438,0.188608456,0.164918452,0.02536461,0.250670065,0.225388524,0.029117983,0.054841872,0.157319182,0.038098978,0.048961024,0.128473528,0.130764131,0.048980136,0.095840965,0.096549276,0.076475444,0.233355365,0.161604737,0.172499436,0.024114803,0.050482579,0.072679448,0.079514142,0.028228609,0.055012585,0.062156435,0.109542525,0.192016214,0.043520144,0.046280077,0.130750542,0.026366362,0.002988898,0.048340248,0.039934402,0.005083213,0.058078909,0.022433255,0.022995991,0.012940389,0.012233874,0.005562075,0.010571846,0.016445528,0.054101158,0.040140951,0.007436412,0.079904174,0.03885612,0.117629981,0.031090759,0.044232617,0.029625016,0.020982632,0.102906198,0.006257481,0.008075374,0.031318761,0.023860915,0.008971048,0.151476132,0.094243416,0.059880041,0.212185788,0.024103555,0.128517389,0.029325271,0.028841654,0.029147356
Holdemania_filiformis_VPI_J1_31B_1_DSM_12042,0.249202852,0.013611853,0.370592566,0.10373889,0.062474751,0.413255321,0.071078732,0.114947396,0.113506038,0.106175782,0.352466381,0.443209091,0.109517975,0.215816966,0.317605694,0.16112795,0.248991408,0.164346435,0.102541526,0.239313365,0.266753084,0.266320184,0.289296787,0.288725144,0.117529258,0.0980348,0.053387888,0.198035687,0.224550668,0.117247255,0.116173709,0.217064176,0.111529092,0.179206925,0.127942871,0.06615288,0.101366722,0.153693994,0.385236287,0.242626616,0.3079527,0.310538286,0.166196304,0.34646221,0.214239747,0.108060434,0.488549879,0.123931074,0.223882703,0.143732427,0.154976117,0.217064355,0.090450261,0.237235977,0.106266431,0.164461122,0.28851269,0.193521508,0.195306424,0.187765486,0.199134419,1,0.268253801,0.221722099,0.061799153,0.056544683,0.549768999,0.220563127,0.069340483,0.323551491,0.097901762,0.401454379,0.157028461,0.146352006,0.309200709,0.478429903,0.219401451,0.007911793,0.054028584,0.009666162,0.018243321,0.063124676,0.098520382,0.027764389,0.077022015,0.066210887,0.070752772,0.008379511,0.125422234,0.080801486,0.01393539,0.027617122,0.054067034,0.012586466,0.01712403,0.044102205,0.043214453,0.023510714,0.031745533,0.071534336,0.029766055,0.244767721,0.07049542,0.059117537,0.007966621,0.102437121,0.024010549,0.041580323,0.010471832,0.020726354,0.021706485,0.067069016,0.090045434,0.014377414,0.020228711,0.070863598,0.009044253,0.000987419,0.069784755,0.0111004,0.001679302,0.040759766,0.007500549,0.009413019,0.004324909,0.004041611,0.0018375,0.003492539,0.005549289,0.022655455,0.022006943,0.00245671,0.042081311,0.032475916,0.185851722,0.031230433,0.083514662,0.010367699,0.008180836,0.036498331,0.002067236,0.008363208,0.015361563,0.007882747,0.002963696,0.064411422,0.031549515,0.023909735,0.080396917,0.007962906,0.048727966,0.009687964,0.009528195,0.011819991
Parabacteroides_distasonis_ATCC_8503,0.147788266,0.004278829,0.52441788,0.180302832,0.200385596,0.123625379,0.203113345,0.227936198,0.137763447,0.137405578,0.419018252,0.377240436,0.199150758,0.224679601,0.232824363,0.173364566,0.476622951,0.178884535,0.17797959,0.591380857,0.506992757,0.525951571,0.553490631,0.471563209,0.226063902,0.276332806,0.175544004,0.53567507,0.480660625,0.297253779,0.103309252,0.366432996,0.121418451,0.055851555,0.040162012,0.133709045,0.139651303,0.409129911,0.108224441,0.165638439,0.139306543,0.243381017,0.051279751,0.163345214,0.061774379,0.185279991,0.231334801,0.326424526,0.444874441,0.045690578,0.299700359,0.467062215,0.285362461,0.072132339,0.236139816,0.410711439,0.513050911,0.421767543,0.318062837,0.542629544,0.072375881,0.268253801,1,0.222036202,0.214722957,0.144655459,0.235624351,0.512137041,0.199700739,0.169139055,0.24336655,0.387485053,0.383801848,0.386859968,0.197997998,0.227797791,0.069515772,0.002487039,0.020466455,0.003038517,0.005734711,0.019873391,0.057932017,0.008727619,0.04846893,0.02051196,0.022303657,0.002634064,0.039380889,0.025428351,0.00439804,0.013213901,0.016995745,0.003956503,0.005382867,0.013863342,0.013584281,0.007390494,0.009979075,0.028568886,0.009356834,0.117805359,0.023814035,0.018105289,0.002504274,0.17490512,0.007547615,0.016952039,0.003291776,0.006515242,0.006823342,0.020113571,0.032762106,0.00451948,0.00635881,0.023968785,0.002843023,0.000310391,0.04408677,0.004736456,0.000527881,0.012353882,0.002503325,0.002958943,0.001359517,0.001270463,0.00057761,0.001097865,0.002736688,0.009276624,0.013153356,0.000772256,0.014533736,0.017981436,0.116353037,0.010766859,0.080640975,0.003259042,0.00851547,0.011473097,0.000649827,0.002813147,0.004774466,0.002477908,0.000931625,0.025772435,0.009851409,0.007515924,0.027169472,0.002503106,0.020699593,0.003045371,0.002995148,0.003715564
Parabacteroides_johnsonii_DSM_18315,0.129531697,0.009197339,0.215936217,0.115510476,0.080386084,0.195286548,0.099137492,0.161665423,0.09093063,0.155936067,0.23265336,0.249562353,0.085640686,0.159495205,0.154829489,0.130150243,0.185285421,0.112193908,0.097744753,0.193924096,0.190176516,0.181963177,0.237412482,0.204147815,0.115945901,0.154873168,0.073633595,0.149059466,0.168680849,0.13921335,0.094972756,0.180161162,0.10591722,0.108383989,0.080586148,0.074357389,0.070976262,0.133880036,0.13264386,0.107607477,0.14195121,0.19628007,0.09597384,0.172203768,0.114239121,0.084575689,0.218960661,0.164323967,0.19516796,0.077985069,0.136120792,0.169760209,0.136150399,0.133619874,0.111131137,0.163000403,0.189014571,0.167196813,0.203300042,0.158592954,0.108551631,0.221722099,0.222036202,1,0.083448409,0.044856361,0.233760472,0.167203255,0.112219543,0.139928288,0.11666674,0.216640567,0.158991498,0.153342097,0.180658392,0.253984093,0.070636755,0.005345889,0.03317734,0.006531291,0.012326758,0.034968258,0.102280052,0.018760011,0.066025492,0.042247052,0.043904759,0.005661919,0.06290742,0.0539411,0.009453585,0.01679238,0.036532342,0.0085045,0.011570469,0.029799246,0.029199404,0.014077446,0.021450015,0.026320864,0.020112509,0.13764947,0.041985528,0.039910492,0.005382935,0.06915335,0.016223594,0.02128226,0.00684921,0.013323381,0.014666769,0.039518013,0.061767957,0.009714619,0.013668259,0.044649652,0.006111076,0.000667185,0.019172912,0.007098688,0.001134681,0.01317416,0.004961618,0.006360246,0.002922281,0.00273086,0.001241573,0.00235986,0.003646566,0.014237797,0.015183519,0.001659965,0.023445454,0.013528998,0.13661956,0.011248864,0.037799616,0.00700531,0.005580521,0.024661414,0.001396803,0.006046857,0.00914483,0.005326262,0.002002528,0.038304794,0.020484403,0.014472159,0.051426379,0.005380424,0.028696758,0.006463336,0.006090389,0.006832847
Parabacteroides_merdae_ATCC_43184,0.044566355,0.00129344,0.145344574,0.201422358,0.491611503,0.030276301,0.410732675,0.257619188,0.095846087,0.09369304,0.129334324,0.104223554,0.188672942,0.135455347,0.053708021,0.135317007,0.191649954,0.114189751,0.108392951,0.241508302,0.199550065,0.194813912,0.196493243,0.154716822,0.22723438,0.38032204,0.504003989,0.277210508,0.210231158,0.288761277,0.055714376,0.173002758,0.046615404,0.015628982,0.011420398,0.271217942,0.118711713,0.342364741,0.023654418,0.054302511,0.035688146,0.099225814,0.013777283,0.040321173,0.016526418,0.183966467,0.052269504,0.350763073,0.221808238,0.011657771,0.150742325,0.249165384,0.369917607,0.01983304,0.179448052,0.316787601,0.189053621,0.215361585,0.161835057,0.280241276,0.018888563,0.061799153,0.214722957,0.083448409,1,0.199003323,0.060328494,0.234838183,0.35824137,0.042641922,0.30794018,0.114081654,0.312648952,0.30682454,0.073887981,0.059467405,0.011877062,0.000751803,0.006198891,0.000918509,0.001733537,0.005055491,0.01959315,0.002638258,0.014986977,0.006151664,0.006730713,0.000796247,0.009244672,0.007442869,0.001257775,0.003994409,0.005103798,0.001175404,0.001627178,0.004181537,0.004081853,0.002234061,0.003016559,0.005904669,0.002828463,0.024806051,0.006162775,0.005632718,0.000757013,0.116657101,0.002267615,0.003709108,0.000995066,0.001965987,0.002062617,0.005585477,0.009690837,0.001366186,0.001829056,0.006682625,0.000859413,9.38E-05,0.014810066,0.000970525,0.000159572,0.003873119,0.000756726,0.000894454,0.000410966,0.000384046,0.000174605,0.000331872,0.000827269,0.002664407,0.010980317,0.000233444,0.004257492,0.002840245,0.033331321,0.002117996,0.067869855,0.000985171,0.009506695,0.003468185,0.000196435,0.000850382,0.001404834,0.000749043,0.00028162,0.009232724,0.002997933,0.002238158,0.007965886,0.00075666,0.008453059,0.00092058,0.000905399,0.000923401
Prevotella_copri_CB7_DSM_18205,0.036960167,0.002970108,0.136956667,0.085853028,0.156716674,0.038965825,0.166833601,0.064222424,0.15807003,0.130368663,0.106568517,0.095140837,0.062024225,0.133496043,0.078477407,0.047594423,0.139995468,0.136781121,0.124634831,0.163342989,0.1238037,0.182138188,0.12423019,0.126110169,0.209648042,0.140685296,0.165131357,0.209426517,0.138667453,0.180886928,0.044934824,0.068355113,0.029793744,0.025369964,0.020264967,0.28752803,0.237174686,0.243979071,0.030593556,0.06476582,0.034107552,0.061397704,0.021047659,0.042079373,0.026123451,0.174652906,0.055473634,0.144767447,0.185578474,0.017794334,0.157791998,0.210940764,0.23433319,0.029620002,0.227812225,0.176031725,0.162346857,0.142359855,0.146429319,0.235782022,0.029327972,0.056544683,0.144655459,0.044856361,0.199003323,1,0.055574234,0.194923456,0.197664257,0.033993302,0.178268738,0.113569457,0.153409069,0.237631874,0.052828059,0.067632262,0.017976869,0.001617436,0.0097373,0.00223533,0.004063207,0.008953181,0.025801847,0.005175576,0.009323508,0.009552967,0.011766558,0.001998121,0.01567308,0.014893716,0.002325518,0.00372385,0.011128313,0.002650498,0.00307388,0.009528558,0.008858812,0.005579914,0.007069268,0.005966909,0.006714565,0.022088992,0.010326343,0.011626333,0.001848147,0.126030976,0.005262968,0.004997957,0.002306722,0.004358289,0.004665191,0.007026655,0.016830289,0.002985524,0.003232601,0.010221022,0.001822796,0.000235453,0.010562783,0.00147415,0.000400435,0.003730501,0.000790153,0.002240714,0.000873632,0.000798002,0.000438158,0.000832807,0.000328502,0.00269749,0.004604708,0.00058581,0.00979391,0.006795545,0.043303062,0.003082322,0.163266366,0.002028297,0.001105061,0.007887696,0.000492939,0.002133968,0.003240309,0.001817125,0.000706703,0.011734102,0.00593492,0.00493526,0.013124215,0.001742275,0.008742261,0.002092709,0.001742857,0.002187979
Pseudoflavonifractor_capillosus_ATCC_29799,0.260953966,0.014703039,0.351474351,0.085481826,0.062798104,0.453463822,0.069110757,0.108743571,0.137561331,0.116216149,0.398819799,0.508717234,0.118933871,0.183372213,0.356576178,0.151397044,0.248301039,0.1859629,0.112250431,0.214766381,0.281023354,0.292683286,0.308243882,0.294334889,0.129231955,0.089013754,0.049128891,0.208829827,0.233236675,0.109781049,0.138136892,0.214664243,0.139202344,0.196594043,0.139562026,0.070567432,0.097847065,0.142276675,0.337486366,0.275197896,0.262832407,0.349108288,0.181714362,0.423618933,0.235347798,0.109302086,0.581905559,0.112594793,0.206670979,0.158236379,0.175319721,0.201529,0.08689268,0.26600477,0.104291596,0.151933273,0.291306212,0.204754857,0.19923328,0.189610265,0.223381643,0.549768999,0.235624351,0.233760472,0.060328494,0.055574234,1,0.223236817,0.070586979,0.304801832,0.092468311,0.419303678,0.148258214,0.140480273,0.367731216,0.657895006,0.221397511,0.008546038,0.067915805,0.010441044,0.019705787,0.068289543,0.112385909,0.029990105,0.081665033,0.071518645,0.077826854,0.009051249,0.135476637,0.087547761,0.014087092,0.038503566,0.058401287,0.013595453,0.018496768,0.047637633,0.046678715,0.021893304,0.034290395,0.098169264,0.032152234,0.26013019,0.068694914,0.064288716,0.008605261,0.130339131,0.025935341,0.049325743,0.0113113,0.02238787,0.023446573,0.068283428,0.096545087,0.015529971,0.021850335,0.072547188,0.009769281,0.001066575,0.042588952,0.016275552,0.001813922,0.04402725,0.008602001,0.010167609,0.004671613,0.004365604,0.001984802,0.003772517,0.009403888,0.031202907,0.031775134,0.002653651,0.041672565,0.020979017,0.211876602,0.036997403,0.078269971,0.011198819,0.017237625,0.0394242,0.002232955,0.008241617,0.016593014,0.008514662,0.003201279,0.08102891,0.034078664,0.025826445,0.09418792,0.008601247,0.061180885,0.010464594,0.010292017,0.012767534
Roseburia_intestinalis_M50_1,0.137105723,0.003340554,0.48029296,0.178846574,0.227620214,0.108017531,0.230123629,0.222670357,0.126104101,0.099282415,0.416541566,0.348862354,0.21735677,0.217695713,0.244511326,0.177078736,0.456052161,0.143747191,0.149807695,0.500697645,0.48807189,0.5058874,0.509376908,0.506587513,0.276408336,0.312387815,0.213386767,0.559399572,0.517370728,0.281056515,0.104783533,0.332874308,0.126259397,0.044666477,0.031708713,0.172911161,0.146584361,0.569544639,0.089361306,0.18024076,0.09254054,0.229100671,0.04128579,0.128202971,0.053471392,0.214764342,0.202671099,0.381786382,0.484859336,0.035951556,0.352864865,0.529474483,0.357897684,0.060436704,0.311914195,0.458386382,0.524934246,0.492061157,0.393344597,0.649544489,0.070050211,0.220563127,0.512137041,0.167203255,0.234838183,0.194923456,0.223236817,1,0.218509568,0.12601187,0.309775782,0.379307276,0.463399735,0.523067792,0.213238065,0.205598244,0.059147202,0.001941673,0.016695869,0.002372222,0.004477186,0.015515492,0.045604466,0.006813799,0.03012153,0.016249149,0.017682384,0.002056458,0.030780506,0.01989099,0.003433624,0.010316315,0.013268865,0.003088908,0.004202495,0.010823345,0.010605478,0.005769883,0.007790832,0.022304212,0.007305038,0.102889081,0.01895384,0.014606498,0.001955129,0.148182987,0.00589255,0.013234744,0.002569945,0.00508656,0.005327098,0.016459747,0.025389713,0.003528434,0.004964431,0.019657897,0.002219596,0.000242328,0.038377297,0.003697831,0.000412126,0.010003061,0.001954388,0.002310097,0.001061398,0.000991872,0.00045095,0.000857122,0.002136578,0.007242417,0.019395473,0.000602914,0.011346733,0.024286355,0.088882141,0.008405868,0.093650384,0.002544389,0.015724794,0.00895724,0.000507331,0.002196271,0.003769959,0.001934545,0.000727336,0.02614956,0.007742726,0.005867809,0.021399644,0.001954217,0.022719246,0.002377572,0.002338363,0.002900804
Ruminococcus_bromii_L2_63,0.060173921,0.001383724,0.159166533,0.236664965,0.437322647,0.039878316,0.276796008,0.276694955,0.093058978,0.101984594,0.112274508,0.099451953,0.195452206,0.091429664,0.065834703,0.142908775,0.185102137,0.111452254,0.107662716,0.230634307,0.169450215,0.171776113,0.173950359,0.149358738,0.157048556,0.361962794,0.398764367,0.23057373,0.207895505,0.292843731,0.058325934,0.181522342,0.067920212,0.017932191,0.0130217,0.337692295,0.130504277,0.313932339,0.026512337,0.065361622,0.042706128,0.118545035,0.016396246,0.064887257,0.020085275,0.19485631,0.072118365,0.345481502,0.271783689,0.013790008,0.144412186,0.253057256,0.466631446,0.024285312,0.197549982,0.283189886,0.195952886,0.251199366,0.186802134,0.267348233,0.031651699,0.069340483,0.199700739,0.112219543,0.35824137,0.197664257,0.070586979,0.218509568,1,0.071088561,0.295668082,0.123039619,0.32030457,0.290993091,0.072674425,0.072012526,0.020138892,0.00080428,0.006881338,0.000982622,0.00185454,0.006373448,0.019386351,0.002822413,0.016218365,0.006688015,0.007016614,0.000851826,0.010489791,0.008201,0.001422276,0.002896975,0.00549623,0.001279488,0.001740758,0.004454476,0.004393002,0.001806292,0.003227119,0.007794913,0.002857456,0.033998829,0.007156918,0.005909526,0.000809854,0.087461116,0.002440813,0.005482097,0.001064523,0.002106955,0.002206591,0.006691258,0.008945688,0.001461548,0.002056367,0.006772854,0.000919401,0.000100377,0.015896647,0.001531716,0.000170711,0.001912054,0.000809547,0.000956888,0.000439652,0.000410853,0.000186793,0.000355037,0.000885014,0.002723539,0.011746759,0.000249739,0.004700045,0.002795622,0.039550986,0.003248959,0.065803669,0.00101638,0.010170276,0.003710269,0.000210147,0.00090974,0.001561593,0.000801327,0.000301277,0.010639245,0.003207193,0.002430564,0.00876157,0.000809476,0.009410768,0.000984838,0.000968597,0.001201571
Ruminococcus_gnavus_ATCC_29149,0.201898935,0.014975791,0.187381033,0.059561702,0.055810115,0.313220274,0.068078573,0.078181785,0.08918838,0.138083186,0.173490423,0.197027581,0.117516454,0.163700317,0.21845648,0.104825452,0.136208525,0.113736348,0.071939284,0.12501434,0.168960168,0.136022127,0.144769717,0.160222558,0.069437144,0.058666639,0.039216538,0.113782634,0.12616854,0.089003962,0.097288405,0.115590922,0.079996831,0.200241007,0.141798167,0.050968505,0.058892182,0.082148937,0.309013015,0.186487782,0.222552387,0.181240961,0.182778573,0.545642181,0.225617699,0.089822419,0.310835721,0.070462084,0.117060997,0.161171781,0.112302638,0.100670725,0.05319037,0.230772291,0.055912492,0.085893119,0.138237805,0.131868673,0.106122103,0.107376065,0.177110126,0.323551491,0.169139055,0.139928288,0.042641922,0.033993302,0.304801832,0.12601187,0.071088561,1,0.050285941,0.177960814,0.086501958,0.071276003,0.182470926,0.254853241,0.186036002,0.008704573,0.053603985,0.010634733,0.020071344,0.069556364,0.082124124,0.026576187,0.063999433,0.072308607,0.068152445,0.009219157,0.132045952,0.089171836,0.015393029,0.022224475,0.059484674,0.013847658,0.018839897,0.048521346,0.047544639,0.023629481,0.034926507,0.099990376,0.032748682,0.223505583,0.071685187,0.065481319,0.008764895,0.066517411,0.026416461,0.033901381,0.011521133,0.02214058,0.023651064,0.060491314,0.092919333,0.015818064,0.022255675,0.074157064,0.009950508,0.001086361,0.02783064,0.01167902,0.001847572,0.021586062,0.005122525,0.009997853,0.004758275,0.004446589,0.002021622,0.0038425,0.002990024,0.01929708,0.017188415,0.002702878,0.038641054,0.044632775,0.10151475,0.018488398,0.041011475,0.011406566,0.006077646,0.040155548,0.002274378,0.004564723,0.01678617,0.008672616,0.003260665,0.064518874,0.033127594,0.026305545,0.085653446,0.008760807,0.046650353,0.01065872,0.010482942,0.012251448
Ruminococcus_lactaris_ATCC_29176,0.051060515,0.001682897,0.205858851,0.230364986,0.297670138,0.051318885,0.365162515,0.357322699,0.075431269,0.063344014,0.175012023,0.137966878,0.122304855,0.141548484,0.125259339,0.166129237,0.256614148,0.134593443,0.100630231,0.2517924,0.248491039,0.234854267,0.237621126,0.224243672,0.242187211,0.361837681,0.335105375,0.275173331,0.247343044,0.252794087,0.05541095,0.210885801,0.043052208,0.022336706,0.015974151,0.225935463,0.062454244,0.409259346,0.039803729,0.075448452,0.052425155,0.112660434,0.020228253,0.050973732,0.025950839,0.171129493,0.091268957,0.42251689,0.264736452,0.014693055,0.202226605,0.29613926,0.410679585,0.029942508,0.229495635,0.351245351,0.217487578,0.263781026,0.264302118,0.334560881,0.029552731,0.097901762,0.24336655,0.11666674,0.30794018,0.178268738,0.092468311,0.309775782,0.295668082,0.050285941,1,0.15997064,0.389219612,0.366401122,0.094263382,0.089225573,0.026291349,0.000978172,0.008338293,0.001195073,0.002255508,0.007153084,0.021874507,0.003432642,0.017952344,0.008185963,0.008829782,0.001035998,0.012640986,0.010020642,0.001729784,0.005197132,0.006684562,0.001556124,0.002117124,0.005452563,0.005342806,0.00290674,0.00392485,0.00496099,0.003680117,0.046233002,0.008595623,0.007358432,0.000984951,0.105532895,0.002968537,0.006515331,0.001294682,0.002562497,0.002683675,0.006601947,0.012885597,0.001777547,0.002500971,0.009358651,0.001118184,0.000122079,0.016316264,0.001862886,0.00020762,0.002808895,0.000984578,0.001163776,0.000534709,0.000499683,0.000227179,0.000431799,0.001076361,0.00364857,0.014286508,0.000303735,0.004680946,0.004194488,0.041027656,0.004234691,0.036520272,0.001281807,0.012369175,0.00451246,0.000255582,0.001106433,0.001899222,0.000974581,0.000366416,0.012826295,0.003900615,0.002816905,0.010780669,0.000984491,0.011271475,0.001197769,0.001178016,0.001461361
Ruminococcus_obeum_A2_162,0.178905893,0.007655511,0.551036624,0.164150199,0.113169343,0.234796288,0.134055617,0.167744786,0.131508718,0.107693571,0.505885075,0.535298979,0.175538584,0.204827144,0.3275754,0.179508286,0.377610119,0.173593863,0.119203419,0.365086958,0.426162958,0.464953308,0.473745111,0.455403186,0.180433693,0.162180431,0.097376329,0.381411248,0.410844993,0.205152526,0.128499082,0.321654834,0.164288528,0.102361681,0.072666513,0.104170486,0.131415939,0.260975047,0.16680308,0.24202352,0.164634522,0.322333945,0.094614197,0.233282267,0.116970459,0.146701461,0.342967053,0.207159788,0.37353959,0.078262312,0.271555544,0.374259122,0.179265195,0.13765727,0.174830294,0.281715782,0.429386461,0.326063958,0.314553869,0.349153135,0.15546993,0.401454379,0.387485053,0.216640567,0.114081654,0.113569457,0.419303678,0.379307276,0.123039619,0.177960814,0.15997064,1,0.281218301,0.268719505,0.353003433,0.454364986,0.099405542,0.004449712,0.038261742,0.005436395,0.010260318,0.035556685,0.084370528,0.01561511,0.055445326,0.037237999,0.040522528,0.004712763,0.06100451,0.045583965,0.007868799,0.018357277,0.030408113,0.007078818,0.009630812,0.024803743,0.024304458,0.013222779,0.017854165,0.035299718,0.016740877,0.195977808,0.042348487,0.033473553,0.004480548,0.18704713,0.013503894,0.028958621,0.005889516,0.011656813,0.012208053,0.03698025,0.056074062,0.008086074,0.011376932,0.045049789,0.005086624,0.000555339,0.040039104,0.00847428,0.000944465,0.02287726,0.00447885,0.005294024,0.002432394,0.002273063,0.001033438,0.001964257,0.004896373,0.016597369,0.032998076,0.001381691,0.026003184,0.021097125,0.160461901,0.019263637,0.113663335,0.00583095,0.024769007,0.020527211,0.001162645,0.005033171,0.008639574,0.004433375,0.001666827,0.05923425,0.017743922,0.013447194,0.049041332,0.004478458,0.04891426,0.005448656,0.0053588,0.006647741
Ruminococcus_sp_SR1_5,0.109536817,0.002306368,0.371984174,0.256555182,0.298300209,0.073824057,0.294100316,0.323093783,0.116361832,0.086383193,0.273659065,0.229410892,0.237668975,0.214309584,0.166415449,0.198717393,0.348673421,0.089401692,0.115570945,0.414991,0.375854055,0.354838002,0.383501759,0.361966367,0.217867882,0.371911198,0.306438281,0.416185425,0.425368348,0.354024131,0.095956926,0.374895655,0.106513602,0.030838397,0.021892165,0.192653707,0.128731996,0.55495501,0.059820286,0.106216652,0.086307763,0.217496602,0.028504321,0.079804636,0.03691744,0.156933825,0.14706792,0.551097494,0.468938206,0.02240283,0.26989189,0.530819137,0.460563881,0.041726395,0.246752624,0.56554949,0.382457166,0.397308468,0.414046658,0.5039527,0.055808409,0.157028461,0.383801848,0.158991498,0.312648952,0.153409069,0.148258214,0.463399735,0.32030457,0.086501958,0.389219612,0.281218301,1,0.586774084,0.157142781,0.140125207,0.039829758,0.00134056,0.011527075,0.001637817,0.003091115,0.010712125,0.03457819,0.004704348,0.031555806,0.011218653,0.01220818,0.001419809,0.021180483,0.013733034,0.002370625,0.007122537,0.009161021,0.002132628,0.002901465,0.007472598,0.007322179,0.003983613,0.005378906,0.01033098,0.005043507,0.072887966,0.013086011,0.010084542,0.00134985,0.158112333,0.004068304,0.009137463,0.001774328,0.003511836,0.003677908,0.011364053,0.017659381,0.002436083,0.003427516,0.013572103,0.001532442,0.000167307,0.023091029,0.002553037,0.000284538,0.006906261,0.001349338,0.001594925,0.000732805,0.000684803,0.000311343,0.00059177,0.001475125,0.005000272,0.014413551,0.00041626,0.007157393,0.010459267,0.063413982,0.005803536,0.075887086,0.001756684,0.011869662,0.006184211,0.000350269,0.001516338,0.002602835,0.001335638,0.000502163,0.018054043,0.005345693,0.003883106,0.014774631,0.00134922,0.015685704,0.001641511,0.00161444,0.002002758
Ruminococcus_torques_L2_14,0.08816759,0.002252299,0.35911539,0.21866104,0.318429326,0.071421981,0.305803993,0.281602956,0.134560056,0.080006709,0.273925965,0.222873468,0.253777199,0.205719766,0.157529297,0.162146689,0.359393248,0.116399412,0.146041463,0.406556012,0.359897,0.376127745,0.36880292,0.365874814,0.225173846,0.410064531,0.319136771,0.472436354,0.416417551,0.354143669,0.096545074,0.329928474,0.099781687,0.030115448,0.021378944,0.215233356,0.125357269,0.590559091,0.052328419,0.103013977,0.073805957,0.182975774,0.02783609,0.077213352,0.03519584,0.196835029,0.138216455,0.529568655,0.469225887,0.022571028,0.309211244,0.578029358,0.474421539,0.040748198,0.313912334,0.571422474,0.391213777,0.434805011,0.438092794,0.541708684,0.054663737,0.146352006,0.386859968,0.153342097,0.30682454,0.237631874,0.140480273,0.523067792,0.290993091,0.071276003,0.366401122,0.268719505,0.586774084,1,0.139531936,0.138619438,0.03697284,0.001309133,0.010043004,0.001599421,0.00301865,0.010461,0.034428798,0.004594063,0.030816039,0.010955653,0.011921982,0.001386524,0.018791989,0.013411088,0.00231505,0.006955562,0.008946258,0.002082633,0.002833445,0.007297417,0.007150524,0.003890225,0.005252807,0.009860677,0.004925271,0.073159507,0.012779234,0.009848129,0.001318205,0.170666942,0.00397293,0.008923252,0.001732732,0.003429508,0.003591686,0.010540835,0.01724539,0.002378974,0.003347165,0.01325393,0.001496517,0.000163384,0.025082504,0.002493186,0.000277867,0.006744357,0.001317706,0.001557535,0.000715626,0.000668749,0.000304044,0.000577897,0.001440544,0.004859776,0.004901767,0.000406502,0.0076503,0.021819661,0.063135421,0.005667483,0.088123065,0.001715502,0.002439064,0.006039234,0.000342057,0.00148079,0.002541817,0.001304327,0.000490391,0.012336184,0.005220373,0.003956249,0.014428268,0.00131759,0.009341025,0.001603029,0.001576593,0.001955807
Streptococcus_thermophilus_LMD_9,0.185686829,0.013467175,0.290976951,0.086917214,0.062353628,0.292410006,0.062427691,0.116812826,0.10875768,0.096445217,0.285083843,0.330213469,0.089917761,0.144677108,0.223671066,0.189290396,0.20416384,0.145031509,0.081036269,0.179389228,0.231842656,0.26260822,0.249504076,0.255194775,0.117719564,0.101209192,0.056242752,0.192257354,0.244653875,0.119421927,0.141339125,0.217607201,0.215320257,0.164693046,0.121097935,0.055912884,0.096029609,0.153920984,0.228771384,0.174488068,0.167116883,0.259304941,0.147418076,0.256579641,0.185072947,0.092323803,0.302615909,0.114455546,0.200200212,0.128928096,0.160545258,0.199332509,0.102926596,0.180833241,0.093844278,0.155633228,0.243553607,0.189495526,0.162994428,0.18872586,0.246454475,0.309200709,0.197997998,0.180658392,0.073887981,0.052828059,0.367731216,0.213238065,0.072674425,0.182470926,0.094263382,0.353003433,0.157142781,0.139531936,1,0.355897439,0.143962763,0.0078277,0.063606511,0.009563422,0.01782781,0.058629171,0.088992277,0.026952062,0.070105437,0.060280268,0.063613018,0.008290446,0.118579858,0.077307324,0.013842381,0.025656288,0.052138213,0.012452686,0.016141229,0.043131068,0.042149843,0.021269906,0.031077177,0.061465025,0.028167098,0.163091142,0.071761003,0.055094351,0.007881946,0.135599536,0.023073896,0.033111082,0.010360529,0.020506057,0.02147577,0.04150813,0.070928918,0.014118152,0.016353218,0.073282982,0.008948123,0.000976924,0.029660454,0.01490751,0.001661453,0.040326538,0.007878959,0.00931297,0.00427894,0.003998653,0.001817969,0.003455418,0.008613444,0.028780153,0.112411511,0.002430598,0.042950733,0.027148948,0.133874168,0.018510551,0.067571944,0.010257502,0.098982772,0.034940524,0.002045264,0.006940721,0.012314322,0.007798962,0.002932195,0.105419855,0.031214181,0.023655602,0.084100623,0.007878269,0.091590822,0.009584992,0.009426921,0.011694358
Subdoligranulum_variabile_DSM_15176,0.215719275,0.016247968,0.346350971,0.082588828,0.060812615,0.454130669,0.067619872,0.096511788,0.156864747,0.128240858,0.393225563,0.517148555,0.12281898,0.194981498,0.320801367,0.148265287,0.233485493,0.210652488,0.109527519,0.210013339,0.253299288,0.293759609,0.283831435,0.291466776,0.128924189,0.088923272,0.045704287,0.1953615,0.229062118,0.103771856,0.166965746,0.201889076,0.156673993,0.21725126,0.154226575,0.080083911,0.111533306,0.135683045,0.306106783,0.278838827,0.21742703,0.344171968,0.200808089,0.400678343,0.246078946,0.123876793,0.545162844,0.102703986,0.194634541,0.152676293,0.18083363,0.19535075,0.088540873,0.293955354,0.11797316,0.137716075,0.288691316,0.195160467,0.200588749,0.174755974,0.250770469,0.478429903,0.227797791,0.253984093,0.059467405,0.067632262,0.657895006,0.205598244,0.072012526,0.254853241,0.089225573,0.454364986,0.140125207,0.138619438,0.355897439,1,0.183962647,0.009444017,0.071078338,0.011538142,0.021776382,0.074772603,0.143087505,0.033141331,0.084374094,0.079033502,0.086004549,0.010002314,0.126134727,0.096746885,0.01670065,0.036944097,0.064537831,0.015024002,0.020440325,0.052643181,0.051583504,0.025852491,0.037893476,0.060920848,0.035530646,0.278795676,0.075215363,0.071043885,0.009509463,0.122873943,0.02866051,0.055290328,0.012499841,0.024740287,0.025910233,0.073408303,0.104295164,0.017161791,0.024146269,0.089607835,0.010795793,0.001178646,0.055307237,0.017985714,0.002004521,0.032750067,0.00950586,0.011235975,0.005162485,0.004824322,0.002193356,0.004168916,0.010392007,0.034240006,0.031803823,0.002932484,0.051361429,0.027211534,0.231946249,0.040884923,0.095950823,0.012375541,0.015472837,0.043566717,0.002467584,0.010682344,0.018336533,0.009409345,0.003537655,0.085383082,0.037659496,0.028540172,0.104084762,0.009505028,0.064205142,0.011564166,0.011373456,0.014109088
Clostridium_symbiosum_WAL_14163,0.125120445,0.049375057,0.09623845,0.02830688,0.013204239,0.341973165,0.01645167,0.032491027,0.055260017,0.048412274,0.092047821,0.115565538,0.029203514,0.066958781,0.157655157,0.052271957,0.060540622,0.060806549,0.03721878,0.061788114,0.063330933,0.065884249,0.069519998,0.069724938,0.03084195,0.025501474,0.012607649,0.045127804,0.053920473,0.023182503,0.074865055,0.068548888,0.06763343,0.320527196,0.30744395,0.017936607,0.043049989,0.038471438,0.367614149,0.104466995,0.204823479,0.130942809,0.32757566,0.197333991,0.358603521,0.029535087,0.20530457,0.029868485,0.0550279,0.321961232,0.039861157,0.05179616,0.021895173,0.272497694,0.043444165,0.036824162,0.066953892,0.04157456,0.061262506,0.050274393,0.236603495,0.219401451,0.069515772,0.070636755,0.011877062,0.017976869,0.221397511,0.059147202,0.020138892,0.186036002,0.026291349,0.099405542,0.039829758,0.03697284,0.143962763,0.183962647,1,0.031009518,0.18317723,0.040107084,0.07569565,0.249742718,0.123422305,0.089960119,0.120623747,0.179386496,0.160637203,0.034768478,0.404886234,0.272107437,0.045573223,0.04673746,0.212872344,0.047437228,0.053166577,0.17697787,0.1793065,0.069602874,0.131719367,0.194597709,0.103519442,0.222066972,0.182381944,0.206272607,0.03145783,0.041231416,0.099625176,0.073657866,0.034888483,0.066553753,0.083965908,0.106885244,0.243204559,0.058895521,0.0787279,0.131138063,0.034492456,0.004097025,0.069339041,0.038850521,0.006967801,0.067987361,0.033042782,0.030030196,0.01770538,0.016769553,0.007624201,0.014491332,0.033784707,0.076476005,0.056997592,0.010193443,0.098167746,0.038530628,0.105233102,0.059163702,0.048038653,0.037327883,0.034959587,0.142741405,0.008577427,0.010790434,0.046040751,0.032008709,0.012297042,0.160018212,0.119659118,0.070330886,0.230113143,0.03303989,0.137982986,0.040197544,0.039534627,0.039646306
Actinobacillus_pleuropneumoniae_sv_7_AP76,0.008467101,0.173569157,0.003284767,0.000947057,0.000599499,0.017975539,0.000785181,0.001566009,0.005445787,0.004721271,0.004179604,0.005435622,0.002177726,0.00373455,0.006628465,0.002844447,0.002529632,0.003861215,0.004114352,0.002096814,0.002549428,0.002927135,0.002770889,0.003161998,0.002013845,0.000912238,0.000451847,0.001942139,0.002306677,0.001411408,0.011571316,0.002599755,0.009673838,0.043470482,0.060114989,0.001069425,0.005162704,0.001304318,0.018462219,0.008554391,0.00883764,0.005204662,0.044094342,0.010552757,0.036312376,0.001887093,0.008290377,0.000980517,0.002001781,0.053938257,0.002614058,0.001872488,0.000858022,0.031720093,0.002437821,0.001306837,0.002804523,0.001939002,0.00230347,0.001650398,0.023172916,0.007911793,0.002487039,0.005345889,0.000751803,0.001617436,0.008546038,0.001941673,0.00080428,0.008704573,0.000978172,0.004449712,0.00134056,0.001309133,0.0078277,0.009444017,0.031009518,1,0.103198809,0.278774078,0.213780553,0.107498205,0.033611379,0.179053316,0.036141566,0.103571635,0.0940906,0.292257198,0.05900127,0.092262671,0.315944485,0.05487683,0.120084207,0.244980078,0.192679329,0.158308824,0.141585339,0.210027422,0.187833189,0.053606632,0.208425865,0.016678644,0.075660841,0.105142549,0.263648305,0.003944798,0.17055029,0.069794646,0.185881931,0.172157847,0.175769125,0.065350369,0.068037448,0.271895041,0.253459824,0.098547731,0.827690347,0.115374668,0.024208439,0.101798129,0.117333533,0.069725594,0.09431025,0.162748114,0.316163516,0.129428313,0.181423151,0.183652825,0.049793222,0.102517873,0.037235625,0.173844091,0.094642461,0.017276999,0.010150981,0.023787654,0.006143933,0.7259703,0.02495131,0.166378524,0.14064593,0.097973283,0.115996797,0.249810376,0.262115493,0.073773653,0.198189955,0.18355937,0.090733904,0.320681799,0.075738015,0.306886688,0.213575234,0.172997051
Actinomyces_odontolyticus_ATCC_17982,0.052285988,0.166429993,0.028244727,0.006749961,0.004198445,0.125516932,0.005156991,0.013731335,0.040264068,0.028037791,0.033266889,0.044606682,0.012857188,0.024439425,0.055260652,0.02445855,0.021078849,0.025515847,0.022377965,0.017549813,0.021685406,0.025169563,0.022920194,0.026932134,0.012446385,0.00784406,0.003833115,0.016699871,0.019834427,0.008937713,0.063397515,0.022651508,0.054818116,0.221930474,0.29668793,0.007034777,0.02881063,0.011215439,0.106858364,0.062226729,0.057078635,0.042110126,0.234657834,0.071243643,0.198150016,0.012867623,0.059107056,0.008431173,0.01718268,0.227692446,0.021830925,0.014604489,0.007377872,0.185039994,0.013678141,0.0112371,0.022213556,0.016626633,0.016091411,0.014191283,0.148984694,0.054028584,0.020466455,0.03317734,0.006198891,0.0097373,0.067915805,0.016695869,0.006881338,0.053603985,0.008338293,0.038261742,0.011527075,0.010043004,0.063606511,0.071078338,0.18317723,0.103198809,1,0.140712819,0.247229563,0.353630373,0.136518017,0.273622387,0.142792787,0.374301347,0.373905847,0.122853193,0.271035441,0.353304115,0.114104089,0.11107962,0.400074876,0.140445336,0.146772757,0.405735878,0.402186859,0.204825363,0.364830502,0.156416976,0.254017398,0.087143795,0.323700333,0.425112062,0.102599233,0.022102541,0.308092042,0.132863953,0.11561608,0.188120999,0.205793699,0.185311249,0.283753099,0.197834654,0.189919566,0.225506442,0.112976464,0.014514221,0.050176929,0.060155951,0.024684307,0.12578262,0.116959948,0.072918801,0.058891936,0.057611539,0.027009685,0.051337353,0.127970476,0.242325808,0.177679938,0.036111545,0.192933698,0.047446434,0.052738039,0.025698558,0.034558065,0.118740677,0.152270208,0.354423175,0.027271268,0.030520695,0.069121456,0.092428804,0.043563809,0.428526816,0.381531264,0.228495655,0.458369022,0.117047936,0.444287123,0.142172293,0.106293548,0.088556621
Anaerococcus_hydrogenalis_DSM_7454,0.009330801,0.321541216,0.004013134,0.001526833,0.000732432,0.021961452,0.000959288,0.001976605,0.006653341,0.005966587,0.005106393,0.006640922,0.002660617,0.004562653,0.008098268,0.003475177,0.003090555,0.004717404,0.005139201,0.002561763,0.003114741,0.003576201,0.003385308,0.003863142,0.002460398,0.001114518,0.00055204,0.00237279,0.002818162,0.001829509,0.015050039,0.003386457,0.012155793,0.053109668,0.074812933,0.001306561,0.006317645,0.001593538,0.022781446,0.01045125,0.010901586,0.006358749,0.057458554,0.012892735,0.044364317,0.002305538,0.010128693,0.001197938,0.002445658,0.065983843,0.003193702,0.002287695,0.00104828,0.039251343,0.003029502,0.001596616,0.003426401,0.002368958,0.002814244,0.002016359,0.029259278,0.009666162,0.003038517,0.006531291,0.000918509,0.00223533,0.010441044,0.002372222,0.000982622,0.010634733,0.001195073,0.005436395,0.001637817,0.001599421,0.009563422,0.011538142,0.040107084,0.278774078,0.140712819,1,0.467440515,0.151672895,0.04529676,0.302200406,0.048527143,0.135802482,0.125316607,0.580556119,0.077068967,0.119261125,0.231190308,0.115828455,0.178781067,0.284026,0.185227884,0.219176391,0.22073009,0.326203994,0.291013265,0.097285012,0.27803268,0.021450301,0.124694562,0.162408663,0.316091276,0.006593549,0.345737374,0.083718356,0.213724223,0.209941043,0.242546799,0.074738597,0.092744874,0.631058989,0.410160938,0.09096012,0.286525651,0.102152142,0.027945836,0.123317917,0.13284971,0.129206904,0.133608947,0.198870699,0.262663214,0.169297138,0.190096121,0.234680915,0.058362256,0.123474017,0.057727183,0.206257798,0.157872079,0.033016617,0.01443758,0.031451718,0.01019428,0.270704794,0.036374854,0.25107954,0.128258006,0.101613967,0.174737716,0.28872591,0.293746668,0.079871613,0.266867441,0.256483374,0.106742453,0.418639691,0.093125512,0.413200029,0.278586341,0.250021683
Anaerofustis_stercorihominis_DSM_17244,0.01686171,0.326900929,0.007574143,0.002882331,0.001382348,0.041448697,0.0018105,0.003730523,0.012433471,0.01126097,0.009637493,0.012533669,0.005021485,0.008611272,0.015284173,0.006558836,0.005832924,0.00890334,0.009556285,0.004834914,0.005878571,0.006749503,0.006389223,0.007291057,0.004643603,0.002103473,0.001041886,0.004478259,0.005318826,0.003254884,0.026913281,0.005788184,0.02287363,0.100235931,0.141197341,0.002465923,0.011783578,0.003007547,0.042996303,0.018788853,0.020574985,0.012001112,0.10844375,0.024332958,0.083730492,0.004351332,0.019116273,0.002260914,0.004568167,0.124533859,0.006027597,0.004317655,0.00197846,0.074080577,0.005677895,0.003013355,0.006466779,0.004471025,0.005311432,0.003805553,0.055222167,0.018243321,0.005734711,0.012326758,0.001733537,0.004063207,0.019705787,0.004477186,0.00185454,0.020071344,0.002255508,0.010260318,0.003091115,0.00301865,0.01782781,0.021776382,0.07569565,0.213780553,0.247229563,0.467440515,1,0.279995016,0.077464009,0.436089841,0.083516431,0.217111901,0.216467936,0.429986256,0.145361302,0.21490522,0.213283458,0.134310484,0.332265235,0.254775511,0.201171572,0.382780996,0.400377485,0.356788072,0.481950949,0.159150385,0.352072814,0.039940258,0.219815787,0.291025038,0.244496364,0.011983517,0.532554388,0.097239093,0.164534879,0.289249762,0.348987863,0.113278472,0.174396099,0.525574107,0.343058121,0.122971428,0.223513217,0.054124966,0.036027717,0.138732497,0.091648302,0.175311061,0.117695779,0.172588122,0.178919558,0.140980657,0.100721786,0.159996835,0.044773921,0.137290425,0.065413567,0.12564919,0.212597442,0.049561633,0.026289876,0.039488833,0.018309073,0.225884333,0.038102145,0.430549259,0.077167661,0.074017947,0.140224203,0.239733798,0.16062451,0.135227768,0.383184721,0.312823438,0.183102384,0.303010282,0.151534502,0.336247172,0.248660892,0.206044081
Anaerostipes_caccae_DSM_14662,0.056387812,0.179798802,0.02624786,0.007944908,0.004790467,0.143638649,0.005435959,0.012612015,0.034783179,0.029694929,0.03339831,0.041415597,0.014459343,0.026121872,0.045802642,0.022729361,0.020213743,0.028490181,0.024095701,0.016755185,0.020371932,0.019694379,0.022141575,0.025266841,0.014256061,0.007289495,0.003550804,0.014304833,0.018432158,0.008286606,0.058424051,0.01980172,0.051988648,0.3066416,0.36477235,0.007897484,0.029405474,0.010422522,0.147618462,0.059173344,0.07130171,0.041589331,0.35650774,0.084324801,0.287653516,0.014093009,0.06624661,0.0078351,0.015818525,0.376813755,0.017228828,0.014962645,0.006148612,0.205469191,0.014309156,0.010442651,0.021843845,0.014698406,0.016631547,0.013187977,0.165517887,0.063124676,0.019873391,0.034968258,0.005055491,0.008953181,0.068289543,0.015515492,0.006373448,0.069556364,0.007153084,0.035556685,0.010712125,0.010461,0.058629171,0.074772603,0.249742718,0.107498205,0.353630373,0.151672895,0.279995016,1,0.147997092,0.291140095,0.159428973,0.393473386,0.311955021,0.132542247,0.423763594,0.424495514,0.125034745,0.114930966,0.499837221,0.173663044,0.155182146,0.460705124,0.556151605,0.206714773,0.481958409,0.288662167,0.272845823,0.101045474,0.362790572,0.473018757,0.116976763,0.024081704,0.344636178,0.119515525,0.120112666,0.19106775,0.237266668,0.19395478,0.378547046,0.212492539,0.205846239,0.202478951,0.118266904,0.015618424,0.050390808,0.103715348,0.026562223,0.134347719,0.062938818,0.087860155,0.062721037,0.063927854,0.029064509,0.055242961,0.032830299,0.146240945,0.069273438,0.038542463,0.220065174,0.049540845,0.056534715,0.060421664,0.033221475,0.128034697,0.035819311,0.41733176,0.028221867,0.031603672,0.096315428,0.114081922,0.046878027,0.210450525,0.329358686,0.224878796,0.328901897,0.125128495,0.215908669,0.147905421,0.144583535,0.092601006
Bifidobacterium_angulatum_DSM_20098,0.058958928,0.05259932,0.070925624,0.026015318,0.015408256,0.16037037,0.017057152,0.024827889,0.056279299,0.041426982,0.097122394,0.112177861,0.040341295,0.05738066,0.094879634,0.038199964,0.055249429,0.049602217,0.033399541,0.051549747,0.05890123,0.076920221,0.065642133,0.065917721,0.049326171,0.022916898,0.011868211,0.05107617,0.048724888,0.040161151,0.12533173,0.062305491,0.102440999,0.225935532,0.221188391,0.021700566,0.043289174,0.033983365,0.133223928,0.070951819,0.066505593,0.072050082,0.229082042,0.107175871,0.207343328,0.036011553,0.103846622,0.02496623,0.052510435,0.186645364,0.066629916,0.046055642,0.022565052,0.207702529,0.045921296,0.034368411,0.069945902,0.047738251,0.044407737,0.043403711,0.156192963,0.098520382,0.057932017,0.102280052,0.01959315,0.025801847,0.112385909,0.045604466,0.019386351,0.082124124,0.021874507,0.084370528,0.03457819,0.034428798,0.088992277,0.143087505,0.123422305,0.033611379,0.136518017,0.04529676,0.077464009,0.147997092,1,0.099336652,0.147685759,0.21347296,0.202702223,0.040223472,0.192287379,0.198298685,0.039729227,0.052626064,0.16985302,0.048309283,0.048984027,0.149705932,0.14101876,0.069223587,0.118249107,0.078007245,0.101859976,0.151451913,0.158037505,0.178933196,0.034618668,0.070182771,0.096148506,0.053840682,0.034269786,0.072082043,0.075647305,0.085273996,0.202889302,0.064942147,0.058439456,0.126752125,0.037646773,0.004745572,0.028844436,0.027526436,0.008053493,0.047003155,0.013375877,0.023546641,0.020605265,0.013641604,0.008775343,0.01603826,0.005179443,0.045036916,0.031231478,0.010296011,0.084715751,0.029906583,0.078777406,0.033236016,0.041027338,0.040437052,0.014716073,0.120391753,0.007232938,0.008637835,0.032971585,0.034531468,0.014243629,0.122788548,0.115895094,0.077970465,0.17914965,0.033094596,0.11187461,0.040440154,0.031007281,0.025631186
Bifidobacterium_animalis_lactis_AD011,0.027470778,0.231983899,0.011527037,0.003368572,0.002103786,0.062358231,0.002755388,0.005677458,0.019110578,0.017009978,0.014667236,0.019074907,0.007642164,0.011906305,0.019000116,0.00991341,0.008877088,0.013046626,0.01474603,0.007358224,0.008946558,0.010272023,0.009723716,0.011096211,0.007067069,0.003201262,0.00158564,0.006815433,0.008094685,0.004583961,0.043221084,0.009547618,0.028530215,0.123618964,0.170148105,0.003752872,0.014572877,0.004577165,0.065435786,0.02914166,0.030202289,0.018264413,0.138733739,0.035750614,0.104156957,0.005952667,0.028732751,0.003440871,0.007024732,0.152333914,0.00917336,0.006571011,0.003011005,0.101512577,0.006991165,0.004586005,0.009841747,0.006804423,0.007507595,0.005791645,0.075510513,0.027764389,0.008727619,0.018760011,0.002638258,0.005175576,0.029990105,0.006813799,0.002822413,0.026576187,0.003432642,0.01561511,0.004704348,0.004594063,0.026952062,0.033141331,0.089960119,0.179053316,0.273622387,0.302200406,0.436089841,0.291140095,0.099336652,1,0.107659532,0.304616845,0.263625874,0.301807858,0.171792446,0.258862045,0.167279963,0.227951134,0.34583261,0.226416802,0.202817195,0.380009492,0.414598283,0.298932593,0.45142012,0.147882013,0.328981546,0.055233426,0.260657907,0.336368215,0.20371553,0.018979532,0.474596248,0.106451047,0.156687824,0.255710076,0.289569454,0.160080766,0.200600204,0.377207882,0.267661807,0.164370117,0.190277695,0.035564232,0.039925486,0.196247106,0.060484018,0.138985833,0.082511096,0.130868155,0.117188124,0.09427001,0.066181897,0.111812889,0.030433502,0.13707059,0.061179601,0.079777715,0.206065275,0.046946538,0.042854871,0.035882281,0.021656874,0.198157043,0.034469812,0.391821902,0.050004857,0.052752089,0.112001136,0.190840896,0.106744508,0.153154276,0.394597048,0.285664582,0.226021652,0.215362458,0.159323928,0.264462679,0.16720429,0.142027209
Bifidobacterium_bifidum_NCIMB_41171,0.073286574,0.053324047,0.058432227,0.012443584,0.012033177,0.11054538,0.008498785,0.029472733,0.031543407,0.024053202,0.061934116,0.06866849,0.018517765,0.040033667,0.090125581,0.023440956,0.051916432,0.028611607,0.019596054,0.040209492,0.041381892,0.03939296,0.046503307,0.038750121,0.023120971,0.021473413,0.01063615,0.030248215,0.036366906,0.034107147,0.079742838,0.04998263,0.076015234,0.148996125,0.155560287,0.009826428,0.035706121,0.030702692,0.105548075,0.066304789,0.143635762,0.105251278,0.143333135,0.073517887,0.145402789,0.019620798,0.119793833,0.023080658,0.047120469,0.139463176,0.02003829,0.031174934,0.012154549,0.137530862,0.024780334,0.02919228,0.046984278,0.02048001,0.031217182,0.02943268,0.106999438,0.077022015,0.04846893,0.066025492,0.014986977,0.009323508,0.081665033,0.03012153,0.016218365,0.063999433,0.017952344,0.055445326,0.031555806,0.030816039,0.070105437,0.084374094,0.120623747,0.036141566,0.142792787,0.048527143,0.083516431,0.159428973,0.147685759,0.107659532,1,0.197901987,0.177362265,0.044983029,0.14359396,0.161768889,0.036410523,0.052146617,0.149734984,0.049500777,0.050148863,0.138157431,0.142677444,0.06841562,0.121255378,0.07404141,0.088168881,0.104088996,0.140189227,0.158816627,0.035701299,0.023810215,0.10255674,0.044186481,0.033916142,0.066974976,0.072947852,0.090000625,0.176706119,0.069227847,0.057993583,0.160565551,0.04105078,0.005301925,0.027055376,0.026776082,0.009016973,0.047596532,0.016062419,0.024671443,0.022540767,0.016644415,0.009800456,0.018650363,0.007231274,0.046468432,0.033408804,0.012496154,0.085988509,0.03119725,0.068068997,0.020013241,0.03847759,0.046112857,0.016651258,0.115006099,0.007785009,0.009335057,0.033694462,0.03535886,0.015913499,0.098494553,0.116600001,0.074439147,0.138645384,0.037702752,0.094295535,0.045877779,0.033453196,0.027468911
Bifidobacterium_breve_DSM_20213,0.05403346,0.152936333,0.027489002,0.008454328,0.005016986,0.150430668,0.006570889,0.013430463,0.037857919,0.034232064,0.034977564,0.045488721,0.016638695,0.031253078,0.053830903,0.023804129,0.020875012,0.032313086,0.026468193,0.017547461,0.021335228,0.024344785,0.023188549,0.026461595,0.016186826,0.007634182,0.003709173,0.016253044,0.01930373,0.011295965,0.089864692,0.023620924,0.072315722,0.325279822,0.401129849,0.008949628,0.032374852,0.010915356,0.145639927,0.062335491,0.069022129,0.04281783,0.328809097,0.088312138,0.290804419,0.015792384,0.069379111,0.008205586,0.016677256,0.324435171,0.02144402,0.015670161,0.007180468,0.248980168,0.016294523,0.010936437,0.023470022,0.01622679,0.019254891,0.013811577,0.188608456,0.066210887,0.02051196,0.042247052,0.006151664,0.009552967,0.071518645,0.016249149,0.006688015,0.072308607,0.008185963,0.037237999,0.011218653,0.010955653,0.060280268,0.079033502,0.179386496,0.103571635,0.374301347,0.135802482,0.217111901,0.393473386,0.21347296,0.304616845,0.197901987,1,0.430343411,0.125510823,0.333104833,0.405733235,0.110396802,0.139150836,0.412169821,0.146543808,0.17480807,0.382413206,0.370324825,0.188591728,0.311108115,0.159366572,0.242159992,0.1169743,0.330864856,0.4221962,0.105237609,0.025034017,0.273509938,0.127536743,0.107227097,0.194987717,0.187362443,0.2266826,0.322050152,0.198146594,0.184371806,0.255084164,0.114774221,0.014913245,0.056502273,0.098566901,0.025254021,0.123698384,0.050267074,0.067141463,0.062591981,0.054688624,0.027458696,0.052078565,0.025464916,0.140301494,0.059904053,0.035000168,0.212019629,0.04019675,0.070162984,0.061286787,0.030056472,0.123991538,0.031928559,0.30485412,0.021955956,0.024686669,0.080572053,0.103369337,0.044761461,0.238270465,0.342217856,0.239053468,0.397153991,0.113786502,0.223742868,0.135436077,0.116105604,0.070659575
Bifidobacterium_dentium_ATCC_27678,0.052576767,0.143270534,0.029913634,0.007902627,0.005371698,0.149461955,0.006863966,0.01297766,0.03605462,0.034205588,0.037493477,0.049500994,0.017094898,0.032852294,0.049363297,0.02413131,0.021854616,0.034098408,0.026365381,0.019095212,0.022467271,0.026656766,0.025233865,0.027898464,0.016045451,0.008307545,0.00411487,0.01701701,0.020678486,0.0124688,0.086620488,0.024510187,0.070014359,0.268134281,0.328980055,0.00957988,0.034874818,0.01187813,0.13542018,0.062090338,0.065928308,0.046945014,0.28848834,0.093617988,0.240659203,0.016723608,0.074581621,0.008929349,0.01816341,0.249436758,0.022375249,0.017052327,0.007813812,0.237695293,0.018930882,0.011901071,0.025540164,0.017658053,0.02097719,0.015029809,0.164918452,0.070752772,0.022303657,0.043904759,0.006730713,0.011766558,0.077826854,0.017682384,0.007016614,0.068152445,0.008829782,0.040522528,0.01220818,0.011921982,0.063613018,0.086004549,0.160637203,0.0940906,0.373905847,0.125316607,0.216467936,0.311955021,0.202702223,0.263625874,0.177362265,0.430343411,1,0.11566807,0.283286784,0.355507049,0.109043895,0.104832869,0.363231904,0.138470829,0.128763568,0.359406876,0.349792747,0.173234746,0.311366072,0.132091015,0.235346615,0.096000574,0.318893394,0.385338979,0.09812516,0.030519492,0.258552331,0.147752097,0.112716925,0.190666083,0.187040017,0.168833648,0.269910163,0.167033824,0.14263559,0.258100711,0.10491064,0.013704461,0.052473669,0.062281372,0.022827274,0.101886658,0.098159405,0.084573736,0.050838309,0.054621333,0.025502792,0.048473199,0.07214394,0.175498927,0.089149809,0.034096852,0.196293501,0.042099296,0.090810428,0.071065485,0.039989811,0.112001519,0.05384852,0.290134554,0.022322772,0.025711516,0.079217938,0.097928453,0.041133348,0.241480356,0.342222989,0.238281783,0.366702872,0.109077293,0.240718255,0.132806311,0.082341875,0.068902645
Bifidobacterium_gallicum_DSM_20093,0.008891593,0.247498567,0.00347895,0.001329167,0.000634939,0.019038189,0.000831598,0.001713501,0.005767723,0.005172382,0.004426687,0.005756957,0.002306465,0.003955324,0.007020317,0.003012601,0.002679175,0.004089476,0.004478839,0.00222077,0.002700142,0.003100177,0.002934694,0.003348924,0.002132897,0.000966166,0.000478559,0.002056951,0.00244304,0.001620152,0.013203493,0.002992747,0.01053775,0.046040304,0.064854672,0.001132646,0.005476711,0.001381424,0.019749034,0.009060096,0.009450489,0.005512343,0.049810314,0.011176599,0.038459036,0.001998651,0.008780475,0.001038482,0.002120119,0.057200812,0.002768592,0.001983183,0.000908745,0.034026643,0.002626249,0.001384092,0.002970317,0.002053628,0.002439643,0.001747964,0.02536461,0.008379511,0.002634064,0.005661919,0.000796247,0.001998121,0.009051249,0.002056458,0.000851826,0.009219157,0.001035998,0.004712763,0.001419809,0.001386524,0.008290446,0.010002314,0.034768478,0.292257198,0.122853193,0.580556119,0.429986256,0.132542247,0.040223472,0.301807858,0.044983029,0.125510823,0.11566807,1,0.066810409,0.103386419,0.237371413,0.091076961,0.154983733,0.273241559,0.18800793,0.190002083,0.193905284,0.293954433,0.26339902,0.082877839,0.249863077,0.018493768,0.108498236,0.14079064,0.314668626,0.006009762,0.339585308,0.0769225,0.202276093,0.214701816,0.224984777,0.069792095,0.080399714,0.459630564,0.317015387,0.085622693,0.286463762,0.115115743,0.026101447,0.127969055,0.141896617,0.123305668,0.119974544,0.202796521,0.280218837,0.15334379,0.207193391,0.216988617,0.060619189,0.1295216,0.048937411,0.215313744,0.139431694,0.029483308,0.012586407,0.028089483,0.009279549,0.270769141,0.035662789,0.224856495,0.136898978,0.09868768,0.178723375,0.2952303,0.329859728,0.07352456,0.246136209,0.259404879,0.094470409,0.429850308,0.081897158,0.467648953,0.240356108,0.239808907
Blautia_hydrogenotrophica_DSM_10507,0.095139396,0.099065452,0.052071982,0.014127631,0.008365488,0.271739166,0.009836628,0.023658311,0.056146959,0.051586157,0.057884785,0.071575494,0.026048108,0.045897583,0.079818508,0.043058223,0.040101161,0.048613479,0.040407238,0.033239878,0.040414985,0.036130627,0.043925701,0.045662088,0.025107131,0.012824837,0.007149991,0.02528185,0.035046842,0.015800866,0.095304601,0.038783565,0.086028151,0.443721868,0.50723287,0.013763281,0.04947109,0.020676785,0.288938573,0.090703828,0.139604083,0.076543304,0.485360046,0.164728609,0.423691572,0.024279225,0.131301378,0.015543712,0.03079879,0.537483951,0.030370229,0.025856915,0.011026828,0.330846755,0.024710179,0.020716719,0.037630892,0.025660638,0.029681726,0.026163051,0.250670065,0.125422234,0.039380889,0.06290742,0.009244672,0.01567308,0.135476637,0.030780506,0.010489791,0.132045952,0.012640986,0.06100451,0.021180483,0.018791989,0.118579858,0.126134727,0.404886234,0.05900127,0.271035441,0.077068967,0.145361302,0.423763594,0.192287379,0.171792446,0.14359396,0.333104833,0.283286784,0.066810409,1,0.537133508,0.070996983,0.090331409,0.425473673,0.096936982,0.103959653,0.343527646,0.341719979,0.128041996,0.25310929,0.324821494,0.192527597,0.133572973,0.342484542,0.39991426,0.063056913,0.03841682,0.191437738,0.107486622,0.067481873,0.13735372,0.156897211,0.164208486,0.390385455,0.113113801,0.106029512,0.181263637,0.065610428,0.00787276,0.056070059,0.055919861,0.013389187,0.143128757,0.027447564,0.056534297,0.034066788,0.028546059,0.014650512,0.027846252,0.012271689,0.082802185,0.054904226,0.019587515,0.166111308,0.043055483,0.090681905,0.040849047,0.03999922,0.070878232,0.022612142,0.279753338,0.016482212,0.019585332,0.069187765,0.062849674,0.02362975,0.22041502,0.21339366,0.148446396,0.348107769,0.060764473,0.187222293,0.071570675,0.075968945,0.059570919
Butyrivibrio_fibrisolvens_16_4,0.054706261,0.144404971,0.033649975,0.010790472,0.006141418,0.18414594,0.008000228,0.015340342,0.052060603,0.047937297,0.04281691,0.05568388,0.022032658,0.038257674,0.066575879,0.028434244,0.025914187,0.039555256,0.039652528,0.021480286,0.026116986,0.02998631,0.028385682,0.032244177,0.02063034,0.009332402,0.004628835,0.019895758,0.023630179,0.012588989,0.091206463,0.023644275,0.078701296,0.445322551,0.62542361,0.010955464,0.049386725,0.01336176,0.190065937,0.070377837,0.089154061,0.053317867,0.449980621,0.108105095,0.371993117,0.019331851,0.084928704,0.010044663,0.019982666,0.439836229,0.026779069,0.019182236,0.00878979,0.325359382,0.024011144,0.013387565,0.02873024,0.019863619,0.02359733,0.016907096,0.225388524,0.080801486,0.025428351,0.0539411,0.007442869,0.014893716,0.087547761,0.01989099,0.008201,0.089171836,0.010020642,0.045583965,0.013733034,0.013411088,0.077307324,0.096746885,0.272107437,0.092262671,0.353304115,0.119261125,0.21490522,0.424495514,0.198298685,0.258862045,0.161768889,0.405733235,0.355507049,0.103386419,0.537133508,1,0.112782044,0.116743713,0.623065558,0.144395193,0.154776819,0.528195,0.522900692,0.197787794,0.391676441,0.181321297,0.305893093,0.133588759,0.419346932,0.585030501,0.095029605,0.035189771,0.288270596,0.130174402,0.098325731,0.194428423,0.234554035,0.180651106,0.497496105,0.175763927,0.154362556,0.251284484,0.102352268,0.012182779,0.05841632,0.066040155,0.020719229,0.126873049,0.039299879,0.087839617,0.051387344,0.041565666,0.022671077,0.043090955,0.016174668,0.112772587,0.068605613,0.030310892,0.218568143,0.048083586,0.090421187,0.055018292,0.042240552,0.110189696,0.027158299,0.409748241,0.02550556,0.032988378,0.109233633,0.095995767,0.036566087,0.269297011,0.318910287,0.198209633,0.473322368,0.091252258,0.239683201,0.107096897,0.101848294,0.09148869
Campylobacter_concisus_13826,0.015411815,0.191631032,0.005808729,0.001679782,0.001060144,0.027459018,0.001388501,0.002351099,0.008658167,0.008543132,0.007391145,0.009612268,0.003851056,0.00660412,0.010345015,0.005030075,0.004473361,0.006828111,0.006200109,0.003707972,0.004508369,0.0051763,0.004899996,0.005591627,0.003561252,0.001613187,0.000788986,0.003434447,0.004079091,0.002154724,0.017332999,0.003828221,0.014078037,0.063381127,0.074461636,0.001839878,0.006736652,0.002306535,0.027596051,0.015063185,0.013031764,0.00835537,0.067909343,0.018661328,0.057661615,0.003088574,0.014660571,0.001733931,0.003539918,0.076625405,0.004167651,0.003311278,0.001517312,0.041990943,0.003690403,0.00231099,0.004959474,0.0034289,0.004073421,0.002918538,0.029117983,0.01393539,0.00439804,0.009453585,0.001257775,0.002325518,0.014087092,0.003433624,0.001422276,0.015393029,0.001729784,0.007868799,0.002370625,0.00231505,0.013842381,0.01670065,0.045573223,0.315944485,0.114104089,0.231190308,0.213283458,0.125034745,0.039729227,0.167279963,0.036410523,0.110396802,0.109043895,0.237371413,0.070996983,0.112782044,1,0.064148543,0.144475271,0.199823105,0.155317528,0.189051841,0.158476183,0.221552577,0.191396089,0.076219254,0.223922826,0.024381056,0.083085459,0.114007298,0.193948106,0.005052698,0.192440316,0.068934487,0.16102789,0.187281265,0.153175436,0.105827994,0.102619917,0.227863581,0.376562578,0.169996048,0.331032273,0.069366917,0.024540859,0.080657194,0.074742363,0.072375579,0.094727008,0.128016787,0.147040447,0.113141892,0.113189798,0.130835602,0.04371692,0.111472329,0.048471363,0.116556948,0.118664877,0.020773656,0.01451452,0.028007234,0.007347231,0.356621597,0.028223358,0.152861993,0.092085006,0.076621939,0.094844236,0.18414567,0.173249506,0.109286572,0.208523632,0.211543048,0.127946906,0.255658412,0.10249343,0.251884749,0.137419797,0.139387837
Campylobacter_hominis_ATCC_BAA_381,0.037121399,0.121931702,0.017452312,0.003853265,0.003185201,0.051913116,0.004171748,0.008288209,0.02629765,0.022095325,0.022206675,0.028880035,0.011393712,0.01085173,0.018494118,0.008875263,0.012596103,0.012990302,0.020596451,0.011140592,0.013545383,0.015552179,0.014722025,0.014038645,0.005742541,0.004846816,0.002400711,0.010318788,0.012255618,0.004394554,0.043492171,0.015009332,0.018832832,0.082698174,0.095453863,0.003749815,0.010397351,0.006929978,0.051007395,0.027705354,0.025760564,0.026535935,0.090358389,0.03406466,0.074787113,0.005898918,0.028382805,0.005209591,0.010607454,0.085044398,0.013796104,0.009948725,0.00455876,0.078273297,0.004767284,0.006943362,0.014900728,0.01030212,0.0074967,0.008768741,0.054841872,0.027617122,0.013213901,0.01679238,0.003994409,0.00372385,0.038503566,0.010316315,0.002896975,0.022224475,0.005197132,0.018357277,0.007122537,0.006955562,0.025656288,0.036944097,0.04673746,0.05487683,0.11107962,0.115828455,0.134310484,0.114930966,0.052626064,0.227951134,0.052146617,0.139150836,0.104832869,0.091076961,0.090331409,0.116743713,0.064148543,1,0.13218261,0.072315897,0.062864775,0.143368848,0.135135225,0.09002045,0.145324903,0.062930286,0.092101495,0.034248727,0.0925983,0.122733055,0.066444004,0.020822595,0.127633394,0.060504883,0.0595076,0.086177731,0.094420379,0.098463072,0.097807776,0.122691855,0.107139592,0.061022147,0.056279214,0.022229315,0.017702609,0.125581912,0.028426538,0.059043155,0.031641187,0.059078504,0.051425091,0.038040433,0.038802889,0.049104133,0.01707859,0.05641401,0.033652133,0.039434386,0.098461882,0.020680119,0.06315422,0.017155004,0.01116684,0.055074521,0.02056534,0.123495363,0.027582577,0.028288514,0.057009622,0.058674193,0.056619357,0.088155758,0.121288366,0.094002233,0.110643066,0.082210958,0.071298623,0.083357982,0.085009257,0.068536358
Candidatus_Sulcia_muelleri_GWSS,0.042151743,0.212955816,0.022447197,0.007378414,0.004096812,0.12283992,0.0053386,0.010919833,0.036922941,0.033324502,0.028562269,0.037145556,0.014881983,0.025520897,0.044729921,0.019305761,0.017286814,0.026386487,0.028363823,0.014329051,0.017422097,0.020003243,0.018935497,0.021510716,0.01376207,0.006233984,0.003087799,0.013272045,0.0157632,0.008774486,0.067012199,0.016522313,0.059980537,0.29634307,0.417409324,0.007308162,0.034540483,0.008913351,0.127426499,0.050291522,0.060977295,0.035567238,0.319950846,0.072114656,0.248148857,0.012895875,0.056654169,0.006700586,0.013413139,0.350299838,0.017863759,0.01279607,0.005863486,0.219549774,0.016781019,0.008930566,0.019165344,0.013250607,0.015741287,0.011278372,0.157319182,0.054067034,0.016995745,0.036532342,0.005103798,0.011128313,0.058401287,0.013268865,0.00549623,0.059484674,0.006684562,0.030408113,0.009161021,0.008946258,0.052138213,0.064537831,0.212872344,0.120084207,0.400074876,0.178781067,0.332265235,0.499837221,0.16985302,0.34583261,0.149734984,0.412169821,0.363231904,0.154983733,0.425473673,0.623065558,0.144475271,0.13218261,1,0.186563327,0.186855488,0.717662241,0.657581152,0.26391377,0.564302601,0.21435828,0.373207361,0.096426534,0.413866519,0.572150611,0.140399099,0.028127839,0.419997437,0.119518741,0.129914503,0.243695044,0.311841641,0.185872969,0.481039352,0.238430888,0.209306067,0.229659282,0.132712476,0.018262869,0.054788382,0.077451543,0.031059625,0.165699839,0.056695073,0.117347273,0.071248143,0.061331516,0.033985587,0.064596463,0.022658959,0.122655847,0.071553992,0.045438223,0.256195862,0.050565655,0.068269202,0.053483399,0.036066424,0.141668253,0.03180457,0.54125891,0.038234683,0.042758468,0.108381281,0.133086007,0.054815214,0.257132061,0.377510683,0.268795563,0.430993853,0.132824968,0.251650398,0.152293548,0.145934321,0.119795338
Citrobacter_koseri_ATCC_BAA_895,0.013515264,0.257540083,0.005225566,0.001776154,0.000953712,0.028596361,0.001249104,0.002573769,0.008663423,0.007456139,0.006649117,0.008647252,0.003464432,0.005941104,0.010544885,0.004525084,0.004024262,0.006142608,0.00637949,0.003335713,0.004055755,0.004656629,0.004408065,0.00503026,0.003203723,0.001451232,0.00071882,0.003089649,0.003669574,0.002256827,0.017535699,0.004089388,0.014874721,0.069154957,0.097415128,0.001701294,0.007862685,0.002074972,0.029664088,0.012984874,0.014195131,0.008279829,0.07476183,0.016787839,0.057767494,0.003002079,0.013188734,0.001559854,0.003184531,0.084068697,0.004158571,0.002978845,0.001364983,0.051109807,0.003863921,0.00207898,0.004461572,0.003084658,0.003664473,0.002625534,0.038098978,0.012586466,0.003956503,0.0085045,0.001175404,0.002650498,0.013595453,0.003088908,0.001279488,0.013847658,0.001556124,0.007078818,0.002132628,0.002082633,0.012452686,0.015024002,0.047437228,0.244980078,0.140445336,0.284026,0.254775511,0.173663044,0.048309283,0.226416802,0.049500777,0.146543808,0.138470829,0.273241559,0.096936982,0.144395193,0.199823105,0.072315897,0.186563327,1,0.408340166,0.22397906,0.204820625,0.219604945,0.24280723,0.077752681,0.266085565,0.023062145,0.121844709,0.170936755,0.542726518,0.006799594,0.234406187,0.172825412,0.431039122,0.231655622,0.228180401,0.142155252,0.10797599,0.332911336,0.215144315,0.106652831,0.235400178,0.072271717,0.051387885,0.089407785,0.067337951,0.10931235,0.146667084,0.12320208,0.140927829,0.162803871,0.120741952,0.129412047,0.08153807,0.156870959,0.039908465,0.160383028,0.134751193,0.021745027,0.018819286,0.036200505,0.00933449,0.231912621,0.029516254,0.20545044,0.086429691,0.075964931,0.150647884,0.536404819,0.158618083,0.08867119,0.226904487,0.196018771,0.118997065,0.309680595,0.085162936,0.301557754,0.201580039,0.135787227
Citrobacter_sp_30_2,0.014723474,0.224408565,0.007109443,0.001777901,0.001297536,0.038905675,0.00169942,0.003373576,0.009967082,0.008569272,0.009046199,0.011764685,0.003979418,0.00808294,0.014346436,0.006156429,0.005475054,0.008357089,0.007448317,0.004538276,0.0055179,0.006335397,0.005997222,0.006843726,0.00406793,0.001974418,0.000977963,0.004203502,0.004992497,0.002883136,0.02265104,0.005192089,0.018845158,0.089030018,0.110117766,0.00231463,0.009021972,0.002823023,0.035392783,0.016927453,0.016930429,0.010278568,0.084264614,0.022840046,0.072833794,0.004084362,0.017943423,0.002122199,0.004153078,0.081716446,0.005516104,0.004052752,0.001857074,0.06186918,0.005247063,0.002828475,0.006070019,0.004196712,0.004985557,0.003572069,0.048961024,0.01712403,0.005382867,0.011570469,0.001627178,0.00307388,0.018496768,0.004202495,0.001740758,0.018839897,0.002117124,0.009630812,0.002901465,0.002833445,0.016141229,0.020440325,0.053166577,0.192679329,0.146772757,0.185227884,0.201171572,0.155182146,0.048984027,0.202817195,0.050148863,0.17480807,0.128763568,0.18800793,0.103959653,0.154776819,0.155317528,0.062864775,0.186855488,0.408340166,1,0.202405459,0.191018176,0.174011828,0.205996984,0.079560452,0.21541399,0.027357886,0.122985511,0.168725987,0.367600827,0.007497549,0.211597638,0.255997985,0.36824529,0.210741269,0.207192687,0.144976279,0.104439445,0.273224447,0.18903296,0.137524811,0.193822808,0.052042382,0.08964146,0.079633586,0.056057558,0.084906742,0.095350655,0.142313618,0.108100201,0.110047307,0.082107372,0.104448786,0.048627527,0.122756741,0.046622591,0.119629534,0.117116106,0.020613731,0.025471208,0.028780279,0.010842462,0.192232129,0.023419153,0.201646998,0.064155297,0.061847093,0.106549291,0.397344949,0.113949066,0.096067455,0.187127323,0.152207162,0.11758553,0.187254512,0.083929973,0.186851365,0.143987817,0.108192208
Clostridium_difficile_630,0.037517408,0.252149513,0.018310065,0.006187245,0.003341749,0.100199898,0.004376783,0.008859934,0.030204815,0.026931501,0.023298097,0.030299441,0.012139158,0.020817266,0.036779523,0.015855619,0.014100766,0.021523324,0.023236352,0.011688134,0.014211116,0.016316543,0.015445589,0.017625722,0.01122565,0.005085029,0.002518702,0.01082594,0.012857962,0.007407168,0.055900935,0.013735992,0.05087672,0.242314732,0.3410096,0.00596123,0.028495659,0.007270575,0.103941147,0.044086981,0.049664916,0.028973947,0.255788851,0.058823558,0.20241376,0.0105191,0.046212517,0.005465634,0.011051012,0.295852352,0.014571377,0.010437689,0.004782816,0.178080525,0.013796226,0.007284617,0.015633074,0.010775974,0.012840088,0.00919971,0.128473528,0.044102205,0.013863342,0.029799246,0.004181537,0.009528558,0.047637633,0.010823345,0.004454476,0.048521346,0.005452563,0.024803743,0.007472598,0.007297417,0.043131068,0.052643181,0.17697787,0.158308824,0.405735878,0.219176391,0.382780996,0.460705124,0.149705932,0.380009492,0.138157431,0.382413206,0.359406876,0.190002083,0.343527646,0.528195,0.189051841,0.143368848,0.717662241,0.22397906,0.202405459,1,0.639155345,0.331943133,0.621168516,0.216507008,0.449657591,0.08269771,0.369498093,0.51767861,0.171539931,0.022645243,0.44111701,0.126883639,0.150232311,0.287208985,0.361832697,0.183861167,0.405576736,0.297132297,0.244229418,0.227060111,0.173612524,0.022389338,0.053506119,0.092216825,0.038077502,0.157953082,0.068500927,0.130037523,0.088096744,0.075212158,0.041664582,0.079191941,0.027245406,0.133428786,0.074471915,0.055704923,0.284912652,0.051254258,0.05551855,0.057945115,0.029614942,0.183212082,0.034150549,0.518233804,0.04335792,0.046094174,0.112759892,0.158860387,0.067200632,0.259626486,0.430507942,0.299395309,0.41302625,0.164884559,0.255846138,0.188275269,0.174793144,0.136830485
Clostridium_hylemonae_DSM_15053,0.035136435,0.234636716,0.017941494,0.006057456,0.003274481,0.098182932,0.004288681,0.008618273,0.02956934,0.026463584,0.02282912,0.029689531,0.011894803,0.020398227,0.036204876,0.015517212,0.013816926,0.021090072,0.022518452,0.011452859,0.013925055,0.015988101,0.015134678,0.017270926,0.010999684,0.00498267,0.002468002,0.01060802,0.012599139,0.006990127,0.054022446,0.013036514,0.04802188,0.237437077,0.334465731,0.005841234,0.027974084,0.007124223,0.101848872,0.040895706,0.048737655,0.02842802,0.256879613,0.057639474,0.198339289,0.010307356,0.045282286,0.005355614,0.01073753,0.276034636,0.014278064,0.010227584,0.00468654,0.175480744,0.013408383,0.007137982,0.015318389,0.010590885,0.012581625,0.009014525,0.130764131,0.043214453,0.013584281,0.029199404,0.004081853,0.008858812,0.046678715,0.010605478,0.004393002,0.047544639,0.005342806,0.024304458,0.007322179,0.007150524,0.042149843,0.051583504,0.1793065,0.141585339,0.402186859,0.22073009,0.400377485,0.556151605,0.14101876,0.414598283,0.142677444,0.370324825,0.349792747,0.193905284,0.341719979,0.522900692,0.158476183,0.135135225,0.657581152,0.204820625,0.191018176,0.639155345,1,0.294704263,0.719516467,0.203498083,0.37402057,0.084511156,0.452909857,0.617739698,0.163944972,0.024263014,0.516513292,0.116978834,0.147559277,0.249432379,0.325127628,0.162500477,0.37958503,0.297611098,0.238030517,0.216438882,0.15677065,0.022849281,0.048880066,0.087590871,0.038859726,0.159700564,0.066183007,0.130289072,0.085174021,0.07279701,0.042520495,0.080818776,0.024458482,0.124757934,0.073668203,0.055348983,0.232173179,0.052000172,0.05323003,0.053146503,0.035007357,0.167728964,0.033168116,0.569981278,0.041862724,0.044835756,0.125007081,0.152065265,0.06858113,0.236817918,0.442904046,0.293174287,0.36133466,0.164468652,0.238505506,0.188167363,0.177579923,0.136687728
Clostridium_perfringens_ATCC_13124,0.019205701,0.21538847,0.009761024,0.003130249,0.001781473,0.044162186,0.002333246,0.00410792,0.014256234,0.012973437,0.012420125,0.016152514,0.005634282,0.011097604,0.019697171,0.007362856,0.007517064,0.010554485,0.012547895,0.006230899,0.007575891,0.008698286,0.008233983,0.009396204,0.00598435,0.002710809,0.00134271,0.005771266,0.00685453,0.004491851,0.026263894,0.008133108,0.020787512,0.100452675,0.129592998,0.002752799,0.015260298,0.003875915,0.041560754,0.019557961,0.02030482,0.011801312,0.09517979,0.027956586,0.082841751,0.00478104,0.022261132,0.002913708,0.0059485,0.114555777,0.006136306,0.005564291,0.0025497,0.06886188,0.007368566,0.003883401,0.008333931,0.004388164,0.005597389,0.00490433,0.048980136,0.023510714,0.007390494,0.014077446,0.002234061,0.005579914,0.021893304,0.005769883,0.001806292,0.023629481,0.00290674,0.013222779,0.003983613,0.003890225,0.021269906,0.025852491,0.069602874,0.210027422,0.204825363,0.326203994,0.356788072,0.206714773,0.069223587,0.298932593,0.06841562,0.188591728,0.173234746,0.293954433,0.128041996,0.197787794,0.221552577,0.09002045,0.26391377,0.219604945,0.174011828,0.331943133,0.294704263,1,0.365544608,0.11281457,0.544241823,0.036015728,0.186288578,0.251489203,0.198601284,0.010575373,0.329391323,0.091050158,0.148322502,0.212941699,0.207223923,0.096366792,0.210753149,0.376345103,0.308605941,0.128552878,0.221217022,0.041998689,0.035598038,0.089563291,0.057773669,0.118810656,0.085509616,0.154350336,0.134991384,0.096728518,0.077165898,0.112829741,0.032147446,0.104123013,0.071316855,0.084983839,0.187131198,0.040693163,0.024554244,0.032147015,0.016039844,0.233568017,0.034246473,0.336386306,0.087137388,0.081985527,0.115640407,0.203714368,0.124255022,0.128515082,0.282663991,0.256982662,0.180066464,0.211461527,0.126929023,0.249364883,0.137786891,0.179776424
Clostridium_phytofermentans_ISDg,0.026637479,0.277006201,0.013179902,0.004547793,0.002405449,0.072125626,0.003150484,0.00637867,0.021850849,0.01941303,0.016770375,0.021810064,0.008737976,0.01498463,0.026596266,0.01141315,0.010149976,0.015492862,0.016836799,0.008413322,0.010229408,0.011744931,0.011118003,0.0126873,0.008080418,0.003660292,0.001813005,0.0077927,0.009255384,0.005336025,0.042849069,0.0098084,0.037754128,0.174422352,0.245700041,0.004290997,0.020735811,0.005233486,0.074818643,0.031765937,0.035802902,0.020883352,0.188412164,0.042342219,0.14570094,0.007571831,0.033264572,0.003934258,0.008019109,0.211735921,0.01048873,0.00751323,0.003442754,0.128908949,0.009949467,0.005243594,0.011252958,0.007780112,0.009242518,0.006622111,0.095840965,0.031745533,0.009979075,0.021450015,0.003016559,0.007069268,0.034290395,0.007790832,0.003227119,0.034926507,0.00392485,0.017854165,0.005378906,0.005252807,0.031077177,0.037893476,0.131719367,0.187833189,0.364830502,0.291013265,0.481950949,0.481958409,0.118249107,0.45142012,0.121255378,0.311108115,0.311366072,0.26339902,0.25310929,0.391676441,0.191396089,0.145324903,0.564302601,0.24280723,0.205996984,0.621168516,0.719516467,0.365544608,1,0.180370926,0.431984039,0.064614762,0.366713659,0.498039613,0.205096565,0.019397595,0.565015364,0.114059003,0.163753813,0.282234401,0.35569621,0.136753192,0.299889652,0.38589781,0.278044385,0.203793551,0.204746443,0.031104192,0.045516617,0.089835581,0.052898838,0.15369018,0.084103785,0.158147245,0.111041567,0.096945605,0.057882157,0.108176876,0.030459188,0.127647447,0.073297023,0.073825351,0.240315505,0.052770258,0.041159957,0.043625329,0.029682926,0.215069385,0.035801564,0.609607375,0.05405488,0.055861532,0.1330528,0.18894826,0.093357892,0.215498053,0.477771353,0.336115426,0.306133291,0.210172073,0.221403849,0.245357401,0.196861391,0.16457944
Clostridium_ramosum_VPI_0427_DSM_1402,0.049924193,0.090951645,0.029525115,0.006285201,0.006032564,0.134419457,0.006850405,0.013632537,0.023541138,0.02083106,0.04179878,0.04928637,0.017231068,0.018820047,0.037824405,0.021833233,0.028165684,0.020046519,0.031170548,0.024086325,0.029285561,0.024864376,0.031829501,0.025504784,0.01734765,0.00608648,0.005190416,0.017766571,0.023427633,0.010601125,0.033312855,0.01898084,0.031055451,0.166565986,0.169157824,0.00590108,0.017945188,0.010643978,0.138732714,0.080171769,0.06502588,0.04354363,0.181868204,0.121220663,0.169070625,0.009929015,0.066953646,0.010156321,0.017035281,0.383926488,0.012238923,0.014250982,0.004616362,0.110779429,0.008609391,0.015011777,0.026803338,0.018154713,0.012353565,0.016908607,0.096549276,0.071534336,0.028568886,0.026320864,0.005904669,0.005966909,0.098169264,0.022304212,0.007794913,0.099990376,0.00496099,0.035299718,0.01033098,0.009860677,0.061465025,0.060920848,0.194597709,0.053606632,0.156416976,0.097285012,0.159150385,0.288662167,0.078007245,0.147882013,0.07404141,0.159366572,0.132091015,0.082877839,0.324821494,0.181321297,0.076219254,0.062930286,0.21435828,0.077752681,0.079560452,0.216507008,0.203498083,0.11281457,0.180370926,1,0.138022579,0.07762226,0.207822716,0.182617296,0.060158593,0.036731774,0.149888775,0.05712967,0.05310826,0.092772724,0.114079253,0.106994398,0.170029603,0.120466978,0.123840394,0.086788869,0.058835766,0.010708684,0.033739564,0.045230533,0.017653522,0.085360491,0.02897636,0.044095637,0.035490775,0.032756514,0.020074476,0.034556261,0.011807791,0.077142724,0.041764959,0.025335995,0.11604131,0.057411127,0.034361729,0.025019357,0.018797247,0.062261375,0.022871401,0.162280071,0.015417703,0.018318734,0.041777752,0.060870852,0.032140466,0.122533434,0.140918214,0.134433234,0.15581683,0.067198555,0.11715102,0.074055596,0.08916354,0.085227254
Clostridium_sp_7_2_43FAA,0.026415045,0.222957533,0.012358076,0.004455651,0.002255458,0.067628267,0.002954037,0.006050996,0.019931145,0.017988101,0.015724666,0.020450108,0.008193124,0.01405027,0.024850299,0.010560256,0.009517079,0.014526812,0.015213753,0.007888713,0.009591558,0.011012582,0.010424745,0.01189619,0.007576567,0.003432056,0.001699956,0.007306789,0.008678269,0.005588832,0.038388015,0.009879104,0.031294647,0.159270648,0.2035161,0.004023434,0.01783328,0.004907155,0.067312098,0.028062874,0.031818552,0.018625172,0.151255837,0.03970199,0.131610164,0.007099693,0.031190376,0.003688939,0.007472532,0.17028457,0.009558255,0.007044746,0.003228082,0.113207329,0.009176881,0.004916632,0.010551285,0.00692444,0.008612788,0.006209193,0.076475444,0.029766055,0.009356834,0.020112509,0.002828463,0.006714565,0.032152234,0.007305038,0.002857456,0.032748682,0.003680117,0.016740877,0.005043507,0.004925271,0.028167098,0.035530646,0.103519442,0.208425865,0.254017398,0.27803268,0.352072814,0.272845823,0.101859976,0.328981546,0.088168881,0.242159992,0.235346615,0.249863077,0.192527597,0.305893093,0.223922826,0.092101495,0.373207361,0.266085565,0.21541399,0.449657591,0.37402057,0.544241823,0.431984039,0.138022579,1,0.051113554,0.24716888,0.342760821,0.19791101,0.015576709,0.360584518,0.114150517,0.150049616,0.309667292,0.30518248,0.136520345,0.22638641,0.354278503,0.287419184,0.172905913,0.221348443,0.033172658,0.046816444,0.08780064,0.047897814,0.127906022,0.076775667,0.176967576,0.111717338,0.08669091,0.06169946,0.094359487,0.026960903,0.114082185,0.076857957,0.069787028,0.241540822,0.044114822,0.037810979,0.043214386,0.021933009,0.223251283,0.033166054,0.433283636,0.069157475,0.095274254,0.152669343,0.226805309,0.099566302,0.165397477,0.318113127,0.262589335,0.252729823,0.18702696,0.157455138,0.216959194,0.13023703,0.187845191
Clostridium_spiroforme_DSM_1552,0.115944445,0.025735919,0.168863528,0.04884635,0.028959482,0.268309102,0.040830309,0.063732721,0.063284032,0.064223152,0.169360908,0.194883952,0.058072586,0.088989216,0.234133727,0.070509902,0.132982758,0.086349913,0.057102615,0.107239216,0.129888236,0.127038907,0.135121144,0.137011138,0.064305322,0.046571796,0.021826616,0.097177351,0.110299437,0.050450327,0.117026105,0.111182512,0.099755288,0.213333459,0.173115274,0.038201562,0.041559298,0.06387998,0.215505231,0.13206012,0.165582546,0.167057646,0.204205514,0.225118563,0.229416388,0.048630005,0.239603132,0.055844242,0.102804429,0.176800125,0.08955953,0.106645428,0.045399567,0.218129668,0.063184844,0.066236172,0.13594682,0.097942657,0.115484454,0.091401261,0.233355365,0.244767721,0.117805359,0.13764947,0.024806051,0.022088992,0.26013019,0.102889081,0.033998829,0.223505583,0.046233002,0.195977808,0.072887966,0.073159507,0.163091142,0.278795676,0.222066972,0.016678644,0.087143795,0.021450301,0.039940258,0.101045474,0.151451913,0.055233426,0.104088996,0.1169743,0.096000574,0.018493768,0.133572973,0.133588759,0.024381056,0.034248727,0.096426534,0.023062145,0.027357886,0.08269771,0.084511156,0.036015728,0.064614762,0.07762226,0.051113554,1,0.11740401,0.102727934,0.014982373,0.062286882,0.048917149,0.046856573,0.014864252,0.033008514,0.036674504,0.069421785,0.141243446,0.03102703,0.040433062,0.081858753,0.018137365,0.002191308,0.072508037,0.031581694,0.003695356,0.024603391,0.009707464,0.018186039,0.009580169,0.008969253,0.00407783,0.007750739,0.005479598,0.027326685,0.033830158,0.005421016,0.050487043,0.107747387,0.085982378,0.013240489,0.042858652,0.019422817,0.01055995,0.0652711,0.004587667,0.019860333,0.025759266,0.014296488,0.006577115,0.082620068,0.05984713,0.047553475,0.106849181,0.017569849,0.064775827,0.02115094,0.017725499,0.026159361
Collinsella_intestinalis_DSM_13280,0.045931307,0.147799518,0.03206458,0.011111138,0.00585207,0.133489992,0.007653225,0.015379841,0.03325118,0.03129545,0.040799622,0.047613159,0.014546818,0.028698795,0.05320589,0.023504704,0.024693258,0.028752859,0.024719057,0.020468257,0.024886503,0.026681325,0.027048311,0.030866159,0.014762174,0.008904901,0.00439765,0.018958383,0.02251686,0.011377649,0.085590022,0.021073683,0.059537993,0.26388635,0.33510583,0.008993438,0.031809637,0.01273223,0.13952022,0.046565875,0.064333684,0.045027554,0.254134417,0.079627837,0.225503304,0.016948786,0.060897634,0.009571416,0.019540588,0.26664102,0.021316954,0.018278478,0.008375665,0.194998775,0.019584397,0.01275682,0.027376635,0.018244217,0.022485559,0.01611053,0.161604737,0.07049542,0.023814035,0.041985528,0.006162775,0.010326343,0.068694914,0.01895384,0.007156918,0.071685187,0.008595623,0.042348487,0.013086011,0.012779234,0.071761003,0.075215363,0.182381944,0.075660841,0.323700333,0.124694562,0.219815787,0.362790572,0.158037505,0.260657907,0.140189227,0.330864856,0.318893394,0.108498236,0.342484542,0.419346932,0.083085459,0.0925983,0.413866519,0.121844709,0.122985511,0.369498093,0.452909857,0.186288578,0.366713659,0.207822716,0.24716888,0.11740401,1,0.5927624,0.089900732,0.037727941,0.30047134,0.092954303,0.084655532,0.159126311,0.188025428,0.130944425,0.299341852,0.181589618,0.145608466,0.176618904,0.084170413,0.012785142,0.04367774,0.057542923,0.021743666,0.117724113,0.041370713,0.070769191,0.045498385,0.04340997,0.023792021,0.043950476,0.017129563,0.092967904,0.059400777,0.031809577,0.174867236,0.088338247,0.053541597,0.042099585,0.038779181,0.090869162,0.027870456,0.346779916,0.022150582,0.025432554,0.079240486,0.087501855,0.038374053,0.191413266,0.27477682,0.179747048,0.304047759,0.093217591,0.188116308,0.109462709,0.097436983,0.104411727
Collinsella_stercoris_DSM_13279,0.045479597,0.207918946,0.024710097,0.007805086,0.004509811,0.135223402,0.00585067,0.011675763,0.038296446,0.035413665,0.031441629,0.040890197,0.01616817,0.027623648,0.047853392,0.020895209,0.019029496,0.029046507,0.028524768,0.015773561,0.019178417,0.022019768,0.020844383,0.023786552,0.015149423,0.006862431,0.003383587,0.014609999,0.017352287,0.009979922,0.074193327,0.018885681,0.061471841,0.322862521,0.431263923,0.008044897,0.036173426,0.009811906,0.137921842,0.053727555,0.064474608,0.038366421,0.3233777,0.079384529,0.268376918,0.014195907,0.062365471,0.007376071,0.015058666,0.303613336,0.01947823,0.01408604,0.006454583,0.234555235,0.017670355,0.009830856,0.021097401,0.014281629,0.017328165,0.012415343,0.172499436,0.059117537,0.018105289,0.039910492,0.005632718,0.011626333,0.064288716,0.014606498,0.005909526,0.065481319,0.007358432,0.033473553,0.010084542,0.009848129,0.055094351,0.071043885,0.206272607,0.105142549,0.425112062,0.162408663,0.291025038,0.473018757,0.178933196,0.336368215,0.158816627,0.4221962,0.385338979,0.14079064,0.39991426,0.585030501,0.114007298,0.122733055,0.572150611,0.170936755,0.168725987,0.51767861,0.617739698,0.251489203,0.498039613,0.182617296,0.342760821,0.102727934,0.5927624,1,0.119860949,0.031679108,0.394090307,0.12482744,0.1184783,0.208949556,0.261066513,0.171795273,0.387792275,0.236723568,0.194902774,0.224714586,0.116546615,0.016590393,0.052153502,0.079863949,0.028215248,0.14377894,0.055323794,0.096294066,0.059389996,0.059350395,0.030873257,0.058017159,0.024020348,0.119529998,0.069252259,0.041277083,0.225656881,0.049571212,0.065158024,0.058671517,0.042668547,0.124792184,0.032081197,0.476525403,0.030483965,0.033835673,0.109967692,0.117614458,0.049795349,0.239817668,0.367056287,0.243978163,0.400739508,0.126799232,0.236549865,0.148430587,0.128206266,0.102833789
Cronobacter_sakazakii_ATCC_BAA_894,0.008436316,0.269248641,0.00330753,0.001178941,0.000603653,0.018100108,0.000790622,0.001629071,0.005483526,0.004895125,0.004208568,0.005473291,0.002192817,0.003760431,0.0066744,0.002864159,0.002547162,0.003887973,0.00425815,0.002111344,0.002567096,0.00294742,0.002790091,0.00318391,0.002027801,0.000918559,0.000454978,0.001955598,0.002322662,0.00150342,0.011885975,0.00279361,0.009695498,0.043771729,0.061659044,0.001076837,0.005206853,0.001313357,0.018775927,0.008351868,0.008984828,0.00524073,0.047355977,0.010625886,0.036564018,0.00190017,0.008347828,0.000987312,0.002015653,0.054382318,0.002632173,0.001885464,0.000863968,0.032350025,0.002496844,0.001315893,0.002823958,0.001952439,0.002319433,0.001661835,0.024114803,0.007966621,0.002504274,0.005382935,0.000757013,0.001848147,0.008605261,0.001955129,0.000809854,0.008764895,0.000984951,0.004480548,0.00134985,0.001318205,0.007881946,0.009509463,0.03145783,0.263648305,0.102599233,0.316091276,0.244496364,0.116976763,0.034618668,0.20371553,0.035701299,0.105237609,0.09812516,0.314668626,0.063056913,0.095029605,0.193948106,0.066444004,0.140399099,0.542726518,0.367600827,0.171539931,0.163944972,0.198601284,0.205096565,0.060158593,0.19791101,0.014982373,0.089900732,0.119860949,1,0.005401223,0.224861031,0.142325235,0.532727243,0.202147227,0.195341758,0.085270916,0.073774702,0.295676312,0.209390492,0.081563301,0.240526722,0.117359072,0.048220144,0.103522584,0.09284109,0.098896542,0.130803378,0.167638709,0.201294764,0.144317485,0.201650902,0.172248951,0.075865793,0.125972444,0.035269269,0.245815001,0.108268256,0.018825678,0.012948554,0.033808773,0.007908406,0.23128686,0.027590795,0.178602984,0.129455306,0.098488866,0.163727427,0.557549118,0.260051025,0.064354367,0.177499775,0.17184439,0.08241608,0.320225083,0.067401103,0.322781916,0.20299123,0.163153803
Desulfovibrio_piger_ATCC_29098,0.068555163,0.007721378,0.187248827,0.08656967,0.089477455,0.074504198,0.077551405,0.131034565,0.165112165,0.127486058,0.208947933,0.186337485,0.104035656,0.147158443,0.073985661,0.061358043,0.172717619,0.05810435,0.151246222,0.149118102,0.204000831,0.229540548,0.216481519,0.173589267,0.110038725,0.09293588,0.07518287,0.228142559,0.16269901,0.175079261,0.118941273,0.163529668,0.075207414,0.054102035,0.043876974,0.095087347,0.173261916,0.187308239,0.07301659,0.106008762,0.056152787,0.124553559,0.04944144,0.086415739,0.05512463,0.110271974,0.087820742,0.139743752,0.213994171,0.048474469,0.214903039,0.200870699,0.1102664,0.058913491,0.145070237,0.184944614,0.243563989,0.174211583,0.123237984,0.209393292,0.050482579,0.102437121,0.17490512,0.06915335,0.116657101,0.126030976,0.130339131,0.148182987,0.087461116,0.066517411,0.105532895,0.18704713,0.158112333,0.170666942,0.135599536,0.122873943,0.041231416,0.003944798,0.022102541,0.006593549,0.011983517,0.024081704,0.070182771,0.018979532,0.023810215,0.025034017,0.030519492,0.006009762,0.03841682,0.035189771,0.005052698,0.020822595,0.028127839,0.006799594,0.007497549,0.022645243,0.024263014,0.010575373,0.019397595,0.036731774,0.015576709,0.062286882,0.037727941,0.031679108,0.005401223,1,0.017169852,0.018650511,0.00556022,0.011341496,0.012100318,0.015936849,0.030234949,0.008901877,0.007879975,0.024818889,0.004414382,0.000708175,0.007413227,0.006714088,0.001148164,0.011488422,0.002322504,0.00496114,0.002542293,0.002343664,0.001317851,0.002260298,0.000963185,0.011030009,0.007787888,0.001761947,0.016768988,0.0086871,0.063349111,0.009285309,0.122500299,0.004777326,0.003143528,0.020217123,0.001425996,0.001703618,0.007528942,0.005185427,0.002125557,0.020920612,0.015407702,0.012703082,0.029824879,0.004772294,0.020105235,0.005497818,0.004274097,0.004294807
Desulfovibrio_vulgaris_Miyazaki_F,0.023263904,0.261533795,0.009968542,0.0034881,0.001819347,0.054551797,0.002382851,0.004904455,0.016377296,0.01482088,0.012684175,0.016495915,0.006608918,0.011333537,0.020115931,0.008632269,0.007676876,0.011717936,0.01261866,0.006363367,0.007736953,0.00888321,0.008409037,0.009595966,0.006111577,0.00276844,0.001371256,0.005893963,0.007000256,0.004127019,0.03461824,0.00759364,0.02904805,0.13192333,0.185833795,0.003245471,0.015686286,0.003958317,0.056588645,0.024264983,0.027079316,0.015795002,0.142725873,0.032025291,0.110200057,0.00572691,0.025159466,0.002975653,0.006074964,0.157907356,0.00793309,0.005682588,0.002603907,0.097499533,0.007444499,0.003965962,0.008511109,0.005884442,0.006990525,0.005008595,0.072679448,0.024010549,0.007547615,0.016223594,0.002267615,0.005262968,0.025935341,0.00589255,0.002440813,0.026416461,0.002968537,0.013503894,0.004068304,0.00397293,0.023073896,0.02866051,0.099625176,0.17055029,0.308092042,0.345737374,0.532554388,0.344636178,0.096148506,0.474596248,0.10255674,0.273509938,0.258552331,0.339585308,0.191437738,0.288270596,0.192440316,0.127633394,0.419997437,0.234406187,0.211597638,0.44111701,0.516513292,0.329391323,0.565015364,0.149888775,0.360584518,0.048917149,0.30047134,0.394090307,0.224861031,0.017169852,1,0.099410017,0.163058235,0.270566592,0.323996617,0.12691258,0.22114309,0.405535285,0.2858755,0.163116737,0.182057703,0.041124389,0.03802193,0.112016727,0.064475604,0.169819784,0.103026338,0.144262564,0.128219663,0.11463638,0.076528859,0.11845655,0.037284243,0.135812589,0.065959183,0.096840496,0.218349296,0.048035739,0.032033007,0.037643203,0.023976315,0.18485182,0.036582104,0.497855913,0.056370004,0.057418021,0.137975663,0.214609469,0.122880557,0.161181078,0.407924808,0.305041848,0.230884849,0.226025022,0.179117064,0.262342304,0.177791566,0.160299019
Enterobacter_cancerogenus_ATCC_35316,0.024793037,0.094967745,0.022389474,0.003574768,0.004086277,0.068886411,0.004591999,0.009773612,0.018841916,0.016688224,0.025704555,0.034705703,0.007191844,0.018222318,0.039048897,0.01624361,0.01724236,0.019528789,0.01227151,0.014292203,0.017377296,0.019951804,0.018886804,0.019750737,0.0075764,0.006141646,0.003079859,0.013237916,0.014881737,0.007876936,0.041019524,0.017960268,0.032247892,0.117122089,0.124115439,0.00692762,0.01245359,0.00889043,0.060803811,0.054109559,0.029905893,0.024927346,0.112253919,0.048203464,0.101455863,0.01187285,0.04372902,0.006683355,0.012881629,0.083681748,0.012192555,0.012763164,0.005848408,0.10489856,0.009708576,0.008907601,0.01911606,0.013216532,0.010383422,0.011249369,0.079514142,0.041580323,0.016952039,0.02128226,0.003709108,0.004997957,0.049325743,0.013234744,0.005482097,0.033901381,0.006515331,0.028958621,0.009137463,0.008923252,0.033111082,0.055290328,0.073657866,0.069794646,0.132863953,0.083718356,0.097239093,0.119515525,0.053840682,0.106451047,0.044186481,0.127536743,0.147752097,0.0769225,0.107486622,0.130174402,0.068934487,0.060504883,0.119518741,0.172825412,0.255997985,0.126883639,0.116978834,0.091050158,0.114059003,0.05712967,0.114150517,0.046856573,0.092954303,0.12482744,0.142325235,0.018650511,0.099410017,1,0.193817274,0.102959567,0.100100889,0.09139077,0.086021444,0.116155605,0.098729107,0.141613558,0.071722846,0.017706189,0.170272835,0.038518947,0.016749338,0.056943359,0.090652429,0.05755006,0.042221689,0.049162535,0.030292281,0.03393512,0.071344042,0.139477868,0.050312944,0.04132465,0.127209105,0.019906993,0.045818037,0.091325115,0.016589946,0.073922194,0.040983841,0.133045238,0.021990897,0.025473232,0.057586859,0.134846651,0.042828022,0.129022768,0.161198696,0.096770876,0.142751659,0.089612379,0.101333083,0.101122221,0.064018394,0.050315252
Enterobacter_sp_638,0.01053067,0.240745543,0.004347627,0.001285984,0.00079348,0.023791928,0.001039244,0.002018943,0.006798138,0.006205781,0.005532008,0.00719444,0.00283024,0.004942948,0.008773254,0.003764832,0.003348151,0.005110598,0.005159032,0.002775285,0.003374353,0.003874276,0.003667472,0.004185133,0.00266547,0.001207413,0.000598052,0.002570561,0.003053054,0.001849397,0.012967651,0.00371705,0.010804895,0.056449364,0.074034633,0.001415462,0.005701313,0.001726359,0.024680268,0.011197274,0.011810228,0.006888747,0.062247697,0.013967339,0.048062062,0.002497704,0.010972914,0.001297785,0.002649502,0.055622522,0.003459895,0.002478373,0.001135654,0.042522923,0.002794702,0.001729693,0.00371199,0.002566409,0.00304881,0.002184422,0.028228609,0.010471832,0.003291776,0.00684921,0.000995066,0.002306722,0.0113113,0.002569945,0.001064523,0.011521133,0.001294682,0.005889516,0.001774328,0.001732732,0.010360529,0.012499841,0.034888483,0.185881931,0.11561608,0.213724223,0.164534879,0.120112666,0.034269786,0.156687824,0.033916142,0.107227097,0.112716925,0.202276093,0.067481873,0.098325731,0.16102789,0.0595076,0.129914503,0.431039122,0.36824529,0.150232311,0.147559277,0.148322502,0.163753813,0.05310826,0.150049616,0.014864252,0.084655532,0.1184783,0.532727243,0.00556022,0.163058235,0.193817274,1,0.181212544,0.159830697,0.088124451,0.074859422,0.192276647,0.195300561,0.102627843,0.173309255,0.086970973,0.056693648,0.079391046,0.058208627,0.072796606,0.145488964,0.131812434,0.136215252,0.167984126,0.136774291,0.120210355,0.103138155,0.178646334,0.034120988,0.173337271,0.097029461,0.015425616,0.01659677,0.05914401,0.007980674,0.171962397,0.027812653,0.177518182,0.093986532,0.077828823,0.105315095,0.383997711,0.154877453,0.076321536,0.204665483,0.174609286,0.08971327,0.283358237,0.073658767,0.285108444,0.162016651,0.113246606
Enterococcus_faecalis_TX1322,0.020914799,0.311407587,0.008605032,0.003146572,0.001570494,0.04709013,0.002053739,0.004088415,0.013502758,0.012722155,0.010949217,0.014239582,0.005704941,0.009783321,0.017364447,0.007451536,0.006626822,0.010115141,0.010312203,0.005492977,0.006678682,0.007668153,0.007258838,0.008283417,0.005275627,0.00238977,0.001183694,0.005087779,0.006042752,0.003704043,0.026973633,0.00663176,0.023088069,0.109753987,0.141966596,0.002801551,0.011721489,0.003416893,0.047091427,0.018419361,0.023117881,0.013634541,0.118017034,0.027644829,0.09351464,0.004943576,0.02171812,0.002568639,0.005244022,0.124323185,0.006847991,0.004905316,0.002247741,0.084038168,0.006192904,0.003423492,0.007346948,0.00507956,0.006034352,0.004323513,0.055012585,0.020726354,0.006515242,0.013323381,0.001965987,0.004358289,0.02238787,0.00508656,0.002106955,0.02214058,0.002562497,0.011656813,0.003511836,0.003429508,0.020506057,0.024740287,0.066553753,0.172157847,0.188120999,0.209941043,0.289249762,0.19106775,0.072082043,0.255710076,0.066974976,0.194987717,0.190666083,0.214701816,0.13735372,0.194428423,0.187281265,0.086177731,0.243695044,0.231655622,0.210741269,0.287208985,0.249432379,0.212941699,0.282234401,0.092772724,0.309667292,0.033008514,0.159126311,0.208949556,0.202147227,0.011341496,0.270566592,0.102959567,0.181212544,1,0.428926129,0.171434248,0.14111079,0.232642879,0.19554258,0.142893767,0.171770713,0.043869977,0.037889159,0.116361702,0.069577667,0.124875817,0.102739679,0.130742313,0.147722206,0.103236768,0.074719736,0.115696913,0.042199339,0.125167721,0.045352091,0.105846464,0.28534438,0.02904532,0.029281661,0.035594682,0.013223361,0.182437966,0.028138358,0.258544882,0.065004735,0.060724238,0.148838605,0.218888562,0.111750735,0.143760482,0.324008778,0.292440789,0.176582819,0.233471405,0.143686436,0.270039916,0.166561993,0.166510531
Enterococcus_sp_7L76,0.019734197,0.331555738,0.009011956,0.003029759,0.001644762,0.04931698,0.002154191,0.004321719,0.014929425,0.013398661,0.011466996,0.014912959,0.005974723,0.010245965,0.018185596,0.007803912,0.006940199,0.010593477,0.011512715,0.005752735,0.006994511,0.008030773,0.007602101,0.008675132,0.005525107,0.00250278,0.00123967,0.005328375,0.006328508,0.003725929,0.026816512,0.006496618,0.024284899,0.117600249,0.158465937,0.002934034,0.012616884,0.003578475,0.050347976,0.019586411,0.024480772,0.014279306,0.125514065,0.028952128,0.099625205,0.005177353,0.022745151,0.002690108,0.005467544,0.13407024,0.007171827,0.005137284,0.002354035,0.088004431,0.006622543,0.003585386,0.007694379,0.005319768,0.006319711,0.004527968,0.062156435,0.021706485,0.006823342,0.014666769,0.002062617,0.004665191,0.023446573,0.005327098,0.002206591,0.023651064,0.002683675,0.012208053,0.003677908,0.003591686,0.02147577,0.025910233,0.083965908,0.175769125,0.205793699,0.242546799,0.348987863,0.237266668,0.075647305,0.289569454,0.072947852,0.187362443,0.187040017,0.224984777,0.156897211,0.234554035,0.153175436,0.094420379,0.311841641,0.228180401,0.207192687,0.361832697,0.325127628,0.207223923,0.35569621,0.114079253,0.30518248,0.036674504,0.188025428,0.261066513,0.195341758,0.012100318,0.323996617,0.100100889,0.159830697,0.428926129,1,0.150697354,0.175485742,0.256577111,0.213120131,0.126413695,0.187759668,0.040851661,0.034074599,0.10196351,0.068517227,0.128544738,0.090903263,0.132187568,0.109031479,0.098560387,0.073200849,0.108527148,0.031554533,0.127947343,0.045519635,0.084205112,0.242338169,0.032133977,0.02911414,0.040319692,0.015751647,0.192073819,0.027293155,0.303455129,0.055686315,0.05279761,0.179631578,0.210598472,0.114103389,0.132507431,0.290617668,0.25260915,0.189945195,0.206962086,0.136689666,0.213717576,0.191393671,0.14643797
Escherichia_fergusonii_UMN026_ATCC_35469,0.078248476,0.118031175,0.027845275,0.009395992,0.005082009,0.110418101,0.006427492,0.009735286,0.025574494,0.032193892,0.034109795,0.046078279,0.016243311,0.031441606,0.043262791,0.016746037,0.021010834,0.025287313,0.022031937,0.017774886,0.021611744,0.024813601,0.023489085,0.026804551,0.013365363,0.007733125,0.003619292,0.016434755,0.019553917,0.011059764,0.046484104,0.019008919,0.044957312,0.174082579,0.191701925,0.008056582,0.018659673,0.010897573,0.098594557,0.055326329,0.051507762,0.037009812,0.219245448,0.07065472,0.165714512,0.014186928,0.061925847,0.008311935,0.016969286,0.159889092,0.021624409,0.015873255,0.00727353,0.183756405,0.016628982,0.011078179,0.023774206,0.016437098,0.017160199,0.013990582,0.109542525,0.067069016,0.020113571,0.039518013,0.005585477,0.007026655,0.068283428,0.016459747,0.006691258,0.060491314,0.006601947,0.03698025,0.011364053,0.010540835,0.04150813,0.073408303,0.106885244,0.065350369,0.185311249,0.074738597,0.113278472,0.19395478,0.085273996,0.160080766,0.090000625,0.2266826,0.168833648,0.069792095,0.164208486,0.180651106,0.105827994,0.098463072,0.185872969,0.142155252,0.144976279,0.183861167,0.162500477,0.096366792,0.136753192,0.106994398,0.136520345,0.069421785,0.130944425,0.171795273,0.085270916,0.015936849,0.12691258,0.09139077,0.088124451,0.171434248,0.150697354,1,0.175661206,0.094868085,0.122993519,0.126979992,0.0651802,0.013593096,0.049343585,0.129342899,0.017872521,0.110578327,0.040839937,0.051985552,0.044784764,0.039492497,0.02328295,0.037359596,0.019440853,0.101604486,0.042449724,0.033183649,0.141627172,0.022452125,0.087578364,0.041201778,0.015920303,0.071104731,0.019682959,0.124985001,0.019012205,0.022493771,0.090374906,0.098074577,0.031622906,0.124377886,0.161212332,0.112437267,0.168616321,0.078687397,0.116817232,0.08516495,0.085824705,0.059531054
Eubacterium_dolichum_DSM_3991,0.059015535,0.115113887,0.043270681,0.009721273,0.007754371,0.177314207,0.01012559,0.016412356,0.050487706,0.044702969,0.055058492,0.071604197,0.020369968,0.046819278,0.080658179,0.02892443,0.03332319,0.041192966,0.041807768,0.027621613,0.033583971,0.037443035,0.036501299,0.041606053,0.023028014,0.012017033,0.005751903,0.02558406,0.030386172,0.01689809,0.079722009,0.030061548,0.069481609,0.351804044,0.413823005,0.011398178,0.051056038,0.017181958,0.175176966,0.062798258,0.091099535,0.056012412,0.359413046,0.108355501,0.317570806,0.020138646,0.092958033,0.012351208,0.026010486,0.3642172,0.025093342,0.024666539,0.010636463,0.259758357,0.024873233,0.017215141,0.036758929,0.020344465,0.023999199,0.021740925,0.192016214,0.090045434,0.032762106,0.061767957,0.009690837,0.016830289,0.096545087,0.025389713,0.008945688,0.092919333,0.012885597,0.056074062,0.017659381,0.01724539,0.070928918,0.104295164,0.243204559,0.068037448,0.283753099,0.092744874,0.174396099,0.378547046,0.202889302,0.200600204,0.176706119,0.322050152,0.269910163,0.080399714,0.390385455,0.497496105,0.102619917,0.097807776,0.481039352,0.10797599,0.104439445,0.405576736,0.37958503,0.210753149,0.299889652,0.170029603,0.22638641,0.141243446,0.299341852,0.387792275,0.073774702,0.030234949,0.22114309,0.086021444,0.074859422,0.14111079,0.175485742,0.175661206,1,0.127254469,0.173435661,0.187436832,0.075524648,0.009474087,0.04642268,0.054686858,0.016112562,0.104587378,0.031020682,0.063391904,0.038490027,0.032473946,0.017630441,0.033510208,0.012898939,0.083278995,0.05600337,0.023571636,0.172580065,0.047080636,0.072336655,0.046782649,0.034374749,0.081892168,0.024051935,0.295257532,0.018521736,0.021222336,0.072072526,0.072412143,0.028436065,0.228365388,0.229038255,0.156231207,0.353133471,0.07116064,0.203745225,0.082408016,0.079462727,0.06438575
Finegoldia_magna_ATCC_29328,0.012946332,0.3278526,0.005969121,0.002010526,0.001089417,0.032665384,0.001426841,0.002939995,0.009423339,0.00808014,0.00759523,0.009877684,0.003758729,0.006786474,0.012045334,0.005168966,0.00459688,0.00701665,0.006931302,0.003810357,0.004632855,0.005319228,0.005035295,0.005746023,0.003659586,0.00165773,0.000821102,0.00352928,0.004191723,0.002711138,0.022364735,0.004982001,0.018035193,0.078995127,0.111276484,0.001943374,0.008963502,0.002370223,0.033697861,0.015545151,0.016054432,0.00945798,0.080439867,0.019176607,0.065987324,0.003429249,0.015065381,0.001781808,0.003637663,0.093249839,0.004750301,0.003402709,0.001559208,0.058382304,0.00450607,0.002374801,0.005096416,0.003523579,0.004185897,0.002999125,0.043520144,0.014377414,0.00451948,0.009714619,0.001366186,0.002985524,0.015529971,0.003528434,0.001461548,0.015818064,0.001777547,0.008086074,0.002436083,0.002378974,0.014118152,0.017161791,0.058895521,0.271895041,0.197834654,0.631058989,0.525574107,0.212492539,0.064942147,0.377207882,0.069227847,0.198146594,0.167033824,0.459630564,0.113113801,0.175763927,0.227863581,0.122691855,0.238430888,0.332911336,0.273224447,0.297132297,0.297611098,0.376345103,0.38589781,0.120466978,0.354278503,0.03102703,0.181589618,0.236723568,0.295676312,0.008901877,0.405535285,0.116155605,0.192276647,0.232642879,0.256577111,0.094868085,0.127254469,1,0.392621869,0.129816469,0.284626211,0.068678494,0.041811582,0.106697407,0.10566087,0.137690856,0.120628176,0.177092906,0.19526613,0.146950074,0.127804616,0.183798396,0.047375284,0.127971979,0.061730354,0.142995499,0.174564184,0.040901919,0.019489972,0.034541287,0.014071401,0.278007854,0.036606561,0.3253363,0.095860452,0.086518795,0.153911948,0.300673507,0.202167122,0.108404947,0.304354827,0.275441908,0.154354865,0.335188037,0.117356475,0.338460766,0.242683037,0.218232257
Fusobacterium_nucleatum_nucleatum_ATCC_25586,0.021054141,0.259097057,0.008398424,0.002078252,0.001532787,0.044669854,0.002007534,0.003853852,0.011546731,0.010468379,0.010686325,0.013897688,0.004516219,0.009548422,0.016678861,0.007272624,0.006467711,0.009407981,0.007682545,0.00536109,0.006518326,0.00748404,0.007084552,0.008084531,0.004302994,0.002332391,0.000938341,0.004965621,0.005897664,0.003442106,0.025312274,0.006286642,0.018581746,0.099084188,0.111350864,0.002734285,0.009616918,0.003334853,0.045433716,0.01842863,0.021767765,0.013307173,0.104774154,0.026981073,0.091839434,0.004521128,0.021196666,0.002506966,0.005118113,0.105907649,0.005678123,0.004787538,0.002193772,0.074677705,0.004540624,0.003341294,0.006771755,0.004957599,0.005889466,0.004219705,0.046280077,0.020228711,0.00635881,0.013668259,0.001829056,0.003232601,0.021850335,0.004964431,0.002056367,0.022255675,0.002500971,0.011376932,0.003427516,0.003347165,0.016353218,0.024146269,0.0787279,0.253459824,0.189919566,0.410160938,0.343058121,0.205846239,0.058439456,0.267661807,0.057993583,0.184371806,0.14263559,0.317015387,0.106029512,0.154362556,0.376562578,0.107139592,0.209306067,0.215144315,0.18903296,0.244229418,0.238030517,0.308605941,0.278044385,0.123840394,0.287419184,0.040433062,0.145608466,0.194902774,0.209390492,0.007879975,0.2858755,0.098729107,0.195300561,0.19554258,0.213120131,0.122993519,0.173435661,0.392621869,1,0.147068735,0.268710515,0.048812756,0.034478887,0.08699707,0.077321006,0.107562865,0.092716349,0.144828407,0.139253135,0.097297371,0.090370744,0.135634163,0.036129189,0.136916071,0.06921446,0.098540213,0.158417808,0.03627767,0.019879048,0.024776302,0.012407175,0.282888295,0.033761018,0.255048076,0.067487802,0.06671436,0.12386988,0.179338049,0.146268801,0.133607796,0.29887842,0.244987663,0.182722955,0.275220986,0.143453386,0.291070823,0.193970611,0.164591385
Haemophilus_influenzae_NTHi_86_028NP,0.05588859,0.104481968,0.033255648,0.007272265,0.00606945,0.131735431,0.007866709,0.010224505,0.03699747,0.027588987,0.04231516,0.053459421,0.01893833,0.035528665,0.056720844,0.021960203,0.025610511,0.034624634,0.022921434,0.02019128,0.025810934,0.029634916,0.028053045,0.03201271,0.019439983,0.009235681,0.004290428,0.019662609,0.023353269,0.012556665,0.080887963,0.023147329,0.063049647,0.228891818,0.235920299,0.009459707,0.029807171,0.01320518,0.125701171,0.074631627,0.055459694,0.03893906,0.217607269,0.086809307,0.232198597,0.016706502,0.075659679,0.009926955,0.02026644,0.189703295,0.018822426,0.018957449,0.00825589,0.157470973,0.017744217,0.013230683,0.028393565,0.017641632,0.023241842,0.01670897,0.130750542,0.070863598,0.023968785,0.044649652,0.006682625,0.010221022,0.072547188,0.019657897,0.006772854,0.074157064,0.009358651,0.045049789,0.013572103,0.01325393,0.073282982,0.089607835,0.131138063,0.098547731,0.225506442,0.09096012,0.122971428,0.202478951,0.126752125,0.164370117,0.160565551,0.255084164,0.258100711,0.085622693,0.181263637,0.251284484,0.169996048,0.061022147,0.229659282,0.106652831,0.137524811,0.227060111,0.216438882,0.128552878,0.203793551,0.086788869,0.172905913,0.081858753,0.176618904,0.224714586,0.081563301,0.024818889,0.163116737,0.141613558,0.102627843,0.142893767,0.126413695,0.126979992,0.187436832,0.129816469,0.147068735,1,0.112903471,0.012300286,0.068614628,0.037934907,0.017261071,0.07305196,0.039359625,0.044006614,0.044372408,0.039442799,0.022387913,0.037481184,0.021200552,0.093593774,0.049922785,0.028088186,0.133432692,0.032335419,0.051211751,0.045909269,0.025614581,0.129370789,0.026836794,0.207094223,0.016700982,0.020209849,0.037455754,0.071682133,0.035921948,0.227255636,0.217334828,0.16629676,0.324824974,0.087798974,0.186480227,0.106471275,0.067926601,0.050516818
Haemophilus_parasuis_SH0165,0.009655726,0.174947668,0.003754934,0.001069087,0.000685309,0.020548479,0.000897568,0.001747108,0.006225273,0.005378936,0.004777854,0.006213654,0.002489436,0.004269098,0.007577235,0.003251589,0.002891713,0.004413892,0.004683884,0.002396942,0.002914343,0.003346113,0.003167502,0.003614592,0.002302099,0.001042812,0.000516522,0.002220128,0.002636845,0.001630942,0.013359101,0.002993965,0.011101539,0.049692658,0.066546561,0.001222498,0.00576669,0.001491012,0.020951043,0.009778829,0.01002965,0.005949635,0.049054555,0.012063233,0.041509972,0.002157203,0.009477025,0.001120864,0.002288307,0.060697929,0.002988223,0.002140508,0.000980835,0.036002739,0.002728615,0.001493892,0.00320595,0.002216542,0.002633179,0.001886629,0.026366362,0.009044253,0.002843023,0.006111076,0.000859413,0.001822796,0.009769281,0.002219596,0.000919401,0.009950508,0.001118184,0.005086624,0.001532442,0.001496517,0.008948123,0.010795793,0.034492456,0.827690347,0.112976464,0.286525651,0.223513217,0.118266904,0.037646773,0.190277695,0.04105078,0.114774221,0.10491064,0.286463762,0.065610428,0.102352268,0.331032273,0.056279214,0.132712476,0.235400178,0.193822808,0.173612524,0.15677065,0.221217022,0.204746443,0.058835766,0.221348443,0.018137365,0.084170413,0.116546615,0.240526722,0.004414382,0.182057703,0.071722846,0.173309255,0.171770713,0.187759668,0.0651802,0.075524648,0.284626211,0.268710515,0.112903471,1,0.099547465,0.024715818,0.098389182,0.108280394,0.070657528,0.090428274,0.159602815,0.290200798,0.124159671,0.163141426,0.170130268,0.04833139,0.104187312,0.039896221,0.155878116,0.10182895,0.01851519,0.011222713,0.025282701,0.006836898,0.822987122,0.025742399,0.175707767,0.124801619,0.092108309,0.111994687,0.232124076,0.245997226,0.082931401,0.212329221,0.194413622,0.103576375,0.311114081,0.081777096,0.300618221,0.214539526,0.170713961
Helicobacter_pullorum_MIT_98_5489,0.001090213,0.072261945,0.00040995,0.000165694,7.48E-05,0.002243409,9.80E-05,0.000201914,0.000679653,0.0006095,0.000521629,0.000678384,0.000271788,0.000466085,0.000827255,0.000354997,0.000315707,0.000481893,0.000527774,0.00026169,0.000318177,0.000365317,0.000345817,0.000394628,0.000251335,0.00011385,5.64E-05,0.000242386,0.000287881,0.000190914,0.001555864,0.000352657,0.00124174,0.005425266,0.007642301,0.000133468,0.000645361,0.000162783,0.002327173,0.001067618,0.00111362,0.00064956,0.005869514,0.001317021,0.00453191,0.000235516,0.001034668,0.000122372,0.000249829,0.006740391,0.000326243,0.000233693,0.000107084,0.004009609,0.00030947,0.000163098,0.000350014,0.000241994,0.000287481,0.000205975,0.002988898,0.000987419,0.000310391,0.000667185,9.38E-05,0.000235453,0.001066575,0.000242328,0.000100377,0.001086361,0.000122079,0.000555339,0.000167307,0.000163384,0.000976924,0.001178646,0.004097025,0.115374668,0.014514221,0.102152142,0.054124966,0.015618424,0.004745572,0.035564232,0.005301925,0.014913245,0.013704461,0.115115743,0.00787276,0.012182779,0.069366917,0.022229315,0.018262869,0.072271717,0.052042382,0.022389338,0.022849281,0.041998689,0.031104192,0.010708684,0.033172658,0.002191308,0.012785142,0.016590393,0.117359072,0.000708175,0.041124389,0.017706189,0.086970973,0.043869977,0.040851661,0.013593096,0.009474087,0.068678494,0.048812756,0.012300286,0.099547465,1,0.00609889,0.059868,0.160460825,0.023720243,0.052440525,0.095907665,0.213509754,0.110662152,0.441803497,0.163156187,0.055910633,0.03332743,0.008545075,0.339868772,0.021356592,0.003774084,0.002062639,0.018483391,0.001108729,0.085684636,0.009755298,0.027053816,0.329886531,0.087554544,0.062342559,0.113071503,0.325268255,0.009266983,0.031297443,0.040971339,0.011323905,0.123564817,0.010564891,0.101805501,0.096501096,0.083538066
Klebsiella_pneumoniae_342,0.038716595,0.033932035,0.036228886,0.013616075,0.011849135,0.067843224,0.014894258,0.025732531,0.029558547,0.026454372,0.029904953,0.048472371,0.00571879,0.03529108,0.028589777,0.011221374,0.040751197,0.026730828,0.00988832,0.036773018,0.041421518,0.030436896,0.037924499,0.02272737,0.006890366,0.011272471,0.008930785,0.027710334,0.023430751,0.016856972,0.031249667,0.035655909,0.091870604,0.064316676,0.064039574,0.007629395,0.024802784,0.025779925,0.049813751,0.064308577,0.033785168,0.030976633,0.066304419,0.036981853,0.06044331,0.012862133,0.044872712,0.019207735,0.026717416,0.04674473,0.009093882,0.03388052,0.014255222,0.066893156,0.026892907,0.023486316,0.041414219,0.024569745,0.021352029,0.026691232,0.048340248,0.069784755,0.04408677,0.019172912,0.014810066,0.010562783,0.042588952,0.038377297,0.015896647,0.02783064,0.016316264,0.040039104,0.023091029,0.025082504,0.029660454,0.055307237,0.069339041,0.024208439,0.050176929,0.027945836,0.036027717,0.050390808,0.028844436,0.039925486,0.027055376,0.056502273,0.052473669,0.026101447,0.056070059,0.05841632,0.024540859,0.017702609,0.054788382,0.051387885,0.08964146,0.053506119,0.048880066,0.035598038,0.045516617,0.033739564,0.046816444,0.072508037,0.04367774,0.052153502,0.048220144,0.007413227,0.03802193,0.170272835,0.056693648,0.037889159,0.034074599,0.049343585,0.04642268,0.041811582,0.034478887,0.068614628,0.024715818,0.00609889,1,0.01309877,0.005031418,0.024673544,0.012509761,0.022095609,0.013925494,0.011288153,0.010557234,0.011156971,0.007612829,0.039665344,0.023794164,0.013500378,0.104190742,0.014323747,0.060815595,0.017787159,0.035560211,0.025378204,0.011936519,0.04885022,0.007446215,0.009328554,0.021199689,0.040488522,0.014939577,0.055003565,0.042386686,0.031338913,0.055442627,0.027789325,0.040447161,0.030178471,0.018729523,0.01890623
Lactobacillus_acidophilus_NCFM,0.017418174,0.156456219,0.006255693,0.002314763,0.001141719,0.029388136,0.001495342,0.002987879,0.007304898,0.006026242,0.007959871,0.010351903,0.004147383,0.005674983,0.010734247,0.004287386,0.004817573,0.006167291,0.00495377,0.003993289,0.004855274,0.0055746,0.005277036,0.006021885,0.00383528,0.001737317,0.000860523,0.003698718,0.004392965,0.002749286,0.014449561,0.005187698,0.009566127,0.046344609,0.062176911,0.001855552,0.004458094,0.002281026,0.025017297,0.015088949,0.012955632,0.009912049,0.057901876,0.02009726,0.040083385,0.00267822,0.015788657,0.001867351,0.003812304,0.052626473,0.003588912,0.00356607,0.001634064,0.043943469,0.002109204,0.002488813,0.005341091,0.003692743,0.004386858,0.003143111,0.039934402,0.0111004,0.004736456,0.007098688,0.000970525,0.00147415,0.016275552,0.003697831,0.001531716,0.01167902,0.001862886,0.00847428,0.002553037,0.002493186,0.01490751,0.017985714,0.038850521,0.101798129,0.060155951,0.123317917,0.138732497,0.103715348,0.027526436,0.196247106,0.026776082,0.098566901,0.062281372,0.127969055,0.055919861,0.066040155,0.080657194,0.125581912,0.077451543,0.089407785,0.079633586,0.092216825,0.087590871,0.089563291,0.089835581,0.045230533,0.08780064,0.031581694,0.057542923,0.079863949,0.103522584,0.006714088,0.112016727,0.038518947,0.079391046,0.116361702,0.10196351,0.129342899,0.054686858,0.106697407,0.08699707,0.037934907,0.098389182,0.059868,0.01309877,1,0.049385354,0.090356026,0.068450984,0.100712519,0.140448916,0.076837651,0.10262266,0.076187362,0.036083779,0.130171162,0.020984529,0.115418323,0.100502493,0.01106546,0.01979811,0.099806088,0.004508141,0.092423135,0.019557043,0.077980668,0.067023748,0.056657329,0.068758613,0.108241708,0.119640668,0.037964203,0.086692437,0.087472081,0.068741986,0.120671828,0.045712094,0.118747509,0.113678888,0.105442376
Lactobacillus_casei_casei_BL23,0.00180341,0.101930299,0.000697202,0.000275095,0.000127245,0.003815362,0.000166657,0.000343395,0.001155885,0.001036575,0.000887133,0.001153727,0.000462229,0.000792669,0.001406912,0.000603742,0.000536922,0.000819554,0.000897585,0.000445055,0.000541124,0.000621293,0.000588129,0.000671143,0.000427445,0.000193625,9.59E-05,0.000412225,0.000489599,0.000323651,0.002646055,0.000599764,0.002111825,0.00922674,0.012997247,0.000226989,0.001097564,0.000276845,0.003957819,0.001815695,0.001893932,0.001104705,0.009982271,0.002239854,0.00770741,0.000400541,0.001759657,0.000208118,0.000424884,0.011463369,0.000554842,0.000397441,0.000182118,0.006819134,0.000526315,0.00027738,0.000595268,0.000411559,0.000488918,0.000350302,0.005083213,0.001679302,0.000527881,0.001134681,0.000159572,0.000400435,0.001813922,0.000412126,0.000170711,0.001847572,0.00020762,0.000944465,0.000284538,0.000277867,0.001661453,0.002004521,0.006967801,0.117333533,0.024684307,0.13284971,0.091648302,0.026562223,0.008053493,0.060484018,0.009016973,0.025254021,0.022827274,0.141896617,0.013389187,0.020719229,0.074742363,0.028426538,0.031059625,0.067337951,0.056057558,0.038077502,0.038859726,0.057773669,0.052898838,0.017653522,0.047897814,0.003695356,0.021743666,0.028215248,0.09284109,0.001148164,0.064475604,0.016749338,0.058208627,0.069577667,0.068517227,0.017872521,0.016112562,0.10566087,0.077321006,0.017261071,0.108280394,0.160460825,0.005031418,0.049385354,1,0.027947793,0.093706092,0.088097297,0.185406038,0.165647082,0.216135279,0.255667768,0.052875581,0.041635223,0.011387433,0.201553367,0.034621628,0.006193537,0.002933192,0.014031351,0.001883636,0.097139832,0.010084416,0.046010372,0.19597333,0.06747823,0.042349336,0.087417041,0.218942706,0.01576034,0.053096792,0.059002285,0.019258543,0.139514321,0.017519732,0.11874116,0.118747955,0.10432096
Lactobacillus_delbrueckii_bulgaricus_ATCC_11842,0.041055172,0.109100349,0.016922373,0.006116054,0.003088483,0.048826486,0.003775051,0.003662699,0.011153195,0.011097177,0.02153237,0.028003093,0.007151045,0.0098504,0.023569294,0.005666747,0.012792261,0.010101636,0.007642686,0.010802308,0.013134077,0.015079938,0.014274991,0.016289895,0.007470791,0.004421907,0.002327813,0.010005458,0.011883477,0.007557466,0.023506351,0.013997927,0.018777851,0.093636598,0.108456919,0.002937735,0.011232698,0.00671955,0.071418978,0.014916247,0.039964334,0.024612323,0.091500567,0.031078157,0.084495911,0.005090355,0.026815972,0.005051402,0.010204926,0.08506874,0.006475813,0.009646633,0.004420333,0.07234319,0.005395132,0.006732527,0.014448267,0.009989296,0.00642472,0.008502478,0.058078909,0.040759766,0.012353882,0.01317416,0.003873119,0.003730501,0.04402725,0.010003061,0.001912054,0.021586062,0.002808895,0.02287726,0.006906261,0.006744357,0.040326538,0.032750067,0.067987361,0.069725594,0.12578262,0.129206904,0.175311061,0.134347719,0.047003155,0.138985833,0.047596532,0.123698384,0.101886658,0.123305668,0.143128757,0.126873049,0.072375579,0.059043155,0.165699839,0.10931235,0.084906742,0.157953082,0.159700564,0.118810656,0.15369018,0.085360491,0.127906022,0.024603391,0.117724113,0.14377894,0.098896542,0.011488422,0.169819784,0.056943359,0.072796606,0.124875817,0.128544738,0.110578327,0.104587378,0.137690856,0.107562865,0.07305196,0.070657528,0.023720243,0.024673544,0.090356026,0.027947793,1,0.040237786,0.059497444,0.060937642,0.050983817,0.043515707,0.056796225,0.019275022,0.08238164,0.036510928,0.047198398,0.120880219,0.024420561,0.025808288,0.015745794,0.014912611,0.070484544,0.025469603,0.142581393,0.029445881,0.030911625,0.064584575,0.087067168,0.062608482,0.07600842,0.139353934,0.097248209,0.118788641,0.090554496,0.079206426,0.106067249,0.102223194,0.084137751
Lactobacillus_fermentum_IFO_3956,0.009155199,0.13202868,0.003306276,0.000514202,0.000603425,0.01809325,0.000645127,0.001628454,0.005481448,0.004028724,0.004206973,0.005471217,0.001782965,0.003556188,0.006671871,0.002863073,0.002546197,0.003293735,0.003335022,0.002110544,0.002566123,0.002946303,0.002789034,0.003182704,0.001766546,0.000918211,0.000454806,0.001954857,0.002321782,0.000575982,0.004923956,0.002751162,0.004871257,0.022942275,0.029177286,0.00083855,0.002128637,0.001312859,0.011238599,0.008610408,0.00724608,0.005238744,0.026419217,0.010617527,0.019536698,0.001641798,0.008344665,0.000986938,0.002014889,0.022509606,0.002631176,0.00188475,0.00086364,0.024216457,0.001100188,0.001315395,0.002822888,0.001951699,0.002318554,0.001661206,0.022433255,0.007500549,0.002503325,0.004961618,0.000756726,0.000790153,0.008602001,0.001954388,0.000809547,0.005122525,0.000984578,0.00447885,0.001349338,0.001317706,0.007878959,0.00950586,0.033042782,0.09431025,0.116959948,0.133608947,0.117695779,0.062938818,0.013375877,0.082511096,0.016062419,0.050267074,0.098159405,0.119974544,0.027447564,0.039299879,0.094727008,0.031641187,0.056695073,0.146667084,0.095350655,0.068500927,0.066183007,0.085509616,0.084103785,0.02897636,0.076775667,0.009707464,0.041370713,0.055323794,0.130803378,0.002322504,0.103026338,0.090652429,0.145488964,0.102739679,0.090903263,0.040839937,0.031020682,0.120628176,0.092716349,0.039359625,0.090428274,0.052440525,0.012509761,0.068450984,0.093706092,0.040237786,1,0.100254705,0.108376968,0.270332484,0.101364829,0.128095553,0.514372844,0.217530421,0.061927542,0.170583801,0.057854209,0.009519809,0.00578216,0.016811501,0.003395379,0.094854693,0.06225457,0.08634036,0.079928281,0.058710751,0.049745651,0.135901944,0.099941875,0.072025309,0.164725291,0.1029486,0.091328066,0.183729421,0.080309049,0.205374282,0.105657639,0.091920049
Lactobacillus_gasseri_ATCC_33323,0.007906809,0.166249289,0.003908036,0.001473568,0.000713251,0.021386314,0.000934165,0.001622197,0.005181542,0.00495957,0.004972664,0.006467006,0.002590939,0.004443164,0.006957033,0.002854007,0.003009618,0.004593862,0.00393907,0.002494674,0.003033171,0.003482546,0.003296652,0.003761972,0.002395963,0.001085331,0.000537583,0.002310651,0.002744358,0.001815745,0.008669516,0.00302452,0.007488967,0.047876268,0.060118583,0.001272344,0.004788979,0.001551806,0.02000463,0.010177547,0.009164965,0.006192223,0.04411912,0.012555093,0.042311022,0.00224516,0.009863437,0.001166566,0.00238161,0.052328424,0.003110064,0.002227784,0.001020827,0.034853297,0.002950164,0.001554803,0.003336668,0.002306918,0.002740543,0.001963554,0.022995991,0.009413019,0.002958943,0.006360246,0.000894454,0.002240714,0.010167609,0.002310097,0.000956888,0.009997853,0.001163776,0.005294024,0.001594925,0.001557535,0.00931297,0.011235975,0.030030196,0.162748114,0.072918801,0.198870699,0.172588122,0.087860155,0.023546641,0.130868155,0.024671443,0.067141463,0.084573736,0.202796521,0.056534297,0.087839617,0.128016787,0.059078504,0.117347273,0.12320208,0.142313618,0.130037523,0.130289072,0.154350336,0.158147245,0.044095637,0.176967576,0.018186039,0.070769191,0.096294066,0.167638709,0.00496114,0.144262564,0.05755006,0.131812434,0.130742313,0.132187568,0.051985552,0.063391904,0.177092906,0.144828407,0.044006614,0.159602815,0.095907665,0.022095609,0.100712519,0.088097297,0.059497444,0.100254705,1,0.191759044,0.1362938,0.18182367,0.104915995,0.049904,0.072451122,0.075239504,0.198476895,0.086249724,0.015877965,0.013574361,0.029337785,0.009226633,0.146442368,0.025480675,0.123437436,0.189065172,0.284426597,0.160624723,0.140352596,0.206658594,0.055173531,0.126153151,0.185063136,0.074369569,0.196879499,0.043298089,0.189669439,0.145044321,0.333545905
Lactobacillus_helveticus_DPC_4571,0.004809932,0.194230434,0.001795587,0.000609347,0.000327711,0.009826162,0.000429212,0.000884388,0.002976889,0.002669616,0.002284742,0.002971333,0.001190434,0.002041458,0.003623389,0.001554891,0.0013828,0.002110697,0.002311659,0.001146204,0.001393622,0.001600091,0.001514681,0.001728477,0.00110085,0.000498666,0.000246998,0.001061652,0.001260924,0.000823826,0.006796401,0.001544644,0.005438839,0.023762738,0.03347338,0.000584592,0.002826689,0.000712993,0.01019305,0.004676179,0.004877672,0.00284508,0.024883968,0.005768567,0.019849825,0.001031562,0.004531858,0.000535991,0.001094255,0.029523,0.001428951,0.001023578,0.00046903,0.017562139,0.001341267,0.00071437,0.001533067,0.001059937,0.001259171,0.000902175,0.012940389,0.004324909,0.001359517,0.002922281,0.000410966,0.000873632,0.004671613,0.001061398,0.000439652,0.004758275,0.000534709,0.002432394,0.000732805,0.000715626,0.00427894,0.005162485,0.01770538,0.316163516,0.058891936,0.262663214,0.178919558,0.062721037,0.020605265,0.117188124,0.022540767,0.062591981,0.050838309,0.280218837,0.034066788,0.051387344,0.147040447,0.051425091,0.071248143,0.140927829,0.108100201,0.088096744,0.085174021,0.134991384,0.111041567,0.035490775,0.111717338,0.009580169,0.045498385,0.059389996,0.201294764,0.002542293,0.128219663,0.042221689,0.136215252,0.147722206,0.109031479,0.044784764,0.038490027,0.19526613,0.139253135,0.044372408,0.290200798,0.213509754,0.013925494,0.140448916,0.185406038,0.060937642,0.108376968,0.191759044,1,0.194889554,0.339196727,0.239958529,0.074450014,0.085864022,0.024718401,0.341032006,0.074709134,0.012274648,0.006881866,0.03047587,0.003782746,0.261458167,0.022449991,0.111096594,0.225007165,0.107925844,0.120715111,0.184003944,0.401685704,0.04019946,0.128694085,0.133305298,0.048813715,0.275920121,0.042833385,0.256139713,0.215691972,0.213952843
Lactobacillus_hilgardii_ATCC_8290,0.004310193,0.153161279,0.001677969,0.000513538,0.000306244,0.009182511,0.000401097,0.000826457,0.002781891,0.002494746,0.002135082,0.002776699,0.001112456,0.001907734,0.003386043,0.001453039,0.001292221,0.001972439,0.002160236,0.001071123,0.001302334,0.001495279,0.001415463,0.001615255,0.00102874,0.000466002,0.000230819,0.00099211,0.001178328,0.000577128,0.004993724,0.001385702,0.004932933,0.022206186,0.030299274,0.000546299,0.002153601,0.000666289,0.009525366,0.004369871,0.004558165,0.002658717,0.02402454,0.005390704,0.018549585,0.00096399,0.004235004,0.000500881,0.001022577,0.023316887,0.001335349,0.00095653,0.000438306,0.016411751,0.001110889,0.000667576,0.001432645,0.000990507,0.00117669,0.000843079,0.012233874,0.004041611,0.001270463,0.00273086,0.000384046,0.000798002,0.004365604,0.000991872,0.000410853,0.004446589,0.000499683,0.002273063,0.000684803,0.000668749,0.003998653,0.004824322,0.016769553,0.129428313,0.057611539,0.169297138,0.140980657,0.063927854,0.013641604,0.09427001,0.016644415,0.054688624,0.054621333,0.15334379,0.028546059,0.041565666,0.113141892,0.038040433,0.061331516,0.162803871,0.110047307,0.075212158,0.07279701,0.096728518,0.096945605,0.032756514,0.08669091,0.008969253,0.04340997,0.059350395,0.144317485,0.002343664,0.11463638,0.049162535,0.167984126,0.103236768,0.098560387,0.039492497,0.032473946,0.146950074,0.097297371,0.039442799,0.124159671,0.110662152,0.011288153,0.076837651,0.165647082,0.050983817,0.270332484,0.1362938,0.194889554,1,0.168761209,0.287600973,0.156375004,0.099661829,0.028352317,0.257395151,0.059010201,0.009660119,0.006045689,0.020716759,0.003388061,0.125972397,0.022676455,0.100154307,0.114442419,0.0706974,0.04947722,0.160350512,0.177561355,0.035739099,0.119008269,0.121671183,0.046349935,0.2730636,0.040646442,0.260759917,0.142301801,0.107904309
Lactobacillus_johnsonii_NCC_533,0.001957895,0.127397222,0.000762881,0.000308342,0.000139233,0.004174787,0.000182357,0.000375745,0.001264774,0.001134225,0.000970705,0.001262414,0.000505773,0.000867343,0.001539449,0.000660618,0.000587503,0.00089676,0.000982142,0.000486981,0.0005921,0.000679822,0.000643534,0.000734368,0.000467712,0.000211866,0.000104941,0.000451058,0.000535722,0.000355275,0.002895326,0.000646425,0.002310769,0.010095942,0.014221648,0.000248372,0.00120096,0.000302925,0.004330664,0.001986742,0.002072349,0.001208773,0.010922648,0.002450859,0.008433485,0.000438274,0.001925425,0.000227723,0.00046491,0.012543273,0.00060711,0.000434882,0.000199274,0.007461528,0.000575897,0.000303511,0.000651345,0.00045033,0.000534977,0.000383302,0.005562075,0.0018375,0.00057761,0.001241573,0.000174605,0.000438158,0.001984802,0.00045095,0.000186793,0.002021622,0.000227179,0.001033438,0.000311343,0.000304044,0.001817969,0.002193356,0.007624201,0.181423151,0.027009685,0.190096121,0.100721786,0.029064509,0.008775343,0.066181897,0.009800456,0.027458696,0.025502792,0.207193391,0.014650512,0.022671077,0.113189798,0.038802889,0.033985587,0.120741952,0.082107372,0.041664582,0.042520495,0.077165898,0.057882157,0.020074476,0.06169946,0.00407783,0.023792021,0.030873257,0.201650902,0.001317851,0.076528859,0.030292281,0.136774291,0.074719736,0.073200849,0.02328295,0.017630441,0.127804616,0.090370744,0.022387913,0.163141426,0.441803497,0.010557234,0.10262266,0.216135279,0.043515707,0.101364829,0.18182367,0.339196727,0.168761209,1,0.223167253,0.074810339,0.057126935,0.01590163,0.561456173,0.039678915,0.007023237,0.003663396,0.019696333,0.002063247,0.139226591,0.017469645,0.050344765,0.354546013,0.117722218,0.104859284,0.175952449,0.519722514,0.017245038,0.05824178,0.074742551,0.021072788,0.212475669,0.019543572,0.177863046,0.165916218,0.151107966
Lactobacillus_paracasei_ATCC_25302,0.003415281,0.162828215,0.00145001,0.000540883,0.00026464,0.007935024,0.000346606,0.000714179,0.002403959,0.002155823,0.001845022,0.002399472,0.000961323,0.00164856,0.002926034,0.001255637,0.001116667,0.001704474,0.001866758,0.000925606,0.001125406,0.001292139,0.001223166,0.001395815,0.000888981,0.000402693,0.000199461,0.000857327,0.001018247,0.00064906,0.005482594,0.001227071,0.004392083,0.019189374,0.027031111,0.000472081,0.002282666,0.000575771,0.008231301,0.003776204,0.003938918,0.002297518,0.020760696,0.004658352,0.016029538,0.000833028,0.003659659,0.000432834,0.000883655,0.023841019,0.001153936,0.000826581,0.00037876,0.014182139,0.001094608,0.000576883,0.001238013,0.000855942,0.001016831,0.000728543,0.010571846,0.003492539,0.001097865,0.00235986,0.000331872,0.000832807,0.003772517,0.000857122,0.000355037,0.0038425,0.000431799,0.001964257,0.00059177,0.000577897,0.003455418,0.004168916,0.014491332,0.183652825,0.051337353,0.234680915,0.159996835,0.055242961,0.01603826,0.111812889,0.018650363,0.052078565,0.048473199,0.216988617,0.027846252,0.043090955,0.130835602,0.049104133,0.064596463,0.129412047,0.104448786,0.079191941,0.080818776,0.112829741,0.108176876,0.034556261,0.094359487,0.007750739,0.043950476,0.058017159,0.172248951,0.002260298,0.11845655,0.03393512,0.120210355,0.115696913,0.108527148,0.037359596,0.033510208,0.183798396,0.135634163,0.037481184,0.170130268,0.163156187,0.011156971,0.076187362,0.255667768,0.056796225,0.128095553,0.104915995,0.239958529,0.287600973,0.223167253,1,0.077636903,0.076681749,0.022194484,0.255934167,0.062454386,0.011281214,0.005239038,0.01635202,0.003573459,0.162692359,0.017693574,0.095682546,0.161531129,0.079613189,0.073754874,0.180368786,0.259970493,0.030543472,0.106759608,0.108159301,0.040053083,0.251942791,0.034145401,0.236050471,0.196050096,0.157957725
Lactobacillus_reuteri_SD2112_ATCC_55730,0.007943918,0.055716445,0.003614491,0.000192007,0.000475876,0.018056042,0.000452774,0.00178026,0.005992435,0.002829284,0.004599152,0.005981249,0.001249023,0.002638591,0.00729383,0.003129972,0.002783556,0.002345768,0.002297208,0.002307292,0.00280534,0.003220961,0.00304903,0.003479399,0.001272695,0.001003808,0.000497203,0.00213709,0.002538221,0.000212107,0.001899292,0.003109346,0.002439228,0.012332366,0.014353168,0.000576543,0.000864824,0.001435245,0.006664724,0.00941308,0.005049714,0.005727106,0.014900807,0.008004973,0.01066219,0.001179089,0.008246702,0.001078941,0.00220272,0.009515865,0.002876457,0.002060448,0.00094415,0.01623633,0.000493448,0.001438017,0.003086041,0.002133638,0.001830613,0.001816065,0.016445528,0.005549289,0.002736688,0.003646566,0.000827269,0.000328502,0.009403888,0.002136578,0.000885014,0.002990024,0.001076361,0.004896373,0.001475125,0.001440544,0.008613444,0.010392007,0.033784707,0.049793222,0.127970476,0.058362256,0.044773921,0.032830299,0.005179443,0.030433502,0.007231274,0.025464916,0.07214394,0.060619189,0.012271689,0.016174668,0.04371692,0.01707859,0.022658959,0.08153807,0.048627527,0.027245406,0.024458482,0.032147446,0.030459188,0.011807791,0.026960903,0.005479598,0.017129563,0.024020348,0.075865793,0.000963185,0.037284243,0.071344042,0.103138155,0.042199339,0.031554533,0.019440853,0.012898939,0.047375284,0.036129189,0.021200552,0.04833139,0.055910633,0.007612829,0.036083779,0.052875581,0.019275022,0.514372844,0.049904,0.074450014,0.156375004,0.074810339,0.077636903,1,0.290246217,0.075249845,0.108582406,0.024314614,0.003968003,0.002186978,0.01031961,0.001311284,0.047508144,0.085378931,0.041706955,0.06198286,0.042644569,0.035509798,0.067164631,0.070889274,0.081706092,0.114276467,0.061209756,0.099841768,0.125085186,0.094042658,0.139993064,0.061268598,0.051375458
Lactobacillus_sakei_sakei_23K,0.025438694,0.136815401,0.012252139,0.002548234,0.00182263,0.055590495,0.002216137,0.005965682,0.018750042,0.011840332,0.01558987,0.020274803,0.005936863,0.011004298,0.022068687,0.010250222,0.009435496,0.010991506,0.00990891,0.007821089,0.009509336,0.010918178,0.010335381,0.011794212,0.005708897,0.003402636,0.001685384,0.007244153,0.008603876,0.0035141,0.02370849,0.010308563,0.015805612,0.077989991,0.096595333,0.0029775,0.007343953,0.004865089,0.038563254,0.026310438,0.019798653,0.018576841,0.091645419,0.03031252,0.067410356,0.00531326,0.026779025,0.003657316,0.007466619,0.079169031,0.009480803,0.006984356,0.00320041,0.070931315,0.004107262,0.004874485,0.010460836,0.007232452,0.006998044,0.006155966,0.054101158,0.022655455,0.009276624,0.014237797,0.002664407,0.00269749,0.031202907,0.007242417,0.002723539,0.01929708,0.00364857,0.016597369,0.005000272,0.004859776,0.028780153,0.034240006,0.076476005,0.102517873,0.242325808,0.123474017,0.137290425,0.146240945,0.045036916,0.13707059,0.046468432,0.140301494,0.175498927,0.1295216,0.082802185,0.112772587,0.111472329,0.05641401,0.122655847,0.156870959,0.122756741,0.133428786,0.124757934,0.104123013,0.127647447,0.077142724,0.114082185,0.027326685,0.092967904,0.119529998,0.125972444,0.011030009,0.135812589,0.139477868,0.178646334,0.125167721,0.127947343,0.101604486,0.083278995,0.127971979,0.136916071,0.093593774,0.104187312,0.03332743,0.039665344,0.130171162,0.041635223,0.08238164,0.217530421,0.072451122,0.085864022,0.099661829,0.057126935,0.076681749,0.290246217,1,0.114494347,0.066512903,0.11156109,0.017629638,0.03455048,0.108106236,0.008029687,0.104965778,0.118743463,0.130386444,0.041139374,0.039323529,0.064703968,0.1071964,0.088077567,0.161331785,0.200405809,0.129007861,0.199796633,0.147868353,0.183246866,0.1621712,0.092286762,0.09067648
Lactobacillus_salivarius_HO66_ATCC_11741,0.019025734,0.044421032,0.016575553,0.002938925,0.00186151,0.043815733,0.00226364,0.022499774,0.022275267,0.010551667,0.016401261,0.022342098,0.00617283,0.009713476,0.031105753,0.039665226,0.014836591,0.010865106,0.008604778,0.014782019,0.025145959,0.01641398,0.0118448,0.016771479,0.005834503,0.013323514,0.006599366,0.013318676,0.016649972,0.003698416,0.015107634,0.03024037,0.013737393,0.055712256,0.059440507,0.003033307,0.008293164,0.012961634,0.030712,0.027602088,0.017744914,0.020900475,0.054853565,0.027480214,0.051713168,0.00546182,0.024719435,0.006095499,0.020602094,0.055777757,0.018410551,0.00721016,0.012531672,0.050825557,0.006095963,0.013005179,0.011036996,0.020715618,0.007019266,0.016219327,0.040140951,0.022006943,0.013153356,0.015183519,0.010980317,0.004604708,0.031775134,0.019395473,0.011746759,0.017188415,0.014286508,0.032998076,0.014413551,0.004901767,0.112411511,0.031803823,0.056997592,0.037235625,0.177679938,0.057727183,0.065413567,0.069273438,0.031231478,0.061179601,0.033408804,0.059904053,0.089149809,0.048937411,0.054904226,0.068605613,0.048471363,0.033652133,0.071553992,0.039908465,0.046622591,0.074471915,0.073668203,0.071316855,0.073297023,0.041764959,0.076857957,0.033830158,0.059400777,0.069252259,0.035269269,0.007787888,0.065959183,0.050312944,0.034120988,0.045352091,0.045519635,0.042449724,0.05600337,0.061730354,0.06921446,0.049922785,0.039896221,0.008545075,0.023794164,0.020984529,0.011387433,0.036510928,0.061927542,0.075239504,0.024718401,0.028352317,0.01590163,0.022194484,0.075249845,0.114494347,1,0.020351081,0.05461042,0.022854384,0.018719317,0.010122688,0.016505001,0.043274573,0.86085316,0.071206307,0.017532002,0.068448001,0.038154385,0.030376446,0.02503249,0.314143495,0.0892131,0.070617756,0.117130745,0.047573718,0.359773048,0.056078581,0.029504035,0.059042065
Lactobacillus_ultunensis_DSM_16047,0.002752902,0.149308661,0.001019961,0.000386173,0.000186152,0.005581628,0.000243808,0.000502365,0.001690984,0.001516442,0.001297819,0.001687828,0.000676211,0.001159624,0.002058221,0.000883236,0.000785482,0.001198955,0.001313109,0.000651087,0.000791629,0.000908912,0.000860395,0.000981839,0.000625324,0.000283261,0.000140304,0.000603058,0.000716252,0.000435852,0.003726076,0.00082352,0.003089464,0.013498124,0.019014131,0.00033207,0.001605665,0.000405007,0.005790034,0.002656244,0.0027707,0.001616112,0.014603417,0.003276762,0.011275443,0.000585966,0.002574265,0.000304463,0.000621578,0.016770168,0.000811697,0.000581431,0.000266426,0.009975951,0.000769965,0.000405789,0.000870839,0.000602084,0.000715256,0.000512469,0.007436412,0.00245671,0.000772256,0.001659965,0.000233444,0.00058581,0.002653651,0.000602914,0.000249739,0.002702878,0.000303735,0.001381691,0.00041626,0.000406502,0.002430598,0.002932484,0.010193443,0.173844091,0.036111545,0.206257798,0.12564919,0.038542463,0.010296011,0.079777715,0.012496154,0.035000168,0.034096852,0.215313744,0.019587515,0.030310892,0.116556948,0.039434386,0.045438223,0.160383028,0.119629534,0.055704923,0.055348983,0.084983839,0.073825351,0.025335995,0.069787028,0.005421016,0.031809577,0.041277083,0.245815001,0.001761947,0.096840496,0.04132465,0.173337271,0.105846464,0.084205112,0.033183649,0.023571636,0.142995499,0.098540213,0.028088186,0.155878116,0.339868772,0.013500378,0.115418323,0.201553367,0.047198398,0.170583801,0.198476895,0.341032006,0.257395151,0.561456173,0.255934167,0.108582406,0.066512903,0.020351081,1,0.052975198,0.008414849,0.004438286,0.021935774,0.002619689,0.140163106,0.019924475,0.067310198,0.294618269,0.12178373,0.100698376,0.235693041,0.406846406,0.023056359,0.074118773,0.093679191,0.028174002,0.240542523,0.024949829,0.20424502,0.194430726,0.151460628
Lactococcus_lactis_cremoris_MG1363,0.046581673,0.231500111,0.019195489,0.006582004,0.003503347,0.080120342,0.004281635,0.005785023,0.029627675,0.027321042,0.024424729,0.031764639,0.009776325,0.021277481,0.025845828,0.011246939,0.014782641,0.022564132,0.016503227,0.01225334,0.014898327,0.017105567,0.016192495,0.018478053,0.009489061,0.005330927,0.0026405,0.011349453,0.013479738,0.008013702,0.032816681,0.014667468,0.02875755,0.156850531,0.198913758,0.006249499,0.025043035,0.007622161,0.071972992,0.047648098,0.036621268,0.030344702,0.156755272,0.050583402,0.139256762,0.011027775,0.042018112,0.005729937,0.011651452,0.162891327,0.013002079,0.010942427,0.005014099,0.13148511,0.012044063,0.007636881,0.016389047,0.01133112,0.012294534,0.009644583,0.079904174,0.042081311,0.014533736,0.023445454,0.004257492,0.00979391,0.041672565,0.011346733,0.004700045,0.038641054,0.004680946,0.026003184,0.007157393,0.0076503,0.042950733,0.051361429,0.098167746,0.094642461,0.192933698,0.157872079,0.212597442,0.220065174,0.084715751,0.206065275,0.085988509,0.212019629,0.196293501,0.139431694,0.166111308,0.218568143,0.118664877,0.098461882,0.256195862,0.134751193,0.117116106,0.284912652,0.232173179,0.187131198,0.240315505,0.11604131,0.241540822,0.050487043,0.174867236,0.225656881,0.108268256,0.016768988,0.218349296,0.127209105,0.097029461,0.28534438,0.242338169,0.141627172,0.172580065,0.174564184,0.158417808,0.133432692,0.10182895,0.021356592,0.104190742,0.100502493,0.034621628,0.120880219,0.057854209,0.086249724,0.074709134,0.059010201,0.039678915,0.062454386,0.024314614,0.11156109,0.05461042,0.052975198,1,0.035039315,0.068092586,0.056753012,0.035754404,0.105936467,0.030587794,0.24372075,0.039354392,0.041070494,0.073743626,0.099542542,0.063718425,0.151339474,0.220195126,0.194237048,0.190901904,0.125769805,0.132474155,0.140728337,0.102676935,0.098485977
Megamonas_hypermegale_ART12_1,0.010858592,0.024998208,0.02109635,0.00829932,0.014275106,0.033735729,0.02355724,0.03603409,0.018186821,0.016574346,0.022325292,0.021618982,0.004604155,0.015001928,0.033009161,0.00937402,0.030163927,0.010243736,0.009831906,0.016222413,0.019978753,0.012824623,0.016394059,0.020431065,0.008308819,0.030166374,0.012668256,0.021835049,0.015117096,0.00545004,0.016343347,0.004504975,0.014351564,0.042618667,0.043888777,0.032771137,0.009078249,0.009086434,0.043301029,0.01236583,0.029233275,0.012224053,0.039079224,0.027590438,0.041771943,0.005670736,0.020318886,0.023910474,0.011929197,0.050903014,0.086443095,0.020188671,0.005425881,0.033592677,0.008957399,0.007777812,0.019410056,0.018258906,0.047186288,0.013572671,0.03885612,0.032475916,0.017981436,0.013528998,0.002840245,0.006795545,0.020979017,0.024286355,0.002795622,0.044632775,0.004194488,0.021097125,0.010459267,0.021819661,0.027148948,0.027211534,0.038530628,0.017276999,0.047446434,0.033016617,0.049561633,0.049540845,0.029906583,0.046946538,0.03119725,0.04019675,0.042099296,0.029483308,0.043055483,0.048083586,0.020773656,0.020680119,0.050565655,0.021745027,0.020613731,0.051254258,0.052000172,0.040693163,0.052770258,0.057411127,0.044114822,0.107747387,0.088338247,0.049571212,0.018825678,0.0086871,0.048035739,0.019906993,0.015425616,0.02904532,0.032133977,0.022452125,0.047080636,0.040901919,0.03627767,0.032335419,0.01851519,0.003774084,0.014323747,0.01106546,0.006193537,0.024420561,0.009519809,0.015877965,0.012274648,0.009660119,0.007023237,0.011281214,0.003968003,0.017629638,0.022854384,0.008414849,0.035039315,1,0.014433155,0.005414149,0.012611418,0.019112983,0.011649019,0.051356895,0.005601894,0.007026505,0.01494707,0.018175379,0.011200246,0.038038601,0.046168194,0.035655451,0.044789171,0.022384199,0.037650534,0.025992577,0.016737845,0.028906348
Methanobrevibacter_smithii_DSM_2375,0.221828644,0.023720612,0.153001406,0.044381526,0.032532243,0.186859301,0.032041114,0.053178652,0.085696738,0.13924941,0.145151062,0.188334483,0.056122032,0.093208415,0.121446107,0.081866548,0.10352363,0.114456957,0.105807201,0.106398875,0.100695628,0.130039473,0.134851525,0.12491884,0.044057676,0.047641746,0.023796916,0.092348046,0.100805683,0.054034415,0.117558932,0.078198919,0.074379775,0.148712297,0.129784314,0.043851753,0.086588911,0.058546444,0.147554152,0.117801629,0.086568716,0.149068119,0.157025635,0.155915969,0.153477651,0.048015961,0.161528483,0.050456904,0.075775428,0.104136906,0.091725376,0.085106544,0.047591102,0.238193238,0.102015988,0.062368536,0.134233578,0.104463493,0.08721144,0.085551644,0.117629981,0.185851722,0.116353037,0.13661956,0.033331321,0.043303062,0.211876602,0.088882141,0.039550986,0.10151475,0.041027656,0.160461901,0.063413982,0.063135421,0.133874168,0.231946249,0.105233102,0.010150981,0.052738039,0.01443758,0.026289876,0.056534715,0.078777406,0.042854871,0.068068997,0.070162984,0.090810428,0.012586407,0.090681905,0.090421187,0.01451452,0.06315422,0.068269202,0.018819286,0.025471208,0.05551855,0.05323003,0.024554244,0.041159957,0.034361729,0.037810979,0.085982378,0.053541597,0.065158024,0.012948554,0.063349111,0.032033007,0.045818037,0.01659677,0.029281661,0.02911414,0.087578364,0.072336655,0.019489972,0.019879048,0.051211751,0.011222713,0.002062639,0.060815595,0.01979811,0.002933192,0.025808288,0.00578216,0.013574361,0.006881866,0.006045689,0.003663396,0.005239038,0.002186978,0.03455048,0.018719317,0.004438286,0.068092586,0.014433155,1,0.056189979,0.1020268,0.01243796,0.006404441,0.042652944,0.003005516,0.003584654,0.030198054,0.013837668,0.005354169,0.053477521,0.032054259,0.023656767,0.077073878,0.00939758,0.041088999,0.011422685,0.010032865,0.009396305
Methanosphaera_stadtmanae_DSM_3091,0.019665481,0.053172734,0.014220371,0.004684835,0.002587451,0.044075898,0.003399195,0.005939163,0.009381692,0.007554233,0.018094289,0.023531829,0.003899474,0.01267626,0.018254524,0.009687432,0.010951252,0.016090011,0.007363235,0.0090775,0.011036954,0.012672119,0.011995698,0.013688882,0.005110348,0.003949249,0.001956131,0.008407883,0.009986038,0.006622447,0.016434776,0.012232994,0.008487688,0.05817956,0.064754551,0.004629744,0.01164227,0.005646637,0.049543684,0.025126467,0.013673104,0.020717672,0.067008305,0.037096733,0.053632732,0.006258653,0.033161206,0.004244842,0.006676149,0.039754727,0.009369511,0.008106351,0.003714537,0.072812387,0.00798191,0.005657542,0.012141307,0.008394302,0.009014939,0.007144885,0.031090759,0.031230433,0.010766859,0.011248864,0.002117996,0.003082322,0.036997403,0.008405868,0.003248959,0.018488398,0.004234691,0.019263637,0.005803536,0.005667483,0.018510551,0.040884923,0.059163702,0.023787654,0.025698558,0.031451718,0.039488833,0.060421664,0.033236016,0.035882281,0.020013241,0.061286787,0.071065485,0.028089483,0.040849047,0.055018292,0.028007234,0.017155004,0.053483399,0.036200505,0.028780279,0.057945115,0.053146503,0.032147015,0.043625329,0.025019357,0.043214386,0.013240489,0.042099585,0.058671517,0.033808773,0.009285309,0.037643203,0.091325115,0.05914401,0.035594682,0.040319692,0.041201778,0.046782649,0.034541287,0.024776302,0.045909269,0.025282701,0.018483391,0.017787159,0.099806088,0.014031351,0.015745794,0.016811501,0.029337785,0.03047587,0.020716759,0.019696333,0.01635202,0.01031961,0.108106236,0.010122688,0.021935774,0.056753012,0.005414149,0.056189979,1,0.009250814,0.026022442,0.007571145,0.039036327,0.019343676,0.01616264,0.016726663,0.034876721,0.025794352,0.022912222,0.025814876,0.031108439,0.051722545,0.022199701,0.022830848,0.024397223,0.027894885,0.021451471
Mitsuokella_multacida_DSM_20544,0.068176908,0.013214525,0.116063272,0.077696765,0.051466991,0.058750175,0.039175068,0.034444477,0.086030596,0.112306586,0.079308777,0.08001065,0.036597152,0.045070381,0.033849061,0.090790546,0.039311369,0.099978593,0.022477734,0.128998812,0.056362379,0.104902956,0.076121467,0.071116579,0.079180223,0.04015811,0.046358593,0.113189673,0.073706328,0.092870727,0.078006248,0.088833018,0.058228029,0.052689193,0.047122544,0.066112828,0.220238197,0.090896885,0.050857635,0.170958434,0.039996302,0.105412363,0.04680303,0.06024792,0.052286636,0.098040438,0.063496333,0.04597239,0.126386387,0.036688663,0.091679506,0.113143714,0.082815183,0.063397511,0.144118426,0.078889951,0.125870234,0.111663906,0.060117048,0.108570095,0.044232617,0.083514662,0.080640975,0.037799616,0.067869855,0.163266366,0.078269971,0.093650384,0.065803669,0.041011475,0.036520272,0.113663335,0.075887086,0.088123065,0.067571944,0.095950823,0.048038653,0.006143933,0.034558065,0.01019428,0.018309073,0.033221475,0.041027338,0.021656874,0.03847759,0.030056472,0.039989811,0.009279549,0.03999922,0.042240552,0.007347231,0.01116684,0.036066424,0.00933449,0.010842462,0.029614942,0.035007357,0.016039844,0.029682926,0.018797247,0.021933009,0.042858652,0.038779181,0.042668547,0.007908406,0.122500299,0.023976315,0.016589946,0.007980674,0.013223361,0.015751647,0.015920303,0.034374749,0.014071401,0.012407175,0.025614581,0.006836898,0.001108729,0.035560211,0.004508141,0.001883636,0.014912611,0.003395379,0.009226633,0.003782746,0.003388061,0.002063247,0.003573459,0.001311284,0.008029687,0.016505001,0.002619689,0.035754404,0.012611418,0.1020268,0.009250814,1,0.00732466,0.004601224,0.030567266,0.002321207,0.01004867,0.00941246,0.007132939,0.003327802,0.027041094,0.021538621,0.014879527,0.034170415,0.007147652,0.023081228,0.008349546,0.007001699,0.009515761
Pasteurella_multocida_multocida_Pm70,0.011109412,0.177908489,0.004304393,0.001205671,0.00078559,0.023499938,0.001028909,0.00196534,0.007136217,0.00616229,0.005476997,0.007122897,0.002853715,0.004893795,0.008686012,0.003727394,0.003314857,0.005059777,0.00521074,0.002747687,0.003340798,0.003835749,0.003631002,0.004143516,0.002638965,0.001195406,0.000592105,0.002544999,0.003022694,0.001868035,0.015289563,0.003433837,0.012643506,0.056964184,0.071670987,0.001401387,0.006384043,0.001709192,0.023493291,0.011209765,0.011249715,0.006820245,0.053053143,0.013828445,0.045924175,0.002472866,0.010863798,0.00128488,0.002623155,0.068882814,0.00342549,0.002453728,0.001124361,0.04036507,0.00299497,0.001712493,0.003675077,0.002540888,0.003018492,0.0021627,0.029625016,0.010367699,0.003259042,0.00700531,0.000985171,0.002028297,0.011198819,0.002544389,0.00101638,0.011406566,0.001281807,0.00583095,0.001756684,0.001715502,0.010257502,0.012375541,0.037327883,0.7259703,0.118740677,0.270704794,0.225884333,0.128034697,0.040437052,0.198157043,0.046112857,0.123991538,0.112001519,0.270769141,0.070878232,0.110189696,0.356621597,0.055074521,0.141668253,0.231912621,0.192232129,0.183212082,0.167728964,0.233568017,0.215069385,0.062261375,0.223251283,0.019422817,0.090869162,0.124792184,0.23128686,0.004777326,0.18485182,0.073922194,0.171962397,0.182437966,0.192073819,0.071104731,0.081892168,0.278007854,0.282888295,0.129370789,0.822987122,0.085684636,0.025378204,0.092423135,0.097139832,0.070484544,0.094854693,0.146442368,0.261458167,0.125972397,0.139226591,0.162692359,0.047508144,0.104965778,0.043274573,0.140163106,0.105936467,0.019112983,0.01243796,0.026022442,0.00732466,1,0.026026817,0.179388254,0.11098478,0.084745987,0.103731815,0.228785873,0.215305119,0.092501574,0.217865341,0.197105421,0.117274746,0.299952946,0.086617526,0.298219413,0.211522622,0.162371669
Pediococcus_pentosaceus_ATCC_25745,0.010154233,0.029081735,0.010498018,0.000725068,0.000725557,0.021404667,0.000779245,0.020458141,0.016037622,0.004646098,0.008764282,0.012522861,0.002121372,0.004053951,0.023021497,0.035968576,0.010114481,0.003818588,0.003905454,0.010844141,0.020341234,0.010971947,0.006704565,0.010910002,0.002080476,0.011535421,0.005713692,0.009668423,0.012323035,0.000846338,0.006271865,0.025590262,0.005973206,0.020562554,0.023716239,0.001018276,0.002884947,0.010488684,0.012017149,0.016231155,0.008027951,0.011529021,0.02271036,0.011164514,0.018418981,0.001939028,0.010771773,0.004240142,0.016816649,0.019951027,0.014646737,0.003707997,0.010849849,0.021934814,0.001502689,0.010527438,0.005840851,0.017045237,0.002737959,0.013095872,0.020982632,0.008180836,0.00851547,0.005580521,0.009506695,0.001105061,0.017237625,0.015724794,0.010170276,0.006077646,0.012369175,0.024769007,0.011869662,0.002439064,0.098982772,0.015472837,0.034959587,0.02495131,0.152270208,0.036374854,0.038102145,0.035819311,0.014716073,0.034469812,0.016651258,0.031928559,0.05384852,0.035662789,0.022612142,0.027158299,0.028223358,0.02056534,0.03180457,0.029516254,0.023419153,0.034150549,0.033168116,0.034246473,0.035801564,0.022871401,0.033166054,0.01055995,0.027870456,0.032081197,0.027590795,0.003143528,0.036582104,0.040983841,0.027812653,0.028138358,0.027293155,0.019682959,0.024051935,0.036606561,0.033761018,0.026836794,0.025742399,0.009755298,0.011936519,0.019557043,0.010084416,0.025469603,0.06225457,0.025480675,0.022449991,0.022676455,0.017469645,0.017693574,0.085378931,0.118743463,0.86085316,0.019924475,0.030587794,0.011649019,0.006404441,0.007571145,0.004601224,0.026026817,1,0.039055339,0.013904327,0.014807054,0.025514104,0.023190833,0.026536023,0.290369204,0.059718615,0.040368939,0.079661849,0.037914389,0.356573468,0.044940453,0.025124042,0.029766915
Porphyromonas_gingivalis_ATCC_33277,0.029745779,0.221513369,0.015153138,0.004808324,0.002765582,0.082923952,0.003622161,0.007253916,0.025114977,0.022529156,0.01928116,0.025075369,0.010046187,0.017228061,0.030389008,0.013111857,0.011669585,0.017812384,0.019338019,0.009672927,0.011760909,0.01350333,0.012782541,0.014586786,0.009290182,0.004208294,0.002084441,0.008959388,0.010641059,0.00612914,0.046865556,0.011474644,0.041265395,0.196747388,0.27850468,0.004933426,0.023443448,0.006017021,0.086020155,0.03487044,0.041163152,0.024009914,0.210446044,0.048681506,0.166782859,0.008705451,0.038244795,0.004523277,0.009098302,0.225764498,0.012059056,0.008638077,0.003958187,0.148208619,0.010882493,0.006028641,0.012937701,0.008944915,0.010626267,0.007613544,0.102906198,0.036498331,0.011473097,0.024661414,0.003468185,0.007887696,0.0394242,0.00895724,0.003710269,0.040155548,0.00451246,0.020527211,0.006184211,0.006039234,0.034940524,0.043566717,0.142741405,0.166378524,0.354423175,0.25107954,0.430549259,0.41733176,0.120391753,0.391821902,0.115006099,0.30485412,0.290134554,0.224856495,0.279753338,0.409748241,0.152861993,0.123495363,0.54125891,0.20545044,0.201646998,0.518233804,0.569981278,0.336386306,0.609607375,0.162280071,0.433283636,0.0652711,0.346779916,0.476525403,0.178602984,0.020217123,0.497855913,0.133045238,0.177518182,0.258544882,0.303455129,0.124985001,0.295257532,0.3253363,0.255048076,0.207094223,0.175707767,0.027053816,0.04885022,0.077980668,0.046010372,0.142581393,0.08634036,0.123437436,0.111096594,0.100154307,0.050344765,0.095682546,0.041706955,0.130386444,0.071206307,0.067310198,0.24372075,0.051356895,0.042652944,0.039036327,0.030567266,0.179388254,0.039055339,1,0.050799244,0.052899891,0.106083379,0.155356903,0.081200863,0.20081543,0.422912975,0.32184125,0.302730348,0.197138948,0.210396901,0.22540407,0.15992251,0.141058155
Proteus_mirabilis_HI4320,0.002152529,0.08733462,0.000858261,0.000346893,0.00015664,0.004696745,0.000205156,0.000422723,0.001422904,0.001276033,0.001092069,0.001420249,0.000569008,0.000975783,0.001731921,0.000743212,0.000660956,0.001008879,0.001104935,0.000547867,0.000666128,0.000764818,0.000723993,0.000826184,0.000526188,0.000238354,0.000118061,0.000507452,0.000602701,0.000399694,0.003155015,0.000738315,0.002136007,0.011358201,0.01599973,0.000279425,0.001306131,0.000340799,0.004872112,0.002235137,0.002331448,0.001359902,0.012288268,0.002757281,0.009487893,0.00049307,0.002166154,0.000256195,0.000523036,0.014111513,0.000683015,0.000489254,0.000224189,0.008394416,0.000647899,0.000341457,0.000732781,0.000506633,0.000601863,0.000431225,0.006257481,0.002067236,0.000649827,0.001396803,0.000196435,0.000492939,0.002232955,0.000507331,0.000210147,0.002274378,0.000255582,0.001162645,0.000350269,0.000342057,0.002045264,0.002467584,0.008577427,0.14064593,0.027271268,0.128258006,0.077167661,0.028221867,0.007232938,0.050004857,0.007785009,0.021955956,0.022322772,0.136898978,0.016482212,0.02550556,0.092085006,0.027582577,0.038234683,0.086429691,0.064155297,0.04335792,0.041862724,0.087137388,0.05405488,0.015417703,0.069157475,0.004587667,0.022150582,0.030483965,0.129455306,0.001425996,0.056370004,0.021990897,0.093986532,0.065004735,0.055686315,0.019012205,0.018521736,0.095860452,0.067487802,0.016700982,0.124801619,0.329886531,0.007446215,0.067023748,0.19597333,0.029445881,0.079928281,0.189065172,0.225007165,0.114442419,0.354546013,0.161531129,0.06198286,0.041139374,0.017532002,0.294618269,0.039354392,0.005601894,0.003005516,0.019343676,0.002321207,0.11098478,0.013904327,0.050799244,1,0.214379516,0.068192482,0.121379897,0.298537564,0.016651133,0.047797206,0.079977951,0.023707442,0.145829429,0.017000361,0.123015839,0.119627231,0.168944826
Proteus_penneri_ATCC_35198,0.002615824,0.069042163,0.003715475,0.001501723,0.000678107,0.011813667,0.000888136,0.000689987,0.001794112,0.001920093,0.004727645,0.006148357,0.002309963,0.002586547,0.002828569,0.001084471,0.002861325,0.003924415,0.001354502,0.002371754,0.002883717,0.00331095,0.003134216,0.003576608,0.002277907,0.001031853,0.000511095,0.002196798,0.002609135,0.001730302,0.003776685,0.003166208,0.00264121,0.020445478,0.022268814,0.001209652,0.001573317,0.001475344,0.00834699,0.005203139,0.003606337,0.005498801,0.014814635,0.008928639,0.019355056,0.002134534,0.007875298,0.001109085,0.00226426,0.02108595,0.001525379,0.002118014,0.000970528,0.014676002,0.0028048,0.001478193,0.00317226,0.002193249,0.002605508,0.001866803,0.008075374,0.008363208,0.002813147,0.006046857,0.000850382,0.002133968,0.008241617,0.002196271,0.00090974,0.004564723,0.001106433,0.005033171,0.001516338,0.00148079,0.006940721,0.010682344,0.010790434,0.097973283,0.030520695,0.101613967,0.074017947,0.031603672,0.008637835,0.052752089,0.009335057,0.024686669,0.025711516,0.09868768,0.019585332,0.032988378,0.076621939,0.028288514,0.042758468,0.075964931,0.061847093,0.046094174,0.044835756,0.081985527,0.055861532,0.018318734,0.095274254,0.019860333,0.025432554,0.033835673,0.098488866,0.001703618,0.057418021,0.025473232,0.077828823,0.060724238,0.05279761,0.022493771,0.021222336,0.086518795,0.06671436,0.020209849,0.092108309,0.087554544,0.009328554,0.056657329,0.06747823,0.030911625,0.058710751,0.284426597,0.107925844,0.0706974,0.117722218,0.079613189,0.042644569,0.039323529,0.068448001,0.12178373,0.041070494,0.007026505,0.003584654,0.01616264,0.01004867,0.084745987,0.014807054,0.052899891,0.214379516,1,0.055837275,0.092951143,0.123473305,0.019399249,0.0493742,0.072167553,0.034323324,0.103584752,0.019329078,0.095314343,0.081954063,0.281811047
Pseudomonas_aeruginosa_LESB58,0.017637183,0.116044169,0.006377713,0.002577748,0.001163989,0.034901362,0.001524509,0.002568498,0.008962989,0.007415989,0.008115131,0.010553821,0.004085022,0.007251015,0.011745213,0.004916125,0.004911541,0.007496947,0.005788558,0.00407118,0.004949978,0.005683335,0.005379966,0.006139345,0.003785276,0.001771204,0.000877308,0.003770863,0.004478651,0.002470163,0.011927523,0.004543382,0.012575628,0.077451258,0.092349169,0.0020764,0.006521902,0.002532468,0.031232629,0.01446066,0.016147715,0.010105388,0.07464277,0.020489266,0.062354827,0.003663985,0.016096621,0.001903775,0.00342962,0.060998434,0.005075463,0.003635628,0.001665938,0.062378633,0.004225215,0.002537359,0.005445271,0.003764771,0.004472425,0.003204419,0.031318761,0.015361563,0.004774466,0.00914483,0.001404834,0.003240309,0.016593014,0.003769959,0.001561593,0.01678617,0.001899222,0.008639574,0.002602835,0.002541817,0.012314322,0.018336533,0.046040751,0.115996797,0.069121456,0.174737716,0.140224203,0.096315428,0.032971585,0.112001136,0.033694462,0.080572053,0.079217938,0.178723375,0.069187765,0.109233633,0.094844236,0.057009622,0.108381281,0.150647884,0.106549291,0.112759892,0.125007081,0.115640407,0.1330528,0.041777752,0.152669343,0.025759266,0.079240486,0.109967692,0.163727427,0.007528942,0.137975663,0.057586859,0.105315095,0.148838605,0.179631578,0.090374906,0.072072526,0.153911948,0.12386988,0.037455754,0.111994687,0.062342559,0.021199689,0.068758613,0.042349336,0.064584575,0.049745651,0.160624723,0.120715111,0.04947722,0.104859284,0.073754874,0.035509798,0.064703968,0.038154385,0.100698376,0.073743626,0.01494707,0.030198054,0.016726663,0.00941246,0.103731815,0.025514104,0.106083379,0.068192482,0.055837275,1,0.169698658,0.147564226,0.04361887,0.109662582,0.131659698,0.050242952,0.146143619,0.043361961,0.14769144,0.106120269,0.146349256
Salmonella_enterica_sv_Heidelberg_SL476_CVM30485,0.008773795,0.24428042,0.003272707,0.001215513,0.000597298,0.017909545,0.000782298,0.00161192,0.005425794,0.004804344,0.004164259,0.005415666,0.002169731,0.00372084,0.00660413,0.002834004,0.002520345,0.003847039,0.004186235,0.002089115,0.002540069,0.002916389,0.002760716,0.003150389,0.002006452,0.000908889,0.000450188,0.001935008,0.002298208,0.001485975,0.012217253,0.002705851,0.009913038,0.043310888,0.06100988,0.001065499,0.005012872,0.001299529,0.018578249,0.00778785,0.008890234,0.005185554,0.0468574,0.010514014,0.036179062,0.001880164,0.00825994,0.000976917,0.001994432,0.053809766,0.002604461,0.001865613,0.000854872,0.032009435,0.002470556,0.001302039,0.002794227,0.001931883,0.002295014,0.001644339,0.023860915,0.007882747,0.002477908,0.005326262,0.000749043,0.001817125,0.008514662,0.001934545,0.000801327,0.008672616,0.000974581,0.004433375,0.001335638,0.001304327,0.007798962,0.009409345,0.032008709,0.249810376,0.092428804,0.28872591,0.239733798,0.114081922,0.034531468,0.190840896,0.03535886,0.103369337,0.097928453,0.2952303,0.062849674,0.095995767,0.18414567,0.058674193,0.133086007,0.536404819,0.397344949,0.158860387,0.152065265,0.203714368,0.18894826,0.060870852,0.226805309,0.014296488,0.087501855,0.117614458,0.557549118,0.005185427,0.214609469,0.134846651,0.383997711,0.218888562,0.210598472,0.098074577,0.072412143,0.300673507,0.179338049,0.071682133,0.232124076,0.113071503,0.040488522,0.108241708,0.087417041,0.087067168,0.135901944,0.140352596,0.184003944,0.160350512,0.175952449,0.180368786,0.067164631,0.1071964,0.030376446,0.235693041,0.099542542,0.018175379,0.013837668,0.034876721,0.007132939,0.228785873,0.023190833,0.155356903,0.121379897,0.092951143,0.169698658,1,0.214165215,0.059099282,0.159381125,0.148389374,0.075991468,0.272795262,0.059732339,0.237991307,0.18969847,0.16548166
Staphylococcus_saprophyticus_saprophyticus_ATCC_15305,0.003127595,0.187516879,0.001230448,0.000497323,0.000224568,0.006733496,0.000294123,0.000606037,0.002039949,0.001829387,0.001565647,0.002036142,0.000815759,0.001398933,0.002482971,0.001065508,0.00094758,0.001446381,0.001584092,0.00078545,0.000954996,0.001096482,0.001037953,0.00118446,0.000754371,0.000341717,0.000169258,0.00072751,0.000864063,0.000573021,0.00466986,0.001058486,0.00372703,0.016283703,0.022938038,0.000400598,0.001937023,0.000488587,0.006984911,0.003204408,0.003342483,0.001949626,0.017617094,0.00395298,0.013602333,0.00070689,0.00310551,0.000367294,0.000749852,0.020230993,0.000979206,0.000701419,0.000321408,0.012034668,0.000928861,0.000489531,0.001050552,0.000726335,0.000862862,0.000618226,0.008971048,0.002963696,0.000931625,0.002002528,0.00028162,0.000706703,0.003201279,0.000727336,0.000301277,0.003260665,0.000366416,0.001666827,0.000502163,0.000490391,0.002932195,0.003537655,0.012297042,0.262115493,0.043563809,0.293746668,0.16062451,0.046878027,0.014243629,0.106744508,0.015913499,0.044761461,0.041133348,0.329859728,0.02362975,0.036566087,0.173249506,0.056619357,0.054815214,0.158618083,0.113949066,0.067200632,0.06858113,0.124255022,0.093357892,0.032140466,0.099566302,0.006577115,0.038374053,0.049795349,0.260051025,0.002125557,0.122880557,0.042828022,0.154877453,0.111750735,0.114103389,0.031622906,0.028436065,0.202167122,0.146268801,0.035921948,0.245997226,0.325268255,0.014939577,0.119640668,0.218942706,0.062608482,0.099941875,0.206658594,0.401685704,0.177561355,0.519722514,0.259970493,0.070889274,0.088077567,0.02503249,0.406846406,0.063718425,0.011200246,0.005354169,0.025794352,0.003327802,0.215305119,0.026536023,0.081200863,0.298537564,0.123473305,0.147564226,0.214165215,1,0.027814451,0.093937927,0.118256513,0.033988212,0.315242753,0.031555865,0.274983761,0.230129273,0.224280827
Streptococcus_gordonii_Challis_CH1,0.061788121,0.103864599,0.035427772,0.007182597,0.005261873,0.14153829,0.006358208,0.019472189,0.048921661,0.034918299,0.040220404,0.053434162,0.016848516,0.029834418,0.070281113,0.037315781,0.02914876,0.030924343,0.026383757,0.02560446,0.034334525,0.033252841,0.02764502,0.034387839,0.015772972,0.012285597,0.005979809,0.024498831,0.029988521,0.010188916,0.06469211,0.035370398,0.060383494,0.231746776,0.251963735,0.008620568,0.028739571,0.01756595,0.118325342,0.070460443,0.061073935,0.04861658,0.228801202,0.084023972,0.211424589,0.015815876,0.071977122,0.011692472,0.026900198,0.219583981,0.033257586,0.017851857,0.011465283,0.190512527,0.014884646,0.017599875,0.026996667,0.026113578,0.02006192,0.022226804,0.151476132,0.064411422,0.025772435,0.038304794,0.009232724,0.011734102,0.08102891,0.02614956,0.010639245,0.064518874,0.012826295,0.05923425,0.018054043,0.012336184,0.105419855,0.085383082,0.160018212,0.073773653,0.428526816,0.079871613,0.135227768,0.210450525,0.122788548,0.153154276,0.098494553,0.238270465,0.241480356,0.07352456,0.22041502,0.269297011,0.109286572,0.088155758,0.257132061,0.08867119,0.096067455,0.259626486,0.236817918,0.128515082,0.215498053,0.122533434,0.165397477,0.082620068,0.191413266,0.239817668,0.064354367,0.020920612,0.161181078,0.129022768,0.076321536,0.143760482,0.132507431,0.124377886,0.228365388,0.108404947,0.133607796,0.227255636,0.082931401,0.009266983,0.055003565,0.037964203,0.01576034,0.07600842,0.072025309,0.055173531,0.04019946,0.035739099,0.017245038,0.030543472,0.081706092,0.161331785,0.314143495,0.023056359,0.151339474,0.038038601,0.053477521,0.022912222,0.027041094,0.092501574,0.290369204,0.20081543,0.016651133,0.019399249,0.04361887,0.059099282,0.027814451,1,0.275352702,0.186365693,0.435972373,0.073382886,0.706064473,0.090922075,0.063185457,0.054591008
Streptococcus_infantarius_infantarius_ATCC_BAA_102,0.028672215,0.243319605,0.013098521,0.003738858,0.002390596,0.071680275,0.003131031,0.006312976,0.020806374,0.019268121,0.016666824,0.021675394,0.008668573,0.014892105,0.026432043,0.011342677,0.010087304,0.015397199,0.016014217,0.008361372,0.010166245,0.01167241,0.011049353,0.012608961,0.008030524,0.003637691,0.001801811,0.007744582,0.009198235,0.00521183,0.042147663,0.010751451,0.036397179,0.161821745,0.22316807,0.004264502,0.017948816,0.005201171,0.071171394,0.03288749,0.035356387,0.020754405,0.174266952,0.04208077,0.135741489,0.007525077,0.033059175,0.003909965,0.007982415,0.179664443,0.010423966,0.007466838,0.003421496,0.12675494,0.008492394,0.005211217,0.011183475,0.007732072,0.009185449,0.006581222,0.094243416,0.031549515,0.009851409,0.020484403,0.002997933,0.00593492,0.034078664,0.007742726,0.003207193,0.033127594,0.003900615,0.017743922,0.005345693,0.005220373,0.031214181,0.037659496,0.119659118,0.198189955,0.381531264,0.266867441,0.383184721,0.329358686,0.115895094,0.394597048,0.116600001,0.342217856,0.342222989,0.246136209,0.21339366,0.318910287,0.208523632,0.121288366,0.377510683,0.226904487,0.187127323,0.430507942,0.442904046,0.282663991,0.477771353,0.140918214,0.318113127,0.05984713,0.27477682,0.367056287,0.177499775,0.015407702,0.407924808,0.161198696,0.204665483,0.324008778,0.290617668,0.161212332,0.229038255,0.304354827,0.29887842,0.217334828,0.212329221,0.031297443,0.042386686,0.086692437,0.053096792,0.139353934,0.164725291,0.126153151,0.128694085,0.119008269,0.05824178,0.106759608,0.114276467,0.200405809,0.0892131,0.074118773,0.220195126,0.046168194,0.032054259,0.025814876,0.021538621,0.217865341,0.059718615,0.422912975,0.047797206,0.0493742,0.109662582,0.159381125,0.093937927,0.275352702,1,0.430759267,0.353484785,0.244204318,0.288255894,0.307071715,0.185338141,0.150253632
Streptococcus_mutans_UA159,0.023937433,0.226461754,0.009926687,0.002883454,0.001811708,0.054322748,0.002372846,0.004727694,0.014898474,0.013772871,0.012630918,0.016426653,0.006220269,0.011285951,0.020031469,0.008272311,0.007644642,0.011538934,0.011280549,0.006336649,0.007704468,0.008845912,0.008373729,0.009555675,0.006052564,0.002756817,0.001365499,0.005869216,0.006970864,0.004209149,0.03003654,0.008327619,0.024520393,0.11792912,0.154498226,0.003078677,0.011947381,0.003941697,0.055952721,0.025395404,0.025406089,0.015728683,0.120000758,0.031890825,0.096889847,0.005173573,0.025053827,0.002963159,0.006047222,0.14607474,0.007109244,0.005658728,0.002592974,0.083528071,0.005815934,0.00394931,0.008475373,0.005859735,0.006584557,0.004987565,0.059880041,0.023909735,0.007515924,0.014472159,0.002238158,0.00493526,0.025826445,0.005867809,0.002430564,0.026305545,0.002816905,0.013447194,0.003883106,0.003956249,0.023655602,0.028540172,0.070330886,0.18355937,0.228495655,0.256483374,0.312823438,0.224878796,0.077970465,0.285664582,0.074439147,0.239053468,0.238281783,0.259404879,0.148446396,0.198209633,0.211543048,0.094002233,0.268795563,0.196018771,0.152207162,0.299395309,0.293174287,0.256982662,0.336115426,0.134433234,0.262589335,0.047553475,0.179747048,0.243978163,0.17184439,0.012703082,0.305041848,0.096770876,0.174609286,0.292440789,0.25260915,0.112437267,0.156231207,0.275441908,0.244987663,0.16629676,0.194413622,0.040971339,0.031338913,0.087472081,0.059002285,0.097248209,0.1029486,0.185063136,0.133305298,0.121671183,0.074742551,0.108159301,0.061209756,0.129007861,0.070617756,0.093679191,0.194237048,0.035655451,0.023656767,0.031108439,0.014879527,0.197105421,0.040368939,0.32184125,0.079977951,0.072167553,0.131659698,0.148389374,0.118256513,0.186365693,0.430759267,1,0.208634401,0.30194188,0.186523045,0.350521662,0.153353269,0.167468865
Streptococcus_pneumoniae_Hungary19A_6,0.06557768,0.130137512,0.036202195,0.009031302,0.006288911,0.189163877,0.007920205,0.016290297,0.051760346,0.044918581,0.046064407,0.059907287,0.021135505,0.038700562,0.067308973,0.030550537,0.027827938,0.03969343,0.033359429,0.023109482,0.028097858,0.032260656,0.030538627,0.034518824,0.020345341,0.009984943,0.004923847,0.021404774,0.025422437,0.013117899,0.093981267,0.028999081,0.078591906,0.372771143,0.442434872,0.010940801,0.03965299,0.014375197,0.168367286,0.081636452,0.079119776,0.05619745,0.359121426,0.109742897,0.318598998,0.019342341,0.088428721,0.010806512,0.021530986,0.340398968,0.028207616,0.020637134,0.009456462,0.287324702,0.020073131,0.01440296,0.030909318,0.021303264,0.024145508,0.018189434,0.212185788,0.080396917,0.027169472,0.051426379,0.007965886,0.013124215,0.09418792,0.021399644,0.00876157,0.085653446,0.010780669,0.049041332,0.014774631,0.014428268,0.084100623,0.104084762,0.230113143,0.090733904,0.458369022,0.106742453,0.183102384,0.328901897,0.17914965,0.226021652,0.138645384,0.397153991,0.366702872,0.094470409,0.348107769,0.473322368,0.127946906,0.110643066,0.430993853,0.118997065,0.11758553,0.41302625,0.36133466,0.180066464,0.306133291,0.15581683,0.252729823,0.106849181,0.304047759,0.400739508,0.08241608,0.029824879,0.230884849,0.142751659,0.08971327,0.176582819,0.189945195,0.168616321,0.353133471,0.154354865,0.182722955,0.324824974,0.103576375,0.011323905,0.055442627,0.068741986,0.019258543,0.118788641,0.091328066,0.074369569,0.048813715,0.046349935,0.021072788,0.040053083,0.099841768,0.199796633,0.117130745,0.028174002,0.190901904,0.044789171,0.077073878,0.051722545,0.034170415,0.117274746,0.079661849,0.302730348,0.023707442,0.034323324,0.050242952,0.075991468,0.033988212,0.435972373,0.353484785,0.208634401,1,0.09132007,0.382939834,0.111103353,0.086973914,0.085319786
Streptococcus_pyogenes_M4_MGAS10750,0.008537025,0.303434648,0.003305987,0.001136308,0.000603372,0.018091665,0.000790253,0.001612257,0.005480968,0.004915226,0.004206605,0.005470738,0.002191794,0.003758677,0.006671287,0.002862823,0.002545974,0.003886159,0.004256164,0.00211036,0.002565898,0.002946045,0.00278879,0.003182425,0.002026855,0.000918131,0.000454766,0.001954685,0.002321579,0.001340414,0.011185487,0.002765063,0.010013843,0.043751313,0.061630285,0.001076334,0.004798204,0.001312744,0.01876717,0.008609655,0.008980638,0.005238286,0.047333889,0.01062093,0.036546964,0.001899284,0.008343935,0.000986851,0.002014713,0.050876254,0.002630946,0.001884585,0.000863565,0.032334937,0.00237938,0.001315279,0.002822641,0.001951528,0.002318351,0.00166106,0.024103555,0.007962906,0.002503106,0.005380424,0.00075666,0.001742275,0.008601247,0.001954217,0.000809476,0.008760807,0.000984491,0.004478458,0.00134922,0.00131759,0.007878269,0.009505028,0.03303989,0.320681799,0.117047936,0.418639691,0.303010282,0.125128495,0.033094596,0.215362458,0.037702752,0.113786502,0.109077293,0.429850308,0.060764473,0.091252258,0.255658412,0.082210958,0.132824968,0.309680595,0.187254512,0.164884559,0.164468652,0.211461527,0.210172073,0.067198555,0.18702696,0.017569849,0.093217591,0.126799232,0.320225083,0.004772294,0.226025022,0.089612379,0.283358237,0.233471405,0.206962086,0.078687397,0.07116064,0.335188037,0.275220986,0.087798974,0.311114081,0.123564817,0.027789325,0.120671828,0.139514321,0.090554496,0.183729421,0.196879499,0.275920121,0.2730636,0.212475669,0.251942791,0.125085186,0.147868353,0.047573718,0.240542523,0.125769805,0.022384199,0.00939758,0.022199701,0.007147652,0.299952946,0.037914389,0.197138948,0.145829429,0.103584752,0.146143619,0.272795262,0.315242753,0.073382886,0.244204318,0.30194188,0.09132007,1,0.08562264,0.668085888,0.30227406,0.231129225
Streptococcus_sanguinis_SK36,0.045351171,0.107332491,0.027905061,0.005738903,0.003888677,0.107243445,0.004712502,0.018278197,0.038182983,0.02527914,0.030707669,0.041073844,0.011685716,0.022041856,0.056118879,0.033282473,0.023571855,0.022870923,0.019472296,0.021347994,0.029830504,0.026534361,0.021314419,0.027694271,0.01144611,0.010673966,0.005286999,0.020028448,0.024670366,0.007947216,0.058260142,0.031555743,0.049044596,0.174760766,0.208827634,0.006363622,0.02320834,0.015261639,0.086500094,0.056068677,0.044410768,0.03808368,0.180844362,0.062187184,0.154991612,0.011840913,0.053404799,0.009440734,0.023374807,0.176490332,0.028682997,0.013572181,0.010039591,0.136652378,0.011246511,0.015291114,0.02059711,0.022687984,0.014813986,0.01931108,0.128517389,0.048727966,0.020699593,0.028696758,0.008453059,0.008742261,0.061180885,0.022719246,0.009410768,0.046650353,0.011271475,0.04891426,0.015685704,0.009341025,0.091590822,0.064205142,0.137982986,0.075738015,0.444287123,0.093125512,0.151534502,0.215908669,0.11187461,0.159323928,0.094295535,0.223742868,0.240718255,0.081897158,0.187222293,0.239683201,0.10249343,0.071298623,0.251650398,0.085162936,0.083929973,0.255846138,0.238505506,0.126929023,0.221403849,0.11715102,0.157455138,0.064775827,0.188116308,0.236549865,0.067401103,0.020105235,0.179117064,0.101333083,0.073658767,0.143686436,0.136689666,0.116817232,0.203745225,0.117356475,0.143453386,0.186480227,0.081777096,0.010564891,0.040447161,0.045712094,0.017519732,0.079206426,0.080309049,0.043298089,0.042833385,0.040646442,0.019543572,0.034145401,0.094042658,0.183246866,0.359773048,0.024949829,0.132474155,0.037650534,0.041088999,0.022830848,0.023081228,0.086617526,0.356573468,0.210396901,0.017000361,0.019329078,0.043361961,0.059732339,0.031555865,0.706064473,0.288255894,0.186523045,0.382939834,0.08562264,1,0.104515304,0.069649896,0.060450475
Streptococcus_suis_05ZYH33,0.010359053,0.284850716,0.004022185,0.001326222,0.000734084,0.022010985,0.000961451,0.001962198,0.006668347,0.005980044,0.00511791,0.0066559,0.002666618,0.004572944,0.008116533,0.003483015,0.003097526,0.004728044,0.005105463,0.002567541,0.003121766,0.003584267,0.003392944,0.003871855,0.002465947,0.001117032,0.000553285,0.002378142,0.002824518,0.001640932,0.013555842,0.003419233,0.011758492,0.053229455,0.072172889,0.001309508,0.005700655,0.001597133,0.022832828,0.010474822,0.010926174,0.006373091,0.057588149,0.012921814,0.044464379,0.002310738,0.010151538,0.00120064,0.002451174,0.060147861,0.003200905,0.002292855,0.001050645,0.039339872,0.002812567,0.001600217,0.003434129,0.002374301,0.002820592,0.002020907,0.029325271,0.009687964,0.003045371,0.006463336,0.00092058,0.002092709,0.010464594,0.002377572,0.000984838,0.01065872,0.001197769,0.005448656,0.001641511,0.001603029,0.009584992,0.011564166,0.040197544,0.306886688,0.142172293,0.413200029,0.336247172,0.147905421,0.040440154,0.264462679,0.045877779,0.135436077,0.132806311,0.467648953,0.071570675,0.107096897,0.251884749,0.083357982,0.152293548,0.301557754,0.186851365,0.188275269,0.188167363,0.249364883,0.245357401,0.074055596,0.216959194,0.02115094,0.109462709,0.148430587,0.322781916,0.005497818,0.262342304,0.101122221,0.285108444,0.270039916,0.213717576,0.08516495,0.082408016,0.338460766,0.291070823,0.106471275,0.300618221,0.101805501,0.030178471,0.118747509,0.11874116,0.106067249,0.205374282,0.189669439,0.256139713,0.260759917,0.177863046,0.236050471,0.139993064,0.1621712,0.056078581,0.20424502,0.140728337,0.025992577,0.011422685,0.024397223,0.008349546,0.298219413,0.044940453,0.22540407,0.123015839,0.095314343,0.14769144,0.237991307,0.274983761,0.090922075,0.307071715,0.350521662,0.111103353,0.668085888,0.104515304,1,0.262878641,0.221771885
Thermoanaerobacter_sp_X514,0.009616258,0.283407093,0.003955854,0.001535599,0.000721978,0.021647992,0.000945595,0.001948392,0.006558376,0.005453927,0.005033508,0.006546135,0.002622641,0.00449753,0.007982679,0.003425575,0.003046443,0.004650072,0.004620672,0.002525198,0.003070284,0.003349047,0.003336989,0.003808003,0.00242528,0.00109861,0.000544161,0.002338923,0.002777938,0.001267333,0.011332898,0.003067476,0.01033408,0.052351623,0.073745112,0.001287912,0.005867688,0.001570794,0.022456281,0.010302077,0.010745985,0.006267989,0.056638436,0.012708715,0.043731096,0.002272631,0.009984124,0.001180839,0.002410751,0.065042042,0.003148117,0.002255042,0.001033318,0.0386911,0.002620553,0.001573827,0.003377495,0.002335145,0.002774076,0.001987579,0.028841654,0.009528195,0.002995148,0.006090389,0.000905399,0.001742857,0.010292017,0.002338363,0.000968597,0.010482942,0.001178016,0.0053588,0.00161444,0.001576593,0.009426921,0.011373456,0.039534627,0.213575234,0.106293548,0.278586341,0.248660892,0.144583535,0.031007281,0.16720429,0.033453196,0.116105604,0.082341875,0.240356108,0.075968945,0.101848294,0.137419797,0.085009257,0.145934321,0.201580039,0.143987817,0.174793144,0.177579923,0.137786891,0.196861391,0.08916354,0.13023703,0.017725499,0.097436983,0.128206266,0.20299123,0.004274097,0.177791566,0.064018394,0.162016651,0.166561993,0.191393671,0.085824705,0.079462727,0.242683037,0.193970611,0.067926601,0.214539526,0.096501096,0.018729523,0.113678888,0.118747955,0.102223194,0.105657639,0.145044321,0.215691972,0.142301801,0.165916218,0.196050096,0.061268598,0.092286762,0.029504035,0.194430726,0.102676935,0.016737845,0.010032865,0.027894885,0.007001699,0.211522622,0.025124042,0.15992251,0.119627231,0.081954063,0.106120269,0.18969847,0.230129273,0.063185457,0.185338141,0.153353269,0.086973914,0.30227406,0.069649896,0.262878641,1,0.176744897
Tropheryma_whipplei_Twist,0.007019469,0.190348207,0.004907346,0.001910229,0.000895634,0.026854935,0.001173037,0.00211605,0.005193846,0.00500529,0.006244207,0.008120662,0.002929526,0.00557931,0.008673213,0.0035914,0.003779197,0.005768543,0.003987766,0.003132579,0.003808772,0.004373056,0.004139628,0.004723933,0.003008627,0.001362857,0.000675046,0.002901499,0.003446109,0.001741355,0.009670664,0.003063255,0.008184443,0.056176125,0.063685788,0.001597691,0.004888956,0.001948613,0.024813189,0.009852535,0.01147292,0.007775615,0.044075413,0.015765514,0.051005697,0.002819262,0.012385583,0.001464864,0.002990603,0.068744289,0.003831195,0.002797443,0.00128186,0.037789055,0.003076533,0.001952376,0.004189876,0.002896812,0.003441318,0.002465647,0.029147356,0.011819991,0.003715564,0.006832847,0.000923401,0.002187979,0.012767534,0.002900804,0.001201571,0.012251448,0.001461361,0.006647741,0.002002758,0.001955807,0.011694358,0.014109088,0.039646306,0.172997051,0.088556621,0.250021683,0.206044081,0.092601006,0.025631186,0.142027209,0.027468911,0.070659575,0.068902645,0.239808907,0.059570919,0.09148869,0.139387837,0.068536358,0.119795338,0.135787227,0.108192208,0.136830485,0.136687728,0.179776424,0.16457944,0.085227254,0.187845191,0.026159361,0.104411727,0.102833789,0.163153803,0.004294807,0.160299019,0.050315252,0.113246606,0.166510531,0.14643797,0.059531054,0.06438575,0.218232257,0.164591385,0.050516818,0.170713961,0.083538066,0.01890623,0.105442376,0.10432096,0.084137751,0.091920049,0.333545905,0.213952843,0.107904309,0.151107966,0.157957725,0.051375458,0.09067648,0.059042065,0.151460628,0.098485977,0.028906348,0.009396305,0.021451471,0.009515761,0.162371669,0.029766915,0.141058155,0.168944826,0.281811047,0.146349256,0.16548166,0.224280827,0.054591008,0.150253632,0.167468865,0.085319786,0.231129225,0.060450475,0.221771885,0.176744897,1
