,,,,,,,,,,,,,,,,,,,,,,,,,,,,,,,,,,,,,,,,,,,,,,,,,,,,,,,,,,,,,,,,,,,,,,,,,,,,,,,,,,,,,,,,,,,,,,,,,,,,,,,,,,,,,,,,,,,,,,,,,,,,,,,,,,,,,,,,,,,,,,,,,,,,,,,,,,
Jaccard Similarity,Escherichia_coli_O157_H7_EC4115,Leuconostoc_mesenteroides_mesenteroides_ATCC_8293,Coprococcus_comes_ATCC_27758,Akkermansia_muciniphila_ATCC_BAA_835,Alistipes_putredinis_DSM_17216,Anaerotruncus_colihominis_DSM_17241,Bacteroides_caccae_ATCC_43185,Bacteroides_cellulosilyticus_DSM_14838,Bacteroides_coprocola_M16_DSM_17136,Bacteroides_coprophilus_DSM_18228,Bacteroides_dorei_5_1_36_D4,Bacteroides_dorei_DSM_17855,Bacteroides_eggerthii_DSM_20697,Bacteroides_finegoldii_DSM_17565,Bacteroides_fragilis_3_1_12,Bacteroides_intestinalis_341_DSM_17393,Bacteroides_ovatus_ATCC_8483,Bacteroides_pectinophilus_ATCC_43243,Bacteroides_plebeius_M12_DSM_17135,Bacteroides_sp_2_1_7,Bacteroides_sp_2_2_4,Bacteroides_sp_4_3_47FAA,Bacteroides_sp_9_1_42FAA,Bacteroides_sp_D1,Bacteroides_stercoris_ATCC_43183,Bacteroides_thetaiotaomicron_VPI_5482,Bacteroides_uniformis_ATCC_8492,Bacteroides_vulgatus_ATCC_8482,Bacteroides_xylanisolvens_XB1A,Bifidobacterium_adolescentis_L2_32,Bifidobacterium_catenulatum_DSM_16992,Bifidobacterium_longum_longum_CCUG_52486,Bifidobacterium_pseudocatenulatum_DSM_20438,Blautia_hansenii_VPI_C7_24_DSM_20583,Bryantella_formatexigens_I_52_DSM_14469,Butyrivibrio_crossotus_DSM_2876,Catenibacterium_mitsuokai_DSM_15897,Clostridiales_sp_SS3_4,Clostridium_asparagiforme_DSM_15981,Clostridium_bartlettii_DSM_16795,Clostridium_bolteae_ATCC_BAA_613,Clostridium_leptum_DSM_753,Clostridium_methylpentosum_R2_DSM_5476,Clostridium_nexile_DSM_1787,Clostridium_scindens_ATCC_35704,Clostridium_sp_L2_50,Clostridium_sp_M62_1,Clostridium_sp_SS2_1,Collinsella_aerofaciens_ATCC_25986,Coprobacillus_sp_D7,Coprococcus_eutactus_ATCC_27759,Dorea_formicigenerans_ATCC_27755,Dorea_longicatena_DSM_13814,Enterococcus_faecalis_TX0104,Eubacterium_biforme_DSM_3989,Eubacterium_hallii_DSM_3353,Eubacterium_rectale_M104_1,Eubacterium_siraeum_70_3,Eubacterium_ventriosum_ATCC_27560,Faecalibacterium_prausnitzii_SL3_3,Gordonibacter_pamelaeae_7_10_1_bT_DSM_19378,Holdemania_filiformis_VPI_J1_31B_1_DSM_12042,Parabacteroides_distasonis_ATCC_8503,Parabacteroides_johnsonii_DSM_18315,Parabacteroides_merdae_ATCC_43184,Prevotella_copri_CB7_DSM_18205,Pseudoflavonifractor_capillosus_ATCC_29799,Roseburia_intestinalis_M50_1,Ruminococcus_bromii_L2_63,Ruminococcus_gnavus_ATCC_29149,Ruminococcus_lactaris_ATCC_29176,Ruminococcus_obeum_A2_162,Ruminococcus_sp_SR1_5,Ruminococcus_torques_L2_14,Streptococcus_thermophilus_LMD_9,Subdoligranulum_variabile_DSM_15176,Clostridium_symbiosum_WAL_14163,Actinobacillus_pleuropneumoniae_sv_7_AP76,Actinomyces_odontolyticus_ATCC_17982,Anaerococcus_hydrogenalis_DSM_7454,Anaerofustis_stercorihominis_DSM_17244,Anaerostipes_caccae_DSM_14662,Bifidobacterium_angulatum_DSM_20098,Bifidobacterium_animalis_lactis_AD011,Bifidobacterium_bifidum_NCIMB_41171,Bifidobacterium_breve_DSM_20213,Bifidobacterium_dentium_ATCC_27678,Bifidobacterium_gallicum_DSM_20093,Blautia_hydrogenotrophica_DSM_10507,Butyrivibrio_fibrisolvens_16_4,Campylobacter_concisus_13826,Campylobacter_hominis_ATCC_BAA_381,Candidatus_Sulcia_muelleri_GWSS,Citrobacter_koseri_ATCC_BAA_895,Citrobacter_sp_30_2,Clostridium_difficile_630,Clostridium_hylemonae_DSM_15053,Clostridium_perfringens_ATCC_13124,Clostridium_phytofermentans_ISDg,Clostridium_ramosum_VPI_0427_DSM_1402,Clostridium_sp_7_2_43FAA,Clostridium_spiroforme_DSM_1552,Collinsella_intestinalis_DSM_13280,Collinsella_stercoris_DSM_13279,Cronobacter_sakazakii_ATCC_BAA_894,Desulfovibrio_piger_ATCC_29098,Desulfovibrio_vulgaris_Miyazaki_F,Enterobacter_cancerogenus_ATCC_35316,Enterobacter_sp_638,Enterococcus_faecalis_TX1322,Enterococcus_sp_7L76,Escherichia_fergusonii_UMN026_ATCC_35469,Eubacterium_dolichum_DSM_3991,Finegoldia_magna_ATCC_29328,Fusobacterium_nucleatum_nucleatum_ATCC_25586,Haemophilus_influenzae_NTHi_86_028NP,Haemophilus_parasuis_SH0165,Helicobacter_pullorum_MIT_98_5489,Klebsiella_pneumoniae_342,Lactobacillus_acidophilus_NCFM,Lactobacillus_casei_casei_BL23,Lactobacillus_delbrueckii_bulgaricus_ATCC_11842,Lactobacillus_fermentum_IFO_3956,Lactobacillus_gasseri_ATCC_33323,Lactobacillus_helveticus_DPC_4571,Lactobacillus_hilgardii_ATCC_8290,Lactobacillus_johnsonii_NCC_533,Lactobacillus_paracasei_ATCC_25302,Lactobacillus_reuteri_SD2112_ATCC_55730,Lactobacillus_sakei_sakei_23K,Lactobacillus_salivarius_HO66_ATCC_11741,Lactobacillus_ultunensis_DSM_16047,Lactococcus_lactis_cremoris_MG1363,Megamonas_hypermegale_ART12_1,Methanobrevibacter_smithii_DSM_2375,Methanosphaera_stadtmanae_DSM_3091,Mitsuokella_multacida_DSM_20544,Pasteurella_multocida_multocida_Pm70,Pediococcus_pentosaceus_ATCC_25745,Porphyromonas_gingivalis_ATCC_33277,Proteus_mirabilis_HI4320,Proteus_penneri_ATCC_35198,Pseudomonas_aeruginosa_LESB58,Salmonella_enterica_sv_Heidelberg_SL476_CVM30485,Staphylococcus_saprophyticus_saprophyticus_ATCC_15305,Streptococcus_gordonii_Challis_CH1,Streptococcus_infantarius_infantarius_ATCC_BAA_102,Streptococcus_mutans_UA159,Streptococcus_pneumoniae_Hungary19A_6,Streptococcus_pyogenes_M4_MGAS10750,Streptococcus_sanguinis_SK36,Streptococcus_suis_05ZYH33,Thermoanaerobacter_sp_X514,Tropheryma_whipplei_Twist
Escherichia_coli_O157_H7_EC4115,1,0.01000974,0.237439037,0.086242421,0.069925602,0.174162605,0.071303835,0.089938829,0.123791254,0.203172665,0.228228841,0.253526682,0.11607071,0.165187692,0.25715537,0.077153261,0.178990892,0.154430619,0.136991686,0.180873794,0.171110866,0.202985702,0.218680329,0.198270529,0.089230876,0.095836104,0.052215491,0.187245767,0.171800636,0.113088366,0.082620981,0.130220166,0.111300762,0.095561988,0.072904291,0.094940284,0.082878839,0.118235306,0.185790518,0.191569672,0.143512652,0.194197056,0.100502246,0.16002353,0.12435842,0.110222145,0.216240543,0.100071616,0.175719492,0.085559512,0.114500153,0.164283876,0.095697498,0.131285795,0.10707709,0.132441164,0.222603297,0.176515846,0.120141065,0.185106915,0.116270672,0.262207897,0.173521116,0.131793465,0.055108062,0.14424719,0.280308318,0.172911731,0.076419523,0.202796831,0.063821392,0.20114665,0.131247501,0.112191231,0.189838285,0.233888975,0.122559449,0.006756563,0.046052306,0.007228054,0.013882992,0.051903746,0.053076171,0.024567598,0.070918697,0.050004893,0.045647519,0.007231689,0.087073712,0.046273456,0.013298493,0.036562622,0.034539047,0.012382466,0.012891495,0.029782067,0.028968834,0.012104487,0.020819958,0.048405352,0.017775112,0.117317425,0.037372667,0.035424803,0.006928136,0.087036722,0.018692097,0.018023098,0.008575402,0.017867921,0.016670671,0.079138285,0.05031078,0.009683843,0.01914567,0.048921846,0.007450134,0.000790627,0.013255856,0.017427555,0.001375894,0.040781201,0.009024489,0.006227339,0.003596401,0.004319792,0.001355018,0.003053628,0.008060153,0.025411725,0.016845757,0.002170733,0.026379769,0.008036302,0.220866713,0.017118289,0.081876496,0.008746819,0.009086393,0.021694037,0.001118936,0.001582587,0.017381337,0.007987193,0.00222661,0.053630606,0.025656605,0.020349249,0.057348733,0.007506007,0.039635117,0.008822234,0.009164373,0.005479818
Leuconostoc_mesenteroides_mesenteroides_ATCC_8293,0.01000974,1,0.005314784,0.001686683,0.000920515,0.02730957,0.001250548,0.002124316,0.012834185,0.009634782,0.006442408,0.008542673,0.002832417,0.006565385,0.010802077,0.003678958,0.003952765,0.00879477,0.006937417,0.003333396,0.003836606,0.005169538,0.004147393,0.005020117,0.003685011,0.001347417,0.000702829,0.003273646,0.003554448,0.002128177,0.017878849,0.003298808,0.01246018,0.070012916,0.096404653,0.002408143,0.019736176,0.002270489,0.025463695,0.013095641,0.011559909,0.007294009,0.06919812,0.014650879,0.056391534,0.003529702,0.012022366,0.001423985,0.00322966,0.074876748,0.004197817,0.003223893,0.001402038,0.049296761,0.004592807,0.002021615,0.004719943,0.002871727,0.003614644,0.002836826,0.032221567,0.011327027,0.003909352,0.007227906,0.00123097,0.028843183,0.012350615,0.003222793,0.001319899,0.011580172,0.001560425,0.006872232,0.002010139,0.002191569,0.010949587,0.015039889,0.041905213,0.165120634,0.148820967,0.331789684,0.338410404,0.175132145,0.06050022,0.219660375,0.043619985,0.13906116,0.133305522,0.260396477,0.090167384,0.150011316,0.168631618,0.107957418,0.224658059,0.240038009,0.17619719,0.264021733,0.25039285,0.309200083,0.308329817,0.077855616,0.275003694,0.022241667,0.13632623,0.219157326,0.24109193,0.00871432,0.287434077,0.071782615,0.189563733,0.269867797,0.307993788,0.09807042,0.125158392,0.346208521,0.248773557,0.097359894,0.158954218,0.067701664,0.025886876,0.151918932,0.106984503,0.089556183,0.147197552,0.180054221,0.206982117,0.181728403,0.120816231,0.192048349,0.05494755,0.12246967,0.034405683,0.161105807,0.263934172,0.01953787,0.019339485,0.026692504,0.032431537,0.160370833,0.020806814,0.262023458,0.091245941,0.10786777,0.106889202,0.244425913,0.178562221,0.078822613,0.239683101,0.223394596,0.126115543,0.313659077,0.088721873,0.290386297,0.310054601,0.215451373
Coprococcus_comes_ATCC_27758,0.237439037,0.005314784,1,0.172297901,0.141084819,0.190458156,0.141176535,0.199071212,0.112643376,0.117791026,0.549499576,0.53957785,0.158062048,0.226145035,0.401811022,0.1879376,0.467953601,0.171177598,0.146539322,0.497495849,0.514460971,0.582186816,0.561054915,0.52600737,0.189731314,0.201928915,0.12163798,0.465595228,0.475562583,0.243915845,0.14704056,0.392876599,0.141618753,0.075911473,0.055129948,0.155041478,0.111676654,0.369918298,0.175210331,0.247644175,0.179989299,0.361826263,0.076805317,0.206638246,0.091410973,0.172707451,0.347187127,0.260856699,0.466137564,0.065192869,0.304690103,0.510491358,0.237122522,0.107812024,0.202241131,0.34852116,0.642138719,0.408074824,0.361373814,0.510654366,0.131360339,0.407365347,0.514586284,0.20653381,0.133426092,0.089154385,0.384797704,0.490126091,0.158309307,0.199633515,0.207791299,0.544719043,0.348176157,0.36052251,0.311160446,0.35139439,0.115960706,0.003408526,0.03220138,0.003855786,0.007880741,0.029441601,0.064128144,0.012934874,0.070386335,0.032195807,0.031939082,0.003586473,0.057198285,0.032489385,0.006171557,0.021333192,0.021765248,0.006220232,0.008423074,0.017596581,0.017968579,0.006078106,0.012520066,0.036732961,0.009262383,0.206244365,0.034440818,0.023078637,0.003556293,0.155282402,0.010072423,0.026435475,0.00472376,0.009437334,0.009425414,0.036228806,0.039935017,0.005725651,0.009597717,0.033410468,0.003770176,0.000361942,0.03129089,0.008017409,0.000672572,0.019269952,0.004173205,0.002939046,0.001709319,0.002074434,0.000658868,0.001430929,0.004736915,0.015794909,0.017153172,0.001021783,0.014316677,0.017676027,0.16012644,0.014081284,0.065528727,0.004395035,0.013079556,0.013035472,0.000512239,0.000724494,0.008051619,0.003853238,0.001097472,0.039754316,0.014470412,0.010542847,0.038310487,0.003657657,0.032263883,0.004320518,0.004850403,0.004210765
Akkermansia_muciniphila_ATCC_BAA_835,0.086242421,0.001686683,0.172297901,1,0.288060259,0.041628467,0.263794797,0.2439164,0.021160575,0.076331517,0.131372581,0.110789862,0.123126776,0.11459313,0.092026597,0.159793124,0.178302505,0.099796483,0.051290307,0.204282621,0.182136786,0.1628443,0.199069888,0.168765122,0.142614286,0.239947927,0.270176755,0.221935106,0.202515827,0.332748601,0.028165679,0.193668986,0.040703192,0.019831022,0.015255774,0.217607917,0.053485231,0.210976975,0.034841753,0.050675439,0.037190266,0.111831757,0.019316321,0.048790635,0.02197861,0.099649611,0.064819709,0.316134167,0.206280202,0.01467273,0.143989099,0.223330299,0.285877915,0.027079338,0.140671989,0.282672708,0.172831483,0.218208557,0.161586381,0.227937199,0.032990196,0.099231318,0.177693017,0.114095548,0.211349341,0.033759471,0.079610999,0.17935733,0.26896357,0.058911429,0.251369561,0.156482141,0.280985986,0.239017879,0.088798385,0.072397315,0.028485508,0.000768466,0.005967104,0.001234788,0.002539961,0.007335757,0.020123789,0.00304441,0.011764747,0.008299807,0.007628696,0.001147052,0.013148551,0.008929467,0.001528019,0.003718128,0.006162369,0.001742648,0.001639543,0.005090512,0.005108891,0.001953502,0.003656173,0.006192464,0.002829157,0.04896833,0.010070746,0.005880674,0.001034246,0.07543758,0.00294632,0.002897526,0.001120165,0.002950776,0.002799605,0.010309781,0.008173998,0.001540708,0.001840179,0.005534452,0.000835924,0.000123602,0.009549597,0.002493975,0.000222033,0.006476316,0.000487457,0.000927462,0.000450881,0.000520444,0.000225002,0.000442995,0.000169198,0.002649599,0.001693846,0.000319173,0.004027378,0.006953515,0.044369171,0.003792157,0.042951661,0.000951477,0.000513228,0.003568276,0.000174928,0.000247413,0.002749607,0.001193443,0.000374784,0.006366103,0.003460081,0.002558002,0.008032879,0.001047149,0.005403448,0.001166601,0.00158416,0.001354423
Alistipes_putredinis_DSM_17216,0.069925602,0.000920515,0.141084819,0.288060259,1,0.032033208,0.483959362,0.308911102,0.066001061,0.095540825,0.116987444,0.097546354,0.285529398,0.098402671,0.065895302,0.140924101,0.190026508,0.100102215,0.115391454,0.242636034,0.169479427,0.160103106,0.184417327,0.143507223,0.171487735,0.446263107,0.63987035,0.248069652,0.216598072,0.298969604,0.044304626,0.173440155,0.066492451,0.013147789,0.00954845,0.258830741,0.046641002,0.299887289,0.025969354,0.05422385,0.037489329,0.107079429,0.013302601,0.05944706,0.01617085,0.181567638,0.063497154,0.436472454,0.208900986,0.011097325,0.163112346,0.237401081,0.444037005,0.018672931,0.152151944,0.348647462,0.167904256,0.264922531,0.182006006,0.255661559,0.028139723,0.067193197,0.198885517,0.086413052,0.486179695,0.027919892,0.066885341,0.219814168,0.503341907,0.062635584,0.307388829,0.116779697,0.318540111,0.332346646,0.068258097,0.059772191,0.014635424,0.000590353,0.004350737,0.000667818,0.001364936,0.005099255,0.012282227,0.002240307,0.013990568,0.005576281,0.005531816,0.000621173,0.008447353,0.005627128,0.001068907,0.003694887,0.003769718,0.001077338,0.001458868,0.00304771,0.003112139,0.001052722,0.002168463,0.007199943,0.001604235,0.033444392,0.005965114,0.003997196,0.000615946,0.077552795,0.001744533,0.004578597,0.00081815,0.001634536,0.001632472,0.006274792,0.006916704,0.000991677,0.001662315,0.005786658,0.000652991,6.27E-05,0.012102158,0.001388607,0.000116489,0.003337536,0.000722795,0.00050904,0.000296052,0.00035929,0.000114115,0.000247835,0.000584746,0.002205304,0.001486406,0.000176972,0.002479634,0.016344414,0.034813818,0.002438864,0.02353658,0.000761215,0.000757355,0.00225773,8.87E-05,0.000125482,0.001394532,0.000667377,0.000190081,0.005350001,0.00250626,0.00182601,0.006227244,0.000633502,0.004053855,0.000748309,0.000840085,0.0007293
Anaerotruncus_colihominis_DSM_17241,0.174162605,0.02730957,0.190458156,0.041628467,0.032033208,1,0.037017105,0.060887546,0.16828852,0.117024881,0.212561433,0.280024477,0.06612804,0.178058285,0.267441505,0.100952767,0.140026769,0.227473943,0.083007798,0.119789968,0.135459281,0.167553571,0.151865935,0.171022,0.094077622,0.047197207,0.023907103,0.111125793,0.129119224,0.053248658,0.170100144,0.09540245,0.11995095,0.38807356,0.283280615,0.066969035,0.114012415,0.082990085,0.469958132,0.229699168,0.25799208,0.229391441,0.382072529,0.418051224,0.443982732,0.093136048,0.403745346,0.052142344,0.108852149,0.307668957,0.097670129,0.113479914,0.047210198,0.475432088,0.060655569,0.074025899,0.157997093,0.097960251,0.114059374,0.103876611,0.368639902,0.385277254,0.132363353,0.175575841,0.032529231,0.145552757,0.434240052,0.118009675,0.043325911,0.279575528,0.0530339,0.235198786,0.072664057,0.078270313,0.284832478,0.47453474,0.358778351,0.017514424,0.128513929,0.019812633,0.040494526,0.151283195,0.168323059,0.065545753,0.109265716,0.165435455,0.153795233,0.018428788,0.277068346,0.166943981,0.026227299,0.054196882,0.1118389,0.031962142,0.04328126,0.090418554,0.092330034,0.030983576,0.064333311,0.153188429,0.04759398,0.279683211,0.124153994,0.118587641,0.018273714,0.085911495,0.051756299,0.076156222,0.024272647,0.048492949,0.0484317,0.131895738,0.174207283,0.029420775,0.047676326,0.126001493,0.019372731,0.00185981,0.072147284,0.035016192,0.003455954,0.043942133,0.021443666,0.015102041,0.008783192,0.010659304,0.003385538,0.007352709,0.022144545,0.066475253,0.038570081,0.005250345,0.072952989,0.025288297,0.182609084,0.039198865,0.083582217,0.022513304,0.021904605,0.066981677,0.002632096,0.003722752,0.04137257,0.01979954,0.005639267,0.139516236,0.074354997,0.054173533,0.186843285,0.018794562,0.108295274,0.022200622,0.02492339,0.021636665
Bacteroides_caccae_ATCC_43185,0.071303835,0.001250548,0.141176535,0.263794797,0.483959362,0.037017105,1,0.270291632,0.071916749,0.078687889,0.145375112,0.107760553,0.287392878,0.096570116,0.071990816,0.140679198,0.185393107,0.111137129,0.093101508,0.203712094,0.187796953,0.163130722,0.207732748,0.158101447,0.192971985,0.33695144,0.429188009,0.246985816,0.202263592,0.269759703,0.062024304,0.186863869,0.065949349,0.016876709,0.012689185,0.267236944,0.030701768,0.275560703,0.035891573,0.069198994,0.03999917,0.093966129,0.016381621,0.07271367,0.020229586,0.155703613,0.059360091,0.379518575,0.199517344,0.013528483,0.148718001,0.2182584,0.333391684,0.021895174,0.168700739,0.323739499,0.165514611,0.221520251,0.211835882,0.245013999,0.027191199,0.074275106,0.195146582,0.112401111,0.427295896,0.025808287,0.072708122,0.216154231,0.306706461,0.078797802,0.339166014,0.131054568,0.304338617,0.28196885,0.071498516,0.066013078,0.018616668,0.000802013,0.005455627,0.000907251,0.001854308,0.005812277,0.01331724,0.003043525,0.009345443,0.007575548,0.00713402,0.000843883,0.010023843,0.007643148,0.001452143,0.005019617,0.005121278,0.001463596,0.001981916,0.004140407,0.004227936,0.001430155,0.002945923,0.008381458,0.002179403,0.049290962,0.008088628,0.005355931,0.000836782,0.072644346,0.002370002,0.005208925,0.001111482,0.002216335,0.002217763,0.008219991,0.009130053,0.001347223,0.002258305,0.007776164,0.000887108,8.52E-05,0.016441152,0.001886465,0.000158254,0.004534144,0.000788814,0.000691546,0.000402196,0.000488106,0.000155029,0.000336692,0.000567625,0.002768293,0.001788652,0.000240421,0.002961182,0.028672444,0.032772041,0.003313271,0.013435011,0.001034134,0.000801534,0.003067196,0.000120528,0.000170471,0.001894515,0.000906652,0.000258231,0.006558059,0.003404831,0.002480691,0.008159106,0.000860632,0.005000302,0.001016601,0.001141281,0.000990777
Bacteroides_cellulosilyticus_DSM_14838,0.089938829,0.002124316,0.199071212,0.2439164,0.308911102,0.060887546,0.270291632,1,0.069447095,0.072699271,0.148553583,0.124774877,0.105169955,0.064702594,0.114353024,0.125983691,0.231444188,0.102629035,0.082216918,0.233415722,0.228446531,0.15600673,0.221177462,0.181151359,0.100060315,0.306928359,0.271064378,0.23080555,0.207866186,0.390946042,0.045870485,0.281646603,0.059303159,0.026168024,0.020262234,0.210913105,0.063697196,0.3128138,0.054285029,0.0733874,0.083231553,0.146788827,0.026412539,0.067578602,0.030507246,0.164340322,0.099919333,0.435241744,0.275981732,0.023880884,0.195414467,0.273994395,0.307684754,0.034474591,0.143858632,0.357641249,0.1895758,0.272250622,0.243845103,0.27013618,0.05482046,0.113245783,0.221138441,0.156976089,0.290989042,0.032454654,0.102633064,0.225916427,0.334781762,0.07283397,0.428818327,0.167214721,0.350882403,0.313762583,0.117560671,0.084742467,0.03159913,0.001362386,0.012870876,0.001541156,0.003149928,0.011562771,0.014955825,0.005170063,0.030644369,0.012761175,0.012401542,0.001433511,0.02123474,0.012289979,0.002075375,0.008223469,0.008694451,0.002486224,0.003326314,0.007033345,0.007099697,0.002429416,0.005004264,0.013715459,0.00370217,0.065482332,0.013595816,0.009047002,0.001421449,0.138820166,0.004025942,0.010299308,0.001888085,0.003772098,0.003753183,0.010171089,0.013735214,0.00228854,0.003552595,0.009264974,0.001506937,0.000144668,0.027382804,0.003102289,0.000268827,0.00258594,0.001668028,0.001131253,0.000683214,0.00082915,0.000263349,0.000571942,0.001893343,0.00623764,0.023661587,0.000408406,0.004726785,0.035045319,0.051355502,0.004598473,0.031298375,0.001724851,0.022031991,0.005110915,0.000204742,0.00028958,0.002590258,0.001540137,0.000438659,0.018992336,0.005783816,0.004213971,0.014240118,0.001461964,0.018357133,0.001726909,0.001938704,0.001683041
Bacteroides_coprocola_M16_DSM_17136,0.123791254,0.012834185,0.112643376,0.021160575,0.066001061,0.16828852,0.071916749,0.069447095,1,0.149606447,0.137450737,0.153052194,0.202316045,0.115374816,0.104006422,0.054496533,0.111670547,0.099944531,0.15606107,0.140081857,0.102932088,0.120461437,0.117546322,0.101899335,0.062341996,0.05390976,0.052429866,0.10132185,0.092257617,0.043130426,0.16435258,0.121311342,0.123507777,0.135137607,0.113422245,0.072564965,0.067819036,0.09088403,0.127764892,0.121536739,0.079676596,0.128572426,0.126234573,0.141307841,0.130175867,0.047705155,0.141011403,0.066848231,0.09752465,0.111158091,0.093452741,0.09773534,0.08765253,0.153833575,0.126349044,0.09882613,0.128457199,0.091284762,0.124750669,0.109250716,0.112930249,0.120785384,0.10220181,0.08909619,0.065145808,0.069539631,0.157301294,0.100782421,0.062184839,0.095889388,0.063807737,0.124999428,0.10436937,0.105263312,0.131875431,0.171832757,0.079525641,0.008547091,0.066991862,0.009668623,0.019507036,0.055621783,0.068637112,0.032435003,0.041921035,0.06532431,0.057993777,0.008993303,0.08341128,0.074865208,0.01347966,0.048498328,0.054045838,0.01559762,0.0173758,0.043855192,0.044692995,0.015241229,0.031394847,0.039166603,0.023226004,0.082112847,0.045209378,0.052340802,0.008917627,0.135089501,0.024949221,0.028582179,0.011004301,0.02209139,0.023611274,0.047856852,0.074594291,0.013387445,0.019173033,0.050376357,0.00945395,0.000907593,0.018366852,0.013797738,0.001686516,0.016179856,0.010464573,0.007369841,0.004286224,0.005201772,0.001652153,0.003588144,0.011878111,0.036358243,0.038511733,0.002562184,0.031843614,0.011270611,0.100493346,0.008686341,0.036850477,0.011020823,0.028905939,0.032672264,0.001284471,0.001816714,0.016872985,0.009662234,0.002751979,0.080217814,0.034402057,0.023225146,0.082810961,0.009171802,0.064037151,0.010833969,0.012162688,0.007691198
Bacteroides_coprophilus_DSM_18228,0.203172665,0.009634782,0.117791026,0.076331517,0.095540825,0.117024881,0.078687889,0.072699271,0.149606447,1,0.111064806,0.12730586,0.131949566,0.181984232,0.089235546,0.095411336,0.1264502,0.126620398,0.324500529,0.105624897,0.097036207,0.134975733,0.126936985,0.096911341,0.045433708,0.078920392,0.06900821,0.116075475,0.086968796,0.061746072,0.064525324,0.071332576,0.045264538,0.099503239,0.082893931,0.094411199,0.078394929,0.085510831,0.096058837,0.078654105,0.069230472,0.099359304,0.09470068,0.106159144,0.096749409,0.147587595,0.102963692,0.081250666,0.083547007,0.081347624,0.120308845,0.081355541,0.131793623,0.115930977,0.085925611,0.095238404,0.146268109,0.110980385,0.059134661,0.117365009,0.104850511,0.109125576,0.148469973,0.183923753,0.093358779,0.099728497,0.126145072,0.094151166,0.115485791,0.16034914,0.061072963,0.100658213,0.082201996,0.07969566,0.103126686,0.136078056,0.057119694,0.005911212,0.035225175,0.006989872,0.014286418,0.037881389,0.047949846,0.023236504,0.029167854,0.047292818,0.045235575,0.006501653,0.062710103,0.055426222,0.011034245,0.032264371,0.03937509,0.010758808,0.011962461,0.031417645,0.032224045,0.011018553,0.022395376,0.028308066,0.01645657,0.075651386,0.035350364,0.039646825,0.006409996,0.131535556,0.018259557,0.020475548,0.008137331,0.016989961,0.017086643,0.050246624,0.052363972,0.009069439,0.014062642,0.031996626,0.006498622,0.000656139,0.013703596,0.009123301,0.001219256,0.011752297,0.006101191,0.005327981,0.003098699,0.003760589,0.001194414,0.002594027,0.004388806,0.018065747,0.012778423,0.001852315,0.024408136,0.008788102,0.189873564,0.006039049,0.036001124,0.007575919,0.005744085,0.023631052,0.0009286,0.001313382,0.011179758,0.006883891,0.001989526,0.043063791,0.02589029,0.017482483,0.055678864,0.006630698,0.031573749,0.007832351,0.008086857,0.005621322
Bacteroides_dorei_5_1_36_D4,0.228228841,0.006442408,0.549499576,0.131372581,0.116987444,0.212561433,0.145375112,0.148553583,0.137450737,0.111064806,1,0.627705662,0.155482579,0.209007166,0.37803,0.135662114,0.422575909,0.188955677,0.158999748,0.379968662,0.480269969,0.547307553,0.560140099,0.51854868,0.241265418,0.177045271,0.092727185,0.425412419,0.422262782,0.200770148,0.159308905,0.313892372,0.127993822,0.092017418,0.06682673,0.140095253,0.09273574,0.304792708,0.192085084,0.33390885,0.167624973,0.304530574,0.093100907,0.21929204,0.113914375,0.201441555,0.329537473,0.207237154,0.336140644,0.077345753,0.274451884,0.386849146,0.181443492,0.125617939,0.195648891,0.29088033,0.550770352,0.356227837,0.299678906,0.409940644,0.135993894,0.354786896,0.404031987,0.205993121,0.126584665,0.102850392,0.407573147,0.438185312,0.117406088,0.164608312,0.183247391,0.495087096,0.258042892,0.284783676,0.293410572,0.377765095,0.101160202,0.004131704,0.035586317,0.004673858,0.009552778,0.035688151,0.089161492,0.015679234,0.069360638,0.03902671,0.038715516,0.004347405,0.058550843,0.039382576,0.007480961,0.025859402,0.026383125,0.007539963,0.010210177,0.021330003,0.021780927,0.007367682,0.015176417,0.050002527,0.01122756,0.190770457,0.041748039,0.027975173,0.004310823,0.210986129,0.012209463,0.02845106,0.005725989,0.011439629,0.01142518,0.042201718,0.048407928,0.006940447,0.011634041,0.040499082,0.004570084,0.000438735,0.024934138,0.009718443,0.00081527,0.023358409,0.005058624,0.003562616,0.002071981,0.002514561,0.000798658,0.001734526,0.005741935,0.019146075,0.014872035,0.001238572,0.017354211,0.016046976,0.145791747,0.017068875,0.055476286,0.005327518,0.010002488,0.015801175,0.000620919,0.000878208,0.009759911,0.00467077,0.00133032,0.041961154,0.017540562,0.012779696,0.046438726,0.004433693,0.032954233,0.005237192,0.005879501,0.005104153
Bacteroides_dorei_DSM_17855,0.253526682,0.008542673,0.53957785,0.110789862,0.097546354,0.280024477,0.107760553,0.124774877,0.153052194,0.12730586,0.627705662,1,0.145333259,0.253633805,0.427723905,0.145418502,0.385691285,0.233034379,0.167221108,0.336691336,0.412414934,0.534787055,0.476976758,0.441544324,0.201877404,0.142642727,0.076281598,0.374265222,0.356288329,0.172571649,0.157254593,0.277621963,0.177841892,0.122015666,0.088612658,0.12709736,0.111969117,0.247999184,0.223333321,0.325595961,0.179875542,0.344214851,0.121410652,0.265828935,0.146037306,0.157989605,0.408984127,0.162674291,0.313966239,0.097664373,0.238270526,0.350292052,0.151069128,0.168589447,0.158200348,0.230793047,0.502665101,0.295435542,0.286999752,0.32677862,0.187035047,0.454762367,0.362793762,0.21519343,0.100517073,0.115307481,0.535770033,0.368865164,0.10598406,0.183351836,0.141689463,0.542268648,0.216939583,0.23125233,0.346577511,0.516882752,0.128445724,0.005478665,0.048948339,0.006197565,0.012667042,0.044664513,0.103705058,0.020790761,0.078286252,0.05174966,0.051337014,0.005764686,0.072765286,0.05222154,0.009919801,0.034289727,0.034984188,0.009998038,0.013538757,0.028283716,0.028881644,0.009769592,0.020124023,0.059560248,0.014887814,0.218800541,0.048205681,0.037095253,0.005716178,0.191957828,0.016189824,0.039400388,0.007592696,0.015169019,0.01514986,0.058232065,0.064189212,0.009203076,0.01542681,0.053702034,0.00605996,0.000581765,0.042997229,0.012886715,0.001081053,0.030973395,0.006707767,0.004724051,0.002747459,0.003334324,0.001059026,0.002299992,0.007613841,0.025387814,0.021030007,0.001642354,0.023011791,0.012238051,0.181124464,0.022633434,0.063123363,0.007064322,0.014675025,0.020952455,0.000823343,0.00116451,0.012941702,0.006193469,0.001764012,0.05707601,0.023258894,0.016945956,0.061578038,0.005879104,0.045143281,0.006944549,0.007796255,0.006768138
Bacteroides_eggerthii_DSM_20697,0.11607071,0.002832417,0.158062048,0.123126776,0.285529398,0.06612804,0.287392878,0.105169955,0.202316045,0.131949566,0.155482579,0.145333259,1,0.133814767,0.086567086,0.057585924,0.204272837,0.117435832,0.207989238,0.205884079,0.183135034,0.210517078,0.18510851,0.144158381,0.16529528,0.217318601,0.239418931,0.246340936,0.166096526,0.161353327,0.097041124,0.147926239,0.070920338,0.03617139,0.027969502,0.157644455,0.026098153,0.194040531,0.048320042,0.090885322,0.046298706,0.091530148,0.036396615,0.105621395,0.03920877,0.158824175,0.087257701,0.219794979,0.189639591,0.029724329,0.14390996,0.204107576,0.254564491,0.045134729,0.178101476,0.236824714,0.173764426,0.234268166,0.172645924,0.235230622,0.044102004,0.09691076,0.197858168,0.072895989,0.222024358,0.060715455,0.104662128,0.23026185,0.229894678,0.109737657,0.138811325,0.161682492,0.23683665,0.287113432,0.079854472,0.10397626,0.025678641,0.001816512,0.010800731,0.002054871,0.004199897,0.012500975,0.03456155,0.006893405,0.016895537,0.01543786,0.01471675,0.001911345,0.021379177,0.017015794,0.003289019,0.011241897,0.011599391,0.003314959,0.003692019,0.009377776,0.009576025,0.003239215,0.00667234,0.017073798,0.004936218,0.054314893,0.011090723,0.012067794,0.001895261,0.07380269,0.005367913,0.006801848,0.002460839,0.005029455,0.005023102,0.016897662,0.016066594,0.002835824,0.003973307,0.015566832,0.002009246,0.000192891,0.00498726,0.004272732,0.000358435,0.00585712,0.001779821,0.001566311,0.00091095,0.001105532,0.000351132,0.000762588,0.001278399,0.006043244,0.003984086,0.00054454,0.007629811,0.003207008,0.052574838,0.002755792,0.031846358,0.002342253,0.001782062,0.006947016,0.000272988,0.000386106,0.004135373,0.002053513,0.000584878,0.014039742,0.007694979,0.005227053,0.017316217,0.001949281,0.009852696,0.002302541,0.002584934,0.00189261
Bacteroides_finegoldii_DSM_17565,0.165187692,0.006565385,0.226145035,0.11459313,0.098402671,0.178058285,0.096570116,0.064702594,0.115374816,0.181984232,0.209007166,0.253633805,0.133814767,1,0.17717115,0.229990346,0.248675776,0.136262972,0.132828501,0.191276013,0.221724368,0.249706553,0.212925709,0.273489786,0.209175383,0.159406811,0.102846109,0.221673451,0.242479255,0.115518842,0.103660788,0.121879548,0.153829109,0.089666429,0.067609473,0.091977099,0.049742119,0.18268425,0.136990229,0.180419364,0.105403081,0.159182151,0.088072212,0.156657446,0.10633646,0.142127552,0.187136551,0.15025689,0.170932231,0.063183374,0.126771814,0.220373828,0.180064784,0.11660335,0.121932385,0.165235084,0.255707823,0.156765291,0.234303386,0.202710305,0.113626368,0.233870272,0.213350699,0.172865514,0.110695912,0.061563008,0.200083618,0.21997575,0.11069206,0.180279845,0.130525145,0.220705292,0.206418378,0.190382179,0.149789261,0.21289793,0.080664494,0.004210573,0.028470802,0.004763076,0.009735128,0.03088308,0.058038689,0.01421424,0.050765443,0.039771682,0.037747449,0.004430392,0.051030898,0.040134341,0.007623764,0.0131259,0.026886747,0.007683892,0.010405076,0.021737166,0.022196698,0.007508322,0.015466116,0.023655225,0.01144188,0.105994581,0.031131959,0.028092055,0.004393111,0.113624948,0.012442527,0.021998853,0.005835291,0.011657998,0.011643273,0.044431812,0.045846659,0.007072932,0.01185612,0.040778619,0.004657321,0.00044711,0.041558068,0.007789618,0.000830832,0.010019095,0.004857072,0.003630622,0.002111532,0.002562561,0.000813904,0.001767636,0.003690155,0.015199176,0.00961213,0.001262215,0.017685481,0.009087191,0.097885369,0.013980402,0.034889323,0.005429214,0.004680259,0.0161028,0.000632772,0.000894972,0.009946216,0.004759929,0.001355714,0.033724659,0.01787539,0.013023644,0.043698387,0.004518326,0.025603436,0.005337163,0.005991734,0.005201585
Bacteroides_fragilis_3_1_12,0.25715537,0.010802077,0.401811022,0.092026597,0.065895302,0.267441505,0.071990816,0.114353024,0.104006422,0.089235546,0.37803,0.427723905,0.086567086,0.17717115,1,0.134989961,0.260364072,0.168309161,0.082984973,0.231106733,0.301520819,0.312414548,0.292773731,0.360311224,0.148459338,0.103791575,0.053450636,0.241896722,0.290323532,0.120498323,0.105417512,0.202927577,0.131416309,0.142489935,0.109844196,0.09451585,0.068421215,0.192340536,0.249776577,0.236501212,0.211637385,0.307588573,0.135083444,0.230576668,0.165858423,0.116315501,0.413995981,0.129342974,0.235100034,0.105692505,0.203607679,0.248976633,0.108552881,0.171447165,0.11875042,0.165589823,0.353041994,0.213527775,0.225240511,0.260129263,0.205987211,0.369391016,0.241821419,0.151503999,0.057934019,0.124414257,0.426575752,0.273963472,0.079118038,0.228228034,0.121025662,0.362958484,0.172925654,0.17914155,0.255380819,0.38778664,0.189796425,0.006927687,0.063068808,0.007836725,0.016017278,0.050050651,0.113862702,0.020483214,0.104915669,0.063273064,0.056195089,0.007289356,0.082793491,0.066033325,0.010669511,0.020555687,0.044236961,0.012642363,0.017119548,0.035764319,0.036520389,0.012353498,0.025446514,0.044858233,0.018825409,0.292501064,0.055928276,0.04690637,0.007228018,0.093932299,0.02047178,0.049809512,0.009600847,0.019180989,0.019156762,0.055830444,0.073117096,0.011637147,0.019140486,0.058247841,0.007662725,0.000735633,0.034687258,0.013716454,0.001366974,0.028143678,0.008481866,0.005973488,0.00347412,0.0042162,0.001339122,0.002908304,0.009627584,0.028466469,0.03674036,0.002076731,0.026092365,0.035613642,0.147070372,0.020709474,0.049397369,0.008932725,0.02883145,0.026494054,0.001041104,0.001472504,0.01482954,0.007831546,0.002230566,0.080848788,0.02941051,0.021427897,0.073007945,0.007434035,0.065436265,0.008781274,0.009858243,0.008558206
Bacteroides_intestinalis_341_DSM_17393,0.077153261,0.003678958,0.1879376,0.159793124,0.140924101,0.100952767,0.140679198,0.125983691,0.054496533,0.095411336,0.135662114,0.145418502,0.057585924,0.229990346,0.134989961,1,0.148000101,0.078269682,0.078955499,0.179583404,0.184048135,0.160428179,0.158041715,0.18947486,0.272508787,0.215796049,0.164894883,0.152806667,0.232994855,0.121952437,0.047261398,0.202525678,0.13497103,0.050255204,0.037443391,0.097286751,0.062684327,0.18837356,0.104466393,0.1049749,0.124804787,0.122961632,0.050784547,0.103968256,0.057403144,0.089906568,0.145363112,0.196854261,0.201925904,0.040989825,0.127467243,0.164511385,0.243854415,0.064036924,0.130299192,0.213675746,0.173124207,0.189573682,0.114158969,0.189657887,0.095907409,0.157325452,0.175221468,0.124840175,0.155315373,0.040294688,0.142711195,0.188980034,0.164648228,0.094778229,0.204415786,0.176726634,0.215261036,0.174558677,0.192879281,0.137154439,0.048803036,0.002359423,0.022290185,0.002669022,0.005455144,0.020379832,0.03397772,0.008879839,0.022130321,0.022286327,0.022108619,0.0024826,0.037728399,0.022379451,0.004272027,0.008042022,0.015066168,0.00430572,0.005830554,0.012180566,0.012438068,0.004207338,0.008666542,0.021452353,0.006411534,0.069260966,0.019507336,0.015975312,0.002461709,0.068789807,0.006972253,0.016408845,0.003269844,0.006532637,0.006524386,0.017119252,0.023449853,0.003963365,0.006643656,0.018389972,0.002609761,0.000250541,0.010474184,0.004329594,0.000465562,0.004734233,0.002888743,0.002034443,0.001183211,0.001435948,0.000456076,0.000990506,0.00327895,0.010545027,0.041255631,0.00070729,0.008823469,0.007436253,0.075642355,0.007029448,0.062599494,0.003042296,0.038155691,0.009023311,0.000354578,0.000501504,0.004918239,0.002667258,0.000759683,0.03487945,0.010016594,0.006948739,0.026123229,0.002531874,0.0322226,0.002990715,0.003357508,0.002914743
Bacteroides_ovatus_ATCC_8483,0.178990892,0.003952765,0.467953601,0.178302505,0.190026508,0.140026769,0.185393107,0.231444188,0.111670547,0.1264502,0.422575909,0.385691285,0.204272837,0.248675776,0.260364072,0.148000101,1,0.195596935,0.189581964,0.43444558,0.588332645,0.512924826,0.56053425,0.460421613,0.195836237,0.263265552,0.164286672,0.495498671,0.471301676,0.286846436,0.14458683,0.359453375,0.134727426,0.056457648,0.041001802,0.231373792,0.090267269,0.419428973,0.13383558,0.219362004,0.150444229,0.238914023,0.057008665,0.155547552,0.069877521,0.226809892,0.240978221,0.321502388,0.414950173,0.050066771,0.251428683,0.467807506,0.293374269,0.075491925,0.18734826,0.380653658,0.483682382,0.390458331,0.330085712,0.509336551,0.083555921,0.263090185,0.479080803,0.178408801,0.200681528,0.066979962,0.261558747,0.445539416,0.220746723,0.140025469,0.252874226,0.386843072,0.350358567,0.365260884,0.226528484,0.229879409,0.068441539,0.002535023,0.023069701,0.002867664,0.005861144,0.021896605,0.053864441,0.009620055,0.061497494,0.023559662,0.022211044,0.002667368,0.042540086,0.024163334,0.004589973,0.014762422,0.01618747,0.004626174,0.006264494,0.013087107,0.013363773,0.00452047,0.00931155,0.034452466,0.006888713,0.157497501,0.025614673,0.017164277,0.002644922,0.208678146,0.007491164,0.019660859,0.003513203,0.007018829,0.007009964,0.026376393,0.029700874,0.004258339,0.007138111,0.024848371,0.002803993,0.000269187,0.045269398,0.005962789,0.000500212,0.014331643,0.003103739,0.002185857,0.001271272,0.001542819,0.00049002,0.001064225,0.003522987,0.01174715,0.015460481,0.000759931,0.010647744,0.030956964,0.108707718,0.010472675,0.030711388,0.00326872,0.0123915,0.009694873,0.000380967,0.000538828,0.005988232,0.002865769,0.000816223,0.032019592,0.010762081,0.007841032,0.028425115,0.002720309,0.026732594,0.0032133,0.003607391,0.003131673
Bacteroides_pectinophilus_ATCC_43243,0.154430619,0.00879477,0.171177598,0.099796483,0.100102215,0.227473943,0.111137129,0.102629035,0.099944531,0.126620398,0.188955677,0.233034379,0.117435832,0.136262972,0.168309161,0.078269682,0.195596935,1,0.139758368,0.15671847,0.152638593,0.23176139,0.172453656,0.17167661,0.075349462,0.097022305,0.078336534,0.180454202,0.144579431,0.097902379,0.161793218,0.115830132,0.099953118,0.125033857,0.091227652,0.208458853,0.15755971,0.135461543,0.156227712,0.140982062,0.107814106,0.14601576,0.123091156,0.206970423,0.137736075,0.13534368,0.220352531,0.082888355,0.123544719,0.085494777,0.103667571,0.133118154,0.109119735,0.164180935,0.171364436,0.101152177,0.170864153,0.142806182,0.144971903,0.153712219,0.149152232,0.200572334,0.185048023,0.112060945,0.092574556,0.111844424,0.232417614,0.139287594,0.107470393,0.133020419,0.102568068,0.196726266,0.076695357,0.098835767,0.180330836,0.266947727,0.089599449,0.005640343,0.038483813,0.006380458,0.013040852,0.044154691,0.067191432,0.020440067,0.039479561,0.053276812,0.050794103,0.005934805,0.070199204,0.053762618,0.010212538,0.020878722,0.036016585,0.010293084,0.013938291,0.029118379,0.029733952,0.010057897,0.020717891,0.032468104,0.015327159,0.129700978,0.03980825,0.038189948,0.005884864,0.072623704,0.016667592,0.030689643,0.00781676,0.015616663,0.015596938,0.045512234,0.05831575,0.009474663,0.014994124,0.046691652,0.006238792,0.000598933,0.021772417,0.01100007,0.001112955,0.013209446,0.005775535,0.004863459,0.002828538,0.003432721,0.001090278,0.002367866,0.004212365,0.019594787,0.011943158,0.00169082,0.023690878,0.011508416,0.159381535,0.022103872,0.038975063,0.007272793,0.005472301,0.021570771,0.00084764,0.001198875,0.013323617,0.006376241,0.001816069,0.044932147,0.023945273,0.017197785,0.057856954,0.006052598,0.034133676,0.007149485,0.008026325,0.006967869
Bacteroides_plebeius_M12_DSM_17135,0.136991686,0.006937417,0.146539322,0.051290307,0.115391454,0.083007798,0.093101508,0.082216918,0.15606107,0.324500529,0.158999748,0.167221108,0.207989238,0.132828501,0.082984973,0.078955499,0.189581964,0.139758368,1,0.161602887,0.140909909,0.194307131,0.174870308,0.11159286,0.062136662,0.119112016,0.095876615,0.167991866,0.108376888,0.121410508,0.110269658,0.11001719,0.04775422,0.063946627,0.055243622,0.129721477,0.081378119,0.128443196,0.066047467,0.097395522,0.050691348,0.090817637,0.06160854,0.099232425,0.064414735,0.088942945,0.087874103,0.129271333,0.154393907,0.064722354,0.168411989,0.161393079,0.149832575,0.079091795,0.105739618,0.139142766,0.187442335,0.179907882,0.101789566,0.159999035,0.074302918,0.100861832,0.163951516,0.099784793,0.091477022,0.080043815,0.119025384,0.155787538,0.144985737,0.070042317,0.092426281,0.124705901,0.107309482,0.131876671,0.086191429,0.112587824,0.038678755,0.004531517,0.024116758,0.005273955,0.010578229,0.026516867,0.031653171,0.017702833,0.020828995,0.031408084,0.031217893,0.004942385,0.042856076,0.040578902,0.006860139,0.02704418,0.029394741,0.00806781,0.009138426,0.023873412,0.023922437,0.008376013,0.017063728,0.040687003,0.012440005,0.060707878,0.024014798,0.027560298,0.004900796,0.146771004,0.013569282,0.015085117,0.00587554,0.01189571,0.012988814,0.029792768,0.0356703,0.006800877,0.008695605,0.023907046,0.004978174,0.000498779,0.010132448,0.006558329,0.000926846,0.008071797,0.00441682,0.003984321,0.002355549,0.0028587,0.000907962,0.00197191,0.003117574,0.013256906,0.009484286,0.001408081,0.017230692,0.006953366,0.131333221,0.007040991,0.026397837,0.005578086,0.004249895,0.017717811,0.000705897,0.000998398,0.007586449,0.005270794,0.001512385,0.028815835,0.018860179,0.012595739,0.03666957,0.005040481,0.021818905,0.00584867,0.006000424,0.0042208
Bacteroides_sp_2_1_7,0.180873794,0.003333396,0.497495849,0.204282621,0.242636034,0.119789968,0.203712094,0.233415722,0.140081857,0.105624897,0.379968662,0.336691336,0.205884079,0.191276013,0.231106733,0.179583404,0.43444558,0.15671847,0.161602887,1,0.457012517,0.4995727,0.523466528,0.417384322,0.202475556,0.320775318,0.201688807,0.498269165,0.429470534,0.309079435,0.11622284,0.427073502,0.142277001,0.047611162,0.03457713,0.156581357,0.141364212,0.396868152,0.10773514,0.160387293,0.136199907,0.2945212,0.048171775,0.14304648,0.054707048,0.142380022,0.21734059,0.332085683,0.490831723,0.042221687,0.263277044,0.509503619,0.338704834,0.065036555,0.270561104,0.420289984,0.502086617,0.434048026,0.330827145,0.549776079,0.07286187,0.270493071,0.579071513,0.197217438,0.224149203,0.063850822,0.234953811,0.48865307,0.26276079,0.132953583,0.251314501,0.365000346,0.410314393,0.399673321,0.196889769,0.208606783,0.07384026,0.002137804,0.019557971,0.002418323,0.004942747,0.018465573,0.046133464,0.008112666,0.048096864,0.020192992,0.020031976,0.002249411,0.035874377,0.020377122,0.003870759,0.013380034,0.013651016,0.003901288,0.005282895,0.011036456,0.011269771,0.003812147,0.007852501,0.030042043,0.005809304,0.128798526,0.021601048,0.014474765,0.002230483,0.138017619,0.006317355,0.016580151,0.002962711,0.005919032,0.005911556,0.022722462,0.025046972,0.003591089,0.006019623,0.019578694,0.002364629,0.000227008,0.037619581,0.005028465,0.000421832,0.012085983,0.002617406,0.00184335,0.001072073,0.001301071,0.000413238,0.000897469,0.002970961,0.00990646,0.016318395,0.000640855,0.008979323,0.014607891,0.112106314,0.008831686,0.066471036,0.002756536,0.013710959,0.00817576,0.000321273,0.000454398,0.005049921,0.002416725,0.000688327,0.02892171,0.009075744,0.006612402,0.024028078,0.002294058,0.024951074,0.0027098,0.00304214,0.002640964
Bacteroides_sp_2_2_4,0.171110866,0.003836606,0.514460971,0.182136786,0.169479427,0.135459281,0.187796953,0.228446531,0.102932088,0.097036207,0.480269969,0.412414934,0.183135034,0.221724368,0.301520819,0.184048135,0.588332645,0.152638593,0.140909909,0.457012517,1,0.529242793,0.613232487,0.517320614,0.239223044,0.247823963,0.165487447,0.515832511,0.507954153,0.320073615,0.129601472,0.460333623,0.139691815,0.054798548,0.039796898,0.158025924,0.080400367,0.439016154,0.147873846,0.243842776,0.147806824,0.256417259,0.055443792,0.162096303,0.068035145,0.213073388,0.264367555,0.322968079,0.474255548,0.048595477,0.292313641,0.490806001,0.268138091,0.074619518,0.198574105,0.437379974,0.506177187,0.383250011,0.349438116,0.542256663,0.087710737,0.268881444,0.478933015,0.177561443,0.207558277,0.065782894,0.289033836,0.495262126,0.188430101,0.17480715,0.255894211,0.407375157,0.362045485,0.363425775,0.250521782,0.238895782,0.069394379,0.002460528,0.022947966,0.002783393,0.005688905,0.021253138,0.053097777,0.009337355,0.045927879,0.023241329,0.022114129,0.002588983,0.041289977,0.023453255,0.004455089,0.015399885,0.015711775,0.004490226,0.006080402,0.012702521,0.012971057,0.004387629,0.009037915,0.034577193,0.006686277,0.147673888,0.024861945,0.016659877,0.002567197,0.22630656,0.007271024,0.019083092,0.003409962,0.00681257,0.006803965,0.026152647,0.028828066,0.004133201,0.006928346,0.024118161,0.002721593,0.000261277,0.039777267,0.005787562,0.000485512,0.013910485,0.00301253,0.002121622,0.001233914,0.001497481,0.00047562,0.001032951,0.003419458,0.011401941,0.027792967,0.000737599,0.010334843,0.017222524,0.095313343,0.010164919,0.038219114,0.003172663,0.024776273,0.009409973,0.000369772,0.000522994,0.005812258,0.002781554,0.000792237,0.037325798,0.01044582,0.007610611,0.027655359,0.002640369,0.033603385,0.003118872,0.003501382,0.003039644
Bacteroides_sp_4_3_47FAA,0.202985702,0.005169538,0.582186816,0.1628443,0.160103106,0.167553571,0.163130722,0.15600673,0.120461437,0.134975733,0.547307553,0.534787055,0.210517078,0.249706553,0.312414548,0.160428179,0.512924826,0.23176139,0.194307131,0.4995727,0.529242793,1,0.601151625,0.529617416,0.23520918,0.225292335,0.131003636,0.610709495,0.478418059,0.257163914,0.166860232,0.3343563,0.16973298,0.070501953,0.052550429,0.174382997,0.106974086,0.369569161,0.131628836,0.277290179,0.11915527,0.304177669,0.069435698,0.193364675,0.084323191,0.191793,0.264920941,0.251014511,0.415217323,0.055331368,0.300932151,0.468001221,0.253606543,0.100403452,0.214354788,0.328139031,0.606340624,0.428983753,0.320757401,0.513420933,0.112188452,0.300352314,0.525074763,0.180444722,0.176853723,0.099886308,0.342262355,0.505131226,0.168939734,0.147989981,0.207836392,0.484639703,0.314352388,0.334741605,0.302717559,0.31998872,0.083018894,0.003315376,0.031321364,0.003750413,0.007665372,0.023168384,0.071545262,0.012581383,0.049619685,0.031091303,0.031066233,0.003488459,0.040424371,0.031601498,0.006002898,0.020750187,0.021170436,0.006050242,0.008192884,0.017115692,0.017477524,0.005912,0.012177911,0.033562323,0.009009256,0.16484507,0.030698272,0.022447932,0.003459105,0.235264539,0.009797158,0.025713032,0.004594667,0.009179425,0.009167831,0.035238725,0.037197518,0.005569177,0.009335426,0.032497409,0.003667142,0.000352051,0.027641204,0.007798305,0.000654191,0.018743332,0.004059158,0.002858726,0.001662606,0.002017743,0.000640862,0.001391824,0.004607463,0.015363258,0.019030913,0.000993859,0.013925424,0.008522617,0.151279169,0.013696463,0.048893194,0.004274925,0.015055626,0.012679231,0.00049824,0.000704695,0.00783158,0.003747935,0.00106748,0.041127797,0.014074957,0.010254726,0.037263517,0.003557698,0.033819112,0.004202445,0.004457853,0.004095691
Bacteroides_sp_9_1_42FAA,0.218680329,0.004147393,0.561054915,0.199069888,0.184417327,0.151865935,0.207732748,0.221177462,0.117546322,0.126936985,0.560140099,0.476976758,0.18510851,0.212925709,0.292773731,0.158041715,0.56053425,0.172453656,0.174870308,0.523466528,0.613232487,0.601151625,1,0.514830412,0.248627418,0.264198628,0.153711157,0.584009244,0.516368165,0.30713136,0.13889006,0.40352688,0.146257274,0.059237546,0.043020675,0.181596487,0.091898332,0.459413729,0.134735121,0.255588943,0.149438146,0.292357432,0.059935057,0.15861514,0.073546382,0.209896568,0.247280372,0.328356686,0.502054479,0.05253199,0.328591967,0.54831161,0.276460157,0.084131153,0.226165691,0.432165008,0.617453026,0.464346721,0.340674431,0.593282018,0.099784577,0.295623069,0.536339759,0.225964734,0.202381903,0.088077072,0.31577051,0.524105945,0.194368633,0.141795662,0.254434887,0.467642538,0.373999439,0.386313397,0.267459973,0.26709303,0.075875675,0.002659844,0.023995015,0.003008864,0.006149739,0.022974764,0.057399002,0.010093734,0.051553958,0.02512401,0.024923674,0.002798705,0.044634702,0.025353104,0.004815977,0.016647364,0.016984519,0.004853961,0.006572949,0.013731498,0.014021787,0.004743052,0.009770038,0.037378144,0.007227904,0.151980995,0.026875905,0.018009423,0.002775155,0.23136483,0.007860019,0.020628933,0.003686188,0.007364427,0.007355125,0.028271162,0.031163305,0.004468014,0.007489582,0.026071871,0.002942058,0.000282442,0.03422651,0.006256388,0.000524842,0.015037314,0.003256562,0.002293486,0.001333868,0.001618785,0.000514148,0.001116626,0.003696454,0.012325563,0.010770619,0.000797349,0.011172024,0.012127005,0.132434321,0.010988335,0.045913397,0.003429667,0.00757124,0.010172235,0.000399726,0.000565359,0.006283084,0.003006876,0.000856413,0.028253924,0.011291991,0.008227114,0.029895602,0.002854254,0.022428093,0.003371518,0.003785014,0.003285872
Bacteroides_sp_D1,0.198270529,0.005020117,0.52600737,0.168765122,0.143507223,0.171022,0.158101447,0.181151359,0.101899335,0.096911341,0.51854868,0.441544324,0.144158381,0.273489786,0.360311224,0.18947486,0.460421613,0.17167661,0.11159286,0.417384322,0.517320614,0.529617416,0.514830412,1,0.21372368,0.227735672,0.122967713,0.476143107,0.653373126,0.22647734,0.167193679,0.322555165,0.151133659,0.070609596,0.050998101,0.147100011,0.075125275,0.393167096,0.14780205,0.237503614,0.14420872,0.304080647,0.0710784,0.158654518,0.088105744,0.181760717,0.285709604,0.255118104,0.402555949,0.059895064,0.30715389,0.440322811,0.252621508,0.094853808,0.212623775,0.320756495,0.564703947,0.401072223,0.360187804,0.514651075,0.113102274,0.295377895,0.454432356,0.199867916,0.144524396,0.066246904,0.305312839,0.531048152,0.146688224,0.163570745,0.233995454,0.452077647,0.342854239,0.36909717,0.274166635,0.281939314,0.078935257,0.003219547,0.030074376,0.00364201,0.00744381,0.027809274,0.059392592,0.012217728,0.043349426,0.030410779,0.028977701,0.003387628,0.048095773,0.030492049,0.005829389,0.016480846,0.020429385,0.005875365,0.007956075,0.016620976,0.016972349,0.005741118,0.011825918,0.03082844,0.00874885,0.16051293,0.03253132,0.021799091,0.003359122,0.167080275,0.009513979,0.022574396,0.004461862,0.008914101,0.008902842,0.034220176,0.037658335,0.005408204,0.009065592,0.031558095,0.003561146,0.000341875,0.021256932,0.007572901,0.000635282,0.01820157,0.003941831,0.002776097,0.001614549,0.001959421,0.000622338,0.001351594,0.004474287,0.014919194,0.017286209,0.000965132,0.01352292,0.016873983,0.122013379,0.013300577,0.034777536,0.004151361,0.013425977,0.012312748,0.000483839,0.000684326,0.007605214,0.003639603,0.001036625,0.03793667,0.01366813,0.009958321,0.035748037,0.003454866,0.031588526,0.004080976,0.004581483,0.003977309
Bacteroides_stercoris_ATCC_43183,0.089230876,0.003685011,0.189731314,0.142614286,0.171487735,0.094077622,0.192971985,0.100060315,0.062341996,0.045433708,0.241265418,0.201877404,0.16529528,0.209175383,0.148459338,0.272508787,0.195836237,0.075349462,0.062136662,0.202475556,0.239223044,0.23520918,0.248627418,0.21372368,1,0.183463994,0.163560591,0.254232177,0.290764691,0.127051782,0.051804336,0.146310004,0.117716878,0.048921061,0.037695072,0.105315274,0.045802171,0.202193437,0.084751997,0.146532896,0.071464634,0.12200425,0.048571912,0.11258515,0.057365519,0.123661068,0.130853271,0.182991307,0.197360492,0.040201188,0.135841812,0.219089838,0.188797491,0.05826387,0.169663153,0.220800096,0.223533716,0.221428201,0.169328299,0.23265793,0.059211358,0.133284273,0.220535649,0.11935908,0.165021425,0.061114216,0.147589298,0.253470714,0.146145771,0.074403562,0.209567699,0.195608738,0.204344804,0.187146063,0.137975051,0.133168676,0.037734605,0.002363305,0.014867919,0.002673414,0.005464121,0.017598616,0.045645819,0.00896841,0.029366406,0.021299807,0.020235923,0.002486685,0.029200231,0.022526553,0.004279057,0.007206047,0.01509096,0.004312805,0.00539528,0.01220061,0.012458535,0.004214262,0.008680803,0.024310419,0.006422084,0.082313228,0.016386563,0.0160016,0.00246576,0.105479564,0.006983726,0.009476236,0.003275225,0.006543387,0.006535122,0.019422615,0.022343807,0.003969887,0.005360649,0.021712558,0.002614056,0.000250953,0.007614451,0.00555888,0.000466328,0.008939124,0.0024952,0.002037791,0.001185158,0.001438311,0.000456827,0.000992136,0.001842225,0.008190183,0.005315954,0.000708454,0.009926485,0.005189747,0.050176048,0.004255229,0.038659683,0.003047302,0.002473738,0.00903816,0.000355161,0.000502329,0.005391589,0.002671647,0.000760933,0.01846513,0.010033077,0.007258874,0.023726987,0.002536041,0.013719102,0.002995637,0.003363033,0.002919539
Bacteroides_thetaiotaomicron_VPI_5482,0.095836104,0.001347417,0.201928915,0.239947927,0.446263107,0.047197207,0.33695144,0.306928359,0.05390976,0.078920392,0.177045271,0.142642727,0.217318601,0.159406811,0.103791575,0.215796049,0.263265552,0.097022305,0.119112016,0.320775318,0.247823963,0.225292335,0.264198628,0.227735672,0.183463994,1,0.439068644,0.324369039,0.301709743,0.33048314,0.060083291,0.238558511,0.08387849,0.01924526,0.013976678,0.190043611,0.059253502,0.412704497,0.039101706,0.075301213,0.061705144,0.164775717,0.01947187,0.046891847,0.023893956,0.212199099,0.089980064,0.491971122,0.294967179,0.014651021,0.180000723,0.32069831,0.462142566,0.027052799,0.218348989,0.390102495,0.230231394,0.305541932,0.283628427,0.343579445,0.041817234,0.100675712,0.267969874,0.167318597,0.371471132,0.033133468,0.088823677,0.312643513,0.438975225,0.059901127,0.35842884,0.16554806,0.394861556,0.419642639,0.112538393,0.082938203,0.027907841,0.000864138,0.008163772,0.000977528,0.001997945,0.007464106,0.018647949,0.003279281,0.024387424,0.008162359,0.008097273,0.000909251,0.012483387,0.008236788,0.001564628,0.005408443,0.005517978,0.001576968,0.002135438,0.004461128,0.004555438,0.001540936,0.003174118,0.006722614,0.002348222,0.052052013,0.00873152,0.005850952,0.0009016,0.079864714,0.002553585,0.00660783,0.001197579,0.002392576,0.002389554,0.009184815,0.010124422,0.001451581,0.002433237,0.008470303,0.000955824,9.18E-05,0.009395248,0.002032593,0.000170512,0.004885365,0.001058001,0.000745114,0.000433351,0.000525915,0.000167038,0.000362773,0.001200914,0.004004364,0.01510986,0.000259045,0.003629599,0.034360525,0.050949031,0.003569921,0.030232643,0.00111424,0.013974507,0.003304784,0.000129864,0.000183676,0.002041266,0.000976882,0.000278234,0.013108827,0.003668574,0.002672848,0.009712567,0.000927298,0.011801515,0.001095348,0.001229686,0.001067523
Bacteroides_uniformis_ATCC_8492,0.052215491,0.000702829,0.12163798,0.270176755,0.63987035,0.023907103,0.429188009,0.271064378,0.052429866,0.06900821,0.092727185,0.076281598,0.239418931,0.102846109,0.053450636,0.164894883,0.164286672,0.078336534,0.095876615,0.201688807,0.165487447,0.131003636,0.153711157,0.122967713,0.163560591,0.439068644,1,0.205417667,0.18244062,0.259152699,0.03494528,0.178565697,0.054046841,0.009850913,0.007231638,0.243103166,0.035592178,0.286529427,0.023655655,0.040145426,0.051283769,0.088955428,0.009772836,0.038412606,0.011146434,0.141447712,0.053337857,0.43872035,0.20031576,0.008866568,0.137806747,0.205306117,0.442650223,0.013030575,0.135142299,0.330307254,0.138275842,0.219293595,0.163259214,0.22333144,0.021723613,0.05719629,0.172579125,0.082972715,0.501741722,0.020762848,0.052031195,0.197043799,0.463331739,0.044129074,0.327805631,0.096858776,0.325736754,0.302010756,0.063616933,0.043955531,0.014524901,0.000450745,0.004190524,0.000509891,0.001042153,0.003815669,0.009707714,0.001710514,0.012720784,0.004163811,0.004223638,0.000474277,0.007547107,0.004296411,0.000803072,0.002821111,0.002878246,0.000822566,0.001113871,0.00232698,0.002376173,0.000803771,0.001655659,0.006334209,0.001224862,0.025538582,0.004537452,0.003031814,0.000470286,0.06404121,0.001331982,0.003495839,0.000624672,0.001247997,0.001246421,0.004516542,0.005021008,0.000757163,0.000987435,0.004049225,0.00049857,4.79E-05,0.00924021,0.001060226,8.89E-05,0.002548267,0.000551867,0.000388661,0.000226041,0.000274324,8.71E-05,0.000189227,0.000626412,0.002088726,0.007881491,0.000135121,0.001893244,0.01496309,0.024778818,0.001862115,0.017763977,0.000581201,0.007289277,0.001723817,6.77E-05,9.58E-05,0.00106475,0.000509554,0.00014513,0.006700658,0.001913574,0.001394191,0.00499337,0.00048369,0.006155817,0.000571347,0.00064142,0.000556834
Bacteroides_vulgatus_ATCC_8482,0.187245767,0.003273646,0.465595228,0.221935106,0.248069652,0.111125793,0.246985816,0.23080555,0.10132185,0.116075475,0.425412419,0.374265222,0.246340936,0.221673451,0.241896722,0.152806667,0.495498671,0.180454202,0.167991866,0.498269165,0.515832511,0.610709495,0.584009244,0.476143107,0.254232177,0.324369039,0.205417667,1,0.512722731,0.325893552,0.114143205,0.35267531,0.138859544,0.046471755,0.033957347,0.209210598,0.082563652,0.472062928,0.097167703,0.204550646,0.098560296,0.25521513,0.04583607,0.142049387,0.055379022,0.225379692,0.19542713,0.358895452,0.437920624,0.036913372,0.301734227,0.517101123,0.319166986,0.063080763,0.249068599,0.444408003,0.539914091,0.505741477,0.326809578,0.624979369,0.078329338,0.223097629,0.544643159,0.153474813,0.257218765,0.086090467,0.239929969,0.559636562,0.232929391,0.127014104,0.260361198,0.402020452,0.397601428,0.453177003,0.219140772,0.205103481,0.054730447,0.002099485,0.019834473,0.002374975,0.00485415,0.016421799,0.045306538,0.007967249,0.037329947,0.01983104,0.01967291,0.002209091,0.027465184,0.02001187,0.003801377,0.013140201,0.013406326,0.003831358,0.005188201,0.010838632,0.011067764,0.003743815,0.007711748,0.02307601,0.005705174,0.123320755,0.021213857,0.01421531,0.002190502,0.224935875,0.006204119,0.016282957,0.002909605,0.005812935,0.005805593,0.022274206,0.024598014,0.00352672,0.005911724,0.020579211,0.002322243,0.000222939,0.028008269,0.004938331,0.000414271,0.011869346,0.00257049,0.001810308,0.001052857,0.00127775,0.00040583,0.000881382,0.002917708,0.00972889,0.015486962,0.000629368,0.008818372,0.023710527,0.106040332,0.008673381,0.046811443,0.002707126,0.012926594,0.008029212,0.000315514,0.000446253,0.004959403,0.002373406,0.000675989,0.029505248,0.008913065,0.006493877,0.023597383,0.002252937,0.024859737,0.002661228,0.002987611,0.002593625
Bacteroides_xylanisolvens_XB1A,0.171800636,0.003554448,0.475562583,0.202515827,0.216598072,0.129119224,0.202263592,0.207866186,0.092257617,0.086968796,0.422262782,0.356288329,0.166096526,0.242479255,0.290323532,0.232994855,0.471301676,0.144579431,0.108376888,0.429470534,0.507954153,0.478418059,0.516368165,0.653373126,0.290764691,0.301709743,0.18244062,0.512722731,1,0.272162045,0.134914088,0.381639655,0.199009842,0.050768456,0.036870084,0.151792846,0.068532559,0.483974263,0.112652753,0.196093124,0.116692848,0.280720486,0.051366245,0.137641801,0.063031583,0.199395932,0.229127682,0.329183109,0.406008824,0.045021582,0.287854205,0.450024323,0.314007883,0.070144431,0.188198936,0.397626613,0.494643998,0.423265428,0.358257112,0.545449931,0.110312687,0.227395096,0.454201035,0.161873787,0.204228843,0.058859917,0.240357442,0.520227547,0.216838346,0.128019673,0.259156751,0.405891722,0.40970462,0.411398386,0.271076831,0.219249769,0.059916994,0.002279571,0.021535801,0.002578692,0.005270521,0.019690101,0.043622245,0.00865065,0.041155449,0.021532074,0.020938357,0.002398579,0.036295331,0.021728414,0.004127445,0.014267319,0.014556272,0.004159998,0.005633226,0.01176833,0.012017116,0.004064946,0.008373233,0.028066936,0.006194543,0.127385304,0.023033503,0.015434647,0.002378396,0.159478242,0.006736285,0.016595801,0.00315918,0.006311548,0.006303576,0.024229282,0.026707941,0.003829229,0.00641881,0.02234442,0.002521437,0.000242062,0.021569126,0.005361923,0.000449806,0.012887455,0.002790977,0.00196559,0.001143167,0.00138735,0.000440641,0.000956984,0.003167978,0.010563399,0.017907216,0.000683353,0.009574779,0.012173956,0.099259518,0.009417352,0.027331773,0.002939333,0.015129376,0.008717928,0.000342578,0.000484531,0.005384802,0.002576988,0.000733973,0.033190969,0.009677595,0.007050898,0.02562148,0.002446186,0.028137161,0.002889498,0.003243877,0.002816097
Bifidobacterium_adolescentis_L2_32,0.113088366,0.002128177,0.243915845,0.332748601,0.298969604,0.053248658,0.269759703,0.390946042,0.043130426,0.061746072,0.200770148,0.172571649,0.161353327,0.115518842,0.120498323,0.121952437,0.286846436,0.097902379,0.121410508,0.309079435,0.320073615,0.257163914,0.30713136,0.22647734,0.127051782,0.33048314,0.259152699,0.325893552,0.272162045,1,0.072274565,0.32916286,0.071882349,0.023336668,0.017288474,0.228491246,0.090009083,0.323847303,0.044626681,0.087462957,0.077158284,0.155329283,0.02321927,0.084551692,0.026247846,0.202803407,0.094772229,0.427830766,0.316872615,0.020170505,0.232964653,0.356725328,0.305174112,0.035014638,0.146362694,0.436847959,0.231339798,0.325427321,0.247329034,0.324545387,0.060099338,0.12605963,0.281630575,0.145125449,0.288608159,0.035661095,0.113461444,0.23641233,0.286573284,0.096256028,0.25408531,0.19512866,0.350393352,0.34782219,0.1226731,0.091553596,0.025824792,0.001408093,0.009275288,0.001755007,0.003309857,0.008419054,0.03371413,0.004911248,0.041641562,0.012800338,0.012725364,0.001647507,0.015496341,0.011194897,0.00210153,0.005077124,0.007980766,0.002621764,0.003299005,0.006795597,0.006590162,0.002720415,0.004795424,0.012864776,0.004037878,0.059913967,0.011219835,0.008750543,0.001584462,0.160882113,0.004004588,0.008742506,0.001936302,0.003935936,0.003702891,0.014092182,0.015200573,0.002583431,0.003798558,0.011446486,0.001574999,0.000166264,0.014313907,0.00346422,0.000307576,0.008420746,0.000632584,0.001344463,0.000768705,0.000680626,0.000302662,0.000622391,0.000215384,0.004332396,0.002560357,0.000417207,0.005373908,0.002335197,0.051114929,0.006468477,0.047675069,0.001836993,0.000674277,0.004839632,0.000235306,0.000332809,0.003032006,0.001719224,0.000504142,0.010017569,0.005524853,0.00430323,0.01278916,0.001415742,0.008230163,0.001675238,0.001461792,0.001212886
Bifidobacterium_catenulatum_DSM_16992,0.082620981,0.017878849,0.14704056,0.028165679,0.044304626,0.170100144,0.062024304,0.045870485,0.16435258,0.064525324,0.159308905,0.157254593,0.097041124,0.103660788,0.105417512,0.047261398,0.14458683,0.161793218,0.110269658,0.11622284,0.129601472,0.166860232,0.13889006,0.167193679,0.051804336,0.060083291,0.03494528,0.114143205,0.134914088,0.072274565,1,0.12356451,0.140995074,0.142259551,0.116907958,0.0665836,0.057751636,0.109466386,0.127073212,0.138475524,0.066224966,0.112532683,0.137240843,0.118410914,0.147761131,0.114478314,0.122498676,0.063915291,0.133561305,0.103989044,0.094424341,0.12643887,0.063467684,0.155479453,0.173601692,0.075334851,0.137242101,0.083197147,0.138566425,0.110933876,0.154627572,0.111875762,0.115826495,0.093027335,0.058621871,0.064992825,0.136966761,0.126833304,0.057477126,0.086695154,0.068307987,0.137862644,0.086077752,0.097659111,0.144905661,0.175007824,0.071756758,0.011634919,0.068891309,0.01451918,0.027505447,0.05837976,0.140154356,0.047997432,0.085904906,0.102034101,0.085148511,0.013505065,0.094689956,0.082662937,0.016924731,0.052018836,0.061490238,0.02088923,0.027637719,0.052515706,0.05154269,0.022624024,0.039111414,0.035101435,0.031849015,0.132401461,0.087542329,0.068977453,0.013218291,0.118776703,0.034681265,0.050790948,0.014753537,0.029982721,0.02786166,0.057596982,0.080929396,0.021499128,0.027387822,0.086288941,0.013001762,0.001362914,0.038074092,0.0176939,0.002532607,0.019034775,0.005488587,0.007225937,0.006412009,0.005966994,0.002481005,0.005360691,0.001992983,0.028773866,0.013092795,0.003653316,0.028628952,0.013190833,0.099110375,0.008887196,0.038301773,0.015146872,0.004925623,0.039947705,0.001928864,0.002728123,0.013830088,0.014339914,0.004132592,0.065944208,0.044633585,0.029467082,0.094969041,0.011946581,0.060960705,0.013976829,0.013321034,0.009029956
Bifidobacterium_longum_longum_CCUG_52486,0.130220166,0.003298808,0.392876599,0.193668986,0.173440155,0.09540245,0.186863869,0.281646603,0.121311342,0.071332576,0.313892372,0.277621963,0.147926239,0.121879548,0.202927577,0.202525678,0.359453375,0.115830132,0.11001719,0.427073502,0.460333623,0.3343563,0.40352688,0.322555165,0.146310004,0.238558511,0.178565697,0.35267531,0.381639655,0.32916286,0.12356451,1,0.199425054,0.041185766,0.029847322,0.134251844,0.083002083,0.385739203,0.107516442,0.133320235,0.137669331,0.251196761,0.040017012,0.116264392,0.048685717,0.161269271,0.204348301,0.311928058,0.493959646,0.03561835,0.222941868,0.393636092,0.299127575,0.055691317,0.222348778,0.421168844,0.360421206,0.320578616,0.343157318,0.432570416,0.098311476,0.21098736,0.373010214,0.156373238,0.19745552,0.055408877,0.203221029,0.353858012,0.215170698,0.102670297,0.246756456,0.317963284,0.405974727,0.383954796,0.218052168,0.177053538,0.06867677,0.002178802,0.021303096,0.002677283,0.004852248,0.018273063,0.051955041,0.008828225,0.052307775,0.022941224,0.021910814,0.002558837,0.034816557,0.017804957,0.003094594,0.015220574,0.012693138,0.003983192,0.004974709,0.010473236,0.010306591,0.00404219,0.007340894,0.019080059,0.005769365,0.116195242,0.017617263,0.013993005,0.002479421,0.182224396,0.006184124,0.017404823,0.003344526,0.005874358,0.005347289,0.020300255,0.023610375,0.003919664,0.005797061,0.01988831,0.002425388,0.000258235,0.030882039,0.005503028,0.000479859,0.013122174,0.002873182,0.001719402,0.001219546,0.001415318,0.000459059,0.000998191,0.003379643,0.011009853,0.030164066,0.000668628,0.008166662,0.003321381,0.069829524,0.010046561,0.074041403,0.002834485,0.027937713,0.007673931,0.000365467,0.000483369,0.004687752,0.002626504,0.000783012,0.033948936,0.009776679,0.00729916,0.025030178,0.002521243,0.031631058,0.003036824,0.003084639,0.001709454
Bifidobacterium_pseudocatenulatum_DSM_20438,0.111300762,0.01246018,0.141618753,0.040703192,0.066492451,0.11995095,0.065949349,0.059303159,0.123507777,0.045264538,0.127993822,0.177841892,0.070920338,0.153829109,0.131416309,0.13497103,0.134727426,0.099953118,0.04775422,0.142277001,0.139691815,0.16973298,0.146257274,0.151133659,0.117716878,0.08387849,0.054046841,0.138859544,0.199009842,0.071882349,0.140995074,0.199425054,1,0.098184566,0.086378877,0.039326587,0.049469215,0.121550066,0.090178437,0.133798406,0.054571134,0.143047532,0.093140746,0.096945746,0.100353205,0.098673828,0.137351666,0.084054436,0.166143187,0.073386364,0.080961318,0.146781916,0.105570425,0.105298951,0.097136837,0.115954739,0.17556085,0.108145698,0.116415182,0.151480174,0.219755099,0.105642575,0.137466687,0.10479819,0.054834541,0.083385373,0.138172074,0.157667986,0.083605075,0.06977933,0.052582389,0.184955864,0.11894302,0.123243318,0.228997987,0.163604735,0.056516589,0.008034349,0.049545742,0.009428235,0.019195719,0.043969537,0.100039023,0.024690463,0.072467613,0.067000692,0.057405123,0.008769705,0.069954028,0.063318214,0.01167406,0.015366189,0.047228906,0.014413166,0.01867677,0.040861676,0.038596772,0.014862291,0.028905716,0.027271868,0.022162617,0.098916399,0.049155327,0.049739477,0.00869591,0.065099396,0.023984505,0.032556667,0.009964425,0.021064436,0.021433822,0.046334077,0.058015437,0.014000461,0.016008608,0.057839013,0.008922698,0.000885028,0.10043561,0.00937324,0.001644584,0.014378682,0.004596142,0.005728318,0.004179656,0.004909238,0.001611076,0.003498933,0.002303506,0.015393572,0.01085668,0.002498481,0.021292527,0.010513715,0.056628279,0.005363033,0.040005167,0.010317524,0.00429556,0.029256736,0.001252535,0.001771546,0.012335922,0.009422005,0.002683557,0.053226611,0.032137673,0.020536789,0.06727943,0.008943766,0.043356634,0.010102142,0.01006313,0.006788623
Blautia_hansenii_VPI_C7_24_DSM_20583,0.095561988,0.070012916,0.075911473,0.019831022,0.013147789,0.38807356,0.016876709,0.026168024,0.135137607,0.099503239,0.092017418,0.122015666,0.03617139,0.089666429,0.142489935,0.050255204,0.056457648,0.125033857,0.063946627,0.047611162,0.054798548,0.070501953,0.059237546,0.070609596,0.048921061,0.01924526,0.009850913,0.046471755,0.050768456,0.023336668,0.142259551,0.041185766,0.098184566,1,0.695024109,0.03437614,0.134776756,0.03242957,0.331951563,0.13038849,0.143480335,0.103081426,0.717938896,0.209259655,0.717250477,0.049964262,0.171716395,0.02033889,0.043633575,0.539631764,0.05579793,0.046047114,0.019663443,0.579751843,0.040789475,0.028874893,0.067415323,0.040988239,0.051173308,0.040518603,0.350532846,0.158779662,0.054633966,0.08819243,0.015380053,0.17056181,0.176404815,0.046031413,0.01830197,0.165400507,0.022067569,0.09815663,0.028710972,0.03130235,0.14601123,0.214815918,0.299164036,0.044901327,0.220248827,0.050793191,0.103814885,0.332013146,0.251411445,0.131224931,0.136754283,0.370564888,0.283502094,0.047245461,0.445222411,0.427990449,0.063159227,0.081797912,0.28575533,0.081940609,0.104065585,0.23180397,0.236704388,0.080068344,0.164929832,0.178761872,0.122015594,0.204526562,0.241891477,0.304020411,0.0468479,0.058207477,0.132686435,0.135880454,0.060759445,0.118900693,0.12191722,0.208187664,0.368434396,0.075425366,0.110051882,0.215151541,0.049665426,0.004767952,0.067489846,0.056145593,0.008859949,0.084231198,0.026876676,0.038716755,0.022517267,0.027327012,0.008679426,0.018849972,0.014551241,0.093288497,0.046003871,0.013460189,0.153185667,0.033304773,0.135109647,0.04559934,0.093460577,0.057896843,0.017004595,0.167236726,0.006747844,0.009543934,0.09655187,0.050759625,0.014457259,0.217662753,0.174949498,0.120762373,0.366946997,0.048183188,0.167116492,0.056915224,0.063895524,0.051662624
Bryantella_formatexigens_I_52_DSM_14469,0.072904291,0.096404653,0.055129948,0.015255774,0.00954845,0.283280615,0.012689185,0.020262234,0.113422245,0.082893931,0.06682673,0.088612658,0.027969502,0.067609473,0.109844196,0.037443391,0.041001802,0.091227652,0.055243622,0.03457713,0.039796898,0.052550429,0.043020675,0.050998101,0.037695072,0.013976678,0.007231638,0.033957347,0.036870084,0.017288474,0.116907958,0.029847322,0.086378877,0.695024109,1,0.024979536,0.137610897,0.023551651,0.261650571,0.102914435,0.112911305,0.075660341,0.628634662,0.151972733,0.56714373,0.036613401,0.124707316,0.014770915,0.031548795,0.505194592,0.043099118,0.033441256,0.01454326,0.494697404,0.034573348,0.020970102,0.048959704,0.029788257,0.0374945,0.02942623,0.298513847,0.116002446,0.039957215,0.06784254,0.011596868,0.166129251,0.128112234,0.033429853,0.013572072,0.119736087,0.0161862,0.071285271,0.020851057,0.022733019,0.108981878,0.156007913,0.27006015,0.060354828,0.286214385,0.069939952,0.142948453,0.371356962,0.250092031,0.175540203,0.13826901,0.43420237,0.343564759,0.065054886,0.481188313,0.588646069,0.068036554,0.087061414,0.393439633,0.112828553,0.12463571,0.319183698,0.325931354,0.10453031,0.227101001,0.167507461,0.161456234,0.160077243,0.30088457,0.411418726,0.064507463,0.04934806,0.182703286,0.137621783,0.077948682,0.150273686,0.158432703,0.217463102,0.431186115,0.103857354,0.114488322,0.21941053,0.063859205,0.006565256,0.063431564,0.073121,0.012199753,0.098934301,0.032874634,0.052579628,0.031005269,0.036330285,0.011951181,0.025955568,0.016092445,0.11095777,0.048552917,0.018534079,0.195441369,0.033760175,0.119700466,0.055592692,0.095120838,0.06848664,0.01830948,0.236449915,0.009291479,0.013141571,0.110570877,0.069893733,0.019906999,0.228975436,0.234594123,0.151947601,0.422431588,0.066346094,0.197236077,0.074668709,0.087981278,0.059783108
Butyrivibrio_crossotus_DSM_2876,0.094940284,0.002408143,0.155041478,0.217607917,0.258830741,0.066969035,0.267236944,0.210913105,0.072564965,0.094411199,0.140095253,0.12709736,0.157644455,0.091977099,0.09451585,0.097286751,0.231373792,0.208458853,0.129721477,0.156581357,0.158025924,0.174382997,0.181596487,0.147100011,0.105315274,0.190043611,0.243103166,0.209210598,0.151792846,0.228491246,0.0665836,0.134251844,0.039326587,0.03437614,0.024979536,1,0.051490406,0.202972652,0.049862758,0.083473166,0.04189577,0.086302767,0.033987953,0.073832563,0.038423435,0.201577676,0.085139512,0.233357563,0.161997508,0.023782245,0.286602495,0.185413163,0.24753429,0.047680775,0.151953501,0.20184183,0.170175928,0.223555499,0.16083258,0.222901988,0.043995086,0.092074106,0.143536124,0.098002327,0.23078731,0.052557413,0.097110029,0.170187246,0.223401236,0.073098349,0.223705228,0.124892522,0.182367042,0.195286465,0.067557016,0.10219622,0.027147096,0.001544413,0.010513404,0.001747068,0.003570786,0.012116426,0.021785975,0.005860828,0.014592855,0.014588011,0.014171102,0.001625041,0.019882657,0.014721032,0.002699852,0.006024892,0.009861895,0.002818405,0.003816519,0.007973061,0.008141614,0.002754007,0.005672878,0.009655603,0.004196812,0.062965938,0.012876128,0.010456996,0.001611366,0.0846104,0.004563843,0.011294848,0.002140349,0.004276083,0.004270682,0.014505956,0.016215515,0.002594308,0.004348753,0.012559427,0.001708277,0.000163997,0.00629523,0.003291662,0.000304744,0.003891139,0.001443341,0.00133169,0.000774497,0.000939932,0.000298535,0.000648358,0.001017207,0.005250604,0.003332494,0.000462973,0.006486927,0.056422521,0.060973143,0.00638027,0.027177161,0.001991403,0.001452829,0.005906409,0.000232097,0.00032827,0.003648211,0.001745913,0.000497268,0.012514775,0.006556585,0.004488592,0.015761055,0.001657295,0.009493107,0.001957639,0.002197731,0.00190791
Catenibacterium_mitsuokai_DSM_15897,0.082878839,0.019736176,0.111676654,0.053485231,0.046641002,0.114012415,0.030701768,0.063697196,0.067819036,0.078394929,0.09273574,0.111969117,0.026098153,0.049742119,0.068421215,0.062684327,0.090267269,0.15755971,0.081378119,0.141364212,0.080400367,0.106974086,0.091898332,0.075125275,0.045802171,0.059253502,0.035592178,0.082563652,0.068532559,0.090009083,0.057751636,0.083002083,0.049469215,0.134776756,0.137610897,0.051490406,1,0.074961587,0.100664849,0.069487736,0.069231978,0.078414884,0.13187367,0.086774983,0.131514583,0.041212927,0.106312328,0.060446165,0.077101585,0.120403554,0.040475004,0.104889849,0.065757386,0.145525372,0.068583832,0.067394097,0.092839935,0.071637183,0.064966007,0.090740058,0.101197508,0.127556921,0.097082015,0.080238835,0.061596809,0.065732854,0.116821017,0.080730306,0.064159221,0.065187357,0.045233991,0.103859263,0.06193294,0.049504584,0.096272179,0.114038459,0.084397945,0.012630692,0.067800491,0.014318263,0.028811177,0.070109545,0.07356248,0.036399416,0.073185663,0.083113813,0.078046294,0.013318181,0.111015649,0.111258294,0.01518014,0.02421022,0.079215351,0.02192349,0.024258444,0.06461812,0.065901754,0.022570734,0.046492624,0.042839926,0.032464435,0.066885656,0.066405638,0.07667323,0.013206112,0.030662319,0.037381892,0.024651304,0.013869447,0.029129023,0.031460205,0.051697753,0.094470359,0.019865942,0.023990483,0.050755217,0.013536325,0.001344054,0.01843612,0.012458,0.002497561,0.021935827,0.005658537,0.010913996,0.006347468,0.006142094,0.002446673,0.005313682,0.002191908,0.020106453,0.017113605,0.003794338,0.038085871,0.015121024,0.14469491,0.018564781,0.145149674,0.0150603,0.005060838,0.047358799,0.001902172,0.002690372,0.018552949,0.01386139,0.004075405,0.059735931,0.044995142,0.027246139,0.087916576,0.012278268,0.05079257,0.014015646,0.016852579,0.01165534
Clostridiales_sp_SS3_4,0.118235306,0.002270489,0.369918298,0.210976975,0.299887289,0.082990085,0.275560703,0.3128138,0.09088403,0.085510831,0.304792708,0.247999184,0.194040531,0.18268425,0.192340536,0.18837356,0.419428973,0.135461543,0.128443196,0.396868152,0.439016154,0.369569161,0.459413729,0.393167096,0.202193437,0.412704497,0.286529427,0.472062928,0.483974263,0.323847303,0.109466386,0.385739203,0.121550066,0.03242957,0.023551651,0.202972652,0.074961587,1,0.076238355,0.144179183,0.098388313,0.258346963,0.032811423,0.085065773,0.040262937,0.218326065,0.171982172,0.505133619,0.479065801,0.026201768,0.274655696,0.495002008,0.408069624,0.046057566,0.249343389,0.5361435,0.411035606,0.394507073,0.381514372,0.566452835,0.066327731,0.183798847,0.415245831,0.151586351,0.317283462,0.039720231,0.168453342,0.558848984,0.302288949,0.096377234,0.420738785,0.282845396,0.56896559,0.576583543,0.188336608,0.147399671,0.049931722,0.001456131,0.01375651,0.001647201,0.003366672,0.012577525,0.031423061,0.005525811,0.041094466,0.013754129,0.013644455,0.00153215,0.02443525,0.013879546,0.002636505,0.009113593,0.009298168,0.002657299,0.003598358,0.007517303,0.007676222,0.002596582,0.005348604,0.014134147,0.003956913,0.083553306,0.014713203,0.009859251,0.001519257,0.154355423,0.004302964,0.011293301,0.002018002,0.004031653,0.00402656,0.015244562,0.017060339,0.002446012,0.004100169,0.014273035,0.001610628,0.000154623,0.029850479,0.003129753,0.000287324,0.008232172,0.001782804,0.001255568,0.000730225,0.000886203,0.00028147,0.000611296,0.002023622,0.006747625,0.016579878,0.000436508,0.00611612,0.008444752,0.065176203,0.00601556,0.032299972,0.00187757,0.014782865,0.005568786,0.00021883,0.000309506,0.003439672,0.001646113,0.000468843,0.022089264,0.006181796,0.00450393,0.016366335,0.00156256,0.019886354,0.001845736,0.002072104,0.00179885
Clostridium_asparagiforme_DSM_15981,0.185790518,0.025463695,0.175210331,0.034841753,0.025969354,0.469958132,0.035891573,0.054285029,0.127764892,0.096058837,0.192085084,0.223333321,0.048320042,0.136990229,0.249776577,0.104466393,0.13383558,0.156227712,0.066047467,0.10773514,0.147873846,0.131628836,0.134735121,0.14780205,0.084751997,0.039101706,0.023655655,0.097167703,0.112652753,0.044626681,0.127073212,0.107516442,0.090178437,0.331951563,0.261650571,0.049862758,0.100664849,0.076238355,1,0.20325122,0.355830807,0.170948482,0.351105872,0.318325154,0.41258525,0.080215224,0.397326015,0.055922165,0.116453348,0.271192442,0.077776552,0.093670832,0.034174668,0.34613942,0.053527995,0.079392068,0.121937129,0.077763574,0.086760672,0.095251992,0.273343533,0.398258242,0.122755129,0.117328844,0.026170567,0.147735668,0.347042913,0.105787526,0.029206647,0.292972586,0.04435036,0.176483114,0.063769567,0.06087151,0.220664694,0.321134495,0.354451233,0.016120727,0.09400716,0.018473482,0.03775747,0.139491619,0.128880193,0.061972363,0.098220022,0.142419451,0.127889792,0.017183172,0.269497649,0.154602911,0.023460294,0.047581277,0.104279625,0.029801797,0.034697539,0.084307096,0.086089378,0.027877648,0.059984974,0.143109299,0.044329337,0.201913406,0.118827542,0.110572213,0.01703858,0.087623411,0.048258052,0.061560137,0.02263204,0.043219272,0.044239462,0.105341111,0.157167893,0.027220105,0.043432301,0.113725892,0.01764883,0.001734104,0.050320406,0.026429081,0.003222363,0.066684091,0.011406302,0.014081282,0.008189529,0.009938833,0.003156707,0.006855734,0.006894334,0.040280849,0.024079715,0.00489547,0.059834102,0.027154624,0.144608498,0.047093915,0.076723875,0.019987124,0.009549689,0.062454335,0.002454191,0.003471129,0.032897687,0.018461274,0.005258105,0.10334434,0.065715689,0.050060239,0.146606646,0.017524224,0.076791807,0.020700065,0.0232388,0.020174227
Clostridium_bartlettii_DSM_16795,0.191569672,0.013095641,0.247644175,0.050675439,0.05422385,0.229699168,0.069198994,0.0733874,0.121536739,0.078654105,0.33390885,0.325595961,0.090885322,0.180419364,0.236501212,0.1049749,0.219362004,0.140982062,0.097395522,0.160387293,0.243842776,0.277290179,0.255588943,0.237503614,0.146532896,0.075301213,0.040145426,0.204550646,0.196093124,0.087462957,0.138475524,0.133320235,0.133798406,0.13038849,0.102914435,0.083473166,0.069487736,0.144179183,0.20325122,1,0.125951437,0.170536338,0.130352731,0.252176608,0.166142753,0.148168198,0.232123997,0.089071219,0.157588309,0.127725242,0.125521497,0.176360373,0.078979226,0.171825964,0.110459562,0.136918269,0.258849912,0.167502058,0.12497624,0.182505432,0.142607958,0.260440126,0.168410731,0.098446509,0.05319696,0.116049831,0.294419982,0.210034892,0.071009002,0.190279141,0.090576548,0.262589168,0.112898339,0.117815826,0.181867659,0.294518335,0.11389031,0.008462252,0.067473951,0.009572653,0.018435117,0.063805455,0.065422545,0.030980501,0.073260851,0.067950921,0.063904499,0.008904036,0.091213594,0.065748132,0.015239169,0.031363692,0.046977144,0.01463796,0.018863314,0.04053045,0.039310905,0.01508611,0.028812055,0.096007586,0.02051325,0.148473629,0.041116147,0.047276981,0.008491866,0.134888716,0.023385124,0.060191869,0.011566387,0.018290925,0.019772652,0.067547484,0.062226841,0.014214914,0.019389222,0.078026831,0.00936011,0.000898584,0.041434518,0.018350816,0.001669775,0.015227567,0.010360701,0.007296687,0.004243678,0.005150139,0.001635753,0.003552528,0.011760208,0.031964631,0.027381979,0.002536752,0.032570621,0.010284629,0.10919733,0.019704271,0.10046773,0.01091143,0.018201264,0.029550115,0.001271721,0.001798681,0.017214709,0.00861871,0.002724663,0.072543392,0.034721657,0.025586639,0.083168457,0.009080763,0.059591326,0.010726431,0.012041961,0.00671362
Clostridium_bolteae_ATCC_BAA_613,0.143512652,0.011559909,0.179989299,0.037190266,0.037489329,0.25799208,0.03999917,0.083231553,0.079676596,0.069230472,0.167624973,0.179875542,0.046298706,0.105403081,0.211637385,0.124804787,0.150444229,0.107814106,0.050691348,0.136199907,0.147806824,0.11915527,0.149438146,0.14420872,0.071464634,0.061705144,0.051283769,0.098560296,0.116692848,0.077158284,0.066224966,0.137669331,0.054571134,0.143480335,0.112911305,0.04189577,0.069231978,0.098388313,0.355830807,0.125951437,1,0.216354834,0.14666963,0.193545651,0.17487376,0.062544336,0.339706768,0.0984225,0.183182094,0.120156208,0.063691792,0.107123681,0.043429186,0.162289211,0.049461345,0.11290079,0.122754407,0.08750328,0.093577862,0.114718889,0.138131794,0.305084647,0.155733678,0.126870164,0.040649824,0.099890163,0.257203415,0.103690505,0.049678156,0.206310824,0.059741568,0.16628566,0.093327616,0.086466045,0.158723369,0.205278809,0.191960945,0.007321514,0.048948871,0.00838652,0.01714099,0.064036895,0.059252861,0.026936319,0.145298171,0.063943252,0.059847231,0.00780075,0.122439735,0.070113141,0.010687292,0.023044267,0.047340459,0.013529304,0.015746584,0.038273408,0.039082522,0.012666415,0.027231746,0.063809902,0.020127255,0.157615022,0.051719445,0.050099359,0.007735108,0.057670157,0.021908003,0.026151559,0.010274406,0.02024889,0.020500728,0.052663967,0.077292837,0.012280534,0.019745813,0.047649995,0.008016194,0.000787242,0.031160299,0.013069763,0.001462876,0.038247308,0.007199762,0.006392566,0.003717851,0.004511993,0.00143307,0.00311234,0.005143599,0.019768501,0.014245057,0.002222427,0.027179738,0.014954181,0.082156659,0.011189141,0.050119978,0.009081138,0.006669328,0.028352777,0.001114144,0.001575809,0.016239086,0.008380977,0.002387054,0.052020674,0.031373443,0.021532819,0.066541884,0.007955579,0.038364268,0.009397335,0.01054986,0.009158617
Clostridium_leptum_DSM_753,0.194197056,0.007294009,0.361826263,0.111831757,0.107079429,0.229391441,0.093966129,0.146788827,0.128572426,0.099359304,0.304530574,0.344214851,0.091530148,0.159182151,0.307588573,0.122961632,0.238914023,0.14601576,0.090817637,0.2945212,0.256417259,0.304177669,0.292357432,0.304080647,0.12200425,0.164775717,0.088955428,0.25521513,0.280720486,0.155329283,0.112532683,0.251196761,0.143047532,0.103081426,0.075660341,0.086302767,0.078414884,0.258346963,0.170948482,0.170536338,0.216354834,1,0.104300814,0.207654247,0.117742709,0.11110823,0.372454472,0.176942766,0.293448114,0.091403218,0.17464549,0.27114893,0.137456491,0.139698616,0.125748509,0.203775925,0.32064183,0.191887395,0.22511144,0.26393116,0.149017979,0.303459614,0.259927364,0.186450546,0.111180715,0.07407553,0.338808011,0.268709173,0.142886628,0.163826801,0.133507026,0.337948076,0.250620657,0.225340976,0.260534487,0.337067042,0.134874948,0.004677861,0.041191593,0.005291681,0.010815529,0.040405653,0.069549063,0.017751821,0.114289851,0.043321407,0.043795314,0.004922075,0.071552179,0.044588432,0.007477815,0.027968736,0.029870626,0.008536647,0.010405576,0.024149547,0.024660077,0.008341593,0.017182539,0.04667218,0.012711695,0.173860642,0.041155182,0.031673121,0.004880657,0.14121271,0.013823393,0.023947909,0.006482889,0.012951797,0.012935438,0.041364543,0.052135952,0.007857883,0.013171907,0.034891343,0.005174189,0.00049673,0.013213752,0.011003092,0.000923038,0.023872397,0.005727307,0.004033547,0.002345869,0.002846953,0.00090423,0.001963807,0.006500943,0.02069603,0.017512027,0.001402295,0.019566855,0.009757243,0.137262218,0.017209345,0.048337312,0.006031745,0.012088417,0.017889881,0.000702996,0.000994296,0.011050042,0.005288184,0.00150617,0.04717981,0.019859193,0.014469003,0.052577312,0.005019768,0.038033183,0.00592948,0.006656693,0.005778854
Clostridium_methylpentosum_R2_DSM_5476,0.100502246,0.06919812,0.076805317,0.019316321,0.013302601,0.382072529,0.016381621,0.026412539,0.126234573,0.09470068,0.093100907,0.121410652,0.036396615,0.088072212,0.135083444,0.050784547,0.057008665,0.123091156,0.06160854,0.048171775,0.055443792,0.069435698,0.059935057,0.0710784,0.048571912,0.01947187,0.009772836,0.04583607,0.051366245,0.02321927,0.137240843,0.040017012,0.093140746,0.717938896,0.628634662,0.033987953,0.13187367,0.032811423,0.351105872,0.130352731,0.14666963,0.104300814,1,0.211723651,0.66587794,0.049629751,0.173738325,0.020578376,0.043928076,0.49444412,0.053617459,0.046589311,0.019404052,0.566131594,0.03773942,0.029214889,0.06780429,0.040611344,0.05007184,0.040995702,0.348918714,0.161270765,0.054385965,0.084992539,0.014766904,0.160280006,0.17848195,0.046573424,0.018106279,0.164824518,0.021788853,0.099312407,0.029049039,0.03167093,0.140090934,0.217345337,0.299601935,0.040783385,0.220421149,0.050202071,0.102606709,0.359563058,0.250493805,0.136164443,0.127097616,0.33900257,0.284175755,0.046695628,0.455826909,0.402398839,0.061716141,0.083081618,0.283382046,0.080917952,0.08806035,0.228310512,0.233949672,0.074172074,0.163010413,0.182947095,0.11774836,0.196697783,0.22270038,0.295068654,0.046302694,0.057736133,0.131142258,0.118087617,0.061503039,0.116509773,0.118425985,0.246345414,0.360170903,0.068443896,0.105933573,0.195399865,0.043335705,0.004712463,0.065513583,0.065213838,0.008756839,0.08319258,0.02857988,0.038266177,0.021245731,0.027008986,0.008578417,0.0186306,0.016336198,0.101766927,0.047010594,0.013303542,0.135745885,0.029034148,0.147657883,0.053575896,0.088442246,0.046750183,0.018095757,0.165004662,0.006669314,0.009432864,0.084168056,0.050168895,0.014289008,0.204246897,0.172126549,0.110318326,0.335466782,0.047622442,0.165356369,0.056252856,0.063151921,0.039946097
Clostridium_nexile_DSM_1787,0.16002353,0.014650879,0.206638246,0.048790635,0.05944706,0.418051224,0.07271367,0.067578602,0.141307841,0.106159144,0.21929204,0.265828935,0.105621395,0.156657446,0.230576668,0.103968256,0.155547552,0.206970423,0.099232425,0.14304648,0.162096303,0.193364675,0.15861514,0.158654518,0.11258515,0.046891847,0.038412606,0.142049387,0.137641801,0.084551692,0.118410914,0.116264392,0.096945746,0.209259655,0.151972733,0.073832563,0.086774983,0.085065773,0.318325154,0.252176608,0.193545651,0.207654247,0.211723651,1,0.243773666,0.093732602,0.356276623,0.062233969,0.116626883,0.185571939,0.101475587,0.118486948,0.05135195,0.272877773,0.06504493,0.090807488,0.171421806,0.142146351,0.121463549,0.117493649,0.231792471,0.314106694,0.174653229,0.142709043,0.042703042,0.115347386,0.393951611,0.141718771,0.075878574,0.529169148,0.051104293,0.22730557,0.078157781,0.083711723,0.233192184,0.379322263,0.191015763,0.009396036,0.066270328,0.010628966,0.021724267,0.081159527,0.097592908,0.034173212,0.06657613,0.088751849,0.086735466,0.009886569,0.154732444,0.089561134,0.017012685,0.033318073,0.059998681,0.017146864,0.023219278,0.048507219,0.049532679,0.016755074,0.03451316,0.132040203,0.025532941,0.224233276,0.068120796,0.063619206,0.009803375,0.09328241,0.027765918,0.046698149,0.013021648,0.026015214,0.025982356,0.077924483,0.094857089,0.015783486,0.026457332,0.073732746,0.01039297,0.00099774,0.032250511,0.022101011,0.00185403,0.026249965,0.011498945,0.008101855,0.004711955,0.005718441,0.001816254,0.003944539,0.008872697,0.033022579,0.020570005,0.002816675,0.039465747,0.020307687,0.137314165,0.030083402,0.064702877,0.012115473,0.010314447,0.03593394,0.001412052,0.00199716,0.022195315,0.010621942,0.003025321,0.075703869,0.039889535,0.029062701,0.098080979,0.010082797,0.057578318,0.01191006,0.013370755,0.011607512
Clostridium_scindens_ATCC_35704,0.12435842,0.056391534,0.091410973,0.02197861,0.01617085,0.443982732,0.020229586,0.030507246,0.130175867,0.096749409,0.113914375,0.146037306,0.03920877,0.10633646,0.165858423,0.057403144,0.069877521,0.137736075,0.064414735,0.054707048,0.068035145,0.084323191,0.073546382,0.088105744,0.057365519,0.023893956,0.011146434,0.055379022,0.063031583,0.026247846,0.147761131,0.048685717,0.100353205,0.717250477,0.56714373,0.038423435,0.131514583,0.040262937,0.41258525,0.166142753,0.17487376,0.117742709,0.66587794,0.243773666,1,0.059242415,0.213194512,0.025251751,0.053963528,0.494246536,0.05952845,0.056732744,0.021574336,0.558746688,0.042015857,0.035849626,0.081021189,0.048903483,0.060206582,0.050305877,0.352458843,0.197081279,0.06205775,0.095118865,0.016418795,0.15893209,0.21901542,0.057150306,0.020844593,0.190343123,0.026356187,0.114698705,0.035646111,0.037663822,0.165715804,0.248060681,0.343515083,0.036165537,0.194209817,0.040911108,0.083617151,0.309074628,0.228000193,0.106988218,0.134210231,0.324206835,0.251892055,0.038053607,0.420706202,0.344722649,0.056990562,0.073354229,0.23093616,0.065998631,0.081840186,0.186705285,0.190652301,0.064490625,0.132841863,0.182790765,0.098276817,0.223713241,0.203475452,0.244871636,0.037733394,0.060196148,0.106871589,0.11074957,0.050120591,0.098033982,0.100006623,0.195424857,0.326736671,0.060750963,0.100523445,0.224730532,0.040002755,0.003840322,0.057998581,0.047113833,0.007136199,0.072870684,0.022160303,0.031184206,0.018136414,0.022010398,0.006990798,0.01518261,0.012213721,0.078453715,0.041134398,0.010841439,0.130239246,0.031493002,0.139656576,0.046263416,0.085663839,0.044483155,0.015145963,0.137385468,0.005435015,0.007687112,0.074739426,0.040884072,0.011644523,0.198642143,0.14172559,0.095228359,0.308514165,0.038808895,0.148052738,0.045842067,0.051464312,0.043853893
Clostridium_sp_L2_50,0.110222145,0.003529702,0.172707451,0.099649611,0.181567638,0.093136048,0.155703613,0.164340322,0.047705155,0.147587595,0.201441555,0.157989605,0.158824175,0.142127552,0.116315501,0.089906568,0.226809892,0.13534368,0.088942945,0.142380022,0.213073388,0.191793,0.209896568,0.181760717,0.123661068,0.212199099,0.141447712,0.225379692,0.199395932,0.202803407,0.114478314,0.161269271,0.098673828,0.049964262,0.036613401,0.201577676,0.041212927,0.218326065,0.080215224,0.148168198,0.062544336,0.11110823,0.049629751,0.093732602,0.059242415,1,0.118032511,0.178425818,0.178663041,0.034272015,0.124547225,0.180768943,0.216812995,0.064661717,0.19221939,0.184569441,0.201800538,0.192028507,0.167657596,0.216557866,0.09331444,0.126285284,0.163748529,0.088047185,0.155236589,0.041088959,0.122963081,0.19159952,0.203448805,0.107645534,0.169100524,0.14748834,0.146413126,0.182621781,0.106972367,0.130207612,0.036553745,0.002263701,0.016122909,0.00256074,0.005233829,0.018006571,0.044568214,0.007542971,0.024949402,0.021382171,0.020743507,0.002381881,0.029142654,0.021577145,0.003710305,0.007710037,0.014454934,0.004131037,0.005594008,0.011686401,0.011933455,0.004036647,0.00831494,0.013399334,0.006151418,0.063925231,0.020565537,0.015327194,0.002361838,0.120617195,0.006689389,0.016004246,0.003137187,0.006267608,0.006259691,0.021213874,0.023970416,0.003802571,0.00589906,0.018435932,0.002503883,0.000240376,0.008407681,0.00389274,0.000446674,0.005560655,0.002368843,0.001951906,0.001135208,0.001377692,0.000437573,0.000950322,0.00174349,0.007788155,0.005078746,0.000678596,0.009508122,0.0056512,0.051465324,0.006366908,0.033032647,0.00291887,0.002352382,0.008657236,0.000340193,0.000481158,0.005347314,0.002559047,0.000728863,0.019297085,0.009610221,0.006174319,0.02316093,0.002429156,0.01487461,0.002869382,0.003221294,0.002796492
Clostridium_sp_M62_1,0.216240543,0.012022366,0.347187127,0.064819709,0.063497154,0.403745346,0.059360091,0.099919333,0.141011403,0.102963692,0.329537473,0.408984127,0.087257701,0.187136551,0.413995981,0.145363112,0.240978221,0.220352531,0.087874103,0.21734059,0.264367555,0.264920941,0.247280372,0.285709604,0.130853271,0.089980064,0.053337857,0.19542713,0.229127682,0.094772229,0.122498676,0.204348301,0.137351666,0.171716395,0.124707316,0.085139512,0.106312328,0.171982172,0.397326015,0.232123997,0.339706768,0.372454472,0.173738325,0.356276623,0.213194512,0.118032511,1,0.115193011,0.24832739,0.142129066,0.167508341,0.187826146,0.087197639,0.234215306,0.086581615,0.152921295,0.265179338,0.161383995,0.208364262,0.206392147,0.219704033,0.476382044,0.242121862,0.190516399,0.055249792,0.107457188,0.569670355,0.223597214,0.082083995,0.289359786,0.095260619,0.326378745,0.148850044,0.154371519,0.285999644,0.525955355,0.216472337,0.007710294,0.058107378,0.008722024,0.017826718,0.066598702,0.09637276,0.028823299,0.128022715,0.072828886,0.072248156,0.00811282,0.129238107,0.073492977,0.013960441,0.029272055,0.049234322,0.014070546,0.019053509,0.039804542,0.040646024,0.013749047,0.028321156,0.073885646,0.020952078,0.251833304,0.053815211,0.052205289,0.008044553,0.087320541,0.022784436,0.044315344,0.010685435,0.021347827,0.021320863,0.071744291,0.086594949,0.012951772,0.021710624,0.067774188,0.008528368,0.000818735,0.042800845,0.01813587,0.001521399,0.024389079,0.009440046,0.006648302,0.003866584,0.004692496,0.0014904,0.003236849,0.009653134,0.030691994,0.019411337,0.002311335,0.0323852,0.014140183,0.150306913,0.028562423,0.059400993,0.009941837,0.010787164,0.029487034,0.001158715,0.00163885,0.018213255,0.00871626,0.002482548,0.069053912,0.032732956,0.023848564,0.083116196,0.008273843,0.052547494,0.009773277,0.010971909,0.009525009
Clostridium_sp_SS2_1,0.100071616,0.001423985,0.260856699,0.316134167,0.436472454,0.052142344,0.379518575,0.435241744,0.066848231,0.081250666,0.207237154,0.162674291,0.219794979,0.15025689,0.129342974,0.196854261,0.321502388,0.082888355,0.129271333,0.332085683,0.322968079,0.251014511,0.328356686,0.255118104,0.182991307,0.491971122,0.43872035,0.358895452,0.329183109,0.427830766,0.063915291,0.311928058,0.084054436,0.02033889,0.014770915,0.233357563,0.060446165,0.505133619,0.055922165,0.089071219,0.0984225,0.176942766,0.020578376,0.062233969,0.025251751,0.178425818,0.115193011,1,0.394086587,0.018036573,0.237764833,0.394687286,0.485240068,0.028885974,0.162452983,0.591982919,0.270654183,0.342644236,0.306634494,0.413051975,0.044193535,0.125715682,0.311734348,0.17367486,0.35317003,0.031182823,0.113068935,0.367690704,0.385848137,0.071753248,0.458366192,0.198544788,0.541438482,0.523237764,0.118662364,0.094680551,0.032477656,0.000913243,0.008627686,0.001033077,0.002111479,0.00788826,0.019707636,0.003465629,0.025773261,0.008626192,0.008557408,0.00096092,0.015325083,0.00870485,0.00165354,0.005715782,0.005831542,0.001666581,0.002256786,0.004714635,0.004814304,0.001628501,0.00335449,0.011489405,0.002481662,0.062063931,0.009227696,0.006183438,0.000952834,0.114303559,0.002698695,0.007082832,0.001265633,0.002528536,0.002525342,0.00970675,0.010699751,0.001534068,0.002571507,0.008951635,0.00101014,9.70E-05,0.018721358,0.002148097,0.000180202,0.00516298,0.001118123,0.000787456,0.000457976,0.000555801,0.00017653,0.000383387,0.001269157,0.004231915,0.005994977,0.000273765,0.003835854,0.02596793,0.048780911,0.003772785,0.024045576,0.001177557,0.004868647,0.003492582,0.000137244,0.000194113,0.002157263,0.001032394,0.000294045,0.012018778,0.003877044,0.002824735,0.010264493,0.000979993,0.010006432,0.001157592,0.001299564,0.001128186
Collinsella_aerofaciens_ATCC_25986,0.175719492,0.00322966,0.466137564,0.206280202,0.208900986,0.108852149,0.199517344,0.275981732,0.09752465,0.083547007,0.336140644,0.313966239,0.189639591,0.170932231,0.235100034,0.201925904,0.414950173,0.123544719,0.154393907,0.490831723,0.474255548,0.415217323,0.502054479,0.402555949,0.197360492,0.294967179,0.20031576,0.437920624,0.406008824,0.316872615,0.133561305,0.493959646,0.166143187,0.043633575,0.031548795,0.161997508,0.077101585,0.479065801,0.116453348,0.157588309,0.183182094,0.293448114,0.043928076,0.116626883,0.053963528,0.178663041,0.24832739,0.394086587,1,0.036959269,0.295826742,0.544929615,0.340383962,0.060615988,0.245587846,0.483497234,0.4547183,0.40067104,0.37141255,0.547513184,0.091272429,0.245844885,0.45332989,0.210868264,0.200211832,0.086518381,0.224589453,0.505531686,0.259560486,0.125620589,0.285753677,0.384378254,0.456877693,0.454044322,0.223791424,0.192889732,0.065564436,0.002071275,0.019527407,0.002343064,0.004724767,0.017651663,0.044518272,0.007860197,0.058454884,0.019463383,0.019319071,0.002179409,0.033495599,0.019037591,0.0037503,0.012925538,0.012867377,0.003779879,0.004876478,0.010548398,0.010654675,0.003693512,0.007590756,0.021046959,0.005549661,0.125359927,0.020928818,0.014024307,0.00216107,0.180835032,0.006120758,0.01503432,0.00287051,0.00573483,0.005694623,0.022015333,0.023784572,0.003479334,0.005832291,0.0203027,0.002291041,0.000219943,0.027337809,0.004871978,0.000408705,0.011564447,0.002535952,0.001785984,0.00103871,0.001260581,0.000400378,0.00086954,0.002878504,0.009598169,0.024539902,0.000620912,0.008637375,0.009620104,0.076870841,0.005878123,0.058730503,0.002670752,0.021991467,0.007738053,0.000311275,0.000440257,0.004276516,0.002341516,0.000666906,0.03134126,0.008793305,0.00640361,0.02256407,0.002222666,0.028222738,0.00262547,0.002947468,0.002558776
Coprobacillus_sp_D7,0.085559512,0.074876748,0.065192869,0.01467273,0.011097325,0.307668957,0.013528483,0.023880884,0.111158091,0.081347624,0.077345753,0.097664373,0.029724329,0.063183374,0.105692505,0.040989825,0.050066771,0.085494777,0.064722354,0.042221687,0.048595477,0.055331368,0.05253199,0.059895064,0.040201188,0.014651021,0.008866568,0.036913372,0.045021582,0.020170505,0.103989044,0.03561835,0.073386364,0.539631764,0.505194592,0.023782245,0.120403554,0.026201768,0.271192442,0.127725242,0.120156208,0.091403218,0.49444412,0.185571939,0.494246536,0.034272015,0.142129066,0.018036573,0.036959269,1,0.038332317,0.037616659,0.013712935,0.366678902,0.031034721,0.02560632,0.054849238,0.032734648,0.035224501,0.035931989,0.248544622,0.140181422,0.049516901,0.069404024,0.012620521,0.137993788,0.156436191,0.040820761,0.015206187,0.146677546,0.015208781,0.081705695,0.022432519,0.025420079,0.121127182,0.160787987,0.294125235,0.05063285,0.204116046,0.057276794,0.117066552,0.379853067,0.210746017,0.146961203,0.128330179,0.326944526,0.245480637,0.053276206,0.537713681,0.415182358,0.068797164,0.073148501,0.31936954,0.090129379,0.086205485,0.261393071,0.256886867,0.090288835,0.185982644,0.416164585,0.133385657,0.160797032,0.246406496,0.285840906,0.052827898,0.062539225,0.145899849,0.085482658,0.054810324,0.125001518,0.131226906,0.173004963,0.354961892,0.079156083,0.103382763,0.187299927,0.056005072,0.005376567,0.04311004,0.05750109,0.009990896,0.079070335,0.023090201,0.040390263,0.02539153,0.025588811,0.009787329,0.021256116,0.009444066,0.084616881,0.043260199,0.015178343,0.15082155,0.038394217,0.097987258,0.030870938,0.074486096,0.065287206,0.014149841,0.179932574,0.007609187,0.01076219,0.065820078,0.057238943,0.016302686,0.191107274,0.171671904,0.135876533,0.311521538,0.050088164,0.155163129,0.056897438,0.072051601,0.062549931
Coprococcus_eutactus_ATCC_27759,0.114500153,0.004197817,0.304690103,0.143989099,0.163112346,0.097670129,0.148718001,0.195414467,0.093452741,0.120308845,0.274451884,0.238270526,0.14390996,0.126771814,0.203607679,0.127467243,0.251428683,0.103667571,0.168411989,0.263277044,0.292313641,0.300932151,0.328591967,0.30715389,0.135841812,0.180000723,0.137806747,0.301734227,0.287854205,0.232964653,0.094424341,0.222941868,0.080961318,0.05579793,0.043099118,0.286602495,0.040475004,0.274655696,0.077776552,0.125521497,0.063691792,0.17464549,0.053617459,0.101475587,0.05952845,0.124547225,0.167508341,0.237764833,0.295826742,0.038332317,1,0.313887877,0.209874101,0.077171148,0.140718906,0.261945349,0.308884821,0.399115437,0.254634364,0.352457886,0.092151867,0.148799491,0.271049309,0.126339284,0.130135948,0.092081908,0.17413528,0.327910472,0.12859284,0.113664695,0.199994297,0.269440343,0.2524195,0.306900314,0.156608032,0.17248003,0.042291757,0.002692183,0.024564544,0.003045446,0.006224508,0.018341595,0.055288315,0.010216454,0.021565485,0.02484817,0.023306918,0.002832732,0.030334921,0.025661348,0.004264346,0.016725151,0.017191017,0.004912975,0.006462706,0.013898446,0.014192264,0.004800718,0.009888823,0.013938983,0.007315781,0.105416169,0.021650956,0.018228382,0.002808895,0.176926143,0.007955581,0.013328289,0.003731005,0.007453964,0.007444549,0.027892815,0.025448347,0.004522336,0.006231682,0.017435618,0.002977828,0.000285876,0.007982823,0.004467697,0.000531223,0.005851342,0.003296156,0.00232137,0.001350085,0.001638466,0.000520399,0.001130202,0.003741395,0.012112963,0.022023413,0.000807043,0.011088747,0.107048695,0.089991802,0.008513073,0.049481948,0.003471365,0.018752851,0.010295909,0.000404586,0.000572233,0.006359474,0.003043433,0.000866825,0.038216225,0.011429279,0.007266933,0.029450143,0.002888956,0.034200673,0.003412509,0.003831032,0.003325822
Dorea_formicigenerans_ATCC_27755,0.164283876,0.003223893,0.510491358,0.223330299,0.237401081,0.113479914,0.2182584,0.273994395,0.09773534,0.081355541,0.386849146,0.350292052,0.204107576,0.220373828,0.248976633,0.164511385,0.467807506,0.133118154,0.161393079,0.509503619,0.490806001,0.468001221,0.54831161,0.440322811,0.219089838,0.32069831,0.205306117,0.517101123,0.450024323,0.356725328,0.12643887,0.393636092,0.146781916,0.046047114,0.033441256,0.185413163,0.104889849,0.495002008,0.093670832,0.176360373,0.107123681,0.27114893,0.046589311,0.118486948,0.056732744,0.180768943,0.187826146,0.394687286,0.544929615,0.037616659,0.313887877,1,0.363609373,0.064617148,0.269185856,0.538609396,0.517187252,0.454885063,0.398975134,0.588574985,0.097492987,0.255541632,0.464471548,0.18348392,0.221074633,0.073826535,0.235056291,0.557259647,0.23315613,0.112150149,0.305435183,0.406046261,0.485428811,0.541576072,0.236939805,0.210104022,0.065889848,0.002067577,0.017375739,0.00233888,0.004780376,0.01785897,0.04005988,0.007846161,0.03964939,0.019529644,0.019373917,0.002175517,0.029176449,0.019707725,0.003743603,0.012940494,0.013202574,0.003773129,0.00510935,0.010673904,0.010899554,0.003686916,0.007594543,0.018575482,0.005618466,0.140512338,0.020891444,0.013999263,0.002157211,0.182055351,0.006109827,0.016035486,0.002865384,0.005724589,0.005717359,0.021976019,0.024224168,0.00347312,0.005821876,0.020266444,0.00228695,0.00021955,0.037868806,0.004863278,0.000407975,0.011688953,0.002531423,0.001782795,0.001036855,0.00125833,0.000399663,0.000867987,0.002873364,0.009581029,0.007201249,0.000619803,0.008684348,0.022104222,0.094019342,0.008541561,0.060345362,0.002665983,0.004697897,0.007907182,0.000310719,0.000439471,0.004884029,0.002337334,0.000665715,0.020745036,0.008777602,0.006395182,0.023238745,0.002218697,0.01621909,0.002620782,0.002942204,0.002554207
Dorea_longicatena_DSM_13814,0.095697498,0.001402038,0.237122522,0.285877915,0.444037005,0.047210198,0.333391684,0.307684754,0.08765253,0.131793623,0.181443492,0.151069128,0.254564491,0.180064784,0.108552881,0.243854415,0.293374269,0.109119735,0.149832575,0.338704834,0.268138091,0.253606543,0.276460157,0.252621508,0.188797491,0.462142566,0.442650223,0.319166986,0.314007883,0.305174112,0.063467684,0.299127575,0.105570425,0.019663443,0.01454326,0.24753429,0.065757386,0.408069624,0.034174668,0.078979226,0.043429186,0.137456491,0.019404052,0.05135195,0.021574336,0.216812995,0.087197639,0.485240068,0.340383962,0.013712935,0.209874101,0.363609373,1,0.028440771,0.262457517,0.421084513,0.26899553,0.370538038,0.307540661,0.416478135,0.043378534,0.099399644,0.284390722,0.160247098,0.325918565,0.037755783,0.094953197,0.350865586,0.463220796,0.058821703,0.449620389,0.185772696,0.4790889,0.450199751,0.119055508,0.090270303,0.02616516,0.000899168,0.008494712,0.001017155,0.002078936,0.006800508,0.019403893,0.003412215,0.014378227,0.008493242,0.008425518,0.00094611,0.011573537,0.008570688,0.001628055,0.005627688,0.005741664,0.001640895,0.002222004,0.004641971,0.004740104,0.001603402,0.003302789,0.005480227,0.002443413,0.056325927,0.009085475,0.006088136,0.000938149,0.096570728,0.002657101,0.006973668,0.001246126,0.002489565,0.002486421,0.009557145,0.009626525,0.001510424,0.002531874,0.008225755,0.000994571,9.55E-05,0.014742111,0.00211499,0.000177424,0.005083406,0.00110089,0.000775319,0.000450918,0.000547235,0.000173809,0.000377479,0.001249597,0.004166691,0.015722378,0.000269546,0.003776734,0.005753483,0.052710151,0.003714637,0.035384812,0.001159408,0.014541001,0.003438752,0.000135128,0.000191121,0.002124014,0.001016483,0.000289513,0.013516965,0.003817289,0.002781199,0.010106292,0.000964888,0.012279921,0.001139751,0.001279535,0.001110798
Enterococcus_faecalis_TX0104,0.131285795,0.049296761,0.107812024,0.027079338,0.018672931,0.475432088,0.021895174,0.034474591,0.153833575,0.115930977,0.125617939,0.168589447,0.045134729,0.11660335,0.171447165,0.064036924,0.075491925,0.164180935,0.079091795,0.065036555,0.074619518,0.100403452,0.084131153,0.094853808,0.05826387,0.027052799,0.013030575,0.063080763,0.070144431,0.035014638,0.155479453,0.055691317,0.105298951,0.579751843,0.494697404,0.047680775,0.145525372,0.046057566,0.34613942,0.171825964,0.162289211,0.139698616,0.566131594,0.272877773,0.558746688,0.064661717,0.234215306,0.028885974,0.060615988,0.366678902,0.077171148,0.064617148,0.028440771,1,0.055472828,0.04078149,0.094037384,0.05822949,0.073324174,0.057545881,0.333331349,0.219630627,0.073045251,0.11250522,0.020171121,0.18148849,0.250536045,0.065375359,0.025924578,0.194292216,0.030994648,0.138315164,0.040776288,0.044456649,0.161736585,0.305088785,0.256439875,0.031093924,0.183586059,0.035763969,0.073097049,0.20927223,0.220077244,0.105534957,0.134284963,0.272671884,0.25097926,0.033265979,0.310605722,0.299539022,0.038319085,0.07933972,0.20188145,0.057695163,0.068245959,0.163215382,0.166665813,0.053797773,0.116128665,0.112777908,0.085701281,0.219288815,0.176309636,0.214063666,0.032986053,0.065478785,0.093425782,0.105523169,0.043814782,0.087374108,0.087246548,0.219137402,0.264790343,0.053107718,0.079416055,0.147987054,0.03404502,0.00335716,0.058030503,0.052101072,0.006238374,0.063922896,0.028261611,0.027260835,0.015854622,0.019241209,0.006111266,0.013272445,0.019368869,0.083132606,0.043920872,0.009477447,0.109766973,0.026920821,0.234447265,0.060611633,0.107408866,0.038546631,0.019859251,0.120909256,0.004751221,0.006719975,0.074682015,0.035740335,0.010179494,0.180646318,0.132470086,0.080461861,0.28103238,0.033926241,0.131579279,0.040074551,0.044989446,0.032252839
Eubacterium_biforme_DSM_3989,0.10707709,0.004592807,0.202241131,0.140671989,0.152151944,0.060655569,0.168700739,0.143858632,0.126349044,0.085925611,0.195648891,0.158200348,0.178101476,0.121932385,0.11875042,0.130299192,0.18734826,0.171364436,0.105739618,0.270561104,0.198574105,0.214354788,0.226165691,0.212623775,0.169663153,0.218348989,0.135142299,0.249068599,0.188198936,0.146362694,0.173601692,0.222348778,0.097136837,0.040789475,0.034573348,0.151953501,0.068583832,0.249343389,0.053527995,0.110459562,0.049461345,0.125748509,0.03773942,0.06504493,0.042015857,0.19221939,0.086581615,0.162452983,0.245587846,0.031034721,0.140718906,0.269185856,0.262457517,0.055472828,1,0.202742748,0.227668396,0.252204968,0.25252237,0.264059503,0.041641277,0.112861765,0.206598374,0.110963656,0.130205464,0.115026722,0.109025169,0.288745558,0.165413261,0.055482466,0.220076411,0.158973338,0.201818686,0.269993475,0.086256464,0.112478978,0.056941526,0.002880765,0.01597845,0.003332004,0.006748575,0.016905912,0.037640181,0.008528172,0.030869502,0.02089806,0.021937351,0.003099275,0.028412824,0.026030679,0.004258336,0.005427363,0.018554042,0.005250052,0.007093184,0.015165966,0.015317566,0.005252437,0.010819302,0.010593677,0.008004153,0.077816183,0.022594251,0.018421794,0.003073195,0.096437802,0.008579169,0.011697531,0.003327999,0.007686011,0.008003839,0.024463407,0.022729669,0.004947861,0.005508425,0.017491175,0.003094067,0.000312775,0.026198227,0.002883603,0.000581208,0.005240857,0.001446952,0.002539797,0.001455131,0.001551562,0.000569365,0.001236547,0.000636109,0.005684421,0.004971592,0.000882981,0.008600893,0.004639085,0.116976774,0.007910944,0.064267146,0.00340438,0.001464504,0.010705035,0.000442655,0.000626077,0.006044799,0.003329802,0.000948388,0.016111296,0.010342253,0.006514157,0.021864754,0.002980814,0.012707527,0.003387328,0.003625338,0.002667882
Eubacterium_hallii_DSM_3353,0.132441164,0.002021615,0.34852116,0.282672708,0.348647462,0.074025899,0.323739499,0.357641249,0.09882613,0.095238404,0.29088033,0.230793047,0.236824714,0.165235084,0.165589823,0.213675746,0.380653658,0.101152177,0.139142766,0.420289984,0.437379974,0.328139031,0.432165008,0.320756495,0.220800096,0.390102495,0.330307254,0.444408003,0.397626613,0.436847959,0.075334851,0.421168844,0.115954739,0.028874893,0.020970102,0.20184183,0.067394097,0.5361435,0.079392068,0.136918269,0.11290079,0.203775925,0.029214889,0.090807488,0.035849626,0.184569441,0.152921295,0.591982919,0.483497234,0.02560632,0.261945349,0.538609396,0.421084513,0.04078149,0.202742748,1,0.359827805,0.41632471,0.332598542,0.526619543,0.062741065,0.177543594,0.392253676,0.173525108,0.306526968,0.049063747,0.162402784,0.441125799,0.285174976,0.091191644,0.359604572,0.285113238,0.543014868,0.567457807,0.169831269,0.133566008,0.04223269,0.001296521,0.012248628,0.001466648,0.002997644,0.011198874,0.027978708,0.004920114,0.034551823,0.012246508,0.012148856,0.001364208,0.021756847,0.012358178,0.002347512,0.008114632,0.008278975,0.002366026,0.003203934,0.006693315,0.006834814,0.002311965,0.004762331,0.018219693,0.003523187,0.077417085,0.013100456,0.008778557,0.001352728,0.166163609,0.003831307,0.010055417,0.001796804,0.003589734,0.0035852,0.013780563,0.015190317,0.002177899,0.00365074,0.012708536,0.001434084,0.000137674,0.023551289,0.003049629,0.00025583,0.007329825,0.001587387,0.001117942,0.000650184,0.000789065,0.000250617,0.000544291,0.001801808,0.006008002,0.014800654,0.000388662,0.005445719,0.005864927,0.062930643,0.005356181,0.042504289,0.001671765,0.013198919,0.004958379,0.000194843,0.00027558,0.003062642,0.001465679,0.000417452,0.01966801,0.005504195,0.004010244,0.014572385,0.001391284,0.017706566,0.001643421,0.001844976,0.001601674
Eubacterium_rectale_M104_1,0.222603297,0.004719943,0.642138719,0.172831483,0.167904256,0.157997093,0.165514611,0.1895758,0.128457199,0.146268109,0.550770352,0.502665101,0.173764426,0.255707823,0.353041994,0.173124207,0.483682382,0.170864153,0.187442335,0.502086617,0.506177187,0.606340624,0.617453026,0.564703947,0.223533716,0.230231394,0.138275842,0.539914091,0.494643998,0.231339798,0.137242101,0.360421206,0.17556085,0.067415323,0.048959704,0.170175928,0.092839935,0.411035606,0.121937129,0.258849912,0.122754407,0.32064183,0.06780429,0.171421806,0.081021189,0.201800538,0.265179338,0.270654183,0.4547183,0.054849238,0.308884821,0.517187252,0.26899553,0.094037384,0.227668396,0.359827805,1,0.448430666,0.335839216,0.56361434,0.113753022,0.321620458,0.528521986,0.194362671,0.169472762,0.078046962,0.329603522,0.555676372,0.183707564,0.147073742,0.224908686,0.447404322,0.35525536,0.386961182,0.268181488,0.305065982,0.081334176,0.003027037,0.025915201,0.003424239,0.006998714,0.025347619,0.065322967,0.01148718,0.058390788,0.028592394,0.028364401,0.003185068,0.041168435,0.028853114,0.005480826,0.018945543,0.019329242,0.005524053,0.007480348,0.015627139,0.015957503,0.005397833,0.011118798,0.034872217,0.008225721,0.171257973,0.030586139,0.020495634,0.003158266,0.219280994,0.008945099,0.023476768,0.004195069,0.00838109,0.008370505,0.032174012,0.035205209,0.005084825,0.007962437,0.029671108,0.003348211,0.000321433,0.04539994,0.007120086,0.000597296,0.017113224,0.003706133,0.002610102,0.001518009,0.001842259,0.000585126,0.001270777,0.004206751,0.014027114,0.010883415,0.000907423,0.012714329,0.017503368,0.147136055,0.012505281,0.05191749,0.003903134,0.007264098,0.011576518,0.000454908,0.000643407,0.007150467,0.003421977,0.000974641,0.030724879,0.012850857,0.009362872,0.034022707,0.003248285,0.024110798,0.003836958,0.004307537,0.003739489
Eubacterium_siraeum_70_3,0.176515846,0.002871727,0.408074824,0.218208557,0.264922531,0.097960251,0.221520251,0.272250622,0.091284762,0.110980385,0.356227837,0.295435542,0.234268166,0.156765291,0.213527775,0.189573682,0.390458331,0.142806182,0.179907882,0.434048026,0.383250011,0.428983753,0.464346721,0.401072223,0.221428201,0.305541932,0.219293595,0.505741477,0.423265428,0.325427321,0.083197147,0.320578616,0.108145698,0.040988239,0.029788257,0.223555499,0.071637183,0.394507073,0.077763574,0.167502058,0.08750328,0.191887395,0.040611344,0.142146351,0.048903483,0.192028507,0.161383995,0.342644236,0.40067104,0.032734648,0.399115437,0.454885063,0.370538038,0.05822949,0.252204968,0.41632471,0.448430666,1,0.305730105,0.527381084,0.072056564,0.192586137,0.427516995,0.161127743,0.205434731,0.074984953,0.207033495,0.488882459,0.258776336,0.138503932,0.290457778,0.317834083,0.397492026,0.459548539,0.191863421,0.179892781,0.043865264,0.001841722,0.017399308,0.002083389,0.004258185,0.014923833,0.039744058,0.006989075,0.020847164,0.017396297,0.017257581,0.001937872,0.024632875,0.017554926,0.003334666,0.011526922,0.011760374,0.003360966,0.004551223,0.009507926,0.009708927,0.003284171,0.006764943,0.020774522,0.005004725,0.109715761,0.018028045,0.012470035,0.001921565,0.160588635,0.005442412,0.014283828,0.00255238,0.005099256,0.005092815,0.019575439,0.019740396,0.00309373,0.005185916,0.015597533,0.002037132,0.000195568,0.020807315,0.004332031,0.000363409,0.010412095,0.0022549,0.001588049,0.000923593,0.001120875,0.000356005,0.000773171,0.002559488,0.008534432,0.022780536,0.000552098,0.007735702,0.016608542,0.104152493,0.007608513,0.042543818,0.00237476,0.020509448,0.007043431,0.000276777,0.000391464,0.004350516,0.002082012,0.000592995,0.027938621,0.007818769,0.005696596,0.020643525,0.001976334,0.025152369,0.002334497,0.002620809,0.002275195
Eubacterium_ventriosum_ATCC_27560,0.120141065,0.003614644,0.361373814,0.161586381,0.182006006,0.114059374,0.211835882,0.243845103,0.124750669,0.059134661,0.299678906,0.286999752,0.172645924,0.234303386,0.225240511,0.114158969,0.330085712,0.144971903,0.101789566,0.330827145,0.349438116,0.320757401,0.340674431,0.360187804,0.169328299,0.283628427,0.163259214,0.326809578,0.358257112,0.247329034,0.138566425,0.343157318,0.116415182,0.051173308,0.0374945,0.16083258,0.064966007,0.381514372,0.086760672,0.12497624,0.093577862,0.22511144,0.05007184,0.121463549,0.060206582,0.167657596,0.208364262,0.306634494,0.37141255,0.035224501,0.254634364,0.398975134,0.307540661,0.073324174,0.25252237,0.332598542,0.335839216,0.305730105,1,0.403451824,0.082903111,0.202203531,0.311663601,0.213429198,0.147094164,0.058566862,0.208272149,0.393188415,0.169288264,0.105909926,0.278231055,0.322329933,0.411085713,0.448384594,0.164008873,0.198080591,0.070668561,0.002318177,0.017027644,0.002622364,0.005359781,0.017695343,0.038923474,0.008042226,0.035163972,0.021867824,0.02172213,0.0024392,0.029943989,0.022096398,0.004197346,0.008290702,0.014802791,0.00423045,0.005728628,0.011967633,0.012220633,0.004133788,0.008515038,0.014061472,0.006299452,0.140572881,0.023423589,0.015696042,0.002418675,0.108648429,0.006850368,0.011007326,0.003212683,0.006418437,0.00641033,0.021525411,0.024128761,0.00389408,0.006527516,0.022619433,0.002564139,0.000246161,0.023445848,0.005452731,0.000457424,0.005977846,0.002838244,0.001998878,0.001162527,0.001410846,0.000448104,0.000973191,0.002298635,0.008650399,0.005695026,0.000694926,0.009736934,0.053950946,0.087238774,0.008323446,0.028795191,0.002989113,0.002903982,0.008865571,0.000348379,0.000492737,0.005475997,0.002620631,0.000746403,0.020794815,0.00984149,0.006676779,0.024428076,0.002487614,0.015739445,0.002938433,0.003298814,0.002863789
Faecalibacterium_prausnitzii_SL3_3,0.185106915,0.002836826,0.510654366,0.227937199,0.255661559,0.103876611,0.245013999,0.27013618,0.109250716,0.117365009,0.409940644,0.32677862,0.235230622,0.202710305,0.260129263,0.189657887,0.509336551,0.153712219,0.159999035,0.549776079,0.542256663,0.513420933,0.593282018,0.514651075,0.23265793,0.343579445,0.22333144,0.624979369,0.545449931,0.324545387,0.110933876,0.432570416,0.151480174,0.040518603,0.02942623,0.222901988,0.090740058,0.566452835,0.095251992,0.182505432,0.114718889,0.26393116,0.040995702,0.117493649,0.050305877,0.216557866,0.206392147,0.413051975,0.547513184,0.035931989,0.352457886,0.588574985,0.416478135,0.057545881,0.264059503,0.526619543,0.56361434,0.527381084,0.403451824,1,0.072030109,0.219739523,0.55417466,0.174117004,0.240159598,0.077514724,0.224507958,0.663436427,0.259872868,0.125070877,0.325585236,0.38084919,0.503925211,0.528756466,0.226335324,0.188620114,0.064701136,0.001819339,0.017187849,0.002058069,0.004206434,0.015714786,0.039261035,0.006904135,0.037720721,0.017184874,0.017047844,0.00191432,0.030530228,0.017341575,0.003294138,0.011386831,0.011617446,0.003320119,0.004495911,0.009392373,0.009590931,0.003244257,0.006682726,0.022608353,0.004943901,0.119820144,0.018383174,0.012318482,0.001898211,0.185015105,0.005376269,0.014110232,0.00252136,0.005037283,0.005030921,0.019337533,0.021315764,0.00305613,0.00512289,0.017833213,0.002012374,0.000193191,0.028769221,0.004279382,0.000358993,0.010285554,0.002227495,0.001568749,0.000912368,0.001107252,0.000351678,0.000763775,0.002528382,0.008430711,0.0204474,0.000545388,0.007641688,0.013494971,0.097952617,0.007516044,0.043100539,0.002345899,0.0182079,0.00695783,0.000273413,0.000386707,0.004297642,0.002056709,0.000585788,0.027599074,0.007723745,0.005627363,0.020448653,0.001952315,0.024846684,0.002306125,0.002588957,0.002247543
Gordonibacter_pamelaeae_7_10_1_bT_DSM_19378,0.116270672,0.032221567,0.131360339,0.032990196,0.028139723,0.368639902,0.027191199,0.05482046,0.112930249,0.104850511,0.135993894,0.187035047,0.044102004,0.113626368,0.205987211,0.095907409,0.083555921,0.149152232,0.074302918,0.07286187,0.087710737,0.112188452,0.099784577,0.113102274,0.059211358,0.041817234,0.021723613,0.078329338,0.110312687,0.060099338,0.154627572,0.098311476,0.219755099,0.350532846,0.298513847,0.043995086,0.101197508,0.066327731,0.273343533,0.142607958,0.138131794,0.149017979,0.348918714,0.231792471,0.352458843,0.09331444,0.219704033,0.044193535,0.091272429,0.248544622,0.092151867,0.097492987,0.043378534,0.333331349,0.041641277,0.062741065,0.113753022,0.072056564,0.082903111,0.072030109,1,0.195421718,0.082236323,0.102448718,0.022106338,0.189423105,0.222377866,0.084531898,0.038673032,0.161936172,0.033331932,0.173553492,0.062173801,0.068015587,0.259885045,0.272526212,0.203489207,0.019795797,0.135832802,0.023376204,0.047778017,0.149874115,0.162156207,0.068893347,0.0974333,0.182786924,0.156577002,0.021743456,0.223662125,0.190813255,0.024194453,0.048486519,0.128618511,0.037710968,0.04936907,0.106294421,0.108936847,0.034654729,0.075904532,0.090842691,0.054435957,0.232188492,0.134701875,0.139917241,0.02156049,0.059477951,0.061065374,0.082847389,0.026210132,0.050725611,0.054017539,0.114999033,0.171674753,0.034712502,0.041467039,0.122587731,0.021727165,0.002194322,0.048644848,0.04221689,0.004077554,0.053928621,0.023419916,0.017818348,0.010362968,0.012576525,0.003994473,0.008675194,0.017575434,0.05610678,0.034202324,0.006194691,0.066777377,0.030034837,0.119044041,0.025251517,0.075077242,0.024680153,0.018347527,0.076036862,0.003105514,0.00439234,0.031752405,0.023360756,0.006653566,0.138547969,0.087728754,0.051749982,0.197910108,0.02217502,0.119143502,0.026193705,0.029406201,0.025528314
Holdemania_filiformis_VPI_J1_31B_1_DSM_12042,0.262207897,0.011327027,0.407365347,0.099231318,0.067193197,0.385277254,0.074275106,0.113245783,0.120785384,0.109125576,0.354786896,0.454762367,0.09691076,0.233870272,0.369391016,0.157325452,0.263090185,0.200572334,0.100861832,0.270493071,0.268881444,0.300352314,0.295623069,0.295377895,0.133284273,0.100675712,0.05719629,0.223097629,0.227395096,0.12605963,0.111875762,0.21098736,0.105642575,0.158779662,0.116002446,0.092074106,0.127556921,0.183798847,0.398258242,0.260440126,0.305084647,0.303459614,0.161270765,0.314106694,0.197081279,0.126285284,0.476382044,0.125715682,0.245844885,0.140181422,0.148799491,0.255541632,0.099399644,0.219630627,0.112861765,0.177543594,0.321620458,0.192586137,0.202203531,0.219739523,0.195421718,1,0.298641929,0.197760905,0.06778945,0.113391888,0.53590828,0.252139315,0.076551669,0.303317526,0.105636822,0.401724954,0.162214589,0.166297779,0.297278065,0.462746429,0.232239523,0.007264353,0.051922575,0.008217568,0.016795673,0.062631215,0.091803424,0.027567195,0.078718899,0.068616677,0.066523775,0.007643599,0.121902713,0.068948057,0.013086479,0.028218516,0.046386754,0.013256747,0.01795151,0.037502365,0.038295178,0.012953843,0.026683144,0.078796227,0.019740272,0.250517487,0.065386746,0.049185889,0.007579279,0.107679652,0.021466652,0.04157902,0.010067421,0.020113131,0.020087727,0.077211925,0.078750706,0.01220268,0.020454945,0.064632504,0.008035112,0.000771382,0.068742716,0.012338458,0.001433405,0.041068704,0.008340041,0.006263783,0.003642952,0.004421096,0.001404199,0.003049639,0.006318892,0.025444874,0.015861663,0.002177654,0.028699136,0.024919882,0.178013387,0.028312054,0.10332927,0.009366831,0.007707188,0.027781591,0.001091699,0.001544064,0.017159854,0.008212137,0.002338965,0.060028878,0.030839779,0.022469233,0.073569744,0.007795309,0.046884438,0.009208019,0.010337326,0.008974111
Parabacteroides_distasonis_ATCC_8503,0.173521116,0.003909352,0.514586284,0.177693017,0.198885517,0.132363353,0.195146582,0.221138441,0.10220181,0.148469973,0.404031987,0.362793762,0.197858168,0.213350699,0.241821419,0.175221468,0.479080803,0.185048023,0.163951516,0.579071513,0.478933015,0.525074763,0.536339759,0.454432356,0.220535649,0.267969874,0.172579125,0.544643159,0.454201035,0.281630575,0.115826495,0.373010214,0.137466687,0.054633966,0.039957215,0.143536124,0.097082015,0.415245831,0.122755129,0.168410731,0.155733678,0.259927364,0.054385965,0.174653229,0.06205775,0.163748529,0.242121862,0.311734348,0.45332989,0.049516901,0.271049309,0.464471548,0.284390722,0.073045251,0.206598374,0.392253676,0.528521986,0.427516995,0.311663601,0.55417466,0.082236323,0.298641929,1,0.222034718,0.205612486,0.068787995,0.253832167,0.504923684,0.222592217,0.184657313,0.25311042,0.389854057,0.367666922,0.390801645,0.217547493,0.225317605,0.082456157,0.002507182,0.0224777,0.002836169,0.005796773,0.021656121,0.053422896,0.009514401,0.057421215,0.023285658,0.02303969,0.002638073,0.042013585,0.023833083,0.004539563,0.015691884,0.016009688,0.004575366,0.006195693,0.012943375,0.013217002,0.004470823,0.009209284,0.035232815,0.006813057,0.138515542,0.024724519,0.016184753,0.002615874,0.169152729,0.007408891,0.019444929,0.003474618,0.006941744,0.006932976,0.025369735,0.029374678,0.004211571,0.007059716,0.022988147,0.002773198,0.000266231,0.044738501,0.005897301,0.000494718,0.014174243,0.003069651,0.00216185,0.00125731,0.001525874,0.000484638,0.001052537,0.003484295,0.011618134,0.013418824,0.000751585,0.010530803,0.015548271,0.120872252,0.010357657,0.045707499,0.00323282,0.010387907,0.009588397,0.000376783,0.00053291,0.005851017,0.002834295,0.000807258,0.027877453,0.010557132,0.007754917,0.027863491,0.002690433,0.023187111,0.003178009,0.003567772,0.003097279
Parabacteroides_johnsonii_DSM_18315,0.131793465,0.007227906,0.20653381,0.114095548,0.086413052,0.175575841,0.112401111,0.156976089,0.08909619,0.183923753,0.205993121,0.21519343,0.072895989,0.172865514,0.151503999,0.124840175,0.178408801,0.112060945,0.099784793,0.197217438,0.177561443,0.180444722,0.225964734,0.199867916,0.11935908,0.167318597,0.082972715,0.153474813,0.161873787,0.145125449,0.093027335,0.156373238,0.10479819,0.08819243,0.06784254,0.098002327,0.080238835,0.151586351,0.117328844,0.098446509,0.126870164,0.186450546,0.084992539,0.142709043,0.095118865,0.088047185,0.190516399,0.17367486,0.210868264,0.069404024,0.126339284,0.18348392,0.160247098,0.11250522,0.110963656,0.173525108,0.194362671,0.161127743,0.213429198,0.174117004,0.102448718,0.197760905,0.222034718,1,0.091609744,0.048891271,0.209948471,0.172901595,0.136905559,0.115430794,0.128587693,0.20025022,0.162821096,0.173056612,0.159632031,0.219963004,0.06469363,0.004635467,0.029405383,0.005243724,0.010717512,0.031321212,0.08569865,0.017590944,0.066529128,0.040976554,0.040558606,0.004877468,0.053453309,0.043264022,0.008393087,0.016083564,0.029599921,0.008459283,0.011455065,0.02393069,0.024436593,0.008265996,0.017026821,0.025557143,0.012596494,0.132157108,0.035396717,0.031217841,0.004836425,0.060562969,0.013698117,0.020586211,0.00616864,0.012066397,0.01281821,0.042702169,0.054310125,0.00778667,0.013052536,0.037946387,0.005127297,0.000492228,0.017000799,0.007422392,0.000914672,0.010588006,0.005201935,0.003996992,0.00232461,0.002821152,0.000896036,0.00194601,0.003917023,0.015037648,0.010382428,0.001389586,0.017970341,0.007099051,0.130849946,0.007551657,0.035834107,0.005977082,0.004986166,0.017727753,0.000696626,0.000985285,0.009555315,0.005240259,0.001492521,0.032495583,0.018740202,0.012441259,0.043704731,0.004974276,0.025214712,0.005782456,0.0062038,0.004427033
Parabacteroides_merdae_ATCC_43184,0.055108062,0.00123097,0.133426092,0.211349341,0.486179695,0.032529231,0.427295896,0.290989042,0.065145808,0.093358779,0.126584665,0.100517073,0.222024358,0.110695912,0.057934019,0.155315373,0.200681528,0.092574556,0.091477022,0.224149203,0.207558277,0.176853723,0.202381903,0.144524396,0.165021425,0.371471132,0.501741722,0.257218765,0.204228843,0.288608159,0.058621871,0.19745552,0.054834541,0.015380053,0.011596868,0.23078731,0.061596809,0.317283462,0.026170567,0.05319696,0.040649824,0.111180715,0.014766904,0.042703042,0.016418795,0.155236589,0.055249792,0.35317003,0.200211832,0.012620521,0.130135948,0.221074633,0.325918565,0.020171121,0.130205464,0.306526968,0.169472762,0.205434731,0.147094164,0.240159598,0.022106338,0.06778945,0.205612486,0.091609744,1,0.025869573,0.065239951,0.211468482,0.371261947,0.046700749,0.324920034,0.120454828,0.323397302,0.266146905,0.082152794,0.057986969,0.013429263,0.000789457,0.007094731,0.000893048,0.001825277,0.005516851,0.016793018,0.002995878,0.018561725,0.007265465,0.007239099,0.000830672,0.009591563,0.007171218,0.001331371,0.004941032,0.004994869,0.00141251,0.001950889,0.004063022,0.004128223,0.001407765,0.002899803,0.0073543,0.002145283,0.028926171,0.006368716,0.005314106,0.000823682,0.105756004,0.002313837,0.004186854,0.001094082,0.002181024,0.002183043,0.007312339,0.008958757,0.001326132,0.002095576,0.006468708,0.00087322,8.38E-05,0.01611617,0.001226143,0.000155776,0.00446316,0.000966566,0.00068072,0.000395899,0.000480465,0.000152602,0.000331421,0.001097128,0.003466996,0.01380403,0.000236658,0.003130341,0.001329324,0.034822065,0.001707928,0.028041019,0.001017945,0.012766798,0.003019177,0.000118641,0.000167802,0.001789809,0.000892458,0.000254188,0.01075425,0.003351527,0.002395609,0.008435589,0.000847159,0.010310847,0.001000686,0.001123414,0.000702197
Prevotella_copri_CB7_DSM_18205,0.14424719,0.028843183,0.089154385,0.033759471,0.027919892,0.145552757,0.025808287,0.032454654,0.069539631,0.099728497,0.102850392,0.115307481,0.060715455,0.061563008,0.124414257,0.040294688,0.066979962,0.111844424,0.080043815,0.063850822,0.065782894,0.099886308,0.088077072,0.066246904,0.061114216,0.033133468,0.020762848,0.086090467,0.058859917,0.035661095,0.064992825,0.055408877,0.083385373,0.17056181,0.166129251,0.052557413,0.065732854,0.039720231,0.147735668,0.116049831,0.099890163,0.07407553,0.160280006,0.115347386,0.15893209,0.041088959,0.107457188,0.031182823,0.086518381,0.137993788,0.092081908,0.073826535,0.037755783,0.18148849,0.115026722,0.049063747,0.078046962,0.074984953,0.058566862,0.077514724,0.189423105,0.113391888,0.068787995,0.048891271,0.025869573,1,0.117547163,0.071047864,0.033259965,0.074905569,0.019525074,0.144014527,0.044209654,0.056236609,0.111610667,0.13761159,0.118665673,0.017155921,0.096953207,0.02288255,0.044531166,0.086439648,0.08779506,0.05804626,0.059364199,0.100536357,0.111348332,0.022248415,0.12479497,0.129548519,0.023228506,0.037330526,0.106838946,0.033311361,0.037023669,0.093545661,0.088698973,0.037309322,0.069907143,0.05646516,0.051616534,0.098384304,0.086678663,0.102366458,0.021294806,0.089451123,0.055399039,0.044737338,0.026459314,0.049637907,0.050674779,0.083913853,0.118918839,0.028889936,0.035573561,0.070019179,0.018435717,0.002245282,0.034301024,0.018297586,0.004172249,0.029871895,0.009566163,0.018175061,0.008285981,0.010426866,0.004087239,0.008876662,0.003796715,0.032759982,0.027273159,0.006338553,0.069782758,0.019395,0.204781908,0.012454462,0.213841368,0.020665954,0.0077417,0.068252427,0.003177635,0.004494345,0.043531556,0.022971373,0.006808084,0.103189065,0.065224822,0.05368026,0.114552338,0.020363742,0.080395873,0.023561382,0.022209388,0.016786021
Pseudoflavonifractor_capillosus_ATCC_29799,0.280308318,0.012350615,0.384797704,0.079610999,0.066885341,0.434240052,0.072708122,0.102633064,0.157301294,0.126145072,0.407573147,0.535770033,0.104662128,0.200083618,0.426575752,0.142711195,0.261558747,0.232417614,0.119025384,0.234953811,0.289033836,0.342262355,0.31577051,0.305312839,0.147589298,0.088823677,0.052031195,0.239929969,0.240357442,0.113461444,0.136966761,0.203221029,0.138172074,0.176404815,0.128112234,0.097110029,0.116821017,0.168453342,0.347042913,0.294419982,0.257203415,0.338808011,0.17848195,0.393951611,0.21901542,0.122963081,0.569670355,0.113068935,0.224589453,0.156436191,0.17413528,0.235056291,0.094953197,0.250536045,0.109025169,0.162402784,0.329603522,0.207033495,0.208272149,0.224507958,0.222377866,0.53590828,0.253832167,0.209948471,0.065239951,0.117547163,1,0.255302909,0.077519169,0.277323133,0.09907955,0.425159132,0.151947267,0.159390862,0.37080181,0.660948624,0.234214087,0.00792081,0.068108694,0.008960163,0.018313446,0.068417064,0.111305702,0.030058356,0.079623475,0.074817353,0.074220767,0.008334327,0.132918681,0.075499576,0.013105183,0.041223262,0.05057858,0.014454718,0.019573732,0.040891336,0.041755794,0.014124441,0.029094416,0.111309213,0.021524138,0.273538253,0.06236654,0.053630664,0.008264195,0.141771754,0.023406526,0.050966951,0.010977182,0.021930692,0.021902993,0.079115756,0.091233781,0.013305398,0.022303395,0.062198983,0.00876122,0.00084109,0.041370777,0.018631039,0.001562938,0.044779954,0.00969779,0.006829822,0.003972154,0.004820617,0.001531093,0.003325226,0.011007752,0.035887883,0.027259194,0.002374442,0.033269422,0.017349132,0.205848633,0.03272241,0.08119585,0.010213282,0.018363893,0.030292127,0.001190352,0.001683596,0.018710537,0.008954242,0.00255033,0.079121896,0.033626673,0.024499708,0.089026784,0.008499746,0.061327934,0.01004012,0.011271478,0.009785073
Roseburia_intestinalis_M50_1,0.172911731,0.003222793,0.490126091,0.17935733,0.219814168,0.118009675,0.216154231,0.225916427,0.100782421,0.094151166,0.438185312,0.368865164,0.23026185,0.21997575,0.273963472,0.188980034,0.445539416,0.139287594,0.155787538,0.48865307,0.495262126,0.505131226,0.524105945,0.531048152,0.253470714,0.312643513,0.197043799,0.559636562,0.520227547,0.23641233,0.126833304,0.353858012,0.157667986,0.046031413,0.033429853,0.170187246,0.080730306,0.558848984,0.105787526,0.210034892,0.103690505,0.268709173,0.046573424,0.141718771,0.057150306,0.19159952,0.223597214,0.367690704,0.505531686,0.040820761,0.327910472,0.557259647,0.350865586,0.065375359,0.288745558,0.441125799,0.555676372,0.488882459,0.393188415,0.663436427,0.084531898,0.252139315,0.504923684,0.172901595,0.211468482,0.071047864,0.255302909,1,0.220807106,0.141896207,0.308859033,0.398662272,0.461845523,0.521997826,0.244824123,0.214283062,0.073504131,0.002066871,0.019526364,0.002338082,0.004778746,0.017852881,0.044602745,0.007843485,0.036596104,0.019522984,0.01936731,0.002174775,0.034684057,0.019701005,0.003742326,0.012936081,0.013198072,0.003771842,0.005107607,0.010670264,0.010895837,0.003685659,0.007591953,0.029045241,0.00561655,0.129539358,0.02088432,0.013994489,0.002156475,0.131483038,0.006107744,0.016030018,0.002864407,0.005722637,0.005715409,0.021968525,0.024215908,0.003471936,0.005819891,0.020259534,0.00228617,0.000219476,0.04237058,0.004861619,0.000407836,0.011684968,0.00253056,0.001782187,0.001036502,0.001257901,0.000399526,0.000867691,0.002872384,0.009577762,0.023665538,0.000619592,0.008681387,0.026723029,0.094940078,0.008538649,0.046020845,0.002665073,0.021124382,0.007904486,0.000310613,0.000439321,0.004882364,0.002336537,0.000665488,0.0313541,0.008774609,0.006393001,0.023230821,0.00221794,0.028227231,0.002619888,0.002941201,0.002553336
Ruminococcus_bromii_L2_63,0.076419523,0.001319899,0.158309307,0.26896357,0.503341907,0.043325911,0.306706461,0.334781762,0.062184839,0.115485791,0.117406088,0.10598406,0.229894678,0.11069206,0.079118038,0.164648228,0.220746723,0.107470393,0.144985737,0.26276079,0.188430101,0.168939734,0.194368633,0.146688224,0.146145771,0.438975225,0.463331739,0.232929391,0.216838346,0.286573284,0.057477126,0.215170698,0.083605075,0.01830197,0.013572072,0.223401236,0.064159221,0.302288949,0.029206647,0.071009002,0.049678156,0.142886628,0.018106279,0.075878574,0.020844593,0.203448805,0.082083995,0.385848137,0.259560486,0.015206187,0.12859284,0.23315613,0.463220796,0.025924578,0.165413261,0.285174976,0.183707564,0.258776336,0.169288264,0.259872868,0.038673032,0.076551669,0.222592217,0.136905559,0.371261947,0.033259965,0.077519169,0.220807106,1,0.085395334,0.344012564,0.127332573,0.337044698,0.277325794,0.081077462,0.073457117,0.024146704,0.00084649,0.007997046,0.000957565,0.001957141,0.007238457,0.016137203,0.003212309,0.020156152,0.007937065,0.007509933,0.000890682,0.011105909,0.008031652,0.001532674,0.003411103,0.005405287,0.001544763,0.002091827,0.00437002,0.004462404,0.001509466,0.003109294,0.009912682,0.002300265,0.042036457,0.007742635,0.00573146,0.000883187,0.068374244,0.002501434,0.006565114,0.001173121,0.002343713,0.002340753,0.008823248,0.009764782,0.001421936,0.002383544,0.006420838,0.000936304,8.99E-05,0.017352923,0.001991082,0.00016703,0.001728378,0.001036394,0.000729897,0.000424501,0.000515175,0.000163626,0.000355364,0.001176388,0.003543494,0.014801277,0.000253754,0.003555473,0.002260841,0.043388257,0.003177859,0.032792322,0.001040017,0.013689111,0.003237292,0.000127212,0.000179924,0.001999578,0.000956932,0.000272551,0.012576915,0.003593652,0.002618261,0.009406547,0.00090836,0.011560497,0.001072978,0.001204573,0.001045722
Ruminococcus_gnavus_ATCC_29149,0.202796831,0.011580172,0.199633515,0.058911429,0.062635584,0.279575528,0.078797802,0.07283397,0.095889388,0.16034914,0.164608312,0.183351836,0.109737657,0.180279845,0.228228034,0.094778229,0.140025469,0.133020419,0.070042317,0.132953583,0.17480715,0.147989981,0.141795662,0.163570745,0.074403562,0.059901127,0.044129074,0.127014104,0.128019673,0.096256028,0.086695154,0.102670297,0.06977933,0.165400507,0.119736087,0.073098349,0.065187357,0.096377234,0.292972586,0.190279141,0.206310824,0.163826801,0.164824518,0.529169148,0.190343123,0.107645534,0.289359786,0.071753248,0.125620589,0.146677546,0.113664695,0.112150149,0.058821703,0.194292216,0.055482466,0.091191644,0.147073742,0.138503932,0.105909926,0.125070877,0.161936172,0.303317526,0.184657313,0.115430794,0.046700749,0.074905569,0.277323133,0.141896207,0.085395334,1,0.053619264,0.1686371,0.088878753,0.077962898,0.161876964,0.23069837,0.179134758,0.007426702,0.046717401,0.00840122,0.017171035,0.06414914,0.070448159,0.023784878,0.056810616,0.069555435,0.060688322,0.007814423,0.118105575,0.070789837,0.013446963,0.019856731,0.047423438,0.013553018,0.018352703,0.038340494,0.039151026,0.013243345,0.027279478,0.104365634,0.020181441,0.225386939,0.060438413,0.05028513,0.007748666,0.066648399,0.021946404,0.031233101,0.010292415,0.019828241,0.020281496,0.064114631,0.078003015,0.012475394,0.020912087,0.062098043,0.008214687,0.000788622,0.0235041,0.012025452,0.00146544,0.016284313,0.005050646,0.006403771,0.003724367,0.004519902,0.001435581,0.003117795,0.003002292,0.019777018,0.013027924,0.002226322,0.028491302,0.040949494,0.085942983,0.012436098,0.040679858,0.009576167,0.004734004,0.028402474,0.001116097,0.001578572,0.017415909,0.008395668,0.002391238,0.05465086,0.029775939,0.022971392,0.072193247,0.007969524,0.040468345,0.009413807,0.010568352,0.00917467
Ruminococcus_lactaris_ATCC_29176,0.063821392,0.001560425,0.207791299,0.251369561,0.307388829,0.0530339,0.339166014,0.428818327,0.063807737,0.061072963,0.183247391,0.141689463,0.138811325,0.130525145,0.121025662,0.204415786,0.252874226,0.102568068,0.092426281,0.251314501,0.255894211,0.207836392,0.254434887,0.233995454,0.209567699,0.35842884,0.327805631,0.260361198,0.259156751,0.25408531,0.068307987,0.246756456,0.052582389,0.022067569,0.0161862,0.223705228,0.045233991,0.420738785,0.04435036,0.090576548,0.059741568,0.133507026,0.021788853,0.051104293,0.026356187,0.169100524,0.095260619,0.458366192,0.285753677,0.015208781,0.199994297,0.305435183,0.449620389,0.030994648,0.220076411,0.359604572,0.224908686,0.290457778,0.278231055,0.325585236,0.033331932,0.105636822,0.25311042,0.128587693,0.324920034,0.019525074,0.09907955,0.308859033,0.344012564,0.053619264,1,0.163414033,0.434655764,0.36754591,0.106814592,0.090193999,0.030898791,0.001000746,0.00935739,0.001132062,0.002313792,0.007760028,0.016494059,0.00379769,0.021461813,0.009452716,0.009377342,0.001052991,0.012975152,0.009538911,0.001811975,0.006263443,0.006390295,0.001826265,0.002473022,0.005166371,0.00527559,0.001784537,0.003675902,0.00569801,0.002719444,0.055276763,0.008842231,0.006775908,0.001044131,0.113728522,0.002957272,0.007761478,0.0013869,0.002770809,0.00276731,0.008381521,0.011724955,0.001681056,0.002817898,0.009084153,0.001106927,0.000106267,0.020515157,0.002353918,0.000197468,0.002687003,0.001225257,0.000862906,0.000501857,0.000609056,0.000193444,0.000420122,0.001390762,0.004637399,0.017498522,0.000299996,0.004203389,0.002360822,0.044420632,0.004134277,0.025042102,0.001290386,0.016183686,0.003827226,0.000150394,0.000212712,0.002363962,0.001131314,0.000322219,0.0147177,0.004248525,0.002909993,0.011247992,0.001073891,0.013434927,0.001268508,0.001424083,0.001236284
Ruminococcus_obeum_A2_162,0.20114665,0.006872232,0.544719043,0.156482141,0.116779697,0.235198786,0.131054568,0.167214721,0.124999428,0.100658213,0.495087096,0.542268648,0.161682492,0.220705292,0.362958484,0.176726634,0.386843072,0.196726266,0.124705901,0.365000346,0.407375157,0.484639703,0.467642538,0.452077647,0.195608738,0.16554806,0.096858776,0.402020452,0.405891722,0.19512866,0.137862644,0.317963284,0.184955864,0.09815663,0.071285271,0.124892522,0.103859263,0.282845396,0.176483114,0.262589168,0.16628566,0.337948076,0.099312407,0.22730557,0.114698705,0.14748834,0.326378745,0.198544788,0.384378254,0.081705695,0.269440343,0.406046261,0.185772696,0.138315164,0.158973338,0.285113238,0.447404322,0.317834083,0.322329933,0.38084919,0.173553492,0.401724954,0.389854057,0.20025022,0.120454828,0.144014527,0.425159132,0.398662272,0.127332573,0.1686371,0.163414033,1,0.274506271,0.28748952,0.382088818,0.436808777,0.109694483,0.004407363,0.041637698,0.004985688,0.010190119,0.03806919,0.08021987,0.01672532,0.060503853,0.041630492,0.041298535,0.004637455,0.061655953,0.0420101,0.007980075,0.0207537,0.028143353,0.008043014,0.010891378,0.022753096,0.023234105,0.007859239,0.016188956,0.041420377,0.01197664,0.223716998,0.043129467,0.029841619,0.004598432,0.185959904,0.013024053,0.032407784,0.006108015,0.012202858,0.012187445,0.045882334,0.049440624,0.0074035,0.01241024,0.043201097,0.004874991,0.000468006,0.038455777,0.010366837,0.000869663,0.024856563,0.005396125,0.003800306,0.002210219,0.002682327,0.000851943,0.00185025,0.006125025,0.020423462,0.035700603,0.001321207,0.018512048,0.01818525,0.154284748,0.018207675,0.087823513,0.005682959,0.030429171,0.016855396,0.000662346,0.0009368,0.010411072,0.004982394,0.001419076,0.06596036,0.018710832,0.013632331,0.049537021,0.004729499,0.056099646,0.005586607,0.006271769,0.005444691
Ruminococcus_sp_SR1_5,0.131247501,0.002010139,0.348176157,0.280985986,0.318540111,0.072664057,0.304338617,0.350882403,0.10436937,0.082201996,0.258042892,0.216939583,0.23683665,0.206418378,0.172925654,0.215261036,0.350358567,0.076695357,0.107309482,0.410314393,0.362045485,0.314352388,0.373999439,0.342854239,0.204344804,0.394861556,0.325736754,0.397601428,0.40970462,0.350393352,0.086077752,0.405974727,0.11894302,0.028710972,0.020851057,0.182367042,0.06193294,0.56896559,0.063769567,0.112898339,0.093327616,0.250620657,0.029049039,0.078157781,0.035646111,0.146413126,0.148850044,0.541438482,0.456877693,0.022432519,0.2524195,0.485428811,0.4790889,0.040776288,0.201818686,0.543014868,0.35525536,0.397492026,0.411085713,0.503925211,0.062173801,0.162214589,0.367666922,0.162821096,0.323397302,0.044209654,0.151947267,0.461845523,0.337044698,0.088878753,0.434655764,0.274506271,1,0.585497144,0.166123354,0.13160813,0.04458063,0.001289161,0.012179094,0.001458322,0.002980626,0.011135299,0.027819876,0.004892183,0.036382291,0.012176986,0.012079888,0.001356463,0.021544615,0.012288022,0.002334185,0.008068566,0.008231976,0.002352595,0.003185746,0.006655317,0.006796013,0.00229884,0.004735296,0.011761517,0.003503186,0.083234618,0.013026086,0.008728722,0.001345049,0.125318429,0.003809557,0.009998333,0.001786604,0.003569356,0.003564847,0.013702332,0.015104083,0.002165536,0.003630015,0.012636391,0.001425943,0.000136893,0.026427617,0.003032317,0.000254378,0.007288214,0.001578375,0.001111596,0.000646493,0.000784585,0.000249195,0.000541201,0.00179158,0.005973895,0.016063154,0.000386455,0.005414804,0.008916097,0.062977054,0.005325774,0.049468953,0.001662275,0.01446844,0.004930231,0.000193737,0.000274016,0.003045255,0.001457358,0.000415082,0.019556356,0.005472949,0.003777005,0.014489659,0.001383386,0.017606048,0.001634091,0.001834503,0.001592581
Ruminococcus_torques_L2_14,0.112191231,0.002191569,0.36052251,0.239017879,0.332346646,0.078270313,0.28196885,0.313762583,0.105263312,0.07969566,0.284783676,0.23125233,0.287113432,0.190382179,0.17914155,0.174558677,0.365260884,0.098835767,0.131876671,0.399673321,0.363425775,0.334741605,0.386313397,0.36909717,0.187146063,0.419642639,0.302010756,0.453177003,0.411398386,0.34782219,0.097659111,0.383954796,0.123243318,0.03130235,0.022733019,0.195286465,0.049504584,0.576583543,0.06087151,0.117815826,0.086466045,0.225340976,0.03167093,0.083711723,0.037663822,0.182621781,0.154371519,0.523237764,0.454044322,0.025420079,0.306900314,0.541576072,0.450199751,0.044456649,0.269993475,0.567457807,0.386961182,0.459548539,0.448384594,0.528756466,0.068015587,0.166297779,0.390801645,0.173056612,0.266146905,0.056236609,0.159390862,0.521997826,0.277325794,0.077962898,0.36754591,0.28748952,0.585497144,1,0.160694383,0.145715788,0.045887378,0.001405517,0.01157899,0.001589946,0.00324965,0.012140343,0.030330825,0.005333739,0.039666062,0.013276049,0.013170187,0.001478894,0.020839013,0.013397107,0.002544862,0.008796813,0.008974973,0.002564934,0.003473283,0.007256009,0.007409404,0.002506327,0.005162691,0.012495128,0.003819375,0.093523708,0.014201787,0.009516553,0.001466449,0.143514362,0.004153397,0.010900757,0.001947858,0.003891516,0.003886601,0.014157943,0.016467338,0.002360991,0.003957651,0.013776918,0.001554645,0.000149248,0.028812905,0.003306006,0.000277337,0.007946029,0.001720835,0.001211925,0.000704843,0.0008554,0.000271686,0.000590048,0.001953283,0.006480498,0.004704546,0.000421336,0.00590353,0.025757537,0.069070973,0.005806465,0.04783438,0.001812307,0.002987672,0.00537522,0.000211223,0.000298748,0.003320112,0.001588896,0.000452546,0.013908841,0.005966923,0.004347378,0.015797457,0.001508247,0.010827876,0.00178158,0.00200008,0.001736323
Streptococcus_thermophilus_LMD_9,0.189838285,0.010949587,0.311160446,0.088798385,0.068258097,0.284832478,0.071498516,0.117560671,0.131875431,0.103126686,0.293410572,0.346577511,0.079854472,0.149789261,0.255380819,0.192879281,0.226528484,0.180330836,0.086191429,0.196889769,0.250521782,0.302717559,0.267459973,0.274166635,0.137975051,0.112538393,0.063616933,0.219140772,0.271076831,0.1226731,0.144905661,0.218052168,0.228997987,0.14601123,0.108981878,0.067557016,0.096272179,0.188336608,0.220664694,0.181867659,0.158723369,0.260534487,0.140090934,0.233192184,0.165715804,0.106972367,0.285999644,0.118662364,0.223791424,0.121127182,0.156608032,0.236939805,0.119055508,0.161736585,0.086256464,0.169831269,0.268181488,0.191863421,0.164008873,0.226335324,0.259885045,0.297278065,0.217547493,0.159632031,0.082152794,0.111610667,0.37080181,0.244824123,0.081077462,0.161876964,0.106814592,0.382088818,0.166123354,0.160694383,1,0.344910652,0.143347241,0.00702229,0.062393056,0.007943741,0.015977633,0.05654356,0.07631106,0.026212723,0.069977612,0.061378085,0.05936703,0.007388898,0.114719284,0.066136164,0.012714724,0.025615763,0.044655215,0.012815005,0.016417721,0.03623684,0.037019103,0.012522194,0.025794006,0.065402117,0.019082485,0.163344737,0.068794867,0.047396867,0.007326722,0.15602043,0.020751338,0.030868677,0.009731954,0.01944292,0.019418363,0.045504368,0.05929274,0.011796061,0.015501355,0.06790603,0.007767366,0.000745678,0.020651241,0.016517573,0.001385641,0.03970021,0.008597693,0.006055061,0.003521561,0.004273776,0.001357409,0.002948019,0.009759056,0.032052177,0.121856249,0.00210509,0.029440028,0.019225728,0.121191821,0.018325353,0.054868972,0.009054708,0.113561808,0.026848225,0.001055321,0.001492612,0.01321648,0.007938492,0.002261026,0.106526983,0.029812133,0.021720512,0.07768993,0.007535553,0.095903302,0.008901189,0.009992865,0.008675075
Subdoligranulum_variabile_DSM_15176,0.233888975,0.015039889,0.35139439,0.072397315,0.059772191,0.47453474,0.066013078,0.084742467,0.171832757,0.136078056,0.377765095,0.516882752,0.10397626,0.21289793,0.38778664,0.137154439,0.229879409,0.266947727,0.112587824,0.208606783,0.238895782,0.31998872,0.26709303,0.281939314,0.133168676,0.082938203,0.043955531,0.205103481,0.219249769,0.091553596,0.175007824,0.177053538,0.163604735,0.214815918,0.156007913,0.10219622,0.114038459,0.147399671,0.321134495,0.294518335,0.205278809,0.337067042,0.217345337,0.379322263,0.248060681,0.130207612,0.525955355,0.094680551,0.192889732,0.160787987,0.17248003,0.210104022,0.090270303,0.305088785,0.112478978,0.133566008,0.305065982,0.179892781,0.198080591,0.188620114,0.272526212,0.462746429,0.225317605,0.219963004,0.057986969,0.13761159,0.660948624,0.214283062,0.073457117,0.23069837,0.090193999,0.436808777,0.13160813,0.145715788,0.344910652,1,0.202892502,0.00964552,0.077574535,0.010911186,0.02230109,0.082387081,0.145100282,0.036603385,0.088155142,0.091108388,0.0903819,0.010149077,0.130389996,0.091939161,0.017464406,0.042674944,0.061591766,0.017602147,0.023835796,0.049795183,0.05084787,0.017199955,0.035429553,0.071656953,0.026210892,0.308234168,0.074897209,0.065308424,0.010063675,0.115540642,0.028503158,0.062647033,0.013367399,0.02670597,0.026672239,0.093513043,0.105654049,0.016202569,0.027159827,0.086582079,0.010668924,0.001024232,0.054536644,0.022687837,0.001903258,0.033369852,0.011809426,0.008316975,0.004837067,0.005870277,0.001864479,0.004049274,0.013404625,0.04337395,0.028042758,0.002891463,0.040513641,0.019526804,0.231243423,0.039847521,0.088598264,0.012437163,0.017481527,0.036888058,0.001449544,0.002050189,0.022784645,0.010903975,0.003105649,0.090469536,0.040948682,0.029834374,0.108411839,0.010350516,0.069836788,0.012226296,0.013725776,0.011915715
Clostridium_symbiosum_WAL_14163,0.122559449,0.041905213,0.115960706,0.028485508,0.014635424,0.358778351,0.018616668,0.03159913,0.079525641,0.057119694,0.101160202,0.128445724,0.025678641,0.080664494,0.189796425,0.048803036,0.068441539,0.089599449,0.038678755,0.07384026,0.069394379,0.083018894,0.075875675,0.078935257,0.037734605,0.027907841,0.014524901,0.054730447,0.059916994,0.025824792,0.071756758,0.06867677,0.056516589,0.299164036,0.27006015,0.027147096,0.084397945,0.049931722,0.354451233,0.11389031,0.191960945,0.134874948,0.299601935,0.191015763,0.343515083,0.036553745,0.216472337,0.032477656,0.065564436,0.294125235,0.042291757,0.065889848,0.02616516,0.256439875,0.056941526,0.04223269,0.081334176,0.043865264,0.070668561,0.064701136,0.203489207,0.232239523,0.082456157,0.06469363,0.013429263,0.118665673,0.234214087,0.073504131,0.024146704,0.179134758,0.030898791,0.109694483,0.04458063,0.045887378,0.143347241,0.202892502,1,0.026100929,0.161235184,0.031808856,0.065013296,0.229087781,0.119804201,0.07884567,0.106826173,0.164023486,0.14531305,0.029587117,0.37643011,0.227400017,0.039207418,0.035278484,0.17140074,0.046916797,0.053168352,0.143462412,0.148234354,0.045959125,0.103286075,0.193818446,0.073204845,0.217027687,0.149594444,0.170889912,0.028862993,0.049935131,0.083093888,0.074878986,0.032946512,0.060686335,0.073734959,0.110003239,0.216193405,0.046397418,0.073400905,0.116280621,0.02774082,0.002985894,0.074717802,0.039722296,0.005548477,0.06018585,0.034427453,0.022887107,0.013835028,0.017113337,0.005435426,0.011804654,0.036463257,0.078916764,0.049852491,0.008429343,0.087553594,0.028440762,0.1058242,0.059337359,0.09583288,0.029956769,0.031984685,0.10252875,0.004225787,0.005976818,0.046673601,0.031009499,0.00905375,0.143403563,0.108850541,0.057519465,0.20259469,0.030174361,0.121579428,0.035642734,0.040014094,0.03473731
Actinobacillus_pleuropneumoniae_sv_7_AP76,0.006756563,0.165120634,0.003408526,0.000768466,0.000590353,0.017514424,0.000802013,0.001362386,0.008547091,0.005911212,0.004131704,0.005478665,0.001816512,0.004210573,0.006927687,0.002359423,0.002535023,0.005640343,0.004531517,0.002137804,0.002460528,0.003315376,0.002659844,0.003219547,0.002363305,0.000864138,0.000450745,0.002099485,0.002279571,0.001408093,0.011634919,0.002178802,0.008034349,0.044901327,0.060354828,0.001544413,0.012630692,0.001456131,0.016120727,0.008462252,0.007321514,0.004677861,0.040783385,0.009396036,0.036165537,0.002263701,0.007710294,0.000913243,0.002071275,0.05063285,0.002692183,0.002067577,0.000899168,0.031093924,0.002880765,0.001296521,0.003027037,0.001841722,0.002318177,0.001819339,0.019795797,0.007264353,0.002507182,0.004635467,0.000789457,0.017155921,0.00792081,0.002066871,0.00084649,0.007426702,0.001000746,0.004407363,0.001289161,0.001405517,0.00702229,0.00964552,0.026100929,1,0.09562315,0.262601912,0.197097194,0.096699574,0.039298853,0.158783605,0.029384467,0.093835624,0.086960351,0.275090861,0.054594016,0.097386231,0.312815917,0.041632371,0.120031022,0.238043835,0.18557979,0.163914209,0.137186663,0.314423663,0.185128253,0.046154813,0.271564498,0.014697556,0.06934053,0.109677538,0.250343564,0.004531663,0.153516074,0.058965751,0.160421388,0.163022161,0.158523632,0.056954135,0.073762334,0.281985184,0.228225935,0.10177409,0.846319708,0.098205782,0.022428902,0.078911949,0.098508679,0.058289745,0.086761462,0.145812713,0.313458311,0.136437926,0.152465945,0.202010654,0.04002204,0.087388088,0.028721857,0.153660688,0.108213953,0.012728179,0.007629896,0.021565254,0.015731566,0.730385501,0.016823388,0.181322834,0.141831107,0.174300586,0.084882084,0.244875469,0.229829371,0.065638346,0.18702887,0.1610538,0.088971092,0.297116908,0.062512823,0.270640839,0.195563269,0.189449453
Actinomyces_odontolyticus_ATCC_17982,0.046052306,0.148820967,0.03220138,0.005967104,0.004350737,0.128513929,0.005455627,0.012870876,0.066991862,0.035225175,0.035586317,0.048948339,0.010800731,0.028470802,0.063068808,0.022290185,0.023069701,0.038483813,0.024116758,0.019557971,0.022947966,0.031321364,0.023995015,0.030074376,0.014867919,0.008163772,0.004190524,0.019834473,0.021535801,0.009275288,0.068891309,0.021303096,0.049545742,0.220248827,0.286214385,0.010513404,0.067800491,0.01375651,0.09400716,0.067473951,0.048948871,0.041191593,0.220421149,0.066270328,0.194209817,0.016122909,0.058107378,0.008627686,0.019527407,0.204116046,0.024564544,0.017375739,0.008494712,0.183586059,0.01597845,0.012248628,0.025915201,0.017399308,0.017027644,0.017187849,0.135832802,0.051922575,0.0224777,0.029405383,0.007094731,0.096953207,0.068108694,0.019526364,0.007997046,0.046717401,0.00935739,0.041637698,0.012179094,0.01157899,0.062393056,0.077574535,0.161235184,0.09562315,1,0.119739773,0.22354327,0.324706486,0.164668759,0.253604985,0.129203386,0.367775597,0.392364913,0.111004258,0.246964958,0.339571311,0.096721136,0.096089635,0.376584724,0.140358978,0.139852727,0.360089984,0.36594664,0.160326109,0.322984255,0.13681374,0.206509072,0.076260867,0.297478845,0.413582367,0.093395488,0.026121051,0.275095952,0.127178913,0.103411044,0.171364646,0.193942236,0.181859825,0.287305426,0.164640862,0.172717749,0.221459429,0.101451784,0.011239961,0.045515921,0.058158529,0.020886427,0.105084334,0.129479378,0.057539162,0.050467315,0.062282073,0.020460862,0.044436888,0.147102871,0.261235945,0.173429441,0.031731025,0.182550826,0.035715316,0.048542994,0.021199445,0.086539974,0.107068315,0.151092212,0.300711784,0.015907355,0.022498853,0.065069449,0.091895658,0.034081514,0.427782788,0.375201176,0.210503391,0.470628244,0.113586956,0.443570355,0.134171841,0.110465749,0.078948251
Anaerococcus_hydrogenalis_DSM_7454,0.007228054,0.331789684,0.003855786,0.001234788,0.000667818,0.019812633,0.000907251,0.001541156,0.009668623,0.006989872,0.004673858,0.006197565,0.002054871,0.004763076,0.007836725,0.002669022,0.002867664,0.006380458,0.005273955,0.002418323,0.002783393,0.003750413,0.003008864,0.00364201,0.002673414,0.000977528,0.000509891,0.002374975,0.002578692,0.001755007,0.01451918,0.002677283,0.009428235,0.050793191,0.069939952,0.001747068,0.014318263,0.001647201,0.018473482,0.009572653,0.00838652,0.005291681,0.050202071,0.010628966,0.040911108,0.00256074,0.008722024,0.001033077,0.002343064,0.057276794,0.003045446,0.00233888,0.001017155,0.035763969,0.003332004,0.001466648,0.003424239,0.002083389,0.002622364,0.002058069,0.023376204,0.008217568,0.002836169,0.005243724,0.000893048,0.02288255,0.008960163,0.002338082,0.000957565,0.00840122,0.001132062,0.004985688,0.001458322,0.001589946,0.007943741,0.010911186,0.031808856,0.262601912,0.119739773,1,0.411331499,0.129521636,0.051363252,0.255850248,0.037209754,0.109739867,0.112855085,0.565717548,0.067410867,0.118678329,0.191851438,0.08959071,0.177153321,0.293995483,0.181518266,0.219121317,0.210639775,0.469423565,0.288835003,0.074332613,0.341571391,0.01664537,0.111378119,0.167071648,0.335328001,0.007442361,0.322715595,0.078651161,0.235477907,0.202206939,0.250881608,0.064993578,0.096551505,0.622349917,0.342969047,0.081795619,0.257484347,0.093869901,0.027877234,0.104151523,0.119240745,0.10933355,0.127749839,0.215835286,0.224139471,0.183780328,0.170877746,0.233925568,0.051624309,0.097421105,0.04082888,0.199080463,0.183458013,0.024414524,0.012186845,0.025413912,0.026005218,0.240486099,0.022623843,0.273790623,0.123404791,0.171956035,0.146680671,0.317599944,0.266923151,0.062859625,0.22272047,0.221779733,0.09545088,0.422292997,0.072500073,0.375870017,0.271476604,0.272533146
Anaerofustis_stercorihominis_DSM_17244,0.013882992,0.338410404,0.007880741,0.002539961,0.001364936,0.040494526,0.001854308,0.003149928,0.019507036,0.014286418,0.009552778,0.012667042,0.004199897,0.009735128,0.016017278,0.005455144,0.005861144,0.013040852,0.010578229,0.004942747,0.005688905,0.007665372,0.006149739,0.00744381,0.005464121,0.001997945,0.001042153,0.00485415,0.005270521,0.003309857,0.027505447,0.004852248,0.019195719,0.103814885,0.142948453,0.003570786,0.028811177,0.003366672,0.03775747,0.018435117,0.01714099,0.010815529,0.102606709,0.021724267,0.083617151,0.005233829,0.017826718,0.002111479,0.004724767,0.117066552,0.006224508,0.004780376,0.002078936,0.073097049,0.006748575,0.002997644,0.006998714,0.004258185,0.005359781,0.004206434,0.047778017,0.016795673,0.005796773,0.010717512,0.001825277,0.044531166,0.018313446,0.004778746,0.001957141,0.017171035,0.002313792,0.010190119,0.002980626,0.00324965,0.015977633,0.02230109,0.065013296,0.197097194,0.22354327,0.411331499,1,0.257535472,0.092388932,0.402346678,0.069241535,0.18743954,0.213104523,0.418417763,0.137664555,0.228161777,0.181978698,0.105812442,0.354774547,0.268298489,0.206881381,0.404542541,0.409021043,0.441243639,0.496296548,0.131685822,0.415253738,0.033673048,0.208522243,0.318692312,0.254198515,0.014744063,0.529707568,0.094492409,0.173737035,0.294046303,0.371463283,0.104294213,0.196377392,0.455941045,0.286347705,0.115950871,0.199224299,0.045927439,0.036582265,0.13207039,0.084825096,0.164720481,0.116131388,0.179374009,0.153739587,0.15714196,0.083604832,0.151963865,0.041378732,0.119554093,0.047766616,0.118029863,0.252375714,0.037841051,0.024437738,0.035191639,0.05004311,0.200235968,0.024379315,0.491538269,0.064998811,0.091932234,0.123638973,0.261469827,0.136933206,0.115082093,0.344081176,0.279124734,0.176566617,0.306690172,0.125075514,0.317454371,0.257626807,0.213721018
Anaerostipes_caccae_DSM_14662,0.051903746,0.175132145,0.029441601,0.007335757,0.005099255,0.151283195,0.005812277,0.011562771,0.055621783,0.037881389,0.035688151,0.044664513,0.012500975,0.03088308,0.050050651,0.020379832,0.021896605,0.044154691,0.026516867,0.018465573,0.021253138,0.023168384,0.022974764,0.027809274,0.017598616,0.007464106,0.003815669,0.016421799,0.019690101,0.008419054,0.05837976,0.018273063,0.043969537,0.332013146,0.371356962,0.012116426,0.070109545,0.012577525,0.139491619,0.063805455,0.064036895,0.040405653,0.359563058,0.081159527,0.309074628,0.018006571,0.066598702,0.00788826,0.017651663,0.379853067,0.018341595,0.01785897,0.006800508,0.20927223,0.016905912,0.011198874,0.025347619,0.014923833,0.017695343,0.015714786,0.149874115,0.062631215,0.021656121,0.031321212,0.005516851,0.086439648,0.068417064,0.017852881,0.007238457,0.06414914,0.007760028,0.03806919,0.011135299,0.012140343,0.05654356,0.082387081,0.229087781,0.096699574,0.324706486,0.129521636,0.257535472,1,0.16873295,0.268111792,0.13570339,0.369973998,0.293857433,0.121816492,0.420200842,0.418553259,0.11020847,0.094272639,0.469310982,0.189556984,0.166748753,0.426410836,0.494436642,0.173494775,0.412266162,0.279008082,0.240549303,0.090362019,0.321451687,0.46807379,0.120357761,0.029046311,0.310875409,0.125162625,0.128365022,0.185560303,0.230367146,0.199239086,0.406157175,0.177028142,0.191670216,0.187801991,0.102952046,0.012293565,0.053896846,0.10934405,0.022844267,0.123399718,0.065639151,0.076920283,0.052086758,0.070459272,0.022378811,0.048602287,0.03437984,0.149342424,0.053905399,0.034325912,0.235246786,0.034728789,0.052470678,0.058357842,0.080129844,0.110973399,0.026339673,0.366748529,0.017398469,0.024607837,0.096750256,0.12233203,0.037276228,0.182864862,0.307521465,0.200485578,0.307463815,0.123860063,0.183589726,0.141286652,0.157283618,0.084660398
Bifidobacterium_angulatum_DSM_20098,0.053076171,0.06050022,0.064128144,0.020123789,0.012282227,0.168323059,0.01331724,0.014955825,0.068637112,0.047949846,0.089161492,0.103705058,0.03456155,0.058038689,0.113862702,0.03397772,0.053864441,0.067191432,0.031653171,0.046133464,0.053097777,0.071545262,0.057399002,0.059392592,0.045645819,0.018647949,0.009707714,0.045306538,0.043622245,0.03371413,0.140154356,0.051955041,0.100039023,0.251411445,0.250092031,0.021785975,0.07356248,0.031423061,0.128880193,0.065422545,0.059252861,0.069549063,0.250493805,0.097592908,0.228000193,0.044568214,0.09637276,0.019707636,0.044518272,0.210746017,0.055288315,0.04005988,0.019403893,0.220077244,0.037640181,0.027978708,0.065322967,0.039744058,0.038923474,0.039261035,0.162156207,0.091803424,0.053422896,0.08569865,0.016793018,0.08779506,0.111305702,0.044602745,0.016137203,0.070448159,0.016494059,0.08021987,0.027819876,0.030330825,0.07631106,0.145100282,0.119804201,0.039298853,0.164668759,0.051363252,0.092388932,0.16873295,1,0.120809021,0.160823024,0.271145167,0.238432121,0.048680787,0.210617258,0.216761006,0.040227945,0.06050662,0.189122986,0.067672829,0.067974132,0.168159771,0.156123082,0.072396187,0.125576744,0.088300136,0.105116389,0.168910489,0.173139243,0.207536719,0.04583665,0.052308366,0.112049719,0.068970477,0.045506099,0.092527672,0.090007734,0.112918258,0.259868022,0.072929703,0.068478986,0.123431218,0.041982578,0.004920674,0.03453849,0.037107255,0.009116275,0.053863958,0.017085519,0.025471821,0.022951612,0.018978758,0.008868973,0.018265861,0.006169858,0.059085747,0.028658678,0.01149092,0.090605057,0.024543459,0.074503377,0.024280126,0.09652757,0.044788932,0.011908329,0.124595383,0.006904034,0.00925497,0.043946403,0.048065826,0.014920338,0.123492287,0.141153131,0.088446342,0.193327615,0.041448197,0.115602673,0.048947261,0.042226287,0.030421985
Bifidobacterium_animalis_lactis_AD011,0.024567598,0.219660375,0.012934874,0.00304441,0.002240307,0.065545753,0.003043525,0.005170063,0.032435003,0.023236504,0.015679234,0.020790761,0.006893405,0.01421424,0.020483214,0.008879839,0.009620055,0.020440067,0.017702833,0.008112666,0.009337355,0.012581383,0.010093734,0.012217728,0.00896841,0.003279281,0.001710514,0.007967249,0.00865065,0.004911248,0.047997432,0.008828225,0.024690463,0.131224931,0.175540203,0.005860828,0.036399416,0.005525811,0.061972363,0.030980501,0.026936319,0.017751821,0.136164443,0.034173212,0.106988218,0.007542971,0.028823299,0.003465629,0.007860197,0.146961203,0.010216454,0.007846161,0.003412215,0.105534957,0.008528172,0.004920114,0.01148718,0.006989075,0.008042226,0.006904135,0.068893347,0.027567195,0.009514401,0.017590944,0.002995878,0.05804626,0.030058356,0.007843485,0.003212309,0.023784878,0.00379769,0.01672532,0.004892183,0.005333739,0.026212723,0.036603385,0.07884567,0.158783605,0.253604985,0.255850248,0.402346678,0.268111792,0.120809021,1,0.090459775,0.275207008,0.255138808,0.277271539,0.16549314,0.279125101,0.141090362,0.220909607,0.358449471,0.23563318,0.211654754,0.384890655,0.4192344,0.313346089,0.446992213,0.127063923,0.345602853,0.050672828,0.252092423,0.367810175,0.206649615,0.025276415,0.454440735,0.107034643,0.164765646,0.244070609,0.287262773,0.156196787,0.225578776,0.319008191,0.226077326,0.160848165,0.164978509,0.027981891,0.042489969,0.201429619,0.051996777,0.123238954,0.079020148,0.125122975,0.095061477,0.098380037,0.050937334,0.094063389,0.026590527,0.12373271,0.045637345,0.068620068,0.233426063,0.036159227,0.043047601,0.024816846,0.058959435,0.173606694,0.022413409,0.417080474,0.039601373,0.056010912,0.097903644,0.201220927,0.084845959,0.138799031,0.378328176,0.262785658,0.221829721,0.205980771,0.139475416,0.243558976,0.164136209,0.136044256
Bifidobacterium_bifidum_NCIMB_41171,0.070918697,0.043619985,0.070386335,0.011764747,0.013990568,0.109265716,0.009345443,0.030644369,0.041921035,0.029167854,0.069360638,0.078286252,0.016895537,0.050765443,0.104915669,0.022130321,0.061497494,0.039479561,0.020828995,0.048096864,0.045927879,0.049619685,0.051553958,0.043349426,0.029366406,0.024387424,0.012720784,0.037329947,0.041155449,0.041641562,0.085904906,0.052307775,0.072467613,0.136754283,0.13826901,0.014592855,0.073185663,0.041094466,0.098220022,0.073260851,0.145298171,0.114289851,0.127097616,0.06657613,0.134210231,0.024949402,0.128022715,0.025773261,0.058454884,0.128330179,0.021565485,0.03964939,0.014378227,0.134284963,0.030869502,0.034551823,0.058390788,0.020847164,0.035163972,0.037720721,0.0974333,0.078718899,0.057421215,0.066529128,0.018561725,0.059364199,0.079623475,0.036596104,0.020156152,0.056810616,0.021461813,0.060503853,0.036382291,0.039666062,0.069977612,0.088155142,0.106826173,0.029384467,0.129203386,0.037209754,0.069241535,0.13570339,0.160823024,0.090459775,1,0.179995286,0.158967195,0.03727222,0.124303918,0.136776062,0.027007667,0.04319417,0.124783908,0.047379785,0.047946056,0.114163258,0.114554656,0.049912072,0.092954911,0.063306107,0.067362091,0.101796564,0.117260479,0.137263114,0.032073435,0.02300461,0.083859906,0.041656589,0.031443019,0.0587396,0.061632224,0.08836906,0.172020783,0.052852865,0.046296306,0.119732919,0.032572218,0.003762614,0.026672081,0.024682487,0.006991801,0.039751856,0.014436672,0.019537457,0.017450902,0.01607639,0.006777927,0.014764241,0.006367264,0.043076247,0.024697563,0.009869167,0.07502843,0.02252335,0.063755516,0.013331255,0.085322744,0.036870648,0.01117856,0.089326472,0.00532504,0.007129935,0.030862833,0.033526227,0.011408901,0.083971276,0.103190262,0.061156651,0.121868571,0.032959127,0.07932575,0.03878247,0.03123351,0.022741082
Bifidobacterium_breve_DSM_20213,0.050004893,0.13906116,0.032195807,0.008299807,0.005576281,0.165435455,0.007575548,0.012761175,0.06532431,0.047292818,0.03902671,0.05174966,0.01543786,0.039771682,0.063273064,0.022286327,0.023559662,0.053276812,0.031408084,0.020192992,0.023241329,0.031091303,0.02512401,0.030410779,0.021299807,0.008162359,0.004163811,0.01983104,0.021532074,0.012800338,0.102034101,0.022941224,0.067000692,0.370564888,0.43420237,0.014588011,0.083113813,0.013754129,0.142419451,0.067950921,0.063943252,0.043321407,0.33900257,0.088751849,0.324206835,0.021382171,0.072828886,0.008626192,0.019463383,0.326944526,0.02484817,0.019529644,0.008493242,0.272671884,0.02089806,0.012246508,0.028592394,0.017396297,0.021867824,0.017184874,0.182786924,0.068616677,0.023285658,0.040976554,0.007265465,0.100536357,0.074817353,0.019522984,0.007937065,0.069555435,0.009452716,0.041630492,0.012176986,0.013276049,0.061378085,0.091108388,0.164023486,0.093835624,0.367775597,0.109739867,0.18743954,0.369973998,0.271145167,0.275207008,0.179995286,1,0.434127546,0.110215675,0.327107378,0.414468849,0.090544116,0.126545366,0.386827437,0.149844582,0.182846533,0.349964426,0.334922899,0.153747709,0.265357274,0.141665086,0.200199665,0.112105758,0.307647801,0.426926123,0.101383532,0.032385361,0.23999217,0.130931395,0.107532198,0.185281154,0.176262163,0.230544806,0.350755546,0.163524105,0.16327411,0.257748545,0.103148987,0.011241906,0.060231958,0.100013257,0.020764967,0.115001786,0.048961438,0.057273556,0.052175435,0.05708686,0.020128214,0.043677708,0.024893848,0.139252245,0.04716041,0.029322608,0.215191796,0.028422309,0.067730346,0.04772058,0.075388747,0.112552312,0.022618116,0.260498153,0.015910108,0.021165922,0.076114222,0.104298558,0.034087414,0.223708011,0.327041323,0.219408925,0.391268702,0.106694167,0.201792848,0.122699193,0.11851429,0.062833787
Bifidobacterium_dentium_ATCC_27678,0.045647519,0.133305522,0.031939082,0.007628696,0.005531816,0.153795233,0.00713402,0.012401542,0.057993777,0.045235575,0.038715516,0.051337014,0.01471675,0.037747449,0.056195089,0.022108619,0.022211044,0.050794103,0.031217893,0.020031976,0.022114129,0.031066233,0.024923674,0.028977701,0.020235923,0.008097273,0.004223638,0.01967291,0.020938357,0.012725364,0.085148511,0.021910814,0.057405123,0.283502094,0.343564759,0.014171102,0.078046294,0.013644455,0.127889792,0.063904499,0.059847231,0.043795314,0.284175755,0.086735466,0.251892055,0.020743507,0.072248156,0.008557408,0.019319071,0.245480637,0.023306918,0.019373917,0.008425518,0.25097926,0.021937351,0.012148856,0.028364401,0.017257581,0.02172213,0.017047844,0.156577002,0.066523775,0.02303969,0.040558606,0.007239099,0.111348332,0.074220767,0.01936731,0.007509933,0.060688322,0.009377342,0.041298535,0.012079888,0.013170187,0.05936703,0.0903819,0.14531305,0.086960351,0.392364913,0.112855085,0.213104523,0.293857433,0.238432121,0.255138808,0.158967195,0.434127546,1,0.111494617,0.275920178,0.362384607,0.088320176,0.096553884,0.354214768,0.154484929,0.141536713,0.340698002,0.332841455,0.155686578,0.281039755,0.121551475,0.210649926,0.092537691,0.301619025,0.395135316,0.103005135,0.035119931,0.24839339,0.159251394,0.122929493,0.194656832,0.186922331,0.178062269,0.292922726,0.148529241,0.129605685,0.25267347,0.092255503,0.011332268,0.057370297,0.064773356,0.020452144,0.094887155,0.11477444,0.081728519,0.042935096,0.063071545,0.020628897,0.044801825,0.085912455,0.193842686,0.080330722,0.031991615,0.178895593,0.031742916,0.077033977,0.057439756,0.087549952,0.098300362,0.047348672,0.268125978,0.016037993,0.022558769,0.082097538,0.107874875,0.034361408,0.223961531,0.349462366,0.230171432,0.367033956,0.113085901,0.21864906,0.133180573,0.08836949,0.064510665
Bifidobacterium_gallicum_DSM_20093,0.007231689,0.260396477,0.003586473,0.001147052,0.000621173,0.018428788,0.000843883,0.001433511,0.008993303,0.006501653,0.004347405,0.005764686,0.001911345,0.004430392,0.007289356,0.0024826,0.002667368,0.005934805,0.004942385,0.002249411,0.002588983,0.003488459,0.002798705,0.003387628,0.002486685,0.000909251,0.000474277,0.002209091,0.002398579,0.001647507,0.013505065,0.002558837,0.008769705,0.047245461,0.065054886,0.001625041,0.013318181,0.00153215,0.017183172,0.008904036,0.00780075,0.004922075,0.046695628,0.009886569,0.038053607,0.002381881,0.00811282,0.00096092,0.002179409,0.053276206,0.002832732,0.002175517,0.00094611,0.033265979,0.003099275,0.001364208,0.003185068,0.001937872,0.0024392,0.00191432,0.021743456,0.007643599,0.002638073,0.004877468,0.000830672,0.022248415,0.008334327,0.002174775,0.000890682,0.007814423,0.001052991,0.004637455,0.001356463,0.001478894,0.007388898,0.010149077,0.029587117,0.275090861,0.111004258,0.565717548,0.418417763,0.121816492,0.048680787,0.277271539,0.03727222,0.110215675,0.111494617,1,0.062702449,0.110389054,0.220588329,0.073882817,0.164779769,0.274560946,0.190749171,0.203816443,0.199596894,0.443874667,0.285647863,0.067851854,0.326652148,0.015434998,0.104134359,0.155402266,0.32002737,0.007405797,0.345254093,0.072743977,0.214988727,0.21162153,0.239096593,0.061265301,0.089807713,0.454010571,0.276888573,0.083201247,0.260025823,0.100561995,0.026481492,0.104202254,0.129050456,0.108612558,0.108410669,0.223515036,0.231105658,0.158866614,0.172994233,0.201540963,0.051310112,0.107029737,0.0376106,0.196821395,0.179813365,0.023722201,0.011304721,0.024236543,0.025908195,0.246316117,0.024155604,0.267445422,0.129751242,0.167243486,0.143456172,0.312689534,0.290114316,0.064267382,0.229996852,0.251315966,0.09154384,0.422307503,0.070676813,0.438628725,0.214923675,0.261732728
Blautia_hydrogenotrophica_DSM_10507,0.087073712,0.090167384,0.057198285,0.013148551,0.008447353,0.277068346,0.010023843,0.02123474,0.08341128,0.062710103,0.058550843,0.072765286,0.021379177,0.051030898,0.082793491,0.037728399,0.042540086,0.070199204,0.042856076,0.035874377,0.041289977,0.040424371,0.044634702,0.048095773,0.029200231,0.012483387,0.007547107,0.027465184,0.036295331,0.015496341,0.094689956,0.034816557,0.069954028,0.445222411,0.481188313,0.019882657,0.111015649,0.02443525,0.269497649,0.091213594,0.122439735,0.071552179,0.455826909,0.154732444,0.420706202,0.029142654,0.129238107,0.015325083,0.033495599,0.537713681,0.030334921,0.029176449,0.011573537,0.310605722,0.028412824,0.021756847,0.041168435,0.024632875,0.029943989,0.030530228,0.223662125,0.121902713,0.042013585,0.053453309,0.009591563,0.12479497,0.132918681,0.034684057,0.011105909,0.118105575,0.012975152,0.061655953,0.021544615,0.020839013,0.114719284,0.130389996,0.37643011,0.054594016,0.246964958,0.067410867,0.137664555,0.420200842,0.210617258,0.16549314,0.124303918,0.327107378,0.275920178,0.062702449,1,0.488903648,0.0611863,0.076614347,0.375227392,0.10451826,0.112615932,0.307207299,0.310742813,0.098097149,0.218888845,0.342523301,0.150642662,0.120031736,0.309615794,0.372382938,0.062174821,0.045629906,0.176096587,0.113136509,0.068271347,0.138209451,0.148728593,0.176596872,0.38147895,0.098259248,0.100193506,0.159571273,0.057976592,0.006327851,0.058621675,0.060819019,0.0117586,0.141757427,0.028575243,0.048443476,0.029374743,0.031729614,0.011519017,0.025016994,0.012516238,0.087731143,0.043651095,0.017863871,0.158138737,0.03245677,0.083918189,0.031652276,0.08338511,0.062458416,0.016284998,0.217785866,0.008955492,0.012666361,0.07487203,0.067366319,0.019187145,0.194896051,0.208479778,0.136337126,0.317128004,0.060596673,0.164750917,0.068578757,0.084799803,0.054605304
Butyrivibrio_fibrisolvens_16_4,0.046273456,0.150011316,0.032489385,0.008929467,0.005627128,0.166943981,0.007643148,0.012289979,0.074865208,0.055426222,0.039382576,0.05222154,0.017015794,0.040134341,0.066033325,0.022379451,0.024163334,0.053762618,0.040578902,0.020377122,0.023453255,0.031601498,0.025353104,0.030492049,0.022526553,0.008236788,0.004296411,0.02001187,0.021728414,0.011194897,0.082662937,0.017804957,0.063318214,0.427990449,0.588646069,0.014721032,0.111258294,0.013879546,0.154602911,0.065748132,0.070113141,0.044588432,0.402398839,0.089561134,0.344722649,0.021577145,0.073492977,0.00870485,0.019037591,0.415182358,0.025661348,0.019707725,0.008570688,0.299539022,0.026030679,0.012358178,0.028853114,0.017554926,0.022096398,0.017341575,0.190813255,0.068948057,0.023833083,0.043264022,0.007171218,0.129548519,0.075499576,0.019701005,0.008031652,0.070789837,0.009538911,0.0420101,0.012288022,0.013397107,0.066136164,0.091939161,0.227400017,0.097386231,0.339571311,0.118678329,0.228161777,0.418553259,0.216761006,0.279125101,0.136776062,0.414468849,0.362384607,0.110389054,0.488903648,1,0.106680055,0.105011828,0.611713388,0.179035175,0.192289174,0.531010664,0.538528361,0.174439521,0.385358675,0.173197896,0.264058331,0.118083315,0.379481103,0.587431647,0.109460154,0.039321656,0.298776191,0.147227523,0.115042113,0.22101113,0.257097703,0.203315847,0.540425228,0.173961526,0.161361008,0.227258046,0.103110675,0.011140323,0.06335275,0.077273876,0.020701277,0.11991526,0.045462262,0.081328798,0.04985424,0.05211796,0.020279485,0.044042973,0.01790779,0.129252904,0.054576213,0.031449742,0.236240898,0.036602149,0.079160485,0.04239243,0.093208978,0.110464198,0.019658784,0.362803878,0.015766343,0.02229941,0.133049148,0.116801047,0.033779396,0.244135836,0.345002716,0.190694574,0.445737879,0.102690522,0.216632317,0.115453129,0.126809799,0.090757573
Campylobacter_concisus_13826,0.013298493,0.168631618,0.006171557,0.001528019,0.001068907,0.026227299,0.001452143,0.002075375,0.01347966,0.011034245,0.007480961,0.009919801,0.003289019,0.007623764,0.010669511,0.004272027,0.004589973,0.010212538,0.006860139,0.003870759,0.004455089,0.006002898,0.004815977,0.005829389,0.004279057,0.001564628,0.000803072,0.003801377,0.004127445,0.00210153,0.016924731,0.003094594,0.01167406,0.063159227,0.068036554,0.002699852,0.01518014,0.002636505,0.023460294,0.015239169,0.010687292,0.007477815,0.061716141,0.017012685,0.056990562,0.003710305,0.013960441,0.00165354,0.0037503,0.068797164,0.004264346,0.003743603,0.001628055,0.038319085,0.004258336,0.002347512,0.005480826,0.003334666,0.004197346,0.003294138,0.024194453,0.013086479,0.004539563,0.008393087,0.001331371,0.023228506,0.013105183,0.003742326,0.001532674,0.013446963,0.001811975,0.007980075,0.002334185,0.002544862,0.012714724,0.017464406,0.039207418,0.312815917,0.096721136,0.191851438,0.181978698,0.11020847,0.040227945,0.141090362,0.027007667,0.090544116,0.088320176,0.220588329,0.0611863,0.106680055,1,0.038572343,0.14026676,0.184184393,0.143825345,0.176969992,0.147449435,0.293020936,0.176146849,0.063095604,0.267620859,0.021191598,0.073764042,0.114414803,0.168346225,0.005922093,0.179970498,0.050395206,0.135474799,0.153273418,0.141836502,0.094890224,0.114880677,0.194219686,0.362656631,0.18392365,0.325876726,0.057128357,0.020231336,0.060332344,0.062566342,0.051325858,0.086427575,0.105524602,0.121947929,0.11738673,0.086537554,0.130202435,0.037083745,0.09631181,0.037016534,0.097026976,0.121559141,0.014884745,0.010162729,0.026409,0.01836484,0.354924952,0.018281588,0.148769001,0.082055365,0.102364553,0.072063053,0.170116304,0.144900714,0.094890351,0.161743591,0.154604217,0.119889709,0.227714405,0.080225018,0.212338921,0.124208353,0.132432455
Campylobacter_hominis_ATCC_BAA_381,0.036562622,0.107957418,0.021333192,0.003718128,0.003694887,0.054196882,0.005019617,0.008223469,0.048498328,0.032264371,0.025859402,0.034289727,0.011241897,0.0131259,0.020555687,0.008042022,0.014762422,0.020878722,0.02704418,0.013380034,0.015399885,0.020750187,0.016647364,0.016480846,0.007206047,0.005408443,0.002821111,0.013140201,0.014267319,0.005077124,0.052018836,0.015220574,0.015366189,0.081797912,0.087061414,0.006024892,0.02421022,0.009113593,0.047581277,0.031363692,0.023044267,0.027968736,0.083081618,0.033318073,0.073354229,0.007710037,0.029272055,0.005715782,0.012925538,0.073148501,0.016725151,0.012940494,0.005627688,0.07933972,0.005427363,0.008114632,0.018945543,0.011526922,0.008290702,0.011386831,0.048486519,0.028218516,0.015691884,0.016083564,0.004941032,0.037330526,0.041223262,0.012936081,0.003411103,0.019856731,0.006263443,0.0207537,0.008068566,0.008796813,0.025615763,0.042674944,0.035278484,0.041632371,0.096089635,0.08959071,0.105812442,0.094272639,0.06050662,0.220909607,0.04319417,0.126545366,0.096553884,0.073882817,0.076614347,0.105011828,0.038572343,1,0.112166751,0.061819765,0.056311333,0.123317745,0.110780489,0.08519996,0.118156678,0.042124227,0.084985331,0.029124073,0.075793891,0.110713021,0.053042705,0.030188468,0.101336268,0.057091366,0.051874668,0.07418859,0.089436547,0.095171205,0.090713944,0.089913765,0.08394869,0.053618297,0.041682245,0.015945232,0.016206546,0.120860704,0.023224208,0.044462381,0.027047011,0.04871118,0.038389171,0.033836675,0.027194302,0.038898246,0.013766423,0.043764257,0.022620044,0.029932177,0.102128035,0.014784384,0.071599072,0.009062371,0.028014131,0.040891179,0.013157672,0.104951032,0.020949916,0.026004616,0.045592514,0.050104839,0.039622448,0.07565852,0.095326393,0.070989666,0.103814383,0.063901971,0.053575076,0.063326011,0.075980912,0.055726984
Candidatus_Sulcia_muelleri_GWSS,0.034539047,0.224658059,0.021765248,0.006162369,0.003769718,0.1118389,0.005121278,0.008694451,0.054045838,0.03937509,0.026383125,0.034984188,0.011599391,0.026886747,0.044236961,0.015066168,0.01618747,0.036016585,0.029394741,0.013651016,0.015711775,0.021170436,0.016984519,0.020429385,0.01509096,0.005517978,0.002878246,0.013406326,0.014556272,0.007980766,0.061490238,0.012693138,0.047228906,0.28575533,0.393439633,0.009861895,0.079215351,0.009298168,0.104279625,0.046977144,0.047340459,0.029870626,0.283382046,0.059998681,0.23093616,0.014454934,0.049234322,0.005831542,0.012867377,0.31936954,0.017191017,0.013202574,0.005741664,0.20188145,0.018554042,0.008278975,0.019329242,0.011760374,0.014802791,0.011617446,0.128618511,0.046386754,0.016009688,0.029599921,0.004994869,0.106838946,0.05057858,0.013198072,0.005405287,0.047423438,0.006390295,0.028143353,0.008231976,0.008974973,0.044655215,0.061591766,0.17140074,0.120031022,0.376584724,0.177153321,0.354774547,0.469310982,0.189122986,0.358449471,0.124783908,0.386827437,0.354214768,0.164779769,0.375227392,0.611713388,0.14026676,0.112166751,1,0.221235585,0.220045915,0.728237623,0.660067151,0.238368008,0.54521494,0.200228353,0.334376804,0.082233723,0.373545593,0.585636712,0.157604222,0.032137858,0.432738358,0.125418444,0.144596308,0.260940867,0.33475881,0.195625089,0.5189593,0.225173302,0.210970024,0.207472352,0.126330463,0.016629365,0.056837679,0.085792069,0.030901177,0.152673979,0.064561804,0.111072094,0.066406363,0.076345219,0.03027156,0.065743755,0.024497054,0.131445737,0.054453222,0.046945608,0.281370798,0.037650226,0.059119138,0.037795203,0.083226197,0.133596969,0.022174047,0.495219007,0.023534709,0.033286738,0.122039662,0.15892278,0.050423125,0.220999733,0.391120633,0.262329356,0.384773822,0.147647602,0.215254476,0.160760832,0.179405265,0.120992188
Citrobacter_koseri_ATCC_BAA_895,0.012382466,0.240038009,0.006220232,0.001742648,0.001077338,0.031962142,0.001463596,0.002486224,0.01559762,0.010758808,0.007539963,0.009998038,0.003314959,0.007683892,0.012642363,0.00430572,0.004626174,0.010293084,0.00806781,0.003901288,0.004490226,0.006050242,0.004853961,0.005875365,0.004312805,0.001576968,0.000822566,0.003831358,0.004159998,0.002621764,0.02088923,0.003983192,0.014413166,0.081940609,0.112828553,0.002818405,0.02192349,0.002657299,0.029801797,0.01463796,0.013529304,0.008536647,0.080917952,0.017146864,0.065998631,0.004131037,0.014070546,0.001666581,0.003779879,0.090129379,0.004912975,0.003773129,0.001640895,0.057695163,0.005250052,0.002366026,0.005524053,0.003360966,0.00423045,0.003320119,0.037710968,0.013256747,0.004575366,0.008459283,0.00141251,0.033311361,0.014454718,0.003771842,0.001544763,0.013553018,0.001826265,0.008043014,0.002352595,0.002564934,0.012815005,0.017602147,0.046916797,0.238043835,0.140358978,0.293995483,0.268298489,0.189556984,0.067672829,0.23563318,0.047379785,0.149844582,0.154484929,0.274560946,0.10451826,0.179035175,0.184184393,0.061819765,0.221235585,1,0.390723442,0.264308116,0.240024735,0.330317221,0.294231097,0.07461976,0.376821016,0.022579873,0.134498064,0.21320857,0.506238968,0.009302433,0.260725767,0.168358225,0.412234721,0.213954033,0.22912316,0.126752626,0.139366496,0.372293325,0.207073669,0.118815661,0.233195072,0.055848847,0.053216157,0.070963446,0.056589462,0.094603645,0.144073808,0.118697048,0.114344352,0.17803229,0.095737056,0.13000616,0.076997159,0.149056596,0.034797645,0.143536262,0.176316507,0.0196319,0.019323498,0.040010824,0.027820607,0.228934302,0.023759634,0.266943526,0.073859705,0.104343145,0.134671772,0.520718485,0.129055922,0.086326399,0.242564562,0.201679106,0.130641947,0.301213475,0.080919567,0.295439022,0.191860507,0.136233599
Citrobacter_sp_30_2,0.012891495,0.17619719,0.008423074,0.001639543,0.001458868,0.04328126,0.001981916,0.003326314,0.0173758,0.011962461,0.010210177,0.013538757,0.003692019,0.010405076,0.017119548,0.005830554,0.006264494,0.013938291,0.009138426,0.005282895,0.006080402,0.008192884,0.006572949,0.007956075,0.00539528,0.002135438,0.001113871,0.005188201,0.005633226,0.003299005,0.027637719,0.004974709,0.01867677,0.104065585,0.12463571,0.003816519,0.024258444,0.003598358,0.034697539,0.018863314,0.015746584,0.010405576,0.08806035,0.023219278,0.081840186,0.005594008,0.019053509,0.002256786,0.004876478,0.086205485,0.006462706,0.00510935,0.002222004,0.068245959,0.007093184,0.003203934,0.007480348,0.004551223,0.005728628,0.004495911,0.04936907,0.01795151,0.006195693,0.011455065,0.001950889,0.037023669,0.019573732,0.005107607,0.002091827,0.018352703,0.002473022,0.010891378,0.003185746,0.003473283,0.016417721,0.023835796,0.053168352,0.18557979,0.139852727,0.181518266,0.206881381,0.166748753,0.067974132,0.211654754,0.047946056,0.182846533,0.141536713,0.190749171,0.112615932,0.192289174,0.143825345,0.056311333,0.220045915,0.390723442,1,0.228837389,0.219806871,0.237056654,0.239812055,0.07728196,0.280374931,0.027163033,0.136416869,0.20769563,0.342520008,0.010406672,0.23318732,0.252881938,0.317322669,0.173893255,0.191997386,0.126798134,0.132651168,0.298664156,0.180208571,0.149921945,0.187395346,0.040956201,0.097524214,0.068035489,0.046880365,0.069670277,0.097266403,0.145038228,0.093583239,0.118381812,0.069954779,0.109057905,0.045056674,0.115948918,0.041992345,0.111807283,0.126074849,0.018251576,0.025526202,0.027004598,0.030817111,0.184921672,0.018709136,0.256348715,0.056913617,0.079646161,0.09911579,0.39474416,0.096931229,0.088684165,0.194681819,0.149852126,0.128364492,0.176100312,0.079578552,0.174612622,0.134635111,0.10960561
Clostridium_difficile_630,0.029782067,0.264021733,0.017596581,0.005090512,0.00304771,0.090418554,0.004140407,0.007033345,0.043855192,0.031417645,0.021330003,0.028283716,0.009377776,0.021737166,0.035764319,0.012180566,0.013087107,0.029118379,0.023873412,0.011036456,0.012702521,0.017115692,0.013731498,0.016620976,0.01220061,0.004461128,0.00232698,0.010838632,0.01176833,0.006795597,0.052515706,0.010473236,0.040861676,0.23180397,0.319183698,0.007973061,0.06461812,0.007517303,0.084307096,0.04053045,0.038273408,0.024149547,0.228310512,0.048507219,0.186705285,0.011686401,0.039804542,0.004714635,0.010548398,0.261393071,0.013898446,0.010673904,0.004641971,0.163215382,0.015165966,0.006693315,0.015627139,0.009507926,0.011967633,0.009392373,0.106294421,0.037502365,0.012943375,0.02393069,0.004063022,0.093545661,0.040891336,0.010670264,0.00437002,0.038340494,0.005166371,0.022753096,0.006655317,0.007256009,0.03623684,0.049795183,0.143462412,0.163914209,0.360089984,0.219121317,0.404542541,0.426410836,0.168159771,0.384890655,0.114163258,0.349964426,0.340698002,0.203816443,0.307207299,0.531010664,0.176969992,0.123317745,0.728237623,0.264308116,0.228837389,1,0.648450383,0.307859938,0.613420511,0.196721304,0.431465801,0.069067073,0.332232689,0.532690077,0.189116263,0.026328517,0.454857288,0.124636259,0.160607556,0.301137989,0.390187236,0.185698756,0.430846818,0.287421358,0.244005553,0.208342863,0.173672311,0.020568896,0.052742556,0.101860335,0.038221731,0.147092232,0.078179949,0.127519043,0.083187925,0.094379172,0.037442957,0.081318589,0.029462924,0.140067956,0.057445936,0.058067122,0.307879292,0.038285997,0.047148434,0.044494861,0.070595773,0.184785191,0.02355395,0.488892066,0.029110132,0.041172437,0.123281078,0.190274124,0.062368469,0.217636287,0.425769951,0.276857068,0.366990303,0.185441904,0.213315487,0.20092498,0.215630941,0.14512255
Clostridium_hylemonae_DSM_15053,0.028968834,0.25039285,0.017968579,0.005108891,0.003112139,0.092330034,0.004227936,0.007099697,0.044692995,0.032224045,0.021780927,0.028881644,0.009576025,0.022196698,0.036520389,0.012438068,0.013363773,0.029733952,0.023922437,0.011269771,0.012971057,0.017477524,0.014021787,0.016972349,0.012458535,0.004555438,0.002376173,0.011067764,0.012017116,0.006590162,0.05154269,0.010306591,0.038596772,0.236704388,0.325931354,0.008141614,0.065901754,0.007676222,0.086089378,0.039310905,0.039082522,0.024660077,0.233949672,0.049532679,0.190652301,0.011933455,0.040646024,0.004814304,0.010654675,0.256886867,0.014192264,0.010899554,0.004740104,0.166665813,0.015317566,0.006834814,0.015957503,0.009708927,0.012220633,0.009590931,0.108936847,0.038295178,0.013217002,0.024436593,0.004128223,0.088698973,0.041755794,0.010895837,0.004462404,0.039151026,0.00527559,0.023234105,0.006796013,0.007409404,0.037019103,0.05084787,0.148234354,0.137186663,0.36594664,0.210639775,0.409021043,0.494436642,0.156123082,0.4192344,0.114554656,0.334922899,0.332841455,0.199596894,0.310742813,0.538528361,0.147449435,0.110780489,0.660067151,0.240024735,0.219806871,0.648450383,1,0.28391172,0.688845049,0.181797901,0.361885854,0.072300542,0.415647434,0.648570899,0.186081107,0.028518362,0.514251253,0.12335042,0.169868766,0.261470552,0.346683115,0.164489552,0.418208373,0.272238963,0.22859681,0.197404074,0.14688643,0.020143065,0.051707556,0.092422762,0.037430438,0.149343041,0.072056181,0.129184272,0.076394106,0.087112933,0.036667787,0.079635076,0.024771136,0.125557991,0.056565342,0.054842039,0.257537902,0.038557676,0.04668507,0.048126684,0.088030596,0.155543824,0.022138389,0.530608877,0.028507473,0.040320056,0.134553634,0.178061335,0.061077274,0.206858157,0.447710077,0.276866955,0.337063483,0.177512889,0.200849719,0.19314065,0.210441332,0.141888271
Clostridium_perfringens_ATCC_13124,0.012104487,0.309200083,0.006078106,0.001953502,0.001052722,0.030983576,0.001430155,0.002429416,0.015241229,0.011018553,0.007367682,0.009769592,0.003239215,0.007508322,0.012353498,0.004207338,0.00452047,0.010057897,0.008376013,0.003812147,0.004387629,0.005912,0.004743052,0.005741118,0.004214262,0.001540936,0.000803771,0.003743815,0.004064946,0.002720415,0.022624024,0.00404219,0.014862291,0.080068344,0.10453031,0.002754007,0.022570734,0.002596582,0.027877648,0.01508611,0.012666415,0.008341593,0.074172074,0.016755074,0.064490625,0.004036647,0.013749047,0.001628501,0.003693512,0.090288835,0.004800718,0.003686916,0.001603402,0.053797773,0.005252437,0.002311965,0.005397833,0.003284171,0.004133788,0.003244257,0.034654729,0.012953843,0.004470823,0.008265996,0.001407765,0.037309322,0.014124441,0.003685659,0.001509466,0.013243345,0.001784537,0.007859239,0.00229884,0.002506327,0.012522194,0.017199955,0.045959125,0.314423663,0.160326109,0.469423565,0.441243639,0.173494775,0.072396187,0.313346089,0.049912072,0.153747709,0.155686578,0.443874667,0.098097149,0.174439521,0.293020936,0.08519996,0.238368008,0.330317221,0.237056654,0.307859938,0.28391172,1,0.388409649,0.096294322,0.5930456,0.023790994,0.141526326,0.217742217,0.314593823,0.01032702,0.362742425,0.098819873,0.224485764,0.27141959,0.268309864,0.095047143,0.137420737,0.491670584,0.372176597,0.122885118,0.321137618,0.059548525,0.035586443,0.105434944,0.080397383,0.112597927,0.119987489,0.187163919,0.171622545,0.167799408,0.106194426,0.157912192,0.040042128,0.108972924,0.053333484,0.1242474,0.232816218,0.029490459,0.018815476,0.027884002,0.035073101,0.334316984,0.023321079,0.344969983,0.082569169,0.107189305,0.136319129,0.344025581,0.176626921,0.106349349,0.31101191,0.282181905,0.145652518,0.322048576,0.104290435,0.348280084,0.191511345,0.230614934
Clostridium_phytofermentans_ISDg,0.020819958,0.308329817,0.012520066,0.003656173,0.002168463,0.064333311,0.002945923,0.005004264,0.031394847,0.022395376,0.015176417,0.020124023,0.00667234,0.015466116,0.025446514,0.008666542,0.00931155,0.020717891,0.017063728,0.007852501,0.009037915,0.012177911,0.009770038,0.011825918,0.008680803,0.003174118,0.001655659,0.007711748,0.008373233,0.004795424,0.039111414,0.007340894,0.028905716,0.164929832,0.227101001,0.005672878,0.046492624,0.005348604,0.059984974,0.028812055,0.027231746,0.017182539,0.163010413,0.03451316,0.132841863,0.00831494,0.028321156,0.00335449,0.007590756,0.185982644,0.009888823,0.007594543,0.003302789,0.116128665,0.010819302,0.004762331,0.011118798,0.006764943,0.008515038,0.006682726,0.075904532,0.026683144,0.009209284,0.017026821,0.002899803,0.069907143,0.029094416,0.007591953,0.003109294,0.027279478,0.003675902,0.016188956,0.004735296,0.005162691,0.025794006,0.035429553,0.103286075,0.185128253,0.322984255,0.288835003,0.496296548,0.412266162,0.125576744,0.446992213,0.092954911,0.265357274,0.281039755,0.285647863,0.218888845,0.385358675,0.176146849,0.118156678,0.54521494,0.294231097,0.239812055,0.613420511,0.688845049,0.388409649,1,0.154046233,0.44532457,0.0526883,0.325000713,0.51443258,0.245181207,0.022118575,0.571523358,0.116885448,0.189115343,0.295175712,0.383319253,0.133988912,0.311707499,0.363565127,0.262119324,0.186930654,0.193956105,0.028908971,0.047503489,0.091992107,0.053719506,0.140656618,0.093991437,0.160320469,0.101015615,0.121530817,0.052624961,0.111665895,0.031329821,0.124329111,0.054581637,0.076532429,0.272000457,0.03886723,0.034266267,0.033260279,0.074513866,0.200133692,0.023583012,0.600141791,0.040913423,0.057866634,0.140726679,0.232516489,0.087657027,0.181380405,0.466623219,0.320534226,0.273539523,0.233208772,0.178674004,0.259073465,0.235745123,0.179418008
Clostridium_ramosum_VPI_0427_DSM_1402,0.048405352,0.077855616,0.036732961,0.006192464,0.007199943,0.153188429,0.008381458,0.013715459,0.039166603,0.028308066,0.050002527,0.059560248,0.017073798,0.023655225,0.044858233,0.021452353,0.034452466,0.032468104,0.040687003,0.030042043,0.034577193,0.033562323,0.037378144,0.03082844,0.024310419,0.006722614,0.006334209,0.02307601,0.028066936,0.012864776,0.035101435,0.019080059,0.027271868,0.178761872,0.167507461,0.009655603,0.042839926,0.014134147,0.143109299,0.096007586,0.063809902,0.04667218,0.182947095,0.132040203,0.182790765,0.013399334,0.073885646,0.011489405,0.021046959,0.416164585,0.013938983,0.018575482,0.005480227,0.112777908,0.010593677,0.018219693,0.034872217,0.020774522,0.014061472,0.022608353,0.090842691,0.078796227,0.035232815,0.025557143,0.0073543,0.05646516,0.111309213,0.029045241,0.009912682,0.104365634,0.00569801,0.041420377,0.011761517,0.012495128,0.065402117,0.071656953,0.193818446,0.046154813,0.13681374,0.074332613,0.131685822,0.279008082,0.088300136,0.127063923,0.063306107,0.141665086,0.121551475,0.067851854,0.342523301,0.173197896,0.063095604,0.042124227,0.200228353,0.07461976,0.07728196,0.196721304,0.181797901,0.096294322,0.154046233,1,0.118220147,0.072800153,0.200804211,0.174230814,0.054769195,0.054042476,0.127530091,0.055492819,0.051280361,0.082183514,0.104796501,0.104266072,0.172464674,0.091808473,0.104184061,0.079701154,0.049055311,0.007556335,0.0313962,0.041047992,0.013416404,0.076053942,0.026012839,0.035985148,0.026234738,0.03086444,0.013755308,0.026905904,0.009885137,0.068952022,0.031393622,0.019882308,0.103687138,0.050711204,0.033176988,0.019367915,0.044852625,0.052783825,0.014641548,0.1416233,0.010629932,0.014966189,0.033963286,0.058726443,0.022836312,0.105036004,0.116493895,0.116358335,0.144839131,0.058649248,0.099499886,0.060268673,0.084726165,0.07962344
Clostridium_sp_7_2_43FAA,0.017775112,0.275003694,0.009262383,0.002829157,0.001604235,0.04759398,0.002179403,0.00370217,0.023226004,0.01645657,0.01122756,0.014887814,0.004936218,0.01144188,0.018825409,0.006411534,0.006888713,0.015327159,0.012440005,0.005809304,0.006686277,0.009009256,0.007227904,0.00874885,0.006422084,0.002348222,0.001224862,0.005705174,0.006194543,0.004037878,0.031849015,0.005769365,0.022162617,0.122015594,0.161456234,0.004196812,0.032464435,0.003956913,0.044329337,0.02051325,0.020127255,0.012711695,0.11774836,0.025532941,0.098276817,0.006151418,0.020952078,0.002481662,0.005549661,0.133385657,0.007315781,0.005618466,0.002443413,0.085701281,0.008004153,0.003523187,0.008225721,0.005004725,0.006299452,0.004943901,0.054435957,0.019740272,0.006813057,0.012596494,0.002145283,0.051616534,0.021524138,0.00561655,0.002300265,0.020181441,0.002719444,0.01197664,0.003503186,0.003819375,0.019082485,0.026210892,0.073204845,0.271564498,0.206509072,0.341571391,0.415253738,0.240549303,0.105116389,0.345602853,0.067362091,0.200199665,0.210649926,0.326652148,0.150642662,0.264058331,0.267620859,0.084985331,0.334376804,0.376821016,0.280374931,0.431465801,0.361885854,0.5930456,0.44532457,0.118220147,1,0.034996886,0.184064414,0.288917096,0.268544667,0.015443241,0.381122983,0.119597113,0.186840438,0.390829155,0.397310077,0.136527674,0.202313164,0.419858372,0.319371685,0.150442324,0.282519602,0.039076577,0.042798116,0.101721459,0.057121921,0.119114228,0.099442654,0.159421867,0.123378875,0.131803025,0.071075681,0.112823562,0.030935222,0.121631926,0.051192423,0.086968599,0.273028315,0.032365187,0.029719491,0.032531578,0.043367897,0.279147275,0.022400027,0.400597747,0.054783903,0.075360916,0.191903644,0.341093378,0.118486976,0.134184451,0.343734125,0.269036152,0.197946679,0.24296558,0.130885593,0.263392621,0.169785061,0.18445944
Clostridium_spiroforme_DSM_1552,0.117317425,0.022241667,0.206244365,0.04896833,0.033444392,0.279683211,0.049290962,0.065482332,0.082112847,0.075651386,0.190770457,0.218800541,0.054314893,0.105994581,0.292501064,0.069260966,0.157497501,0.129700978,0.060707878,0.128798526,0.147673888,0.16484507,0.151980995,0.16051293,0.082313228,0.052052013,0.025538582,0.123320755,0.127385304,0.059913967,0.132401461,0.116195242,0.098916399,0.204526562,0.160077243,0.062965938,0.066885656,0.083553306,0.201913406,0.148473629,0.157615022,0.173860642,0.196697783,0.224233276,0.223713241,0.063925231,0.251833304,0.062063931,0.125359927,0.160797032,0.105416169,0.140512338,0.056325927,0.219288815,0.077816183,0.077417085,0.171257973,0.109715761,0.140572881,0.119820144,0.232188492,0.250517487,0.138515542,0.132157108,0.028926171,0.098384304,0.273538253,0.129539358,0.042036457,0.225386939,0.055276763,0.223716998,0.083234618,0.093523708,0.163344737,0.308234168,0.217027687,0.014697556,0.076260867,0.01664537,0.033673048,0.090362019,0.168910489,0.050672828,0.101796564,0.112105758,0.092537691,0.015434998,0.120031736,0.118083315,0.021191598,0.029124073,0.082233723,0.022579873,0.027163033,0.069067073,0.072300542,0.023790994,0.0526883,0.072800153,0.034996886,1,0.107043892,0.090200834,0.013638721,0.076073423,0.041913569,0.048246935,0.013953955,0.029963769,0.034087954,0.071576792,0.129930183,0.02470184,0.036780013,0.081596875,0.015718242,0.001562499,0.078013972,0.032582955,0.002869252,0.021284312,0.009327355,0.010079107,0.007359739,0.008955299,0.002844323,0.0061773,0.005348718,0.0265738,0.01808926,0.00437725,0.043817214,0.098767825,0.089827794,0.011921485,0.062813725,0.016900425,0.00805633,0.050967344,0.002211327,0.00312763,0.025668633,0.013664263,0.004737769,0.072972143,0.053747856,0.041423915,0.093209904,0.015776859,0.056382332,0.018403539,0.017209596,0.018099989
Collinsella_intestinalis_DSM_13280,0.037372667,0.13632623,0.034440818,0.010070746,0.005965114,0.124153994,0.008088628,0.013595816,0.045209378,0.035350364,0.041748039,0.048205681,0.011090723,0.031131959,0.055928276,0.019507336,0.025614673,0.03980825,0.024014798,0.021601048,0.024861945,0.030698272,0.026875905,0.03253132,0.016386563,0.00873152,0.004537452,0.021213857,0.023033503,0.011219835,0.087542329,0.017617263,0.049155327,0.241891477,0.30088457,0.012876128,0.066405638,0.014713203,0.118827542,0.041116147,0.051719445,0.041155182,0.22270038,0.068120796,0.203475452,0.020565537,0.053815211,0.009227696,0.020928818,0.246406496,0.021650956,0.020891444,0.009085475,0.176309636,0.022594251,0.013100456,0.030586139,0.018028045,0.023423589,0.018383174,0.134701875,0.065386746,0.024724519,0.035396717,0.006368716,0.086678663,0.06236654,0.02088432,0.007742635,0.060438413,0.008842231,0.043129467,0.013026086,0.014201787,0.068794867,0.074897209,0.149594444,0.06934053,0.297478845,0.111378119,0.208522243,0.321451687,0.173139243,0.252092423,0.117260479,0.307647801,0.301619025,0.104134359,0.309615794,0.379481103,0.073764042,0.075793891,0.373545593,0.134498064,0.136416869,0.332232689,0.415647434,0.141526326,0.325000713,0.200804211,0.184064414,0.107043892,1,0.532669505,0.093486359,0.046835601,0.27968597,0.098733294,0.092209373,0.162248826,0.187311941,0.134881813,0.282647537,0.160600214,0.137056611,0.15280249,0.07426484,0.010509107,0.047209188,0.059495336,0.019528333,0.112218884,0.043360053,0.066502487,0.038329182,0.04895111,0.01913044,0.039954809,0.01727635,0.094431257,0.04702785,0.029667785,0.168448966,0.079724717,0.044770391,0.020341367,0.085908898,0.079473418,0.019343327,0.28585651,0.014873014,0.021035915,0.082773484,0.095171,0.03186544,0.168053909,0.272399696,0.168491782,0.276175667,0.096515284,0.163117633,0.10843384,0.107900577,0.109761623
Collinsella_stercoris_DSM_13279,0.035424803,0.219157326,0.023078637,0.005880674,0.003997196,0.118587641,0.005355931,0.009047002,0.052340802,0.039646825,0.027975173,0.037095253,0.012067794,0.028092055,0.04690637,0.015975312,0.017164277,0.038189948,0.027560298,0.014474765,0.016659877,0.022447932,0.018009423,0.021799091,0.0160016,0.005850952,0.003031814,0.01421531,0.015434647,0.008750543,0.068977453,0.013993005,0.049739477,0.304020411,0.411418726,0.010456996,0.07667323,0.009859251,0.110572213,0.047276981,0.050099359,0.031673121,0.295068654,0.063619206,0.244871636,0.015327194,0.052205289,0.006183438,0.014024307,0.285840906,0.018228382,0.013999263,0.006088136,0.214063666,0.018421794,0.008778557,0.020495634,0.012470035,0.015696042,0.012318482,0.139917241,0.049185889,0.016184753,0.031217841,0.005314106,0.102366458,0.053630664,0.013994489,0.00573146,0.05028513,0.006775908,0.029841619,0.008728722,0.009516553,0.047396867,0.065308424,0.170889912,0.109677538,0.413582367,0.167071648,0.318692312,0.46807379,0.207536719,0.367810175,0.137263114,0.426926123,0.395135316,0.155402266,0.372382938,0.587431647,0.114414803,0.110713021,0.585636712,0.21320857,0.20769563,0.532690077,0.648570899,0.217742217,0.51443258,0.174230814,0.288917096,0.090200834,0.532669505,1,0.139878639,0.035069656,0.423179573,0.140825658,0.142254279,0.235788173,0.300105977,0.18602169,0.404193714,0.241063555,0.205959492,0.206439435,0.11750902,0.015682999,0.057313095,0.093533343,0.029142612,0.143919642,0.066137597,0.100751476,0.058333085,0.077299209,0.028548827,0.061039508,0.027755684,0.133334026,0.056225362,0.044273966,0.246898953,0.038216504,0.055573997,0.029693544,0.097919708,0.124407872,0.023364537,0.442899131,0.022195365,0.031392413,0.130608014,0.14498386,0.04755358,0.220386059,0.412660641,0.257164147,0.391580273,0.148775012,0.216621525,0.167118401,0.162638255,0.113137776
Cronobacter_sakazakii_ATCC_BAA_894,0.006928136,0.24109193,0.003556293,0.001034246,0.000615946,0.018273714,0.000836782,0.001421449,0.008917627,0.006409996,0.004310823,0.005716178,0.001895261,0.004393111,0.007228018,0.002461709,0.002644922,0.005884864,0.004900796,0.002230483,0.002567197,0.003459105,0.002775155,0.003359122,0.00246576,0.0009016,0.000470286,0.002190502,0.002378396,0.001584462,0.013218291,0.002479421,0.00869591,0.0468479,0.064507463,0.001611366,0.013206112,0.001519257,0.01703858,0.008491866,0.007735108,0.004880657,0.046302694,0.009803375,0.037733394,0.002361838,0.008044553,0.000952834,0.00216107,0.052827898,0.002808895,0.002157211,0.000938149,0.032986053,0.003073195,0.001352728,0.003158266,0.001921565,0.002418675,0.001898211,0.02156049,0.007579279,0.002615874,0.004836425,0.000823682,0.021294806,0.008264195,0.002156475,0.000883187,0.007748666,0.001044131,0.004598432,0.001345049,0.001466449,0.007326722,0.010063675,0.028862993,0.250343564,0.093395488,0.335328001,0.254198515,0.120357761,0.04583665,0.206649615,0.032073435,0.101383532,0.103005135,0.32002737,0.062174821,0.109460154,0.168346225,0.053042705,0.157604222,0.506238968,0.342520008,0.189116263,0.186081107,0.314593823,0.245181207,0.054769195,0.268544667,0.013638721,0.093486359,0.139878639,1,0.006947708,0.248693122,0.130560809,0.527392257,0.172494694,0.179082606,0.067406184,0.089052,0.325555765,0.197031612,0.082626179,0.22847518,0.09712347,0.048110304,0.079343356,0.077498439,0.076622603,0.126719622,0.182999663,0.168268886,0.16122165,0.172866725,0.180445873,0.068666982,0.112114643,0.029128462,0.237327077,0.130110695,0.016236773,0.011749608,0.037099209,0.022303399,0.219535995,0.020670629,0.231267046,0.122100557,0.172171231,0.138911222,0.54815194,0.218504153,0.056869717,0.181872693,0.170555758,0.083595223,0.306116963,0.060411192,0.31682151,0.1868816,0.171846536
Desulfovibrio_piger_ATCC_29098,0.087036722,0.00871432,0.155282402,0.07543758,0.077552795,0.085911495,0.072644346,0.138820166,0.135089501,0.131535556,0.210986129,0.191957828,0.07380269,0.113624948,0.093932299,0.068789807,0.208678146,0.072623704,0.146771004,0.138017619,0.22630656,0.235264539,0.23136483,0.167080275,0.105479564,0.079864714,0.06404121,0.224935875,0.159478242,0.160882113,0.118776703,0.182224396,0.065099396,0.058207477,0.04934806,0.0846104,0.030662319,0.154355423,0.087623411,0.134888716,0.057670157,0.14121271,0.057736133,0.09328241,0.060196148,0.120617195,0.087320541,0.114303559,0.180835032,0.062539225,0.176926143,0.182055351,0.096570728,0.065478785,0.096437802,0.166163609,0.219280994,0.160588635,0.108648429,0.185015105,0.059477951,0.107679652,0.169152729,0.060562969,0.105756004,0.089451123,0.141771754,0.131483038,0.068374244,0.066648399,0.113728522,0.185959904,0.125318429,0.143514362,0.15602043,0.115540642,0.049935131,0.004531663,0.026121051,0.007442361,0.014744063,0.029046311,0.052308366,0.025276415,0.02300461,0.032385361,0.035119931,0.007405797,0.045629906,0.039321656,0.005922093,0.030188468,0.032137858,0.009302433,0.010406672,0.026328517,0.028518362,0.01032702,0.022118575,0.054042476,0.015443241,0.076073423,0.046835601,0.035069656,0.006947708,1,0.020717039,0.028020631,0.007536339,0.015016398,0.015671739,0.023083465,0.035891242,0.009624952,0.009356017,0.023873324,0.004856135,0.000747384,0.010040107,0.009958366,0.001297991,0.011321771,0.003139761,0.005892924,0.002625923,0.003386354,0.001360515,0.002559713,0.001250649,0.016164127,0.008443688,0.002109907,0.019398358,0.008874276,0.065567759,0.01025947,0.064679443,0.005197787,0.00305726,0.020516449,0.001027717,0.001441837,0.010973138,0.007202891,0.0022662,0.024688571,0.019713774,0.016115592,0.036087279,0.00624666,0.02466387,0.006804329,0.005875579,0.004746118
Desulfovibrio_vulgaris_Miyazaki_F,0.018692097,0.287434077,0.010072423,0.00294632,0.001744533,0.051756299,0.002370002,0.004025942,0.024949221,0.018259557,0.012209463,0.016189824,0.005367913,0.012442527,0.02047178,0.006972253,0.007491164,0.016667592,0.013569282,0.006317355,0.007271024,0.009797158,0.007860019,0.009513979,0.006983726,0.002553585,0.001331982,0.006204119,0.006736285,0.004004588,0.034681265,0.006184124,0.023984505,0.132686435,0.182703286,0.004563843,0.037381892,0.004302964,0.048258052,0.023385124,0.021908003,0.013823393,0.131142258,0.027765918,0.106871589,0.006689389,0.022784436,0.002698695,0.006120758,0.145899849,0.007955581,0.006109827,0.002657101,0.093425782,0.008579169,0.003831307,0.008945099,0.005442412,0.006850368,0.005376269,0.061065374,0.021466652,0.007408891,0.013698117,0.002313837,0.055399039,0.023406526,0.006107744,0.002501434,0.021946404,0.002957272,0.013024053,0.003809557,0.004153397,0.020751338,0.028503158,0.083093888,0.153516074,0.275095952,0.322715595,0.529707568,0.310875409,0.112049719,0.454440735,0.083859906,0.23999217,0.24839339,0.345254093,0.176096587,0.298776191,0.179970498,0.101336268,0.432738358,0.260725767,0.23318732,0.454857288,0.514251253,0.362742425,0.571523358,0.127530091,0.381122983,0.041913569,0.27968597,0.423179573,0.248693122,0.020717039,1,0.099494117,0.183061146,0.286667873,0.35539727,0.120305188,0.243868805,0.349927336,0.254916692,0.147017754,0.15962697,0.035933981,0.040563368,0.11178976,0.05950095,0.159718335,0.108791445,0.154549926,0.108856857,0.13298022,0.065413062,0.11495442,0.035895245,0.12529114,0.048354073,0.094137638,0.27043396,0.036019374,0.027589752,0.031675841,0.063426283,0.160850853,0.024161516,0.521563547,0.046726167,0.066484128,0.131948212,0.245561243,0.108228925,0.1406677,0.395999253,0.29911056,0.217511466,0.237670524,0.15166748,0.25921377,0.186525211,0.166733755
Enterobacter_cancerogenus_ATCC_35316,0.018023098,0.071782615,0.026435475,0.002897526,0.004578597,0.076156222,0.005208925,0.010299308,0.028582179,0.020475548,0.02845106,0.039400388,0.006801848,0.021998853,0.049809512,0.016408845,0.019660859,0.030689643,0.015085117,0.016580151,0.019083092,0.025713032,0.020628933,0.022574396,0.009476236,0.00660783,0.003495839,0.016282957,0.016595801,0.008742506,0.050790948,0.017404823,0.032556667,0.135880454,0.137621783,0.011294848,0.024651304,0.011293301,0.061560137,0.060191869,0.026151559,0.023947909,0.118087617,0.046698149,0.11074957,0.016004246,0.044315344,0.007082832,0.01503432,0.085482658,0.013328289,0.016035486,0.006973668,0.105523169,0.011697531,0.010055417,0.023476768,0.014283828,0.011007326,0.014110232,0.082847389,0.04157902,0.019444929,0.020586211,0.004186854,0.044737338,0.050966951,0.016030018,0.006565114,0.031233101,0.007761478,0.032407784,0.009998333,0.010900757,0.030868677,0.062647033,0.074878986,0.058965751,0.127178913,0.078651161,0.094492409,0.125162625,0.068970477,0.107034643,0.041656589,0.130931395,0.159251394,0.072743977,0.113136509,0.147227523,0.050395206,0.057091366,0.125418444,0.168358225,0.252881938,0.124636259,0.12335042,0.098819873,0.116885448,0.055492819,0.119597113,0.048246935,0.098733294,0.140825658,0.130560809,0.028020631,0.099494117,1,0.178347986,0.078403049,0.087412131,0.079073406,0.098700259,0.117496074,0.091833291,0.14537909,0.059202276,0.013272564,0.164874506,0.031925737,0.012484799,0.045449842,0.098119353,0.049275379,0.032920508,0.053002295,0.023447752,0.032581542,0.07651687,0.144102475,0.047322082,0.036926535,0.067743581,0.017308395,0.038341793,0.10900978,0.032619549,0.061351331,0.03752766,0.14703552,0.017916923,0.024523508,0.052149697,0.133208333,0.033128494,0.121755609,0.162831042,0.085599223,0.154662606,0.082018611,0.097316057,0.093888899,0.060335958,0.044983025
Enterobacter_sp_638,0.008575402,0.189563733,0.00472376,0.001120165,0.00081815,0.024272647,0.001111482,0.001888085,0.011004301,0.008137331,0.005725989,0.007592696,0.002460839,0.005835291,0.009600847,0.003269844,0.003513203,0.00781676,0.00587554,0.002962711,0.003409962,0.004594667,0.003686188,0.004461862,0.003275225,0.001197579,0.000624672,0.002909605,0.00315918,0.001936302,0.014753537,0.003344526,0.009964425,0.060759445,0.077948682,0.002140349,0.013869447,0.002018002,0.02263204,0.011566387,0.010274406,0.006482889,0.061503039,0.013021648,0.050120591,0.003137187,0.010685435,0.001265633,0.00287051,0.054810324,0.003731005,0.002865384,0.001246126,0.043814782,0.003327999,0.001796804,0.004195069,0.00255238,0.003212683,0.00252136,0.026210132,0.010067421,0.003474618,0.00616864,0.001094082,0.026459314,0.010977182,0.002864407,0.001173121,0.010292415,0.0013869,0.006108015,0.001786604,0.001947858,0.009731954,0.013367399,0.032946512,0.160421388,0.103411044,0.235477907,0.173737035,0.128365022,0.045506099,0.164765646,0.031443019,0.107532198,0.122929493,0.214988727,0.068271347,0.115042113,0.135474799,0.051874668,0.144596308,0.412234721,0.317322669,0.160607556,0.169868766,0.224485764,0.189115343,0.051280361,0.186840438,0.013953955,0.092209373,0.142254279,0.527392257,0.007536339,0.183061146,0.178347986,1,0.128255988,0.134264689,0.067745786,0.091234064,0.212818734,0.191145725,0.103557469,0.149768373,0.071804008,0.055128627,0.061560546,0.046745381,0.055281996,0.153368713,0.122327886,0.12152884,0.197300245,0.120883428,0.125979985,0.104596937,0.178740123,0.029783733,0.166998825,0.095712568,0.013395885,0.014875733,0.072467834,0.021639791,0.147253626,0.023816909,0.23071401,0.087795737,0.123118837,0.094220956,0.371433935,0.142789367,0.066214824,0.219727309,0.179403969,0.093961006,0.283200128,0.06832732,0.292444373,0.156847696,0.119819033
Enterococcus_faecalis_TX1322,0.017867921,0.269867797,0.009437334,0.002950776,0.001634536,0.048492949,0.002216335,0.003772098,0.02209139,0.016989961,0.011439629,0.015169019,0.005029455,0.011657998,0.019180989,0.006532637,0.007018829,0.015616663,0.01189571,0.005919032,0.00681257,0.009179425,0.007364427,0.008914101,0.006543387,0.002392576,0.001247997,0.005812935,0.006311548,0.003935936,0.029982721,0.005874358,0.021064436,0.118900693,0.150273686,0.004276083,0.029129023,0.004031653,0.043219272,0.018290925,0.02024889,0.012951797,0.116509773,0.026015214,0.098033982,0.006267608,0.021347827,0.002528536,0.00573483,0.125001518,0.007453964,0.005724589,0.002489565,0.087374108,0.007686011,0.003589734,0.00838109,0.005099256,0.006418437,0.005037283,0.050725611,0.020113131,0.006941744,0.012066397,0.002181024,0.049637907,0.021930692,0.005722637,0.002343713,0.019828241,0.002770809,0.012202858,0.003569356,0.003891516,0.01944292,0.02670597,0.060686335,0.163022161,0.171364646,0.202206939,0.294046303,0.185560303,0.092527672,0.244070609,0.0587396,0.185281154,0.194656832,0.21162153,0.138209451,0.22101113,0.153273418,0.07418859,0.260940867,0.213954033,0.173893255,0.301137989,0.261470552,0.27141959,0.295175712,0.082183514,0.390829155,0.029963769,0.162248826,0.235788173,0.172494694,0.015016398,0.286667873,0.078403049,0.128255988,1,0.444561271,0.15289343,0.164451624,0.22272922,0.175375731,0.141147955,0.162617831,0.036300689,0.029748791,0.109957813,0.067106664,0.113537797,0.099803227,0.112033282,0.136233055,0.119382241,0.059758248,0.128200233,0.038986999,0.117207634,0.035518682,0.096196093,0.36013877,0.023774441,0.026081523,0.030717194,0.03324044,0.17443802,0.019139815,0.296350123,0.048374776,0.064080196,0.146562204,0.21671142,0.100437387,0.125833015,0.327304152,0.289088457,0.181801659,0.228785703,0.131314042,0.266174418,0.166976148,0.173355124
Enterococcus_sp_7L76,0.016670671,0.307993788,0.009425414,0.002799605,0.001632472,0.0484317,0.002217763,0.003753183,0.023611274,0.017086643,0.01142518,0.01514986,0.005023102,0.011643273,0.019156762,0.006524386,0.007009964,0.015596938,0.012988814,0.005911556,0.006803965,0.009167831,0.007355125,0.008902842,0.006535122,0.002389554,0.001246421,0.005805593,0.006303576,0.003702891,0.02786166,0.005347289,0.021433822,0.12191722,0.158432703,0.004270682,0.031460205,0.00402656,0.044239462,0.019772652,0.020500728,0.012935438,0.118425985,0.025982356,0.100006623,0.006259691,0.021320863,0.002525342,0.005694623,0.131226906,0.007444549,0.005717359,0.002486421,0.087246548,0.008003839,0.0035852,0.008370505,0.005092815,0.00641033,0.005030921,0.054017539,0.020087727,0.006932976,0.01281821,0.002183043,0.050674779,0.021902993,0.005715409,0.002340753,0.020281496,0.00276731,0.012187445,0.003564847,0.003886601,0.019418363,0.026672239,0.073734959,0.158523632,0.193942236,0.250881608,0.371463283,0.230367146,0.090007734,0.287262773,0.061632224,0.176262163,0.186922331,0.239096593,0.148728593,0.257097703,0.141836502,0.089436547,0.33475881,0.22912316,0.191997386,0.390187236,0.346683115,0.268309864,0.383319253,0.104796501,0.397310077,0.034087954,0.187311941,0.300105977,0.179082606,0.015671739,0.35539727,0.087412131,0.134264689,0.444561271,1,0.138073947,0.201693752,0.268468917,0.213199352,0.119222167,0.163704183,0.038400673,0.02958781,0.100093184,0.066483992,0.119321986,0.097337706,0.143159202,0.111697567,0.10703445,0.066641413,0.119417705,0.028983706,0.121729385,0.038083247,0.086066214,0.309396697,0.026802153,0.02639671,0.035546769,0.041266785,0.165702977,0.019150948,0.352817048,0.053708351,0.068127524,0.192773271,0.219535189,0.107465659,0.116743923,0.298833896,0.255570281,0.188499707,0.216604908,0.120267918,0.218881373,0.205733098,0.163672042
Escherichia_fergusonii_UMN026_ATCC_35469,0.079138285,0.09807042,0.036228806,0.010309781,0.006274792,0.131895738,0.008219991,0.010171089,0.047856852,0.050246624,0.042201718,0.058232065,0.016897662,0.044431812,0.055830444,0.017119252,0.026376393,0.045512234,0.029792768,0.022722462,0.026152647,0.035238725,0.028271162,0.034220176,0.019422615,0.009184815,0.004516542,0.022274206,0.024229282,0.014092182,0.057596982,0.020300255,0.046334077,0.208187664,0.217463102,0.014505956,0.051697753,0.015244562,0.105341111,0.067547484,0.052663967,0.041364543,0.246345414,0.077924483,0.195424857,0.021213874,0.071744291,0.00970675,0.022015333,0.173004963,0.027892815,0.021976019,0.009557145,0.219137402,0.024463407,0.013780563,0.032174012,0.019575439,0.021525411,0.019337533,0.114999033,0.077211925,0.025369735,0.042702169,0.007312339,0.083913853,0.079115756,0.021968525,0.008823248,0.064114631,0.008381521,0.045882334,0.013702332,0.014157943,0.045504368,0.093513043,0.110003239,0.056954135,0.181859825,0.064993578,0.104294213,0.199239086,0.112918258,0.156196787,0.08836906,0.230544806,0.178062269,0.061265301,0.176596872,0.203315847,0.094890224,0.095171205,0.195625089,0.126752626,0.126798134,0.185698756,0.164489552,0.095047143,0.133988912,0.104266072,0.136527674,0.071576792,0.134881813,0.18602169,0.067406184,0.023083465,0.120305188,0.079073406,0.067745786,0.15289343,0.138073947,1,0.210871473,0.085044415,0.114518402,0.130455798,0.056927792,0.009750708,0.04802791,0.125743813,0.014303627,0.103453625,0.03725004,0.044328879,0.036331504,0.039945049,0.016112149,0.035618646,0.016834534,0.097878752,0.03749146,0.026657651,0.152268077,0.019250801,0.100257843,0.042068346,0.043234231,0.062500084,0.015526913,0.124802431,0.013577174,0.019494834,0.085669233,0.087140755,0.023757945,0.120993631,0.157373713,0.103616384,0.179171985,0.069689928,0.113029146,0.074204302,0.081408008,0.053742076
Eubacterium_dolichum_DSM_3991,0.05031078,0.125158392,0.039935017,0.008173998,0.006916704,0.174207283,0.009130053,0.013735214,0.074594291,0.052363972,0.048407928,0.064189212,0.016066594,0.045846659,0.073117096,0.023449853,0.029700874,0.05831575,0.0356703,0.025046972,0.028828066,0.037197518,0.031163305,0.037658335,0.022343807,0.010124422,0.005021008,0.024598014,0.026707941,0.015200573,0.080929396,0.023610375,0.058015437,0.368434396,0.431186115,0.016215515,0.094470359,0.017060339,0.157167893,0.062226841,0.077292837,0.052135952,0.360170903,0.094857089,0.326736671,0.023970416,0.086594949,0.010699751,0.023784572,0.354961892,0.025448347,0.024224168,0.009626525,0.264790343,0.022729669,0.015190317,0.035205209,0.019740396,0.024128761,0.021315764,0.171674753,0.078750706,0.029374678,0.054310125,0.008958757,0.118918839,0.091233781,0.024215908,0.009764782,0.078003015,0.011724955,0.049440624,0.015104083,0.016467338,0.05929274,0.105654049,0.216193405,0.073762334,0.287305426,0.096551505,0.196377392,0.406157175,0.259868022,0.225578776,0.172020783,0.350755546,0.292922726,0.089807713,0.38147895,0.540425228,0.114880677,0.090713944,0.5189593,0.139366496,0.132651168,0.430846818,0.418208373,0.137420737,0.311707499,0.172464674,0.202313164,0.129930183,0.282647537,0.404193714,0.089052,0.035891242,0.243868805,0.098700259,0.091234064,0.164451624,0.201693752,0.210871473,1,0.127712942,0.209175861,0.197136493,0.077897892,0.00906328,0.049648713,0.067571781,0.016841655,0.106537087,0.037629573,0.06614719,0.038401507,0.042625316,0.016498504,0.03583144,0.015000781,0.098744397,0.047532752,0.025586137,0.18793707,0.034164626,0.066226818,0.039235459,0.077105932,0.084257363,0.01814885,0.281530106,0.012826808,0.018141826,0.089560248,0.091687386,0.027481441,0.217868175,0.258682908,0.164259002,0.363699887,0.083825939,0.196208862,0.092604887,0.103560667,0.070767201
Finegoldia_magna_ATCC_29328,0.009683843,0.346208521,0.005725651,0.001540708,0.000991677,0.029420775,0.001347223,0.00228854,0.013387445,0.009069439,0.006940447,0.009203076,0.002835824,0.007072932,0.011637147,0.003963365,0.004258339,0.009474663,0.006800877,0.003591089,0.004133201,0.005569177,0.004468014,0.005408204,0.003969887,0.001451581,0.000757163,0.00352672,0.003829229,0.002583431,0.021499128,0.003919664,0.014000461,0.075425366,0.103857354,0.002594308,0.019865942,0.002446012,0.027220105,0.014214914,0.012280534,0.007857883,0.068443896,0.015783486,0.060750963,0.003802571,0.012951772,0.001534068,0.003479334,0.079156083,0.004522336,0.00347312,0.001510424,0.053107718,0.004947861,0.002177899,0.005084825,0.00309373,0.00389408,0.00305613,0.034712502,0.01220268,0.004211571,0.00778667,0.001326132,0.028889936,0.013305398,0.003471936,0.001421936,0.012475394,0.001681056,0.0074035,0.002165536,0.002360991,0.011796061,0.016202569,0.046397418,0.281985184,0.164640862,0.622349917,0.455941045,0.177028142,0.072929703,0.319008191,0.052852865,0.163524105,0.148529241,0.454010571,0.098259248,0.173961526,0.194219686,0.089913765,0.225173302,0.372293325,0.298664156,0.287421358,0.272238963,0.491670584,0.363565127,0.091808473,0.419858372,0.02470184,0.160600214,0.241063555,0.325555765,0.009624952,0.349927336,0.117496074,0.212818734,0.22272922,0.268468917,0.085044415,0.127712942,1,0.338103159,0.121210816,0.285681756,0.063214169,0.044435031,0.094271974,0.101829348,0.118062928,0.120469426,0.189429582,0.172791487,0.169609539,0.115073039,0.184597739,0.043818409,0.106711287,0.043586651,0.13931798,0.196386564,0.029236676,0.015587683,0.027049934,0.034518388,0.272837809,0.023353211,0.331154821,0.089463856,0.12653481,0.136991706,0.348010138,0.186161235,0.08686511,0.261894038,0.237971029,0.140099443,0.353158227,0.091198867,0.322400804,0.251477981,0.236714438
Fusobacterium_nucleatum_nucleatum_ATCC_25586,0.01914567,0.248773557,0.009597717,0.001840179,0.001662315,0.047676326,0.002258305,0.003552595,0.019173033,0.014062642,0.011634041,0.01542681,0.003973307,0.01185612,0.019140486,0.006643656,0.007138111,0.014994124,0.008695605,0.006019623,0.006928346,0.009335426,0.007489582,0.009065592,0.005360649,0.002433237,0.000987435,0.005911724,0.00641881,0.003798558,0.027387822,0.005797061,0.016008608,0.110051882,0.114488322,0.004348753,0.023990483,0.004100169,0.043432301,0.019389222,0.019745813,0.013171907,0.105933573,0.026457332,0.100523445,0.00589906,0.021710624,0.002571507,0.005832291,0.103382763,0.006231682,0.005821876,0.002531874,0.079416055,0.005508425,0.00365074,0.007962437,0.005185916,0.006527516,0.00512289,0.041467039,0.020454945,0.007059716,0.013052536,0.002095576,0.035573561,0.022303395,0.005819891,0.002383544,0.020912087,0.002817898,0.01241024,0.003630015,0.003957651,0.015501355,0.027159827,0.073400905,0.228225935,0.172717749,0.342969047,0.286347705,0.191670216,0.068478986,0.226077326,0.046296306,0.16327411,0.129605685,0.276888573,0.100193506,0.161361008,0.362656631,0.08394869,0.210970024,0.207073669,0.180208571,0.244005553,0.22859681,0.372176597,0.262119324,0.104184061,0.319371685,0.036780013,0.137056611,0.205959492,0.197031612,0.009356017,0.254916692,0.091833291,0.191145725,0.175375731,0.213199352,0.114518402,0.209175861,0.338103159,1,0.152458823,0.237821631,0.037711284,0.033709224,0.069856614,0.063430509,0.086919652,0.084813355,0.123246138,0.103219844,0.095193658,0.068109328,0.118988856,0.030145053,0.118560037,0.052129302,0.079841211,0.170715569,0.027231995,0.017754831,0.019177305,0.032692829,0.254431052,0.021190801,0.26330005,0.05312041,0.074996698,0.102115781,0.175287836,0.114107725,0.121721678,0.260376382,0.205836286,0.187381717,0.244657563,0.125632581,0.24101962,0.18263932,0.154127047
Haemophilus_influenzae_NTHi_86_028NP,0.048921846,0.097359894,0.033410468,0.005534452,0.005786658,0.126001493,0.007776164,0.009264974,0.050376357,0.031996626,0.040499082,0.053702034,0.015566832,0.040778619,0.058247841,0.018389972,0.024848371,0.046691652,0.023907046,0.019578694,0.024118161,0.032497409,0.026071871,0.031558095,0.021712558,0.008470303,0.004049225,0.020579211,0.02234442,0.011446486,0.086288941,0.01988831,0.057839013,0.215151541,0.21941053,0.012559427,0.050755217,0.014273035,0.113725892,0.078026831,0.047649995,0.034891343,0.195399865,0.073732746,0.224730532,0.018435932,0.067774188,0.008951635,0.0203027,0.187299927,0.017435618,0.020266444,0.008225755,0.147987054,0.017491175,0.012708536,0.029671108,0.015597533,0.022619433,0.017833213,0.122587731,0.064632504,0.022988147,0.037946387,0.006468708,0.070019179,0.062198983,0.020259534,0.006420838,0.062098043,0.009084153,0.043201097,0.012636391,0.013776918,0.06790603,0.086582079,0.116280621,0.10177409,0.221459429,0.081795619,0.115950871,0.187801991,0.123431218,0.160848165,0.119732919,0.257748545,0.25267347,0.083201247,0.159571273,0.227258046,0.18392365,0.053618297,0.207472352,0.118815661,0.149921945,0.208342863,0.197404074,0.122885118,0.186930654,0.079701154,0.150442324,0.081596875,0.15280249,0.206439435,0.082626179,0.023873324,0.147017754,0.14537909,0.103557469,0.141147955,0.119222167,0.130455798,0.197136493,0.121210816,0.152458823,1,0.112833801,0.01079701,0.07285188,0.03808459,0.015866729,0.052454139,0.045339307,0.040402547,0.042389235,0.047456058,0.018980574,0.036822178,0.02382441,0.103255679,0.040975404,0.027762209,0.121490759,0.023936806,0.034454953,0.034684133,0.050219852,0.13154499,0.020550136,0.182084405,0.015159832,0.021441351,0.034541951,0.079178526,0.031563345,0.204304877,0.222091114,0.165380682,0.309314374,0.095572288,0.167532933,0.112449838,0.0765904,0.051987476
Haemophilus_parasuis_SH0165,0.007450134,0.158954218,0.003770176,0.000835924,0.000652991,0.019372731,0.000887108,0.001506937,0.00945395,0.006498622,0.004570084,0.00605996,0.002009246,0.004657321,0.007662725,0.002609761,0.002803993,0.006238792,0.004978174,0.002364629,0.002721593,0.003667142,0.002942058,0.003561146,0.002614056,0.000955824,0.00049857,0.002322243,0.002521437,0.001574999,0.013001762,0.002425388,0.008922698,0.049665426,0.063859205,0.001708277,0.013536325,0.001610628,0.01764883,0.00936011,0.008016194,0.005174189,0.043335705,0.01039297,0.040002755,0.002503883,0.008528368,0.00101014,0.002291041,0.056005072,0.002977828,0.00228695,0.000994571,0.03404502,0.003094067,0.001434084,0.003348211,0.002037132,0.002564139,0.002012374,0.021727165,0.008035112,0.002773198,0.005127297,0.00087322,0.018435717,0.00876122,0.00228617,0.000936304,0.008214687,0.001106927,0.004874991,0.001425943,0.001554645,0.007767366,0.010668924,0.02774082,0.846319708,0.101451784,0.257484347,0.199224299,0.102952046,0.041982578,0.164978509,0.032572218,0.103148987,0.092255503,0.260025823,0.057976592,0.103110675,0.325876726,0.041682245,0.126330463,0.233195072,0.187395346,0.173672311,0.14688643,0.321137618,0.193956105,0.049055311,0.282519602,0.015718242,0.07426484,0.11750902,0.22847518,0.004856135,0.15962697,0.059202276,0.149768373,0.162617831,0.163704183,0.056927792,0.077897892,0.285681756,0.237821631,0.112833801,1,0.087643681,0.022692584,0.075038223,0.092184539,0.057484005,0.084510531,0.135193865,0.28024995,0.132618266,0.13466428,0.184648318,0.039587622,0.085609449,0.029701497,0.137468787,0.108618908,0.013113375,0.007764186,0.021299948,0.016714348,0.809608605,0.016671002,0.185888604,0.126309543,0.158633069,0.081281664,0.232981175,0.215454566,0.072511358,0.19256436,0.16327489,0.09841106,0.289900875,0.065231025,0.265912107,0.19922957,0.183891184
Helicobacter_pullorum_MIT_98_5489,0.000790627,0.067701664,0.000361942,0.000123602,6.27E-05,0.00185981,8.52E-05,0.000144668,0.000907593,0.000656139,0.000438735,0.000581765,0.000192891,0.00044711,0.000735633,0.000250541,0.000269187,0.000598933,0.000498779,0.000227008,0.000261277,0.000352051,0.000282442,0.000341875,0.000250953,9.18E-05,4.79E-05,0.000222939,0.000242062,0.000166264,0.001362914,0.000258235,0.000885028,0.004767952,0.006565256,0.000163997,0.001344054,0.000154623,0.001734104,0.000898584,0.000787242,0.00049673,0.004712463,0.00099774,0.003840322,0.000240376,0.000818735,9.70E-05,0.000219943,0.005376567,0.000285876,0.00021955,9.55E-05,0.00335716,0.000312775,0.000137674,0.000321433,0.000195568,0.000246161,0.000193191,0.002194322,0.000771382,0.000266231,0.000492228,8.38E-05,0.002245282,0.00084109,0.000219476,8.99E-05,0.000788622,0.000106267,0.000468006,0.000136893,0.000149248,0.000745678,0.001024232,0.002985894,0.098205782,0.011239961,0.093869901,0.045927439,0.012293565,0.004920674,0.027981891,0.003762614,0.011241906,0.011332268,0.100561995,0.006327851,0.011140323,0.057128357,0.015945232,0.016629365,0.055848847,0.040956201,0.020568896,0.020143065,0.059548525,0.028908971,0.007556335,0.039076577,0.001562499,0.010509107,0.015682999,0.09712347,0.000747384,0.035933981,0.013272564,0.071804008,0.036300689,0.038400673,0.009750708,0.00906328,0.063214169,0.037711284,0.01079701,0.087643681,1,0.005063882,0.040204014,0.097811613,0.018752973,0.037905941,0.112911298,0.193169912,0.100182846,0.437434225,0.14539686,0.038030345,0.02277814,0.006072887,0.29197485,0.025281162,0.00267052,0.001659734,0.01678758,0.00266343,0.072313425,0.006504707,0.027765949,0.464413991,0.390875465,0.044105206,0.090405199,0.322950311,0.0069999,0.025012574,0.034330599,0.009447602,0.098432312,0.007662651,0.083628439,0.069622825,0.085956401
Klebsiella_pneumoniae_342,0.013255856,0.025886876,0.03129089,0.009549597,0.012102158,0.072147284,0.016441152,0.027382804,0.018366852,0.013703596,0.024934138,0.042997229,0.00498726,0.041558068,0.034687258,0.010474184,0.045269398,0.021772417,0.010132448,0.037619581,0.039777267,0.027641204,0.03422651,0.021256932,0.007614451,0.009395248,0.00924021,0.028008269,0.021569126,0.014313907,0.038074092,0.030882039,0.10043561,0.067489846,0.063431564,0.00629523,0.01843612,0.029850479,0.050320406,0.041434518,0.031160299,0.013213752,0.065513583,0.032250511,0.057998581,0.008407681,0.042800845,0.018721358,0.027337809,0.04311004,0.007982823,0.037868806,0.014742111,0.058030503,0.026198227,0.023551289,0.04539994,0.020807315,0.023445848,0.028769221,0.048644848,0.068742716,0.044738501,0.017000799,0.01611617,0.034301024,0.041370777,0.04237058,0.017352923,0.0235041,0.020515157,0.038455777,0.026427617,0.028812905,0.020651241,0.054536644,0.074717802,0.022428902,0.045515921,0.027877234,0.036582265,0.053896846,0.03453849,0.042489969,0.026672081,0.060231958,0.057370297,0.026481492,0.058621675,0.06335275,0.020231336,0.016206546,0.056837679,0.053216157,0.097524214,0.052742556,0.051707556,0.035586443,0.047503489,0.0313962,0.042798116,0.078013972,0.047209188,0.057313095,0.048110304,0.010040107,0.040563368,0.164874506,0.055128627,0.029748791,0.02958781,0.04802791,0.049648713,0.044435031,0.033709224,0.07285188,0.022692584,0.005063882,1,0.011437131,0.004194431,0.020178486,0.013229798,0.020746498,0.011600198,0.013187737,0.009051276,0.01156004,0.007701219,0.043569841,0.022792142,0.013081461,0.028621136,0.012920296,0.037223923,0.020970471,0.019055133,0.023319062,0.010113816,0.052237699,0.006393646,0.009026552,0.020827578,0.042842198,0.012783712,0.046978008,0.043341323,0.029658617,0.057964372,0.027009408,0.038790072,0.02928194,0.018844654,0.01834186
Lactobacillus_acidophilus_NCFM,0.017427555,0.151918932,0.008017409,0.002493975,0.001388607,0.035016192,0.001886465,0.003102289,0.013797738,0.009123301,0.009718443,0.012886715,0.004272732,0.007789618,0.013716454,0.004329594,0.005962789,0.01100007,0.006558329,0.005028465,0.005787562,0.007798305,0.006256388,0.007572901,0.00555888,0.002032593,0.001060226,0.004938331,0.005361923,0.00346422,0.0176939,0.005503028,0.00937324,0.056145593,0.073121,0.003291662,0.012458,0.003129753,0.026429081,0.018350816,0.013069763,0.011003092,0.065213838,0.022101011,0.047113833,0.00389274,0.01813587,0.002148097,0.004871978,0.05750109,0.004467697,0.004863278,0.00211499,0.052101072,0.002883603,0.003049629,0.007120086,0.004332031,0.005452731,0.004279382,0.04221689,0.012338458,0.005897301,0.007422392,0.001226143,0.018297586,0.018631039,0.004861619,0.001991082,0.012025452,0.002353918,0.010366837,0.003032317,0.003306006,0.016517573,0.022687837,0.039722296,0.078911949,0.058158529,0.104151523,0.13207039,0.10934405,0.037107255,0.201429619,0.024682487,0.100013257,0.064773356,0.104202254,0.060819019,0.077273876,0.060332344,0.120860704,0.085792069,0.070963446,0.068035489,0.101860335,0.092422762,0.105434944,0.091992107,0.041047992,0.101721459,0.032582955,0.059495336,0.093533343,0.079343356,0.009958366,0.11178976,0.031925737,0.061560546,0.109957813,0.100093184,0.125743813,0.067571781,0.094271974,0.069856614,0.03808459,0.075038223,0.040204014,0.011437131,1,0.030890514,0.089108964,0.057089326,0.084744156,0.113286614,0.071359842,0.0726682,0.061082981,0.026745964,0.119328181,0.016102233,0.087601759,0.137857446,0.008885376,0.022467826,0.1202859,0.012990432,0.071762886,0.01388947,0.085487087,0.047626949,0.060185635,0.05016381,0.088861081,0.086881234,0.035738295,0.079269261,0.076988825,0.075575445,0.089921388,0.042110686,0.092106147,0.093086597,0.094942893
Lactobacillus_casei_casei_BL23,0.001375894,0.106984503,0.000672572,0.000222033,0.000116489,0.003455954,0.000158254,0.000268827,0.001686516,0.001219256,0.00081527,0.001081053,0.000358435,0.000830832,0.001366974,0.000465562,0.000500212,0.001112955,0.000926846,0.000421832,0.000485512,0.000654191,0.000524842,0.000635282,0.000466328,0.000170512,8.89E-05,0.000414271,0.000449806,0.000307576,0.002532607,0.000479859,0.001644584,0.008859949,0.012199753,0.000304744,0.002497561,0.000287324,0.003222363,0.001669775,0.001462876,0.000923038,0.008756839,0.00185403,0.007136199,0.000446674,0.001521399,0.000180202,0.000408705,0.009990896,0.000531223,0.000407975,0.000177424,0.006238374,0.000581208,0.00025583,0.000597296,0.000363409,0.000457424,0.000358993,0.004077554,0.001433405,0.000494718,0.000914672,0.000155776,0.004172249,0.001562938,0.000407836,0.00016703,0.00146544,0.000197468,0.000869663,0.000254378,0.000277337,0.001385641,0.001903258,0.005548477,0.098508679,0.020886427,0.119240745,0.084825096,0.022844267,0.009116275,0.051996777,0.006991801,0.020764967,0.020452144,0.129050456,0.0117586,0.020701277,0.062566342,0.023224208,0.030901177,0.056589462,0.046880365,0.038221731,0.037430438,0.080397383,0.053719506,0.013416404,0.057121921,0.002869252,0.019528333,0.029142612,0.077498439,0.001297991,0.05950095,0.012484799,0.046745381,0.067106664,0.066483992,0.014303627,0.016841655,0.101829348,0.063430509,0.015866729,0.092184539,0.097811613,0.004194431,0.030890514,1,0.021856779,0.075397474,0.070661455,0.163893907,0.151849498,0.132606581,0.275349206,0.035614939,0.031627833,0.007876216,0.12231122,0.04387212,0.004719123,0.002365274,0.01035482,0.004941973,0.082659515,0.005521658,0.051595508,0.174930445,0.177543303,0.025520379,0.072408924,0.181120816,0.013007421,0.046320282,0.049631414,0.017555814,0.120874068,0.013759015,0.101132272,0.093314655,0.102262643
Lactobacillus_delbrueckii_bulgaricus_ATCC_11842,0.040781201,0.089556183,0.019269952,0.006476316,0.003337536,0.043942133,0.004534144,0.00258594,0.016179856,0.011752297,0.023358409,0.030973395,0.00585712,0.010019095,0.028143678,0.004734233,0.014331643,0.013209446,0.008071797,0.012085983,0.013910485,0.018743332,0.015037314,0.01820157,0.008939124,0.004885365,0.002548267,0.011869346,0.012887455,0.008420746,0.019034775,0.013122174,0.014378682,0.084231198,0.098934301,0.003891139,0.021935827,0.008232172,0.066684091,0.015227567,0.038247308,0.023872397,0.08319258,0.026249965,0.072870684,0.005560655,0.024389079,0.00516298,0.011564447,0.079070335,0.005851342,0.011688953,0.005083406,0.063922896,0.005240857,0.007329825,0.017113224,0.010412095,0.005977846,0.010285554,0.053928621,0.041068704,0.014174243,0.010588006,0.00446316,0.029871895,0.044779954,0.011684968,0.001728378,0.016284313,0.002687003,0.024856563,0.007288214,0.007946029,0.03970021,0.033369852,0.06018585,0.058289745,0.105084334,0.10933355,0.164720481,0.123399718,0.053863958,0.123238954,0.039751856,0.115001786,0.094887155,0.108612558,0.141757427,0.11991526,0.051325858,0.044462381,0.152673979,0.094603645,0.069670277,0.147092232,0.149343041,0.112597927,0.140656618,0.076053942,0.119114228,0.021284312,0.112218884,0.143919642,0.076622603,0.011321771,0.159718335,0.045449842,0.055281996,0.113537797,0.119321986,0.103453625,0.106537087,0.118062928,0.086919652,0.052454139,0.057484005,0.018752973,0.020178486,0.089108964,0.021856779,1,0.038674182,0.054220221,0.046503885,0.051398269,0.032908831,0.041926191,0.016191837,0.075702893,0.025980336,0.040141908,0.131767377,0.018851392,0.016567558,0.014538339,0.027025132,0.056704644,0.017004228,0.127089031,0.023114106,0.030146323,0.052248668,0.077957174,0.047201482,0.058929004,0.121580423,0.085456747,0.098048964,0.081279485,0.064528549,0.090214198,0.099896955,0.080477881
Lactobacillus_fermentum_IFO_3956,0.009024489,0.147197552,0.004173205,0.000487457,0.000722795,0.021443666,0.000788814,0.001668028,0.010464573,0.006101191,0.005058624,0.006707767,0.001779821,0.004857072,0.008481866,0.002888743,0.003103739,0.005775535,0.00441682,0.002617406,0.00301253,0.004059158,0.003256562,0.003941831,0.0024952,0.001058001,0.000551867,0.00257049,0.002790977,0.000632584,0.005488587,0.002873182,0.004596142,0.026876676,0.032874634,0.001443341,0.005658537,0.001782804,0.011406302,0.010360701,0.007199762,0.005727307,0.02857988,0.011498945,0.022160303,0.002368843,0.009440046,0.001118123,0.002535952,0.023090201,0.003296156,0.002531423,0.00110089,0.028261611,0.001446952,0.001587387,0.003706133,0.0022549,0.002838244,0.002227495,0.023419916,0.008340041,0.003069651,0.005201935,0.000966566,0.009566163,0.00969779,0.00253056,0.001036394,0.005050646,0.001225257,0.005396125,0.001578375,0.001720835,0.008597693,0.011809426,0.034427453,0.086761462,0.129479378,0.127749839,0.116131388,0.065639151,0.017085519,0.079020148,0.014436672,0.048961438,0.11477444,0.108410669,0.028575243,0.045462262,0.086427575,0.027047011,0.064561804,0.144073808,0.097266403,0.078179949,0.072056181,0.119987489,0.093991437,0.026012839,0.099442654,0.009327355,0.043360053,0.066137597,0.126719622,0.003139761,0.108791445,0.098119353,0.153368713,0.099803227,0.097337706,0.03725004,0.037629573,0.120469426,0.084813355,0.045339307,0.084510531,0.037905941,0.013229798,0.057089326,0.075397474,0.038674182,1,0.096621297,0.100763064,0.28647199,0.081133214,0.13713201,0.527535507,0.220598394,0.062416211,0.149998312,0.079953654,0.008170917,0.005889021,0.017192872,0.010181989,0.091192991,0.058772143,0.108787075,0.052464073,0.072209512,0.039459258,0.131670095,0.083833043,0.077556307,0.179767926,0.103066134,0.108931151,0.181649806,0.083257717,0.208953994,0.099675362,0.090391743
Lactobacillus_gasseri_ATCC_33323,0.006227339,0.180054221,0.002939046,0.000927462,0.00050904,0.015102041,0.000691546,0.001131253,0.007369841,0.005327981,0.003562616,0.004724051,0.001566311,0.003630622,0.005973488,0.002034443,0.002185857,0.004863459,0.003984321,0.00184335,0.002121622,0.002858726,0.002293486,0.002776097,0.002037791,0.000745114,0.000388661,0.001810308,0.00196559,0.001344463,0.007225937,0.001719402,0.005728318,0.038716755,0.052579628,0.00133169,0.010913996,0.001255568,0.014081282,0.007296687,0.006392566,0.004033547,0.038266177,0.008101855,0.031184206,0.001951906,0.006648302,0.000787456,0.001785984,0.040390263,0.00232137,0.001782795,0.000775319,0.027260835,0.002539797,0.001117942,0.002610102,0.001588049,0.001998878,0.001568749,0.017818348,0.006263783,0.00216185,0.003996992,0.00068072,0.018175061,0.006829822,0.001782187,0.000729897,0.006403771,0.000862906,0.003800306,0.001111596,0.001211925,0.006055061,0.008316975,0.022887107,0.145812713,0.057539162,0.215835286,0.179374009,0.076920283,0.025471821,0.125122975,0.019537457,0.057273556,0.081728519,0.223515036,0.048443476,0.081328798,0.105524602,0.04871118,0.111072094,0.118697048,0.145038228,0.127519043,0.129184272,0.187163919,0.160320469,0.035985148,0.159421867,0.010079107,0.066502487,0.100751476,0.182999663,0.005892924,0.154549926,0.049275379,0.122327886,0.112033282,0.143159202,0.044328879,0.06614719,0.189429582,0.123246138,0.040402547,0.135193865,0.112911298,0.020746498,0.084744156,0.070661455,0.054220221,0.096621297,1,0.226323352,0.181459136,0.206443668,0.125169759,0.047085627,0.053567301,0.045491556,0.234854029,0.088541373,0.011952226,0.012427957,0.028547014,0.017572419,0.122017906,0.016557324,0.121311953,0.125884786,0.161501144,0.165534214,0.150730135,0.235980434,0.045664835,0.107130558,0.152536305,0.054745169,0.185634999,0.03159369,0.178117557,0.138001405,0.159686944
Lactobacillus_helveticus_DPC_4571,0.003596401,0.206982117,0.001709319,0.000450881,0.000296052,0.008783192,0.000402196,0.000683214,0.004286224,0.003098699,0.002071981,0.002747459,0.00091095,0.002111532,0.00347412,0.001183211,0.001271272,0.002828538,0.002355549,0.001072073,0.001233914,0.001662606,0.001333868,0.001614549,0.001185158,0.000433351,0.000226041,0.001052857,0.001143167,0.000768705,0.006412009,0.001219546,0.004179656,0.022517267,0.031005269,0.000774497,0.006347468,0.000730225,0.008189529,0.004243678,0.003717851,0.002345869,0.021245731,0.004711955,0.018136414,0.001135208,0.003866584,0.000457976,0.00103871,0.02539153,0.001350085,0.001036855,0.000450918,0.015854622,0.001455131,0.000650184,0.001518009,0.000923593,0.001162527,0.000912368,0.010362968,0.003642952,0.00125731,0.00232461,0.000395899,0.008285981,0.003972154,0.001036502,0.000424501,0.003724367,0.000501857,0.002210219,0.000646493,0.000704843,0.003521561,0.004837067,0.013835028,0.313458311,0.050467315,0.224139471,0.153739587,0.052086758,0.022951612,0.095061477,0.017450902,0.052175435,0.042935096,0.231105658,0.029374743,0.04985424,0.121947929,0.038389171,0.066406363,0.114344352,0.093583239,0.083187925,0.076394106,0.171622545,0.101015615,0.026234738,0.123378875,0.007359739,0.038329182,0.058333085,0.168268886,0.002625923,0.108856857,0.032920508,0.12152884,0.136233055,0.111697567,0.036331504,0.038401507,0.172791487,0.103219844,0.042389235,0.28024995,0.193169912,0.011600198,0.113286614,0.163893907,0.046503885,0.100763064,0.226323352,1,0.214275406,0.301800726,0.265788074,0.060443658,0.065905321,0.016735442,0.325970661,0.08561627,0.008357209,0.005249466,0.032176901,0.00899623,0.249091767,0.014058135,0.119420049,0.246431131,0.263765634,0.081920468,0.165222499,0.362859002,0.033057928,0.11440243,0.123229515,0.04461752,0.240408546,0.03436235,0.215120437,0.182459979,0.235531911
Lactobacillus_hilgardii_ATCC_8290,0.004319792,0.181728403,0.002074434,0.000520444,0.00035929,0.010659304,0.000488106,0.00082915,0.005201772,0.003760589,0.002514561,0.003334324,0.001105532,0.002562561,0.0042162,0.001435948,0.001542819,0.003432721,0.0028587,0.001301071,0.001497481,0.002017743,0.001618785,0.001959421,0.001438311,0.000525915,0.000274324,0.00127775,0.00138735,0.000680626,0.005966994,0.001415318,0.004909238,0.027327012,0.036330285,0.000939932,0.006142094,0.000886203,0.009938833,0.005150139,0.004511993,0.002846953,0.027008986,0.005718441,0.022010398,0.001377692,0.004692496,0.000555801,0.001260581,0.025588811,0.001638466,0.00125833,0.000547235,0.019241209,0.001551562,0.000789065,0.001842259,0.001120875,0.001410846,0.001107252,0.012576525,0.004421096,0.001525874,0.002821152,0.000480465,0.010426866,0.004820617,0.001257901,0.000515175,0.004519902,0.000609056,0.002682327,0.000784585,0.0008554,0.004273776,0.005870277,0.017113337,0.136437926,0.062282073,0.183780328,0.15714196,0.070459272,0.018978758,0.098380037,0.01607639,0.05708686,0.063071545,0.158866614,0.031729614,0.05211796,0.11738673,0.033836675,0.076345219,0.17803229,0.118381812,0.094379172,0.087112933,0.167799408,0.121530817,0.03086444,0.131803025,0.008955299,0.04895111,0.077299209,0.16122165,0.003386354,0.13298022,0.053002295,0.197300245,0.119382241,0.10703445,0.039945049,0.042625316,0.169609539,0.095193658,0.047456058,0.132618266,0.100182846,0.013187737,0.071359842,0.151849498,0.051398269,0.28647199,0.181459136,0.214275406,1,0.162930696,0.294164864,0.159952052,0.094221676,0.027607944,0.283324661,0.091846982,0.009042806,0.006516068,0.021675198,0.011005312,0.133629748,0.019712441,0.141891229,0.136098759,0.184227286,0.044108784,0.171872128,0.160241373,0.037581375,0.132103315,0.135752993,0.054147935,0.288160027,0.041202397,0.280864618,0.135828583,0.127608015
Lactobacillus_johnsonii_NCC_533,0.001355018,0.120816231,0.000658868,0.000225002,0.000114115,0.003385538,0.000155029,0.000263349,0.001652153,0.001194414,0.000798658,0.001059026,0.000351132,0.000813904,0.001339122,0.000456076,0.00049002,0.001090278,0.000907962,0.000413238,0.00047562,0.000640862,0.000514148,0.000622338,0.000456827,0.000167038,8.71E-05,0.00040583,0.000440641,0.000302662,0.002481005,0.000459059,0.001611076,0.008679426,0.011951181,0.000298535,0.002446673,0.00028147,0.003156707,0.001635753,0.00143307,0.00090423,0.008578417,0.001816254,0.006990798,0.000437573,0.0014904,0.00017653,0.000400378,0.009787329,0.000520399,0.000399663,0.000173809,0.006111266,0.000569365,0.000250617,0.000585126,0.000356005,0.000448104,0.000351678,0.003994473,0.001404199,0.000484638,0.000896036,0.000152602,0.004087239,0.001531093,0.000399526,0.000163626,0.001435581,0.000193444,0.000851943,0.000249195,0.000271686,0.001357409,0.001864479,0.005435426,0.152465945,0.020460862,0.170877746,0.083604832,0.022378811,0.008868973,0.050937334,0.006777927,0.020128214,0.020628897,0.172994233,0.011519017,0.020279485,0.086537554,0.027194302,0.03027156,0.095737056,0.069954779,0.037442957,0.036667787,0.106194426,0.052624961,0.013755308,0.071075681,0.002844323,0.01913044,0.028548827,0.172866725,0.001360515,0.065413062,0.023447752,0.120883428,0.059758248,0.066641413,0.016112149,0.016498504,0.115073039,0.068109328,0.018980574,0.13466428,0.437434225,0.009051276,0.0726682,0.132606581,0.032908831,0.081133214,0.206443668,0.301800726,0.162930696,1,0.211223852,0.05549062,0.039688025,0.011054889,0.505110676,0.04590472,0.004861329,0.002809177,0.018226476,0.004848421,0.113525225,0.011045706,0.050544241,0.408756934,0.418887056,0.073329335,0.149876792,0.503223479,0.012742392,0.045532085,0.059848665,0.017198111,0.166545629,0.013815339,0.143165738,0.119785668,0.149899645
Lactobacillus_paracasei_ATCC_25302,0.003053628,0.192048349,0.001430929,0.000442995,0.000247835,0.007352709,0.000336692,0.000571942,0.003588144,0.002594027,0.001734526,0.002299992,0.000762588,0.001767636,0.002908304,0.000990506,0.001064225,0.002367866,0.00197191,0.000897469,0.001032951,0.001391824,0.001116626,0.001351594,0.000992136,0.000362773,0.000189227,0.000881382,0.000956984,0.000622391,0.005360691,0.000998191,0.003498933,0.018849972,0.025955568,0.000648358,0.005313682,0.000611296,0.006855734,0.003552528,0.00311234,0.001963807,0.0186306,0.003944539,0.01518261,0.000950322,0.003236849,0.000383387,0.00086954,0.021256116,0.001130202,0.000867987,0.000377479,0.013272445,0.001236547,0.000544291,0.001270777,0.000773171,0.000973191,0.000763775,0.008675194,0.003049639,0.001052537,0.00194601,0.000331421,0.008876662,0.003325226,0.000867691,0.000355364,0.003117795,0.000420122,0.00185025,0.000541201,0.000590048,0.002948019,0.004049274,0.011804654,0.202010654,0.044436888,0.233925568,0.151963865,0.048602287,0.018265861,0.094063389,0.014764241,0.043677708,0.044801825,0.201540963,0.025016994,0.044042973,0.130202435,0.038898246,0.065743755,0.13000616,0.109057905,0.081318589,0.079635076,0.157912192,0.111665895,0.026905904,0.112823562,0.0061773,0.039954809,0.061039508,0.180445873,0.002559713,0.11495442,0.032581542,0.125979985,0.128200233,0.119417705,0.035618646,0.03583144,0.184597739,0.118988856,0.036822178,0.184648318,0.14539686,0.01156004,0.061082981,0.275349206,0.041926191,0.13713201,0.125169759,0.265788074,0.294164864,0.211223852,1,0.073260143,0.064354117,0.017842085,0.276697904,0.088869747,0.008596398,0.005131397,0.016061568,0.009242724,0.176751111,0.012469813,0.10975949,0.201217397,0.233543313,0.05819025,0.184964314,0.257360095,0.027566734,0.097689915,0.105629378,0.037350847,0.253558318,0.03052229,0.23087173,0.189531866,0.19860761
Lactobacillus_reuteri_SD2112_ATCC_55730,0.008060153,0.05494755,0.004736915,0.000169198,0.000584746,0.022144545,0.000567625,0.001893343,0.011878111,0.004388806,0.005741935,0.007613841,0.001278399,0.003690155,0.009627584,0.00327895,0.003522987,0.004212365,0.003117574,0.002970961,0.003419458,0.004607463,0.003696454,0.004474287,0.001842225,0.001200914,0.000626412,0.002917708,0.003167978,0.000215384,0.001992983,0.003379643,0.002303506,0.014551241,0.016092445,0.001017207,0.002191908,0.002023622,0.006894334,0.011760208,0.005143599,0.006500943,0.016336198,0.008872697,0.012213721,0.00174349,0.009653134,0.001269157,0.002878504,0.009444066,0.003741395,0.002873364,0.001249597,0.019368869,0.000636109,0.001801808,0.004206751,0.002559488,0.002298635,0.002528382,0.017575434,0.006318892,0.003484295,0.003917023,0.001097128,0.003796715,0.011007752,0.002872384,0.001176388,0.003002292,0.001390762,0.006125025,0.00179158,0.001953283,0.009759056,0.013404625,0.036463257,0.04002204,0.147102871,0.051624309,0.041378732,0.03437984,0.006169858,0.026590527,0.006367264,0.024893848,0.085912455,0.051310112,0.012516238,0.01790779,0.037083745,0.013766423,0.024497054,0.076997159,0.045056674,0.029462924,0.024771136,0.040042128,0.031329821,0.009885137,0.030935222,0.005348718,0.01727635,0.027755684,0.068666982,0.001250649,0.035895245,0.07651687,0.104596937,0.038986999,0.028983706,0.016834534,0.015000781,0.043818409,0.030145053,0.02382441,0.039587622,0.038030345,0.007701219,0.026745964,0.035614939,0.016191837,0.527535507,0.047085627,0.060443658,0.159952052,0.05549062,0.073260143,1,0.297156299,0.079379237,0.091720227,0.031679248,0.003238975,0.001967216,0.008507583,0.003669301,0.040004704,0.08434862,0.05139269,0.045693586,0.053598846,0.02644992,0.059633528,0.056333315,0.091611116,0.12732034,0.063236677,0.123645401,0.1198709,0.101759331,0.141283994,0.051016349,0.048777267
Lactobacillus_sakei_sakei_23K,0.025411725,0.12246967,0.015794909,0.002649599,0.002205304,0.066475253,0.002768293,0.00623764,0.036358243,0.018065747,0.019146075,0.025387814,0.006043244,0.015199176,0.028466469,0.010545027,0.01174715,0.019594787,0.013256906,0.00990646,0.011401941,0.015363258,0.012325563,0.014919194,0.008190183,0.004004364,0.002088726,0.00972889,0.010563399,0.004332396,0.028773866,0.011009853,0.015393572,0.093288497,0.11095777,0.005250604,0.020106453,0.006747625,0.040280849,0.031964631,0.019768501,0.02069603,0.101766927,0.033022579,0.078453715,0.007788155,0.030691994,0.004231915,0.009598169,0.084616881,0.012112963,0.009581029,0.004166691,0.083132606,0.005684421,0.006008002,0.014027114,0.008534432,0.008650399,0.008430711,0.05610678,0.025444874,0.011618134,0.015037648,0.003466996,0.032759982,0.035887883,0.009577762,0.003543494,0.019777018,0.004637399,0.020423462,0.005973895,0.006480498,0.032052177,0.04337395,0.078916764,0.087388088,0.261235945,0.097421105,0.119554093,0.149342424,0.059085747,0.12373271,0.043076247,0.139252245,0.193842686,0.107029737,0.087731143,0.129252904,0.09631181,0.043764257,0.131445737,0.149056596,0.115948918,0.140067956,0.125557991,0.108972924,0.124329111,0.068952022,0.121631926,0.0265738,0.094431257,0.133334026,0.112114643,0.016164127,0.12529114,0.144102475,0.178740123,0.117207634,0.121729385,0.097878752,0.098744397,0.106711287,0.118560037,0.103255679,0.085609449,0.02277814,0.043569841,0.119328181,0.031627833,0.075702893,0.220598394,0.053567301,0.065905321,0.094221676,0.039688025,0.064354117,0.297156299,1,0.113036838,0.05307326,0.131769342,0.014037076,0.039270772,0.120997216,0.022602356,0.087559243,0.111792751,0.138732839,0.031477156,0.037951059,0.048381782,0.09802303,0.060350092,0.171595166,0.196427255,0.115479276,0.230722556,0.125953316,0.189546051,0.141436721,0.073275587,0.074261467
Lactobacillus_salivarius_HO66_ATCC_11741,0.016845757,0.034405683,0.017153172,0.001693846,0.001486406,0.038570081,0.001788652,0.023661587,0.038511733,0.012778423,0.014872035,0.021030007,0.003984086,0.00961213,0.03674036,0.041255631,0.015460481,0.011943158,0.009484286,0.016318395,0.027792967,0.019030913,0.010770619,0.017286209,0.005315954,0.01510986,0.007881491,0.015486962,0.017907216,0.002560357,0.013092795,0.030164066,0.01085668,0.046003871,0.048552917,0.003332494,0.017113605,0.016579878,0.024079715,0.027381979,0.014245057,0.017512027,0.047010594,0.020570005,0.041134398,0.005078746,0.019411337,0.005994977,0.024539902,0.043260199,0.022023413,0.007201249,0.015722378,0.043920872,0.004971592,0.014800654,0.010883415,0.022780536,0.005695026,0.0204474,0.034202324,0.015861663,0.013418824,0.010382428,0.01380403,0.027273159,0.027259194,0.023665538,0.014801277,0.013027924,0.017498522,0.035700603,0.016063154,0.004704546,0.121856249,0.028042758,0.049852491,0.028721857,0.173429441,0.04082888,0.047766616,0.053905399,0.028658678,0.045637345,0.024697563,0.04716041,0.080330722,0.0376106,0.043651095,0.054576213,0.037016534,0.022620044,0.054453222,0.034797645,0.041992345,0.057445936,0.056565342,0.053333484,0.054581637,0.031393622,0.051192423,0.01808926,0.04702785,0.056225362,0.029128462,0.008443688,0.048354073,0.047322082,0.029783733,0.035518682,0.038083247,0.03749146,0.047532752,0.043586651,0.052129302,0.040975404,0.029701497,0.006072887,0.022792142,0.016102233,0.007876216,0.025980336,0.062416211,0.045491556,0.016735442,0.027607944,0.011054889,0.017842085,0.079379237,0.113036838,1,0.01615941,0.040725128,0.015919182,0.016447583,0.006449825,0.020851258,0.032957432,0.921901905,0.053467514,0.008209151,0.011458351,0.032568669,0.026702188,0.01774977,0.334597124,0.072874215,0.052801307,0.106609243,0.039221172,0.378394948,0.044629148,0.02435544,0.025838753
Lactobacillus_ultunensis_DSM_16047,0.002170733,0.161105807,0.001021783,0.000319173,0.000176972,0.005250345,0.000240421,0.000408406,0.002562184,0.001852315,0.001238572,0.001642354,0.00054454,0.001262215,0.002076731,0.00070729,0.000759931,0.00169082,0.001408081,0.000640855,0.000737599,0.000993859,0.000797349,0.000965132,0.000708454,0.000259045,0.000135121,0.000629368,0.000683353,0.000417207,0.003653316,0.000668628,0.002498481,0.013460189,0.018534079,0.000462973,0.003794338,0.000436508,0.00489547,0.002536752,0.002222427,0.001402295,0.013303542,0.002816675,0.010841439,0.000678596,0.002311335,0.000273765,0.000620912,0.015178343,0.000807043,0.000619803,0.000269546,0.009477447,0.000882981,0.000388662,0.000907423,0.000552098,0.000694926,0.000545388,0.006194691,0.002177654,0.000751585,0.001389586,0.000236658,0.006338553,0.002374442,0.000619592,0.000253754,0.002226322,0.000299996,0.001321207,0.000386455,0.000421336,0.00210509,0.002891463,0.008429343,0.153660688,0.031731025,0.199080463,0.118029863,0.034325912,0.01149092,0.068620068,0.009869167,0.029322608,0.031991615,0.196821395,0.017863871,0.031449742,0.097026976,0.029932177,0.046945608,0.143536262,0.111807283,0.058067122,0.054842039,0.1242474,0.076532429,0.019882308,0.086968599,0.00437725,0.029667785,0.044273966,0.237327077,0.002109907,0.094137638,0.036926535,0.166998825,0.096196093,0.086066214,0.026657651,0.025586137,0.13931798,0.079841211,0.027762209,0.137468787,0.29197485,0.013081461,0.087601759,0.12231122,0.040141908,0.149998312,0.234854029,0.325970661,0.283324661,0.505110676,0.276697904,0.091720227,0.05307326,0.01615941,1,0.071074847,0.006485189,0.003809249,0.021424197,0.007006389,0.125135384,0.014086665,0.078384797,0.284864373,0.349853142,0.074449616,0.220330653,0.388014467,0.019761101,0.066060615,0.085465701,0.026671099,0.214138254,0.02018722,0.187066328,0.160272813,0.154580293
Lactococcus_lactis_cremoris_MG1363,0.026379769,0.263934172,0.014316677,0.004027378,0.002479634,0.072952989,0.002961182,0.004726785,0.031843614,0.024408136,0.017354211,0.023011791,0.007629811,0.017685481,0.026092365,0.008823469,0.010647744,0.023690878,0.017230692,0.008979323,0.010334843,0.013925424,0.011172024,0.01352292,0.009926485,0.003629599,0.001893244,0.008818372,0.009574779,0.005373908,0.028628952,0.008166662,0.021292527,0.153185667,0.195441369,0.006486927,0.038085871,0.00611612,0.059834102,0.032570621,0.027179738,0.019566855,0.135745885,0.039465747,0.130239246,0.009508122,0.0323852,0.003835854,0.008637375,0.15082155,0.011088747,0.008684348,0.003776734,0.109766973,0.008600893,0.005445719,0.012714329,0.007735702,0.009736934,0.007641688,0.066777377,0.028699136,0.010530803,0.017970341,0.003130341,0.069782758,0.033269422,0.008681387,0.003555473,0.028491302,0.004203389,0.018512048,0.005414804,0.00590353,0.029440028,0.040513641,0.087553594,0.108213953,0.182550826,0.183458013,0.252375714,0.235246786,0.090605057,0.233426063,0.07502843,0.215191796,0.178895593,0.179813365,0.158138737,0.236240898,0.121559141,0.102128035,0.281370798,0.176316507,0.126074849,0.307879292,0.257537902,0.232816218,0.272000457,0.103687138,0.273028315,0.043817214,0.168448966,0.246898953,0.130110695,0.019398358,0.27043396,0.067743581,0.095712568,0.36013877,0.309396697,0.152268077,0.18793707,0.196386564,0.170715569,0.121490759,0.108618908,0.025281162,0.028621136,0.137857446,0.04387212,0.131767377,0.079953654,0.088541373,0.08561627,0.091846982,0.04590472,0.088869747,0.031679248,0.131769342,0.040725128,0.071074847,1,0.026291311,0.030350789,0.038140609,0.053848727,0.112679146,0.021965854,0.283255963,0.035779166,0.047695178,0.087930792,0.136319219,0.075956089,0.114658686,0.246797855,0.207122767,0.191685356,0.168157472,0.114623577,0.177396878,0.144392134,0.119563435
Megamonas_hypermegale_ART12_1,0.008036302,0.01953787,0.017676027,0.006953515,0.016344414,0.025288297,0.028672444,0.035045319,0.011270611,0.008788102,0.016046976,0.012238051,0.003207008,0.009087191,0.035613642,0.007436253,0.030956964,0.011508416,0.006953366,0.014607891,0.017222524,0.008522617,0.012127005,0.016873983,0.005189747,0.034360525,0.01496309,0.023710527,0.012173956,0.002335197,0.013190833,0.003321381,0.010513715,0.033304773,0.033760175,0.056422521,0.015121024,0.008444752,0.027154624,0.010284629,0.014954181,0.009757243,0.029034148,0.020307687,0.031493002,0.0056512,0.014140183,0.02596793,0.009620104,0.038394217,0.107048695,0.022104222,0.005753483,0.026920821,0.004639085,0.005864927,0.017503368,0.016608542,0.053950946,0.013494971,0.030034837,0.024919882,0.015548271,0.007099051,0.001329324,0.019395,0.017349132,0.026723029,0.002260841,0.040949494,0.002360822,0.01818525,0.008916097,0.025757537,0.019225728,0.019526804,0.028440762,0.012728179,0.035715316,0.024414524,0.037841051,0.034728789,0.024543459,0.036159227,0.02252335,0.028422309,0.031742916,0.023722201,0.03245677,0.036602149,0.014884745,0.014784384,0.037650226,0.0196319,0.018251576,0.038285997,0.038557676,0.029490459,0.03886723,0.050711204,0.032365187,0.098767825,0.079724717,0.038216504,0.016236773,0.008874276,0.036019374,0.017308395,0.013395885,0.023774441,0.026802153,0.019250801,0.034164626,0.029236676,0.027231995,0.023936806,0.013113375,0.00267052,0.012920296,0.008885376,0.004719123,0.018851392,0.008170917,0.011952226,0.008357209,0.009042806,0.004861329,0.008596398,0.003238975,0.014037076,0.015919182,0.006485189,0.026291311,1,0.011024148,0.003494911,0.020395468,0.013526553,0.007440769,0.03816048,0.003779454,0.005345538,0.012146586,0.016840985,0.007959862,0.028526144,0.034538994,0.026538204,0.034322102,0.018546412,0.027997434,0.02029681,0.014524024,0.026063044
Methanobrevibacter_smithii_DSM_2375,0.220866713,0.019339485,0.16012644,0.044369171,0.034813818,0.182609084,0.032772041,0.051355502,0.100493346,0.189873564,0.145791747,0.181124464,0.052574838,0.097885369,0.147070372,0.075642355,0.108707718,0.159381535,0.131333221,0.112106314,0.095313343,0.151279169,0.132434321,0.122013379,0.050176048,0.050949031,0.024778818,0.106040332,0.099259518,0.051114929,0.099110375,0.069829524,0.056628279,0.135109647,0.119700466,0.060973143,0.14469491,0.065176203,0.144608498,0.10919733,0.082156659,0.137262218,0.147657883,0.137314165,0.139656576,0.051465324,0.150306913,0.048780911,0.076870841,0.097987258,0.089991802,0.094019342,0.052710151,0.234447265,0.116976774,0.062930643,0.147136055,0.104152493,0.087238774,0.097952617,0.119044041,0.178013387,0.120872252,0.130849946,0.034822065,0.204781908,0.205848633,0.094940078,0.043388257,0.085942983,0.044420632,0.154284748,0.062977054,0.069070973,0.121191821,0.231243423,0.1058242,0.007629896,0.048542994,0.012186845,0.024437738,0.052470678,0.074503377,0.043047601,0.063755516,0.067730346,0.077033977,0.011304721,0.083918189,0.079160485,0.010162729,0.071599072,0.059119138,0.019323498,0.025526202,0.047148434,0.04668507,0.018815476,0.034266267,0.033176988,0.029719491,0.089827794,0.044770391,0.055573997,0.011749608,0.065567759,0.027589752,0.038341793,0.014875733,0.026081523,0.02639671,0.100257843,0.066226818,0.015587683,0.017754831,0.034454953,0.007764186,0.001659734,0.037223923,0.022467826,0.002365274,0.016567558,0.005889021,0.012427957,0.005249466,0.006516068,0.002809177,0.005131397,0.001967216,0.039270772,0.016447583,0.003809249,0.030350789,0.011024148,1,0.050860792,0.110801625,0.008631443,0.004514794,0.033255937,0.001968335,0.002630396,0.034812862,0.014377439,0.00425824,0.041756221,0.02806974,0.018186701,0.064688382,0.008318898,0.033679573,0.009615765,0.010233259,0.008286982
Methanosphaera_stadtmanae_DSM_3091,0.017118289,0.026692504,0.014081284,0.003792157,0.002438864,0.039198865,0.003313271,0.004598473,0.008686341,0.006039049,0.017068875,0.022633434,0.002755792,0.013980402,0.020709474,0.007029448,0.010472675,0.022103872,0.007040991,0.008831686,0.010164919,0.013696463,0.010988335,0.013300577,0.004255229,0.003569921,0.001862115,0.008673381,0.009417352,0.006468477,0.008887196,0.010046561,0.005363033,0.04559934,0.055592692,0.00638027,0.018564781,0.00601556,0.047093915,0.019704271,0.011189141,0.017209345,0.053575896,0.030083402,0.046263416,0.006366908,0.028562423,0.003772785,0.005878123,0.030870938,0.008513073,0.008541561,0.003714637,0.060611633,0.007910944,0.005356181,0.012505281,0.007608513,0.008323446,0.007516044,0.025251517,0.028312054,0.010357657,0.007551657,0.001707928,0.012454462,0.03272241,0.008538649,0.003177859,0.012436098,0.004134277,0.018207675,0.005325774,0.005806465,0.018325353,0.039847521,0.059337359,0.021565254,0.021199445,0.025413912,0.035191639,0.058357842,0.024280126,0.024816846,0.013331255,0.04772058,0.057439756,0.024236543,0.031652276,0.04239243,0.026409,0.009062371,0.037795203,0.040010824,0.027004598,0.044494861,0.048126684,0.027884002,0.033260279,0.019367915,0.032531578,0.011921485,0.020341367,0.029693544,0.037099209,0.01025947,0.031675841,0.10900978,0.072467834,0.030717194,0.035546769,0.042068346,0.039235459,0.027049934,0.019177305,0.034684133,0.021299948,0.01678758,0.020970471,0.1202859,0.01035482,0.014538339,0.017192872,0.028547014,0.032176901,0.021675198,0.018226476,0.016061568,0.008507583,0.120997216,0.006449825,0.021424197,0.038140609,0.003494911,0.050860792,1,0.005083568,0.022383568,0.005373142,0.02299384,0.01872081,0.018434357,0.014349888,0.037946417,0.022809873,0.013123111,0.021088728,0.025479866,0.043380928,0.020282043,0.014859639,0.021579281,0.026293627,0.019811276
Mitsuokella_multacida_DSM_20544,0.081876496,0.032431537,0.065528727,0.042951661,0.02353658,0.083582217,0.013435011,0.031298375,0.036850477,0.036001124,0.055476286,0.063123363,0.031846358,0.034889323,0.049397369,0.062599494,0.030711388,0.038975063,0.026397837,0.066471036,0.038219114,0.048893194,0.045913397,0.034777536,0.038659683,0.030232643,0.017763977,0.046811443,0.027331773,0.047675069,0.038301773,0.074041403,0.040005167,0.093460577,0.095120838,0.027177161,0.145149674,0.032299972,0.076723875,0.10046773,0.050119978,0.048337312,0.088442246,0.064702877,0.085663839,0.033032647,0.059400993,0.024045576,0.058730503,0.074486096,0.049481948,0.060345362,0.035384812,0.107408866,0.064267146,0.042504289,0.05191749,0.042543818,0.028795191,0.043100539,0.075077242,0.10332927,0.045707499,0.035834107,0.028041019,0.213841368,0.08119585,0.046020845,0.032792322,0.040679858,0.025042102,0.087823513,0.049468953,0.04783438,0.054868972,0.088598264,0.09583288,0.015731566,0.086539974,0.026005218,0.05004311,0.080129844,0.09652757,0.058959435,0.085322744,0.075388747,0.087549952,0.025908195,0.08338511,0.093208978,0.01836484,0.028014131,0.083226197,0.027820607,0.030817111,0.070595773,0.088030596,0.035073101,0.074513866,0.044852625,0.043367897,0.062813725,0.085908898,0.097919708,0.022303399,0.064679443,0.063426283,0.032619549,0.021639791,0.03324044,0.041266785,0.043234231,0.077105932,0.034518388,0.032692829,0.050219852,0.016714348,0.00266343,0.019055133,0.012990432,0.004941973,0.027025132,0.010181989,0.017572419,0.00899623,0.011005312,0.004848421,0.009242724,0.003669301,0.022602356,0.020851258,0.007006389,0.053848727,0.020395468,0.110801625,0.005083568,1,0.017595645,0.008172061,0.071447591,0.003769419,0.005331345,0.029859268,0.021945629,0.008075981,0.05534434,0.058313945,0.037989672,0.070091708,0.020777726,0.050606865,0.02296676,0.021900997,0.017073817
Pasteurella_multocida_multocida_Pm70,0.008746819,0.160370833,0.004395035,0.000951477,0.000761215,0.022513304,0.001034134,0.001724851,0.011020823,0.007575919,0.005327518,0.007064322,0.002342253,0.005429214,0.008932725,0.003042296,0.00326872,0.007272793,0.005578086,0.002756536,0.003172663,0.004274925,0.003429667,0.004151361,0.003047302,0.00111424,0.000581201,0.002707126,0.002939333,0.001836993,0.015146872,0.002834485,0.010317524,0.057896843,0.06848664,0.001991403,0.0150603,0.00187757,0.019987124,0.01091143,0.009081138,0.006031745,0.046750183,0.012115473,0.044483155,0.00291887,0.009941837,0.001177557,0.002670752,0.065287206,0.003471365,0.002665983,0.001159408,0.038546631,0.00340438,0.001671765,0.003903134,0.00237476,0.002989113,0.002345899,0.024680153,0.009366831,0.00323282,0.005977082,0.001017945,0.020665954,0.010213282,0.002665073,0.001040017,0.009576167,0.001290386,0.005682959,0.001662275,0.001812307,0.009054708,0.012437163,0.029956769,0.730385501,0.107068315,0.240486099,0.200235968,0.110973399,0.044788932,0.173606694,0.036870648,0.112552312,0.098300362,0.246316117,0.062458416,0.110464198,0.354924952,0.040891179,0.133596969,0.228934302,0.184921672,0.184785191,0.155543824,0.334316984,0.200133692,0.052783825,0.279147275,0.016900425,0.079473418,0.124407872,0.219535995,0.005197787,0.160850853,0.061351331,0.147253626,0.17443802,0.165702977,0.062500084,0.084257363,0.272837809,0.254431052,0.13154499,0.809608605,0.072313425,0.023319062,0.071762886,0.082659515,0.056704644,0.091192991,0.122017906,0.249091767,0.133629748,0.113525225,0.176751111,0.040004704,0.087559243,0.032957432,0.125135384,0.112679146,0.013526553,0.008631443,0.022383568,0.017595645,1,0.017151573,0.188243935,0.110598125,0.135072156,0.076874961,0.227957085,0.185391276,0.082700908,0.199075304,0.167836538,0.11472145,0.282980658,0.06976756,0.26778313,0.20023405,0.17263706
Pediococcus_pentosaceus_ATCC_25745,0.009086393,0.020806814,0.013079556,0.000513228,0.000757355,0.021904605,0.000801534,0.022031991,0.028905939,0.005744085,0.010002488,0.014675025,0.001782062,0.004680259,0.02883145,0.038155691,0.0123915,0.005472301,0.004249895,0.013710959,0.024776273,0.015055626,0.00757124,0.013425977,0.002473738,0.013974507,0.007289277,0.012926594,0.015129376,0.000674277,0.004925623,0.027937713,0.00429556,0.017004595,0.01830948,0.001452829,0.005060838,0.014782865,0.009549689,0.018201264,0.006669328,0.012088417,0.018095757,0.010314447,0.015145963,0.002352382,0.010787164,0.004868647,0.021991467,0.014149841,0.018752851,0.004697897,0.014541001,0.019859251,0.001464504,0.013198919,0.007264098,0.020509448,0.002903982,0.0182079,0.018347527,0.007707188,0.010387907,0.004986166,0.012766798,0.0077417,0.018363893,0.021124382,0.013689111,0.004734004,0.016183686,0.030429171,0.01446844,0.002987672,0.113561808,0.017481527,0.031984685,0.016823388,0.151092212,0.022623843,0.024379315,0.026339673,0.011908329,0.022413409,0.01117856,0.022618116,0.047348672,0.024155604,0.016284998,0.019658784,0.018281588,0.013157672,0.022174047,0.023759634,0.018709136,0.02355395,0.022138389,0.023321079,0.023583012,0.014641548,0.022400027,0.00805633,0.019343327,0.023364537,0.020670629,0.00305726,0.024161516,0.03752766,0.023816909,0.019139815,0.019150948,0.015526913,0.01814885,0.023353211,0.021190801,0.020550136,0.016671002,0.006504707,0.010113816,0.01388947,0.005521658,0.017004228,0.058772143,0.016557324,0.014058135,0.019712441,0.011045706,0.012469813,0.08434862,0.111792751,0.921901905,0.014086665,0.021965854,0.007440769,0.004514794,0.005373142,0.008172061,0.017151573,1,0.028398987,0.00801682,0.009591134,0.017206871,0.018829058,0.017002201,0.307276232,0.047614912,0.02801622,0.077905459,0.028448584,0.369110241,0.032802236,0.018198612,0.019694746
Porphyromonas_gingivalis_ATCC_33277,0.021694037,0.262023458,0.013035472,0.003568276,0.00225773,0.066981677,0.003067196,0.005110915,0.032672264,0.023631052,0.015801175,0.020952455,0.006947016,0.0161028,0.026494054,0.009023311,0.009694873,0.021570771,0.017717811,0.00817576,0.009409973,0.012679231,0.010172235,0.012312748,0.00903816,0.003304784,0.001723817,0.008029212,0.008717928,0.004839632,0.039947705,0.007673931,0.029256736,0.167236726,0.236449915,0.005906409,0.047358799,0.005568786,0.062454335,0.029550115,0.028352777,0.017889881,0.165004662,0.03593394,0.137385468,0.008657236,0.029487034,0.003492582,0.007738053,0.179932574,0.010295909,0.007907182,0.003438752,0.120909256,0.010705035,0.004958379,0.011576518,0.007043431,0.008865571,0.00695783,0.076036862,0.027781591,0.009588397,0.017727753,0.003019177,0.068252427,0.030292127,0.007904486,0.003237292,0.028402474,0.003827226,0.016855396,0.004930231,0.00537522,0.026848225,0.036888058,0.10252875,0.181322834,0.300711784,0.273790623,0.491538269,0.366748529,0.124595383,0.417080474,0.089326472,0.260498153,0.268125978,0.267445422,0.217785866,0.362803878,0.148769001,0.104951032,0.495219007,0.266943526,0.256348715,0.488892066,0.530608877,0.344969983,0.600141791,0.1416233,0.400597747,0.050967344,0.28585651,0.442899131,0.231267046,0.020516449,0.521563547,0.14703552,0.23071401,0.296350123,0.352817048,0.124802431,0.281530106,0.331154821,0.26330005,0.182084405,0.185888604,0.027765949,0.052237699,0.085487087,0.051595508,0.127089031,0.108787075,0.121311953,0.119420049,0.141891229,0.050544241,0.10975949,0.05139269,0.138732839,0.053467514,0.078384797,0.283255963,0.03816048,0.033255937,0.02299384,0.071447591,0.188243935,0.028398987,1,0.039295761,0.055578665,0.117956197,0.20439855,0.084191185,0.166891682,0.453803274,0.333261204,0.25239696,0.246205801,0.174388751,0.266465098,0.206831206,0.159240811
Proteus_mirabilis_HI4320,0.001118936,0.091245941,0.000512239,0.000174928,8.87E-05,0.002632096,0.000120528,0.000204742,0.001284471,0.0009286,0.000620919,0.000823343,0.000272988,0.000632772,0.001041104,0.000354578,0.000380967,0.00084764,0.000705897,0.000321273,0.000369772,0.00049824,0.000399726,0.000483839,0.000355161,0.000129864,6.77E-05,0.000315514,0.000342578,0.000235306,0.001928864,0.000365467,0.001252535,0.006747844,0.009291479,0.000232097,0.001902172,0.00021883,0.002454191,0.001271721,0.001114144,0.000702996,0.006669314,0.001412052,0.005435015,0.000340193,0.001158715,0.000137244,0.000311275,0.007609187,0.000404586,0.000310719,0.000135128,0.004751221,0.000442655,0.000194843,0.000454908,0.000276777,0.000348379,0.000273413,0.003105514,0.001091699,0.000376783,0.000696626,0.000118641,0.003177635,0.001190352,0.000310613,0.000127212,0.001116097,0.000150394,0.000662346,0.000193737,0.000211223,0.001055321,0.001449544,0.004225787,0.141831107,0.015907355,0.123404791,0.064998811,0.017398469,0.006904034,0.039601373,0.00532504,0.015910108,0.016037993,0.129751242,0.008955492,0.015766343,0.082055365,0.020949916,0.023534709,0.073859705,0.056913617,0.029110132,0.028507473,0.082569169,0.040913423,0.010629932,0.054783903,0.002211327,0.014873014,0.022195365,0.122100557,0.001027717,0.046726167,0.017916923,0.087795737,0.048374776,0.053708351,0.013577174,0.012826808,0.089463856,0.05312041,0.015159832,0.126309543,0.464413991,0.006393646,0.047626949,0.174930445,0.023114106,0.052464073,0.125884786,0.246431131,0.136098759,0.408756934,0.201217397,0.045693586,0.031477156,0.008209151,0.284864373,0.035779166,0.003779454,0.001968335,0.01872081,0.003769419,0.110598125,0.00801682,0.039295761,1,0.610614684,0.049793099,0.111062594,0.375637988,0.009906608,0.035399047,0.048586383,0.01337072,0.134132667,0.010775112,0.113689946,0.097948534,0.113048848
Proteus_penneri_ATCC_35198,0.001582587,0.10786777,0.000724494,0.000247413,0.000125482,0.003722752,0.000170471,0.00028958,0.001816714,0.001313382,0.000878208,0.00116451,0.000386106,0.000894972,0.001472504,0.000501504,0.000538828,0.001198875,0.000998398,0.000454398,0.000522994,0.000704695,0.000565359,0.000684326,0.000502329,0.000183676,9.58E-05,0.000446253,0.000484531,0.000332809,0.002728123,0.000483369,0.001771546,0.009543934,0.013141571,0.00032827,0.002690372,0.000309506,0.003471129,0.001798681,0.001575809,0.000994296,0.009432864,0.00199716,0.007687112,0.000481158,0.00163885,0.000194113,0.000440257,0.01076219,0.000572233,0.000439471,0.000191121,0.006719975,0.000626077,0.00027558,0.000643407,0.000391464,0.000492737,0.000386707,0.00439234,0.001544064,0.00053291,0.000985285,0.000167802,0.004494345,0.001683596,0.000439321,0.000179924,0.001578572,0.000212712,0.0009368,0.000274016,0.000298748,0.001492612,0.002050189,0.005976818,0.174300586,0.022498853,0.171956035,0.091932234,0.024607837,0.00925497,0.056010912,0.007129935,0.021165922,0.022558769,0.167243486,0.012666361,0.02229941,0.102364553,0.026004616,0.033286738,0.104343145,0.079646161,0.041172437,0.040320056,0.107189305,0.057866634,0.014966189,0.075360916,0.00312763,0.021035915,0.031392413,0.172171231,0.001441837,0.066484128,0.024523508,0.123118837,0.064080196,0.068127524,0.019494834,0.018141826,0.12653481,0.074996698,0.021441351,0.158633069,0.390875465,0.009026552,0.060185635,0.177543303,0.030146323,0.072209512,0.161501144,0.263765634,0.184227286,0.418887056,0.233543313,0.053598846,0.037951059,0.011458351,0.349853142,0.047695178,0.005345538,0.002630396,0.018434357,0.005331345,0.135072156,0.009591134,0.055578665,0.610614684,1,0.059052464,0.158702856,0.385980215,0.014011589,0.048158935,0.061322887,0.018911117,0.172952847,0.014406402,0.149990244,0.113359733,0.133746742
Pseudomonas_aeruginosa_LESB58,0.017381337,0.106889202,0.008051619,0.002749607,0.001394532,0.04137257,0.001894515,0.002590258,0.016872985,0.011179758,0.009759911,0.012941702,0.004135373,0.009946216,0.01482954,0.004918239,0.005988232,0.013323617,0.007586449,0.005049921,0.005812258,0.00783158,0.006283084,0.007605214,0.005391589,0.002041266,0.00106475,0.004959403,0.005384802,0.003032006,0.013830088,0.004687752,0.012335922,0.09655187,0.110570877,0.003648211,0.018552949,0.003439672,0.032897687,0.017214709,0.016239086,0.011050042,0.084168056,0.022195315,0.074739426,0.005347314,0.018213255,0.002157263,0.004276516,0.065820078,0.006359474,0.004884029,0.002124014,0.074682015,0.006044799,0.003062642,0.007150467,0.004350516,0.005475997,0.004297642,0.031752405,0.017159854,0.005851017,0.009555315,0.001789809,0.043531556,0.018710537,0.004882364,0.001999578,0.017415909,0.002363962,0.010411072,0.003045255,0.003320112,0.01321648,0.022784645,0.046673601,0.084882084,0.065069449,0.146680671,0.123638973,0.096750256,0.043946403,0.097903644,0.030862833,0.076114222,0.082097538,0.143456172,0.07487203,0.133049148,0.072063053,0.045592514,0.122039662,0.134671772,0.09911579,0.123281078,0.134553634,0.136319129,0.140726679,0.033963286,0.191903644,0.025668633,0.082773484,0.130608014,0.138911222,0.010973138,0.131948212,0.052149697,0.094220956,0.146562204,0.192773271,0.085669233,0.089560248,0.136991706,0.102115781,0.034541951,0.081281664,0.044105206,0.020827578,0.05016381,0.025520379,0.052248668,0.039459258,0.165534214,0.081920468,0.044108784,0.073329335,0.05819025,0.02644992,0.048381782,0.032568669,0.074449616,0.087930792,0.012146586,0.034812862,0.014349888,0.029859268,0.076874961,0.017206871,0.117956197,0.049793099,0.059052464,1,0.15787155,0.106418122,0.03990501,0.099353169,0.121517482,0.049509221,0.115221888,0.037058874,0.112620206,0.081456192,0.141162208
Salmonella_enterica_sv_Heidelberg_SL476_CVM30485,0.007987193,0.244425913,0.003853238,0.001193443,0.000667377,0.01979954,0.000906652,0.001540137,0.009662234,0.006883891,0.00467077,0.006193469,0.002053513,0.004759929,0.007831546,0.002667258,0.002865769,0.006376241,0.005270794,0.002416725,0.002781554,0.003747935,0.003006876,0.003639603,0.002671647,0.000976882,0.000509554,0.002373406,0.002576988,0.001719224,0.014339914,0.002626504,0.009422005,0.050759625,0.069893733,0.001745913,0.01386139,0.001646113,0.018461274,0.00861871,0.008380977,0.005288184,0.050168895,0.010621942,0.040884072,0.002559047,0.00871626,0.001032394,0.002341516,0.057238943,0.003043433,0.002337334,0.001016483,0.035740335,0.003329802,0.001465679,0.003421977,0.002082012,0.002620631,0.002056709,0.023360756,0.008212137,0.002834295,0.005240259,0.000892458,0.022971373,0.008954242,0.002336537,0.000956932,0.008395668,0.001131314,0.004982394,0.001457358,0.001588896,0.007938492,0.010903975,0.031009499,0.244875469,0.091895658,0.317599944,0.261469827,0.12233203,0.048065826,0.201220927,0.033526227,0.104298558,0.107874875,0.312689534,0.067366319,0.116801047,0.170116304,0.050104839,0.15892278,0.520718485,0.39474416,0.190274124,0.178061335,0.344025581,0.232516489,0.058726443,0.341093378,0.013664263,0.095171,0.14498386,0.54815194,0.007202891,0.245561243,0.133208333,0.371433935,0.21671142,0.219535189,0.087140755,0.091687386,0.348010138,0.175287836,0.079178526,0.232981175,0.090405199,0.042842198,0.088861081,0.072408924,0.077957174,0.131670095,0.150730135,0.165222499,0.171872128,0.149876792,0.184964314,0.059633528,0.09802303,0.026702188,0.220330653,0.136319219,0.016840985,0.014377439,0.037946417,0.021945629,0.227957085,0.018829058,0.20439855,0.111062594,0.158702856,0.15787155,1,0.189579838,0.057348817,0.169467411,0.153584371,0.082078679,0.26601008,0.05552522,0.233748433,0.177953494,0.186510581
Staphylococcus_saprophyticus_saprophyticus_ATCC_15305,0.00222661,0.178562221,0.001097472,0.000374784,0.000190081,0.005639267,0.000258231,0.000438659,0.002751979,0.001989526,0.00133032,0.001764012,0.000584878,0.001355714,0.002230566,0.000759683,0.000816223,0.001816069,0.001512385,0.000688327,0.000792237,0.00106748,0.000856413,0.001036625,0.000760933,0.000278234,0.00014513,0.000675989,0.000733973,0.000504142,0.004132592,0.000783012,0.002683557,0.014457259,0.019906999,0.000497268,0.004075405,0.000468843,0.005258105,0.002724663,0.002387054,0.00150617,0.014289008,0.003025321,0.011644523,0.000728863,0.002482548,0.000294045,0.000666906,0.016302686,0.000866825,0.000665715,0.000289513,0.010179494,0.000948388,0.000417452,0.000974641,0.000592995,0.000746403,0.000585788,0.006653566,0.002338965,0.000807258,0.001492521,0.000254188,0.006808084,0.00255033,0.000665488,0.000272551,0.002391238,0.000322219,0.001419076,0.000415082,0.000452546,0.002261026,0.003105649,0.00905375,0.229829371,0.034081514,0.266923151,0.136933206,0.037276228,0.014920338,0.084845959,0.011408901,0.034087414,0.034361408,0.290114316,0.019187145,0.033779396,0.144900714,0.039622448,0.050423125,0.129055922,0.096931229,0.062368469,0.061077274,0.176626921,0.087657027,0.022836312,0.118486976,0.004737769,0.03186544,0.04755358,0.218504153,0.0022662,0.108228925,0.033128494,0.142789367,0.100437387,0.107465659,0.023757945,0.027481441,0.186161235,0.114107725,0.031563345,0.215454566,0.322950311,0.012783712,0.086881234,0.181120816,0.047201482,0.083833043,0.235980434,0.362859002,0.160241373,0.503223479,0.257360095,0.056333315,0.060350092,0.01774977,0.388014467,0.075956089,0.007959862,0.00425824,0.022809873,0.008075981,0.185391276,0.017002201,0.084191185,0.375637988,0.385980215,0.106418122,0.189579838,1,0.021224913,0.075842473,0.097081023,0.028646773,0.249228189,0.023069168,0.218654459,0.178046624,0.237590758
Streptococcus_gordonii_Challis_CH1,0.053630606,0.078822613,0.039754316,0.006366103,0.005350001,0.139516236,0.006558059,0.018992336,0.080217814,0.043063791,0.041961154,0.05707601,0.014039742,0.033724659,0.080848788,0.03487945,0.032019592,0.044932147,0.028815835,0.02892171,0.037325798,0.041127797,0.028253924,0.03793667,0.01846513,0.013108827,0.006700658,0.029505248,0.033190969,0.010017569,0.065944208,0.033948936,0.053226611,0.217662753,0.228975436,0.012514775,0.059735931,0.022089264,0.10334434,0.072543392,0.052020674,0.04717981,0.204246897,0.075703869,0.198642143,0.019297085,0.069053912,0.012018778,0.03134126,0.191107274,0.038216225,0.020745036,0.013516965,0.180646318,0.016111296,0.01966801,0.030724879,0.027938621,0.020794815,0.027599074,0.138547969,0.060028878,0.027877453,0.032495583,0.01075425,0.103189065,0.079121896,0.0313541,0.012576915,0.05465086,0.0147177,0.06596036,0.019556356,0.013908841,0.106526983,0.090469536,0.143403563,0.065638346,0.427782788,0.062859625,0.115082093,0.182864862,0.123492287,0.138799031,0.083971276,0.223708011,0.223961531,0.064267382,0.194896051,0.244135836,0.094890351,0.07565852,0.220999733,0.086326399,0.088684165,0.217636287,0.206858157,0.106349349,0.181380405,0.105036004,0.134184451,0.072972143,0.168053909,0.220386059,0.056869717,0.024688571,0.1406677,0.121755609,0.066214824,0.125833015,0.116743923,0.120993631,0.217868175,0.08686511,0.121721678,0.204304877,0.072511358,0.0069999,0.046978008,0.035738295,0.013007421,0.058929004,0.077556307,0.045664835,0.033057928,0.037581375,0.012742392,0.027566734,0.091611116,0.171595166,0.334597124,0.019761101,0.114658686,0.028526144,0.041756221,0.013123111,0.05534434,0.082700908,0.307276232,0.166891682,0.009906608,0.014011589,0.03990501,0.057348817,0.021224913,1,0.260285452,0.16682461,0.416658177,0.069184749,0.717149601,0.083558071,0.063470405,0.047289692
Streptococcus_infantarius_infantarius_ATCC_BAA_102,0.025656605,0.239683101,0.014470412,0.003460081,0.00250626,0.074354997,0.003404831,0.005783816,0.034402057,0.02589029,0.017540562,0.023258894,0.007694979,0.01787539,0.02941051,0.010016594,0.010762081,0.023945273,0.018860179,0.009075744,0.01044582,0.014074957,0.011291991,0.01366813,0.010033077,0.003668574,0.001913574,0.008913065,0.009677595,0.005524853,0.044633585,0.009776679,0.032137673,0.174949498,0.234594123,0.006556585,0.044995142,0.006181796,0.065715689,0.034721657,0.031373443,0.019859193,0.172126549,0.039889535,0.14172559,0.009610221,0.032732956,0.003877044,0.008793305,0.171671904,0.011429279,0.008777602,0.003817289,0.132470086,0.010342253,0.005504195,0.012850857,0.007818769,0.00984149,0.007723745,0.087728754,0.030839779,0.010557132,0.018740202,0.003351527,0.065224822,0.033626673,0.008774609,0.003593652,0.029775939,0.004248525,0.018710832,0.005472949,0.005966923,0.029812133,0.040948682,0.108850541,0.18702887,0.375201176,0.22272047,0.344081176,0.307521465,0.141153131,0.378328176,0.103190262,0.327041323,0.349462366,0.229996852,0.208479778,0.345002716,0.161743591,0.095326393,0.391120633,0.242564562,0.194681819,0.425769951,0.447710077,0.31101191,0.466623219,0.116493895,0.343734125,0.053747856,0.272399696,0.412660641,0.181872693,0.019713774,0.395999253,0.162831042,0.219727309,0.327304152,0.298833896,0.157373713,0.258682908,0.261894038,0.260376382,0.222091114,0.19256436,0.025012574,0.043341323,0.079269261,0.046320282,0.121580423,0.179767926,0.107130558,0.11440243,0.132103315,0.045532085,0.097689915,0.12732034,0.196427255,0.072874215,0.066060615,0.246797855,0.034538994,0.02806974,0.021088728,0.058313945,0.199075304,0.047614912,0.453803274,0.035399047,0.048158935,0.099353169,0.169467411,0.075842473,0.260285452,1,0.398452164,0.36697208,0.242763973,0.25960454,0.298576057,0.191740985,0.146138266
Streptococcus_mutans_UA159,0.020349249,0.223394596,0.010542847,0.002558002,0.00182601,0.054173533,0.002480691,0.004213971,0.023225146,0.017482483,0.012779696,0.016945956,0.005227053,0.013023644,0.021427897,0.006948739,0.007841032,0.017197785,0.012595739,0.006612402,0.007610611,0.010254726,0.008227114,0.009958321,0.007258874,0.002672848,0.001394191,0.006493877,0.007050898,0.00430323,0.029467082,0.00729916,0.020536789,0.120762373,0.151947601,0.004488592,0.027246139,0.00450393,0.050060239,0.025586639,0.021532819,0.014469003,0.110318326,0.029062701,0.095228359,0.006174319,0.023848564,0.002824735,0.00640361,0.135876533,0.007266933,0.006395182,0.002781199,0.080461861,0.006514157,0.004010244,0.009362872,0.005696596,0.006676779,0.005627363,0.051749982,0.022469233,0.007754917,0.012441259,0.002395609,0.05368026,0.024499708,0.006393001,0.002618261,0.022971392,0.002909993,0.013632331,0.003777005,0.004347378,0.021720512,0.029834374,0.057519465,0.1610538,0.210503391,0.221779733,0.279124734,0.200485578,0.088446342,0.262785658,0.061156651,0.219408925,0.230171432,0.251315966,0.136337126,0.190694574,0.154604217,0.070989666,0.262329356,0.201679106,0.149852126,0.276857068,0.276866955,0.282181905,0.320534226,0.116358335,0.269036152,0.041423915,0.168491782,0.257164147,0.170555758,0.016115592,0.29911056,0.085599223,0.179403969,0.289088457,0.255570281,0.103616384,0.164259002,0.237971029,0.205836286,0.165380682,0.16327489,0.034330599,0.029658617,0.076988825,0.049631414,0.085456747,0.103066134,0.152536305,0.123229515,0.135752993,0.059848665,0.105629378,0.063236677,0.115479276,0.052801307,0.085465701,0.207122767,0.026538204,0.018186701,0.025479866,0.037989672,0.167836538,0.02801622,0.333261204,0.048586383,0.061322887,0.121517482,0.153584371,0.097081023,0.16682461,0.398452164,1,0.193565073,0.3087598,0.158131578,0.345993598,0.150085048,0.148034088
Streptococcus_pneumoniae_Hungary19A_6,0.057348733,0.126115543,0.038310487,0.008032879,0.006227244,0.186843285,0.008159106,0.014240118,0.082810961,0.055678864,0.046438726,0.061578038,0.017316217,0.043698387,0.073007945,0.026123229,0.028425115,0.057856954,0.03666957,0.024028078,0.027655359,0.037263517,0.029895602,0.035748037,0.023726987,0.009712567,0.00499337,0.023597383,0.02562148,0.01278916,0.094969041,0.025030178,0.06727943,0.366946997,0.422431588,0.015761055,0.087916576,0.016366335,0.146606646,0.083168457,0.066541884,0.052577312,0.335466782,0.098080979,0.308514165,0.02316093,0.083116196,0.010264493,0.02256407,0.311521538,0.029450143,0.023238745,0.010106292,0.28103238,0.021864754,0.014572385,0.034022707,0.020643525,0.024428076,0.020448653,0.197910108,0.073569744,0.027863491,0.043704731,0.008435589,0.114552338,0.089026784,0.023230821,0.009406547,0.072193247,0.011247992,0.049537021,0.014489659,0.015797457,0.07768993,0.108411839,0.20259469,0.088971092,0.470628244,0.09545088,0.176566617,0.307463815,0.193327615,0.221829721,0.121868571,0.391268702,0.367033956,0.09154384,0.317128004,0.445737879,0.119889709,0.103814383,0.384773822,0.130641947,0.128364492,0.366990303,0.337063483,0.145652518,0.273539523,0.144839131,0.197946679,0.093209904,0.276175667,0.391580273,0.083595223,0.036087279,0.217511466,0.154662606,0.093961006,0.181801659,0.188499707,0.179171985,0.363699887,0.140099443,0.187381717,0.309314374,0.09841106,0.009447602,0.057964372,0.075575445,0.017555814,0.098048964,0.108931151,0.054745169,0.04461752,0.054147935,0.017198111,0.037350847,0.123645401,0.230722556,0.106609243,0.026671099,0.191685356,0.034322102,0.064688382,0.043380928,0.070091708,0.11472145,0.077905459,0.25239696,0.01337072,0.018911117,0.049509221,0.082078679,0.028646773,0.416658177,0.36697208,0.193565073,1,0.095474036,0.368327871,0.112776392,0.097855827,0.072542486
Streptococcus_pyogenes_M4_MGAS10750,0.007506007,0.313659077,0.003657657,0.001047149,0.000633502,0.018794562,0.000860632,0.001461964,0.009171802,0.006630698,0.004433693,0.005879104,0.001949281,0.004518326,0.007434035,0.002531874,0.002720309,0.006052598,0.005040481,0.002294058,0.002640369,0.003557698,0.002854254,0.003454866,0.002536041,0.000927298,0.00048369,0.002252937,0.002446186,0.001415742,0.011946581,0.002521243,0.008943766,0.048183188,0.066346094,0.001657295,0.012278268,0.00156256,0.017524224,0.009080763,0.007955579,0.005019768,0.047622442,0.010082797,0.038808895,0.002429156,0.008273843,0.000979993,0.002222666,0.050088164,0.002888956,0.002218697,0.000964888,0.033926241,0.002980814,0.001391284,0.003248285,0.001976334,0.002487614,0.001952315,0.02217502,0.007795309,0.002690433,0.004974276,0.000847159,0.020363742,0.008499746,0.00221794,0.00090836,0.007969524,0.001073891,0.004729499,0.001383386,0.001508247,0.007535553,0.010350516,0.030174361,0.297116908,0.113586956,0.422292997,0.306690172,0.123860063,0.041448197,0.205980771,0.032959127,0.106694167,0.113085901,0.422307503,0.060596673,0.102690522,0.227714405,0.063901971,0.147647602,0.301213475,0.176100312,0.185441904,0.177512889,0.322048576,0.233208772,0.058649248,0.24296558,0.015776859,0.096515284,0.148775012,0.306116963,0.00624666,0.237670524,0.082018611,0.283200128,0.228785703,0.216604908,0.069689928,0.083825939,0.353158227,0.244657563,0.095572288,0.289900875,0.098432312,0.027009408,0.089921388,0.120874068,0.081279485,0.181649806,0.185634999,0.240408546,0.288160027,0.166545629,0.253558318,0.1198709,0.125953316,0.039221172,0.214138254,0.168157472,0.018546412,0.008318898,0.020282043,0.020777726,0.282980658,0.028448584,0.246205801,0.134132667,0.172952847,0.115221888,0.26601008,0.249228189,0.069184749,0.242763973,0.3087598,0.095474036,1,0.078142562,0.667677735,0.277237692,0.239388664
Streptococcus_sanguinis_SK36,0.039635117,0.088721873,0.032263883,0.005403448,0.004053855,0.108295274,0.005000302,0.018357133,0.064037151,0.031573749,0.032954233,0.045143281,0.009852696,0.025603436,0.065436265,0.0322226,0.026732594,0.034133676,0.021818905,0.024951074,0.033603385,0.033819112,0.022428093,0.031588526,0.013719102,0.011801515,0.006155817,0.024859737,0.028137161,0.008230163,0.060960705,0.031631058,0.043356634,0.167116492,0.197236077,0.009493107,0.05079257,0.019886354,0.076791807,0.059591326,0.038364268,0.038033183,0.165356369,0.057578318,0.148052738,0.01487461,0.052547494,0.010006432,0.028222738,0.155163129,0.034200673,0.01621909,0.012279921,0.131579279,0.012707527,0.017706566,0.024110798,0.025152369,0.015739445,0.024846684,0.119143502,0.046884438,0.023187111,0.025214712,0.010310847,0.080395873,0.061327934,0.028227231,0.011560497,0.040468345,0.013434927,0.056099646,0.017606048,0.010827876,0.095903302,0.069836788,0.121579428,0.062512823,0.443570355,0.072500073,0.125075514,0.183589726,0.115602673,0.139475416,0.07932575,0.201792848,0.21864906,0.070676813,0.164750917,0.216632317,0.080225018,0.053575076,0.215254476,0.080919567,0.079578552,0.213315487,0.200849719,0.104290435,0.178674004,0.099499886,0.130885593,0.056382332,0.163117633,0.216621525,0.060411192,0.02466387,0.15166748,0.097316057,0.06832732,0.131314042,0.120267918,0.113029146,0.196208862,0.091198867,0.125632581,0.167532933,0.065231025,0.007662651,0.038790072,0.042110686,0.013759015,0.064528549,0.083257717,0.03159369,0.03436235,0.041202397,0.013815339,0.03052229,0.101759331,0.189546051,0.378394948,0.02018722,0.114623577,0.027997434,0.033679573,0.014859639,0.050606865,0.06976756,0.369110241,0.174388751,0.010775112,0.014406402,0.037058874,0.05552522,0.023069168,0.717149601,0.25960454,0.158131578,0.368327871,0.078142562,1,0.092665416,0.067165539,0.051898778
Streptococcus_suis_05ZYH33,0.008822234,0.290386297,0.004320518,0.001166601,0.000748309,0.022200622,0.001016601,0.001726909,0.010833969,0.007832351,0.005237192,0.006944549,0.002302541,0.005337163,0.008781274,0.002990715,0.0032133,0.007149485,0.00584867,0.0027098,0.003118872,0.004202445,0.003371518,0.004080976,0.002995637,0.001095348,0.000571347,0.002661228,0.002889498,0.001675238,0.013976829,0.003036824,0.010102142,0.056915224,0.074668709,0.001957639,0.014015646,0.001845736,0.020700065,0.010726431,0.009397335,0.00592948,0.056252856,0.01191006,0.045842067,0.002869382,0.009773277,0.001157592,0.00262547,0.056897438,0.003412509,0.002620782,0.001139751,0.040074551,0.003387328,0.001643421,0.003836958,0.002334497,0.002938433,0.002306125,0.026193705,0.009208019,0.003178009,0.005782456,0.001000686,0.023561382,0.01004012,0.002619888,0.001072978,0.009413807,0.001268508,0.005586607,0.001634091,0.00178158,0.008901189,0.012226296,0.035642734,0.270640839,0.134171841,0.375870017,0.317454371,0.141286652,0.048947261,0.243558976,0.03878247,0.122699193,0.133180573,0.438628725,0.068578757,0.115453129,0.212338921,0.063326011,0.160760832,0.295439022,0.174612622,0.20092498,0.19314065,0.348280084,0.259073465,0.060268673,0.263392621,0.018403539,0.10843384,0.167118401,0.31682151,0.006804329,0.25921377,0.093888899,0.292444373,0.266174418,0.218881373,0.074204302,0.092604887,0.322400804,0.24101962,0.112449838,0.265912107,0.083628439,0.02928194,0.092106147,0.101132272,0.090214198,0.208953994,0.178117557,0.215120437,0.280864618,0.143165738,0.23087173,0.141283994,0.141436721,0.044629148,0.187066328,0.177396878,0.02029681,0.009615765,0.021579281,0.02296676,0.26778313,0.032802236,0.266465098,0.113689946,0.149990244,0.112620206,0.233748433,0.218654459,0.083558071,0.298576057,0.345993598,0.112776392,0.667677735,0.092665416,1,0.240440618,0.227610647
Thermoanaerobacter_sp_X514,0.009164373,0.310054601,0.004850403,0.00158416,0.000840085,0.02492339,0.001141281,0.001938704,0.012162688,0.008086857,0.005879501,0.007796255,0.002584934,0.005991734,0.009858243,0.003357508,0.003607391,0.008026325,0.006000424,0.00304214,0.003501382,0.004457853,0.003785014,0.004581483,0.003363033,0.001229686,0.00064142,0.002987611,0.003243877,0.001461792,0.013321034,0.003084639,0.01006313,0.063895524,0.087981278,0.002197731,0.016852579,0.002072104,0.0232388,0.012041961,0.01054986,0.006656693,0.063151921,0.013370755,0.051464312,0.003221294,0.010971909,0.001299564,0.002947468,0.072051601,0.003831032,0.002942204,0.001279535,0.044989446,0.003625338,0.001844976,0.004307537,0.002620809,0.003298814,0.002588957,0.029406201,0.010337326,0.003567772,0.0062038,0.001123414,0.022209388,0.011271478,0.002941201,0.001204573,0.010568352,0.001424083,0.006271769,0.001834503,0.00200008,0.009992865,0.013725776,0.040014094,0.195563269,0.110465749,0.271476604,0.257626807,0.157283618,0.042226287,0.164136209,0.03123351,0.11851429,0.08836949,0.214923675,0.084799803,0.126809799,0.124208353,0.075980912,0.179405265,0.191860507,0.134635111,0.215630941,0.210441332,0.191511345,0.235745123,0.084726165,0.169785061,0.017209596,0.107900577,0.162638255,0.1868816,0.005875579,0.186525211,0.060335958,0.156847696,0.166976148,0.205733098,0.081408008,0.103560667,0.251477981,0.18263932,0.0765904,0.19922957,0.069622825,0.018844654,0.093086597,0.093314655,0.099896955,0.099675362,0.138001405,0.182459979,0.135828583,0.119785668,0.189531866,0.051016349,0.073275587,0.02435544,0.160272813,0.144392134,0.014524024,0.010233259,0.026293627,0.021900997,0.20023405,0.018198612,0.206831206,0.097948534,0.113359733,0.081456192,0.177953494,0.178046624,0.063470405,0.191740985,0.150085048,0.097855827,0.277237692,0.067165539,0.240440618,1,0.176432974
Tropheryma_whipplei_Twist,0.005479818,0.215451373,0.004210765,0.001354423,0.0007293,0.021636665,0.000990777,0.001683041,0.007691198,0.005621322,0.005104153,0.006768138,0.00189261,0.005201585,0.008558206,0.002914743,0.003131673,0.006967869,0.0042208,0.002640964,0.003039644,0.004095691,0.003285872,0.003977309,0.002919539,0.001067523,0.000556834,0.002593625,0.002816097,0.001212886,0.009029956,0.001709454,0.006788623,0.051662624,0.059783108,0.00190791,0.01165534,0.00179885,0.020174227,0.00671362,0.009158617,0.005778854,0.039946097,0.011607512,0.043853893,0.002796492,0.009525009,0.001128186,0.002558776,0.062549931,0.003325822,0.002554207,0.001110798,0.032252839,0.002667882,0.001601674,0.003739489,0.002275195,0.002863789,0.002247543,0.025528314,0.008974111,0.003097279,0.004427033,0.000702197,0.016786021,0.009785073,0.002553336,0.001045722,0.00917467,0.001236284,0.005444691,0.001592581,0.001736323,0.008675075,0.011915715,0.03473731,0.189449453,0.078948251,0.272533146,0.213721018,0.084660398,0.030421985,0.136044256,0.022741082,0.062833787,0.064510665,0.261732728,0.054605304,0.090757573,0.132432455,0.055726984,0.120992188,0.136233599,0.10960561,0.14512255,0.141888271,0.230614934,0.179418008,0.07962344,0.18445944,0.018099989,0.109761623,0.113137776,0.171846536,0.004746118,0.166733755,0.044983025,0.119819033,0.173355124,0.163672042,0.053742076,0.070767201,0.236714438,0.154127047,0.051987476,0.183891184,0.085956401,0.01834186,0.094942893,0.102262643,0.080477881,0.090391743,0.159686944,0.235531911,0.127608015,0.149899645,0.19860761,0.048777267,0.074261467,0.025838753,0.154580293,0.119563435,0.026063044,0.008286982,0.019811276,0.017073817,0.17263706,0.019694746,0.159240811,0.113048848,0.133746742,0.141162208,0.186510581,0.237590758,0.047289692,0.146138266,0.148034088,0.072542486,0.239388664,0.051898778,0.227610647,0.176432974,1
