,,,,,,,,,,,,,,,,,,,,,,,,,,,,,,,,,,,,,,,,,,,,,,,,,,,,,,,,,,,,,,,,,,,,,,,,,,,,,,,,,,,,,,,,,,,,,,,,,,,,,,,,,,,,,,,,,,,,,,,,,,,,,,,,,,,,,,,,,,,,,,,,,,,,,,,,,,
Jaccard Similarity,Escherichia_coli_O157_H7_EC4115,Leuconostoc_mesenteroides_mesenteroides_ATCC_8293,Coprococcus_comes_ATCC_27758,Akkermansia_muciniphila_ATCC_BAA_835,Alistipes_putredinis_DSM_17216,Anaerotruncus_colihominis_DSM_17241,Bacteroides_caccae_ATCC_43185,Bacteroides_cellulosilyticus_DSM_14838,Bacteroides_coprocola_M16_DSM_17136,Bacteroides_coprophilus_DSM_18228,Bacteroides_dorei_5_1_36_D4,Bacteroides_dorei_DSM_17855,Bacteroides_eggerthii_DSM_20697,Bacteroides_finegoldii_DSM_17565,Bacteroides_fragilis_3_1_12,Bacteroides_intestinalis_341_DSM_17393,Bacteroides_ovatus_ATCC_8483,Bacteroides_pectinophilus_ATCC_43243,Bacteroides_plebeius_M12_DSM_17135,Bacteroides_sp_2_1_7,Bacteroides_sp_2_2_4,Bacteroides_sp_4_3_47FAA,Bacteroides_sp_9_1_42FAA,Bacteroides_sp_D1,Bacteroides_stercoris_ATCC_43183,Bacteroides_thetaiotaomicron_VPI_5482,Bacteroides_uniformis_ATCC_8492,Bacteroides_vulgatus_ATCC_8482,Bacteroides_xylanisolvens_XB1A,Bifidobacterium_adolescentis_L2_32,Bifidobacterium_catenulatum_DSM_16992,Bifidobacterium_longum_longum_CCUG_52486,Bifidobacterium_pseudocatenulatum_DSM_20438,Blautia_hansenii_VPI_C7_24_DSM_20583,Bryantella_formatexigens_I_52_DSM_14469,Butyrivibrio_crossotus_DSM_2876,Catenibacterium_mitsuokai_DSM_15897,Clostridiales_sp_SS3_4,Clostridium_asparagiforme_DSM_15981,Clostridium_bartlettii_DSM_16795,Clostridium_bolteae_ATCC_BAA_613,Clostridium_leptum_DSM_753,Clostridium_methylpentosum_R2_DSM_5476,Clostridium_nexile_DSM_1787,Clostridium_scindens_ATCC_35704,Clostridium_sp_L2_50,Clostridium_sp_M62_1,Clostridium_sp_SS2_1,Collinsella_aerofaciens_ATCC_25986,Coprobacillus_sp_D7,Coprococcus_eutactus_ATCC_27759,Dorea_formicigenerans_ATCC_27755,Dorea_longicatena_DSM_13814,Enterococcus_faecalis_TX0104,Eubacterium_biforme_DSM_3989,Eubacterium_hallii_DSM_3353,Eubacterium_rectale_M104_1,Eubacterium_siraeum_70_3,Eubacterium_ventriosum_ATCC_27560,Faecalibacterium_prausnitzii_SL3_3,Gordonibacter_pamelaeae_7_10_1_bT_DSM_19378,Holdemania_filiformis_VPI_J1_31B_1_DSM_12042,Parabacteroides_distasonis_ATCC_8503,Parabacteroides_johnsonii_DSM_18315,Parabacteroides_merdae_ATCC_43184,Prevotella_copri_CB7_DSM_18205,Pseudoflavonifractor_capillosus_ATCC_29799,Roseburia_intestinalis_M50_1,Ruminococcus_bromii_L2_63,Ruminococcus_gnavus_ATCC_29149,Ruminococcus_lactaris_ATCC_29176,Ruminococcus_obeum_A2_162,Ruminococcus_sp_SR1_5,Ruminococcus_torques_L2_14,Streptococcus_thermophilus_LMD_9,Subdoligranulum_variabile_DSM_15176,Clostridium_symbiosum_WAL_14163,Actinobacillus_pleuropneumoniae_sv_7_AP76,Actinomyces_odontolyticus_ATCC_17982,Anaerococcus_hydrogenalis_DSM_7454,Anaerofustis_stercorihominis_DSM_17244,Anaerostipes_caccae_DSM_14662,Bifidobacterium_angulatum_DSM_20098,Bifidobacterium_animalis_lactis_AD011,Bifidobacterium_bifidum_NCIMB_41171,Bifidobacterium_breve_DSM_20213,Bifidobacterium_dentium_ATCC_27678,Bifidobacterium_gallicum_DSM_20093,Blautia_hydrogenotrophica_DSM_10507,Butyrivibrio_fibrisolvens_16_4,Campylobacter_concisus_13826,Campylobacter_hominis_ATCC_BAA_381,Candidatus_Sulcia_muelleri_GWSS,Citrobacter_koseri_ATCC_BAA_895,Citrobacter_sp_30_2,Clostridium_difficile_630,Clostridium_hylemonae_DSM_15053,Clostridium_perfringens_ATCC_13124,Clostridium_phytofermentans_ISDg,Clostridium_ramosum_VPI_0427_DSM_1402,Clostridium_sp_7_2_43FAA,Clostridium_spiroforme_DSM_1552,Collinsella_intestinalis_DSM_13280,Collinsella_stercoris_DSM_13279,Cronobacter_sakazakii_ATCC_BAA_894,Desulfovibrio_piger_ATCC_29098,Desulfovibrio_vulgaris_Miyazaki_F,Enterobacter_cancerogenus_ATCC_35316,Enterobacter_sp_638,Enterococcus_faecalis_TX1322,Enterococcus_sp_7L76,Escherichia_fergusonii_UMN026_ATCC_35469,Eubacterium_dolichum_DSM_3991,Finegoldia_magna_ATCC_29328,Fusobacterium_nucleatum_nucleatum_ATCC_25586,Haemophilus_influenzae_NTHi_86_028NP,Haemophilus_parasuis_SH0165,Helicobacter_pullorum_MIT_98_5489,Klebsiella_pneumoniae_342,Lactobacillus_acidophilus_NCFM,Lactobacillus_casei_casei_BL23,Lactobacillus_delbrueckii_bulgaricus_ATCC_11842,Lactobacillus_fermentum_IFO_3956,Lactobacillus_gasseri_ATCC_33323,Lactobacillus_helveticus_DPC_4571,Lactobacillus_hilgardii_ATCC_8290,Lactobacillus_johnsonii_NCC_533,Lactobacillus_paracasei_ATCC_25302,Lactobacillus_reuteri_SD2112_ATCC_55730,Lactobacillus_sakei_sakei_23K,Lactobacillus_salivarius_HO66_ATCC_11741,Lactobacillus_ultunensis_DSM_16047,Lactococcus_lactis_cremoris_MG1363,Megamonas_hypermegale_ART12_1,Methanobrevibacter_smithii_DSM_2375,Methanosphaera_stadtmanae_DSM_3091,Mitsuokella_multacida_DSM_20544,Pasteurella_multocida_multocida_Pm70,Pediococcus_pentosaceus_ATCC_25745,Porphyromonas_gingivalis_ATCC_33277,Proteus_mirabilis_HI4320,Proteus_penneri_ATCC_35198,Pseudomonas_aeruginosa_LESB58,Salmonella_enterica_sv_Heidelberg_SL476_CVM30485,Staphylococcus_saprophyticus_saprophyticus_ATCC_15305,Streptococcus_gordonii_Challis_CH1,Streptococcus_infantarius_infantarius_ATCC_BAA_102,Streptococcus_mutans_UA159,Streptococcus_pneumoniae_Hungary19A_6,Streptococcus_pyogenes_M4_MGAS10750,Streptococcus_sanguinis_SK36,Streptococcus_suis_05ZYH33,Thermoanaerobacter_sp_X514,Tropheryma_whipplei_Twist
Escherichia_coli_O157_H7_EC4115,1,0.053475029,0.042432023,0.02457102,0.005905023,0.300059263,0.009189015,0.028139062,0.028720549,0.016675776,0.041804872,0.059021854,0.048800319,0.022958793,0.1227744,0.344647607,0.029205383,0.179867324,0.021874673,0.018960685,0.02943391,0.025445759,0.035598711,0.031489141,0.013416584,0.00914587,0.005702824,0.015588674,0.027611897,0.01955488,0.279630255,0.082455813,0.541782257,0.336308004,0.378402361,0.009549078,0.029885247,0.013107401,0.313224804,0.279254089,0.211031637,0.1556725,0.403119358,0.229496554,0.348786599,0.016613418,0.165169275,0.018487316,0.020857604,0.342879203,0.031390692,0.020541039,0.012488729,0.375852452,0.023554592,0.018857659,0.03355651,0.036024099,0.03180345,0.015240964,0.311590696,0.174437494,0.024509525,0.122495473,0.007130813,0.00627675,0.158946764,0.022097295,0.009731465,0.20656875,0.014063023,0.058455176,0.020122231,0.016530981,0.195683395,0.108574816,0.464409126,0.115133507,0.424046399,0.128456343,0.206452635,0.422594504,0.214560712,0.218270377,0.223154111,0.341209309,0.343470284,0.109856469,0.608931029,0.422936229,0.075248174,0.107175535,0.473676102,0.049070514,0.039583313,0.456095494,0.457488224,0.362500816,0.423215339,0.16732886,0.469157803,0.171856368,0.53596277,0.557655657,0.052655836,0.020110208,0.362379233,0.066123829,0.03523666,0.095851329,0.129299437,0.093772869,0.288892605,0.217381035,0.134903028,0.205941963,0.136125522,0.018962656,0.055092233,0.035685776,0.022804137,0.08287267,0.035833888,0.082395747,0.096656002,0,0.043158625,0.009719712,0.018423522,0.055901382,0.110541582,0.042212049,0.214367506,0.095247005,0.328653154,0.011807127,0.017738659,0.15134813,0.099137636,0.533984319,0.083319837,0.051485291,0.068842064,0.029460044,0.052591416,0.310221622,0.184423196,0.203811664,0.452735992,0.059356955,0.292826417,0.088936192,0.048750135,0.093945072
Leuconostoc_mesenteroides_mesenteroides_ATCC_8293,0.053475029,1,0.002476083,0.002034639,0.000344582,0.017509692,0.000536217,0.001735055,0.001906664,0.001146155,0.002439486,0.003444168,0.002847699,0.00133974,0.007164391,0.020111605,0.001704254,0.010495998,0.001507847,0.001106434,0.00171759,0.001484865,0.002077331,0.001837521,0.000782913,0.000533699,0.000332783,0.000909663,0.001611268,0.001141108,0.041399966,0.004841007,0.053823491,0.027980411,0.040401408,0.000557228,0.002128522,0.000764871,0.02252712,0.019573899,0.013549297,0.010735581,0.046996708,0.013392067,0.026277896,0.000969461,0.009638306,0.001078811,0.001217127,0.04894753,0.001976518,0.001198654,0.000728769,0.029067862,0.001785868,0.001100422,0.00195816,0.002461426,0.001863176,0.000889373,0.040742248,0.010179145,0.001430232,0.007148114,0.000416112,0.000366274,0.009275197,0.001289468,0.000674478,0.012054136,0.000820635,0.0034111,0.001174215,0.000964651,0.014097278,0.006335787,0.052429159,0.303024503,0.108013149,0.399266418,0.271305089,0.099233991,0.041353517,0.233760421,0.055597626,0.148469459,0.156644576,0.378477145,0.048754323,0.051295306,0.531730392,0.356549513,0.081932908,0.533642463,0.454880397,0.100715885,0.100176758,0.052475583,0.124464193,0.28355611,0.062083835,0.026459079,0.061517728,0.054921799,0.580625697,0.002284797,0.147352901,0.521281685,0.549774852,0.41415369,0.21470885,0.378192933,0.024136336,0.256514274,0.368229951,0.050787674,0.268057366,0.324958348,0.63406317,0.558495106,0.185281035,0.440321488,0.22615916,0.113891007,0.403164627,0,0.559058214,0.166564308,0.277882562,0.740389283,0.067330176,0.441625624,0.261192851,0.031781879,0.07564439,0.202335813,0.002102094,0.248673233,0.408670923,0.073149995,0.192022772,0.032245977,0.468832934,0.494893284,0.599792032,0.12041411,0.265154067,0.222516282,0.077034737,0.725824304,0.167791935,0.527420539,0.715629799,0.131390862
Coprococcus_comes_ATCC_27758,0.042432023,0.002476083,1,0.233240869,0.135512936,0.14141214,0.197243648,0.245036967,0.204196321,0.10750587,0.62807885,0.578565446,0.241486646,0.160811873,0.315386852,0.123117125,0.399412663,0.235907343,0.104297689,0.39819068,0.494834084,0.503281282,0.571273139,0.575510953,0.196949383,0.183723324,0.134399062,0.367379952,0.602006303,0.36363327,0.059808817,0.47071773,0.04600376,0.088493446,0.061287046,0.133519599,0.31315023,0.308903507,0.109915648,0.126499218,0.182746231,0.230642663,0.052686306,0.184891763,0.094226833,0.196898118,0.256900217,0.33092489,0.462365021,0.050586474,0.324996949,0.461349896,0.265588778,0.085182836,0.348159993,0.418615282,0.583151469,0.524726298,0.420098062,0.359185425,0.060774333,0.243250585,0.515319067,0.312304725,0.149919105,0.14792483,0.266957448,0.475661871,0.182861752,0.205413561,0.232207008,0.628570242,0.447178498,0.376137773,0.175642633,0.390809067,0.047227211,0.004885348,0.022548917,0.005651046,0.009062408,0.024951964,0.059875995,0.009702425,0.044535768,0.016568957,0.015807014,0.004839307,0.050786941,0.048271141,0.003192932,0.004547675,0.03022086,0.002082161,0.0016796,0.02458483,0.02471714,0.044530893,0.019893938,0.007423736,0.03811461,0.093581599,0.040249909,0.045083792,0.002234294,0.304052519,0.016151497,0.002805768,0.001495163,0.00451035,0.006222269,0.003978972,0.102587357,0.00940113,0.005848573,0.045806766,0.005776081,0.000804624,0.002337675,0.00151422,0.000967626,0.003516455,0.001520504,0.014021508,0.004115329,0,0.001831308,0.000412427,0.000781747,0.002372009,0.032925655,0.001791143,0.009479903,0.077908639,0.024085288,0.000501,0.12422925,0.006422007,0.00420661,0.033849394,0.004485982,0.033060818,0.002921108,0.001250049,0.00223156,0.019811315,0.00933828,0.009491631,0.032142421,0.002648123,0.014756865,0.00401441,0.00222701,0.016328697
Akkermansia_muciniphila_ATCC_BAA_835,0.02457102,0.002034639,0.233240869,1,0.156447251,0.087613337,0.069164458,0.310473767,0.103732566,0.152824516,0.210303033,0.164133961,0.075664136,0.047863088,0.076208067,0.064127134,0.268117871,0.130595459,0.038696534,0.167554901,0.235781714,0.189273112,0.225157466,0.152547431,0.266687724,0.185758383,0.16142391,0.227188196,0.163587709,0.398379438,0.037447417,0.187975819,0.02165877,0.06029428,0.044668459,0.107339094,0.234714208,0.247858533,0.075741919,0.087905096,0.070738375,0.114953897,0.036960656,0.107337231,0.063581115,0.073384106,0.148204137,0.290540026,0.274874979,0.03599884,0.396238891,0.17012343,0.245011291,0.053577858,0.234443526,0.22857789,0.236288843,0.235678516,0.087737104,0.30201095,0.041714894,0.110870505,0.215813415,0.18170635,0.142168797,0.173525044,0.140150191,0.269763042,0.126568637,0.081795285,0.218379327,0.269186949,0.146837974,0.14013988,0.118456272,0.213471629,0.035445128,0.004014373,0.018291616,0.00464356,0.007332224,0.019403333,0.020456687,0.007972647,0.035430039,0.011986563,0.012469724,0.003976541,0.029035839,0.035888042,0.002623686,0.003736901,0.022428086,0.001710947,0.001380156,0.019102896,0.019257944,0.021897571,0.015904142,0.006100209,0.027840767,0.075687971,0.031397597,0.034931746,0.001835957,0.234494525,0.012956198,0.00194203,0.0012286,0.003706231,0.004833412,0.002557516,0.030903735,0.007725067,0.004805871,0.036610895,0.004746303,0.000661173,0.001920907,0.00124426,0.000795114,0.00288953,0.001249424,0.01152171,0.003381636,0,0.001504816,0.000338898,0.000642375,0.00194912,0.027055566,0.001471812,0.007789797,0.040999241,0.017941618,0.00041168,0.226167804,0.005277072,0.003456643,0.022134463,0.003686207,0.027166632,0.002400324,0.001027187,0.001833711,0.015954494,0.007444728,0.006820583,0.02455875,0.002176007,0.011572975,0.003298709,0.001829972,0.013417566
Alistipes_putredinis_DSM_17216,0.005905023,0.000344582,0.135512936,0.156447251,1,0.019679523,0.44785163,0.198600222,0.168622306,0.128838842,0.134999881,0.09461228,0.120262765,0.151864085,0.04593955,0.01713351,0.190265372,0.032829883,0.165342737,0.246806951,0.172443151,0.184215079,0.149850999,0.16618331,0.355413736,0.372202372,0.648173337,0.291884768,0.186061612,0.231135531,0.008323253,0.071179894,0.006402082,0.01231513,0.00852897,0.25494775,0.101803622,0.356162756,0.015296336,0.017604177,0.025431754,0.032097227,0.007332054,0.025730335,0.013113012,0.355436996,0.035751342,0.309024971,0.231631238,0.007039832,0.154091071,0.244334665,0.375123265,0.011854411,0.163046173,0.288287366,0.173463311,0.139992999,0.18494357,0.333934849,0.008457618,0.0338518,0.216227185,0.048206053,0.585632995,0.572653459,0.03715095,0.266355538,0.354415487,0.028586237,0.218576877,0.100695849,0.264195645,0.293821022,0.024443186,0.054386675,0.006572342,0.000679866,0.003138004,0.000786424,0.001261164,0.003472423,0.008332602,0.001350231,0.006197789,0.002305807,0.002199772,0.000673459,0.00706773,0.00671762,0.000444342,0.000632874,0.004205665,0.000289763,0.00023374,0.003421331,0.003439744,0.006197111,0.002768526,0.001033119,0.005304193,0.013023219,0.005601351,0.006274055,0.000310934,0.128775083,0.002247712,0.000390463,0.000208073,0.00062768,0.000865918,0.000553731,0.013113451,0.001308302,0.000813913,0.006374667,0.000803824,0.000111975,0.000325321,0.000210725,0.000134659,0.000489365,0.0002116,0.001951294,0.000572707,0,0.000254853,5.74E-05,0.000108791,0.000330099,0.004582076,0.000249263,0.001319264,0.010842102,0.003351813,6.97E-05,0.151964808,0.000893714,0.00058541,0.004710628,0.000624289,0.004600886,0.000406514,0.000173962,0.000310554,0.002757028,0.001299555,0.001320896,0.004473078,0.000368524,0.002053629,0.000558663,0.00030992,0.002272372
Anaerotruncus_colihominis_DSM_17241,0.300059263,0.017509692,0.14141214,0.087613337,0.019679523,1,0.030241456,0.073475795,0.084578953,0.045232489,0.139322052,0.196700655,0.142234126,0.071594456,0.273622107,0.596852109,0.097332051,0.599439332,0.059792215,0.063189801,0.098093655,0.084802446,0.118638934,0.104943073,0.044713113,0.030480212,0.019005659,0.051951985,0.092021478,0.065170059,0.394032581,0.218398951,0.317632134,0.625783938,0.433393103,0.031795253,0.066482167,0.043682706,0.586467216,0.33933765,0.392938248,0.5135092,0.372572725,0.764837426,0.66632775,0.055367121,0.55045551,0.061612217,0.069511616,0.357723701,0.104720226,0.068456608,0.041620873,0.602372866,0.074173068,0.062846448,0.11183294,0.13182822,0.104781005,0.05079318,0.40826378,0.564564291,0.08168228,0.390891071,0.023764681,0.020918367,0.487246205,0.073643103,0.033659318,0.609447034,0.046612927,0.194812101,0.067060857,0.055092388,0.557846719,0.361844574,0.333968576,0.034546875,0.159455311,0.039961531,0.064085076,0.176448527,0.223844605,0.06861098,0.186864775,0.117167854,0.111779751,0.034221301,0.35914131,0.341350757,0.022578912,0.032159012,0.21370768,0.014724062,0.01187734,0.173852333,0.174787965,0.175088504,0.140680554,0.052497161,0.269528556,0.323677087,0.284628385,0.31881133,0.015799871,0.060648167,0.114215774,0.019841067,0.010573086,0.031895068,0.044000953,0.028137418,0.225773577,0.066480361,0.041358351,0.196856075,0.040845724,0.00568992,0.016530935,0.010707848,0.006842593,0.024866712,0.01075229,0.099153495,0.02910167,0,0.012950145,0.00291649,0.005528148,0.016773728,0.133685976,0.012666116,0.067037408,0.138515108,0.170319804,0.003542838,0.035973349,0.045413408,0.029747166,0.239366956,0.031722751,0.106037791,0.020656699,0.008839759,0.015780542,0.140096282,0.066035916,0.067120337,0.227296051,0.018726277,0.104353595,0.028388017,0.015748364,0.115468846
Bacteroides_caccae_ATCC_43185,0.009189015,0.000536217,0.197243648,0.069164458,0.44785163,0.030241456,1,0.192718675,0.138912154,0.088730358,0.191190155,0.136971105,0.142322497,0.236414301,0.074844716,0.025419516,0.227415367,0.049173829,0.27270783,0.432681124,0.248546522,0.32750302,0.21217508,0.27789315,0.28635601,0.418393855,0.498865595,0.441581094,0.307566093,0.211843941,0.012952107,0.090174166,0.009962505,0.019164008,0.013272231,0.191378698,0.165719497,0.427414173,0.023803168,0.027394481,0.039575249,0.044959684,0.011409667,0.038594159,0.020405621,0.38903956,0.048170643,0.282165807,0.34309655,0.010954931,0.152440801,0.349270324,0.479232625,0.018447067,0.257542248,0.306792005,0.247674061,0.201642123,0.285407168,0.432142988,0.013161198,0.051664579,0.30438063,0.05212236,0.569091738,0.513828208,0.053023828,0.324521581,0.326281338,0.044484052,0.320503697,0.147701381,0.328475336,0.497507767,0.032096449,0.077766996,0.010227454,0.001057964,0.00488316,0.001223782,0.001962541,0.00540356,0.012966655,0.002101143,0.009644599,0.003588148,0.003423143,0.001047993,0.010998344,0.010453526,0.000691457,0.000984838,0.006544584,0.00045091,0.000363732,0.005324054,0.005352707,0.009643543,0.004308201,0.001607673,0.008254043,0.020265891,0.00871646,0.009763278,0.000483855,0.169257053,0.003497744,0.000607613,0.00032379,0.000976755,0.001347485,0.00086168,0.022216164,0.002035895,0.001266558,0.009919844,0.001250859,0.000174248,0.000506243,0.000327917,0.000209548,0.000761518,0.000329278,0.003036477,0.00089121,0,0.000396585,8.93E-05,0.000169294,0.000513679,0.00713033,0.000387887,0.002052954,0.016871778,0.005215874,0.000108496,0.161779641,0.00139074,0.000910977,0.007330374,0.000971478,0.007159601,0.000632591,0.000270709,0.000483263,0.004290309,0.002022284,0.002055493,0.006960714,0.000573474,0.003195725,0.000869355,0.000482278,0.003536118
Bacteroides_cellulosilyticus_DSM_14838,0.028139062,0.001735055,0.245036967,0.310473767,0.198600222,0.073475795,0.192718675,1,0.094300344,0.085145819,0.219948408,0.200879078,0.06543317,0.094315649,0.152484253,0.079375807,0.513098478,0.095189798,0.040530931,0.215529276,0.359203857,0.183623686,0.27872074,0.205386789,0.19283641,0.298905972,0.191799773,0.165456142,0.210272249,0.275222854,0.036477834,0.251176865,0.030415337,0.043923311,0.031680633,0.059072953,0.052921814,0.21209737,0.065402441,0.081351565,0.082856084,0.113237035,0.028593342,0.084522498,0.047148542,0.0447528,0.125815702,0.461818041,0.263608653,0.032964894,0.298738854,0.27442386,0.225630222,0.046405239,0.104844762,0.321750197,0.203623653,0.150624935,0.318794315,0.268961717,0.030908142,0.104969361,0.311046088,0.155330548,0.228196353,0.187078118,0.121019011,0.32708274,0.191642993,0.101250774,0.188269881,0.146508789,0.228208519,0.280423022,0.08604062,0.150111734,0.027082595,0.003085217,0.01508122,0.003959834,0.006350264,0.015689215,0.02904942,0.00679874,0.00988283,0.011610297,0.010047529,0.003391028,0.031805496,0.027975285,0.00223737,0.003186673,0.020027779,0.001459024,0.001176939,0.016769996,0.015304933,0.020463221,0.012687259,0.005202004,0.026601606,0.038357543,0.026134318,0.028600795,0.001565627,0.053235501,0.011235827,0.001966074,0.001047699,0.003160519,0.003517814,0.002788169,0.030330923,0.006587615,0.004098246,0.01092565,0.003294022,0.000563821,0.001638069,0.001061053,0.00067804,0.002464071,0.001065457,0.006358845,0.002883718,0,0.001283245,0.000288998,0.000547791,0.001662128,0.008521267,0.0012551,0.006642813,0.054592598,0.009910572,0.000351064,0.043229857,0.003389247,0.002947681,0.022453132,0.003143444,0.005858812,0.002046896,0.000875942,0.001563712,0.01361312,0.006543574,0.006651031,0.021791812,0.001855608,0.01000159,0.002813001,0.001560523,0.006874248
Bacteroides_coprocola_M16_DSM_17136,0.028720549,0.001906664,0.204196321,0.103732566,0.168622306,0.084578953,0.138912154,0.094300344,1,0.078779069,0.134984746,0.12321691,0.070177943,0.061457958,0.083452699,0.063613916,0.103122452,0.11340669,0.045181808,0.102346437,0.126349251,0.182196371,0.118796,0.129368523,0.069485329,0.087141446,0.048916441,0.139737981,0.159061487,0.292190198,0.044947662,0.093917669,0.027478014,0.06378124,0.045802995,0.291769923,0.137685868,0.139228604,0.078469799,0.08061279,0.085251335,0.083497138,0.040570159,0.097851941,0.065216089,0.215510637,0.111899422,0.091895982,0.169719622,0.036869625,0.106375221,0.120684462,0.129670993,0.055645414,0.113114762,0.133951095,0.227889327,0.204727262,0.137454262,0.194181655,0.043835732,0.097334277,0.154694842,0.08574509,0.091360108,0.164718162,0.111247733,0.121701591,0.326711681,0.088477031,0.173797813,0.146274938,0.131919112,0.135426824,0.086645616,0.161242303,0.03618899,0.003761876,0.017363395,0.004351488,0.006978347,0.019213819,0.027203531,0.007471181,0.034293981,0.012758632,0.012171912,0.003726423,0.03357641,0.036269124,0.002458661,0.003501857,0.023271039,0.001603331,0.001293346,0.018931114,0.019032997,0.024692967,0.015318975,0.005716517,0.026583981,0.042160126,0.030993731,0.034715977,0.001720478,0.13410792,0.012437175,0.002160532,0.001151324,0.003473115,0.004791348,0.003063937,0.036699512,0.007239174,0.00450359,0.03527269,0.004447769,0.000619586,0.001800085,0.001165998,0.000745103,0.002707784,0.001170837,0.004403702,0.003168937,0,0.001410166,0.000317582,0.000601971,0.001826523,0.006793823,0.001379238,0.007299832,0.05999217,0.01854645,0.000385786,0.047803517,0.004945153,0.003239226,0.026065127,0.003454351,0.003885462,0.002249348,0.000962578,0.001718373,0.015255353,0.007190778,0.007308862,0.022762751,0.00203914,0.011363263,0.003091226,0.00171487,0.004970707
Bacteroides_coprophilus_DSM_18228,0.016675776,0.001146155,0.10750587,0.152824516,0.128838842,0.045232489,0.088730358,0.085145819,0.078779069,1,0.093738971,0.077088797,0.045643092,0.250496387,0.037408475,0.036581714,0.091772179,0.055370031,0.034329427,0.10157906,0.104239952,0.124369767,0.087207123,0.121928369,0.190574235,0.142366613,0.133833618,0.217642078,0.121241006,0.251967489,0.027684937,0.060571141,0.015955032,0.035626366,0.028199544,0.389073516,0.203154039,0.197115644,0.047717928,0.049194578,0.051392392,0.04594257,0.024387994,0.051397239,0.03668527,0.031505119,0.060868314,0.073136865,0.13799494,0.022258817,0.188270288,0.095169919,0.060037321,0.030477382,0.243104066,0.09125935,0.155760417,0.099991721,0.113766119,0.13315187,0.025397174,0.055780008,0.074640534,0.051052436,0.11279324,0.253100903,0.055674772,0.133895852,0.119671517,0.045947732,0.127996478,0.109073625,0.144184748,0.123299571,0.047460698,0.07801379,0.021861031,0.002261381,0.010437681,0.002615816,0.004194903,0.011550029,0.017590304,0.004491161,0.010206783,0.007669614,0.007316918,0.00224007,0.019610109,0.022344256,0.001477978,0.002105076,0.013988951,0.000963813,0.000777471,0.011380086,0.011441331,0.015513519,0.009208716,0.003436377,0.017041616,0.026666588,0.018631303,0.020868862,0.001034233,0.166254027,0.007476376,0.001298763,0.000692097,0.002087798,0.00288023,0.001841829,0.023019426,0.004351694,0.002707249,0.010903027,0.002673694,0.000372453,0.001082088,0.000700918,0.000447905,0.001627734,0.000703827,0.003681928,0.001904947,0,0.000847695,0.000190909,0.000361863,0.00109798,0.005135812,0.000829103,0.004388158,0.036063174,0.010228259,0.000231908,0.125481824,0.002972687,0.0019472,0.015668565,0.002076519,0.003373928,0.001352153,0.000578636,0.001032968,0.009170471,0.004322602,0.004393586,0.014736111,0.001225791,0.006830814,0.001858233,0.001030862,0.004024666
Bacteroides_dorei_5_1_36_D4,0.041804872,0.002439486,0.62807885,0.210303033,0.134999881,0.139322052,0.191190155,0.219948408,0.134984746,0.093738971,1,0.678518649,0.294536692,0.247546923,0.222479598,0.12129744,0.477586118,0.232420605,0.171937782,0.453552039,0.572413489,0.55640009,0.766103321,0.666575438,0.231049806,0.201908126,0.136415296,0.372891329,0.637215941,0.29642728,0.058924835,0.356443383,0.045323819,0.087185503,0.060381217,0.106826597,0.21450058,0.31353763,0.108291082,0.108312812,0.180045221,0.227233737,0.051907597,0.182159042,0.09283415,0.225361291,0.253103202,0.354012066,0.374347228,0.0498388,0.3356563,0.454406962,0.257862399,0.083923824,0.351374086,0.434401581,0.538226253,0.499130167,0.319439201,0.364573869,0.059876082,0.239655314,0.568016207,0.341276876,0.165494211,0.150143976,0.263011786,0.501503159,0.12674202,0.202377525,0.219079118,0.527156403,0.45879154,0.395431932,0.173046614,0.361994881,0.046529187,0.004813142,0.022215641,0.005567523,0.008928464,0.024583171,0.05899102,0.009559023,0.043877524,0.016324066,0.015573384,0.004767782,0.050036304,0.047557688,0.00314574,0.00448046,0.029774193,0.002051387,0.001654775,0.024221464,0.024351818,0.043872722,0.019599904,0.007314012,0.037551272,0.092198453,0.039655011,0.044417449,0.00220127,0.226144391,0.015912776,0.002764298,0.001473064,0.004443686,0.006130303,0.003920163,0.101071104,0.00926218,0.00576213,0.045129737,0.00569071,0.000792731,0.002303124,0.001491839,0.000953324,0.003464481,0.001498031,0.013814268,0.004054504,0,0.001804241,0.000406331,0.000770193,0.00233695,0.03243901,0.001764669,0.009339789,0.07675714,0.023729305,0.000493595,0.100584743,0.006327089,0.004144436,0.033349096,0.004419679,0.032572175,0.002877934,0.001231573,0.002198577,0.019518501,0.009200259,0.009351343,0.031667352,0.002608983,0.014538757,0.003955077,0.002194094,0.016087357
Bacteroides_dorei_DSM_17855,0.059021854,0.003444168,0.578565446,0.164133961,0.09461228,0.196700655,0.136971105,0.200879078,0.12321691,0.077088797,0.678518649,1,0.316066947,0.219629259,0.292765375,0.171252759,0.43079806,0.300412765,0.166458865,0.321248554,0.493296737,0.418681543,0.603144579,0.504805573,0.168327292,0.151347197,0.096622246,0.264116992,0.46782497,0.246847284,0.083192528,0.454545217,0.063990049,0.12309211,0.085248707,0.080108261,0.182002627,0.222077075,0.152889844,0.131779129,0.254195314,0.320818019,0.073285299,0.253275615,0.131067105,0.153941753,0.352447668,0.283514278,0.300670057,0.070364486,0.331482394,0.345760432,0.191445305,0.118487137,0.24429998,0.306567821,0.413852656,0.423870075,0.285362931,0.258225778,0.084535537,0.338355316,0.415261863,0.433077647,0.118408005,0.106346198,0.345910341,0.352742332,0.092530252,0.284516639,0.154427767,0.456527229,0.34092849,0.280082384,0.244314391,0.415617666,0.065691838,0.006795393,0.031364964,0.007860459,0.012605576,0.034707541,0.083285971,0.013495825,0.047639414,0.023046994,0.02198715,0.006731352,0.070643331,0.067143917,0.004441287,0.006325699,0.042036441,0.002896233,0.002336281,0.034196868,0.034380907,0.061941329,0.027671957,0.010326226,0.053016444,0.130169601,0.05598659,0.062710397,0.003107845,0.196522964,0.022466318,0.003902751,0.002079733,0.006273781,0.008655016,0.005534649,0.142696379,0.01307673,0.008135215,0.049737791,0.008034381,0.001119211,0.003251646,0.002106241,0.001345942,0.004891299,0.002114982,0.019503557,0.005724318,0,0.002547302,0.000573675,0.00108739,0.003299403,0.04579874,0.002491433,0.013186302,0.108368916,0.033502017,0.000696878,0.05858846,0.008932847,0.005851287,0.047083637,0.006239886,0.045986748,0.004063186,0.001738786,0.003104043,0.02755703,0.012989308,0.013202614,0.044709282,0.003683471,0.020526421,0.005583942,0.003097713,0.022712798
Bacteroides_eggerthii_DSM_20697,0.048800319,0.002847699,0.241486646,0.075664136,0.120262765,0.142234126,0.142322497,0.06543317,0.070177943,0.045643092,0.294536692,0.316066947,1,0.098383685,0.086848518,0.102262382,0.157764078,0.204026584,0.100995338,0.193307304,0.198837658,0.185797858,0.234086398,0.315704458,0.079485562,0.07282988,0.103218504,0.163171238,0.234217417,0.105601348,0.068785063,0.168581847,0.048806764,0.101774748,0.070485149,0.167609186,0.21907954,0.268592518,0.093913188,0.113738146,0.133326147,0.187274437,0.06059359,0.163136302,0.105826168,0.197425215,0.195466771,0.371133618,0.203354729,0.05810462,0.147804696,0.420920185,0.255914896,0.097967274,0.211679188,0.386424911,0.18337985,0.220714331,0.301483474,0.167481719,0.069142636,0.176459701,0.214025468,0.196677971,0.107650765,0.100872839,0.204982209,0.208683679,0.196504546,0.145429771,0.067341612,0.274826495,0.412338111,0.253078298,0.120441102,0.227590294,0.054315181,0.005618552,0.025933111,0.006499168,0.010422515,0.028696813,0.068862323,0.011158588,0.031683988,0.019055665,0.018179367,0.005565602,0.05803641,0.055515786,0.003672135,0.0052302,0.034756477,0.002394657,0.001931678,0.028274579,0.028426746,0.035342941,0.022879667,0.008537907,0.043834939,0.06942652,0.046290709,0.051850073,0.002569622,0.425116691,0.018575551,0.003226864,0.00171956,0.005187274,0.007156121,0.004576146,0.0524421,0.010812074,0.00672634,0.033405442,0.006642969,0.000925384,0.002688519,0.001741477,0.001112849,0.004044213,0.001748705,0.016125888,0.004732968,0,0.002106155,0.000474325,0.000899074,0.002728005,0.037867214,0.002059961,0.010902669,0.019212422,0.027700064,0.000576192,0.049253291,0.007385837,0.004837948,0.038929589,0.005159249,0.035106766,0.003359515,0.00143766,0.002566478,0.022784643,0.010739791,0.010916157,0.03696643,0.003045559,0.01697161,0.004616902,0.002561245,0.018779345
Bacteroides_finegoldii_DSM_17565,0.022958793,0.00133974,0.160811873,0.047863088,0.151864085,0.071594456,0.236414301,0.094315649,0.061457958,0.250496387,0.247546923,0.219629259,0.098383685,1,0.101061232,0.066615268,0.233706754,0.086805544,0.296296619,0.34808243,0.295576303,0.333953751,0.270550596,0.311316613,0.370295227,0.373181199,0.2483939,0.397142338,0.35066226,0.111834942,0.029579222,0.092405224,0.024891361,0.045774137,0.033102262,0.096101182,0.106862185,0.248424423,0.058603869,0.034838696,0.071573116,0.088234777,0.028507102,0.081710415,0.049311611,0.100052981,0.090049969,0.150717833,0.16600317,0.027370941,0.183416624,0.233010946,0.214779874,0.043569412,0.235905891,0.190192308,0.216694488,0.147466587,0.176823777,0.234529114,0.029324244,0.111264167,0.26565035,0.090226416,0.285585357,0.24712954,0.086350308,0.247383817,0.03360433,0.08792252,0.345096855,0.119743275,0.258674422,0.327535849,0.079890075,0.098231255,0.025553336,0.002643326,0.012200595,0.003057624,0.004903418,0.013500817,0.032397243,0.005249714,0.014330391,0.008965004,0.008552738,0.002618415,0.027479408,0.026118178,0.001727607,0.002460621,0.016351671,0.0011266,0.000908785,0.013302171,0.01337376,0.024094433,0.010764059,0.004016778,0.02062276,0.036830343,0.021778111,0.02345773,0.001208914,0.059320825,0.008739128,0.001518123,0.000808991,0.002440425,0.003366697,0.002152912,0.055507179,0.005086691,0.003164501,0.015145332,0.003125278,0.00043536,0.001264851,0.000819302,0.000523555,0.001902656,0.000822703,0.00758665,0.002226691,0,0.00099087,0.000223153,0.000422982,0.001283428,0.011637122,0.000969138,0.005129313,0.042154207,0.013031882,0.000271077,0.014855007,0.00347477,0.00227608,0.01831497,0.002427241,0.009556392,0.001580531,0.000676367,0.001207435,0.010719354,0.005052685,0.005135658,0.017391374,0.001432826,0.007984531,0.002172086,0.001204973,0.008835006
Bacteroides_fragilis_3_1_12,0.1227744,0.007164391,0.315386852,0.076208067,0.04593955,0.273622107,0.074844716,0.152484253,0.083452699,0.037408475,0.222479598,0.292765375,0.086848518,0.101061232,1,0.294553469,0.237878447,0.300336138,0.080811348,0.154435168,0.239739799,0.142437984,0.257724724,0.240720858,0.062341392,0.074493298,0.046449618,0.117862365,0.207098158,0.128549663,0.130663697,0.420985177,0.133108999,0.209774342,0.156513255,0.029557887,0.11979168,0.106760046,0.217993143,0.134117424,0.211338608,0.263058549,0.152101953,0.292619469,0.22601686,0.051380565,0.26886869,0.137481655,0.169885615,0.144607922,0.18184387,0.167307186,0.10172095,0.178003743,0.108710937,0.152873026,0.25521471,0.118267955,0.200294653,0.124137964,0.128319522,0.323086245,0.199630582,0.202463697,0.058080614,0.051124255,0.318198576,0.173951094,0.072909695,0.42649263,0.062594366,0.264469967,0.163895987,0.134645182,0.231834419,0.270126732,0.134224077,0.014135447,0.065243878,0.016350947,0.026221509,0.072196945,0.09059682,0.02807336,0.128861455,0.047941239,0.045736604,0.014002233,0.146948834,0.136274943,0.009238549,0.013158412,0.087442167,0.006024603,0.004859818,0.071134667,0.071517497,0.128847351,0.057561864,0.021480115,0.110003711,0.121915262,0.106525172,0.111206922,0.006464789,0.061484363,0.046733345,0.008118313,0.00432616,0.013050415,0.018003745,0.011512908,0.296830093,0.027201581,0.016922479,0.132539008,0.016712729,0.002328129,0.006763916,0.0043813,0.002799764,0.010174642,0.004399484,0.026156566,0.011907448,0,0.005298774,0.001193332,0.002261937,0.006863259,0.03385909,0.005182559,0.027429506,0.063018318,0.069689272,0.001449613,0.020605255,0.018581676,0.012171564,0.0979411,0.012979908,0.023144701,0.008452043,0.003616939,0.00645688,0.057322799,0.027019729,0.027463439,0.093002082,0.007662178,0.042698065,0.011615445,0.006443713,0.028167829
Bacteroides_intestinalis_341_DSM_17393,0.344647607,0.020111605,0.123117125,0.064127134,0.01713351,0.596852109,0.025419516,0.079375807,0.063613916,0.036581714,0.12129744,0.171252759,0.102262382,0.066615268,0.294553469,1,0.084739841,0.422420991,0.048665357,0.055014701,0.085402914,0.073831238,0.103290173,0.091366197,0.035733161,0.026536874,0.016546826,0.045230764,0.080116317,0.056738766,0.295866247,0.211973682,0.3736585,0.453431734,0.398907607,0.023678395,0.050031065,0.038031312,0.475009598,0.285002558,0.402329399,0.44191944,0.370975377,0.541599974,0.47788383,0.042784668,0.42993763,0.053641215,0.06051864,0.401493693,0.090986602,0.059600122,0.036236226,0.4969675,0.049813812,0.054715769,0.097364696,0.109114627,0.088121691,0.044221877,0.358780519,0.499071966,0.07111474,0.326080751,0.020690155,0.01821208,0.450754189,0.064115621,0.026627167,0.545077417,0.034790528,0.169608534,0.058384944,0.047964881,0.43289885,0.302818873,0.369358078,0.039680488,0.183150124,0.045899753,0.07360802,0.202668506,0.193573601,0.078806466,0.112852994,0.134578816,0.128390049,0.039306534,0.391487206,0.338527843,0.025934103,0.036937792,0.245464312,0.016912035,0.013642294,0.199686521,0.198499817,0.229277444,0.161585468,0.060298158,0.291604962,0.252086968,0.309710636,0.315354313,0.018147708,0.035476839,0.131188062,0.022789419,0.012144231,0.036634626,0.050539426,0.032318595,0.273731598,0.07635924,0.047504138,0.123123181,0.046915335,0.006535434,0.018987406,0.012299017,0.007859391,0.028561867,0.012350064,0.058181713,0.033426133,0,0.014874517,0.003349876,0.006349623,0.019266278,0.074139511,0.014548282,0.076999063,0.126896662,0.129185336,0.004069298,0.024324894,0.052161771,0.034167549,0.274936516,0.036436703,0.046497823,0.023726253,0.010153334,0.018125506,0.160914373,0.075848751,0.077094316,0.253545662,0.021508973,0.119860379,0.032606432,0.018088546,0.063199385
Bacteroides_ovatus_ATCC_8483,0.029205383,0.001704254,0.399412663,0.268117871,0.190265372,0.097332051,0.227415367,0.513098478,0.103122452,0.091772179,0.477586118,0.43079806,0.157764078,0.233706754,0.237878447,0.084739841,1,0.162203984,0.144673863,0.409040582,0.716531018,0.406381432,0.553478998,0.483364066,0.265129627,0.313156991,0.195266192,0.319380678,0.462732176,0.346361698,0.041165594,0.31174888,0.031663762,0.060908834,0.04218304,0.086747094,0.132013839,0.358522823,0.075653444,0.058488285,0.118861982,0.158080126,0.036263267,0.127258484,0.064855047,0.125868417,0.171289446,0.572060237,0.405830926,0.034817982,0.369857299,0.472016974,0.303718347,0.058630186,0.227595502,0.51251705,0.394192549,0.296944104,0.461944857,0.415684313,0.041830146,0.167426066,0.565461408,0.222479681,0.243816285,0.214917559,0.171652115,0.53772741,0.155773477,0.141383358,0.267805634,0.2517778,0.434589939,0.461937005,0.120892433,0.231460692,0.032505846,0.003362518,0.015520112,0.003889538,0.006237532,0.017174097,0.041211832,0.006678047,0.030653363,0.011404188,0.010879752,0.003330829,0.03495596,0.033224369,0.002197652,0.003130103,0.020800607,0.001433123,0.001156046,0.016921404,0.017012471,0.030650008,0.013692727,0.005109656,0.026233767,0.064410941,0.027703464,0.031030561,0.001537834,0.121618309,0.011116856,0.001931172,0.0010291,0.003104412,0.004282703,0.002738673,0.070609481,0.00647067,0.004025493,0.031528173,0.003975598,0.000553812,0.00160899,0.001042217,0.000666004,0.002420328,0.001046542,0.009650813,0.002832525,0,0.001260464,0.000283868,0.000538066,0.001632621,0.02266228,0.001232819,0.006524888,0.053623455,0.016577576,0.000344832,0.04290698,0.00442018,0.002895353,0.023298077,0.00308764,0.022755311,0.002010559,0.000860392,0.001535952,0.013635858,0.006427411,0.00653296,0.022123191,0.001822667,0.010156949,0.002763064,0.001532821,0.01123882
Bacteroides_pectinophilus_ATCC_43243,0.179867324,0.010495998,0.235907343,0.130595459,0.032829883,0.599439332,0.049173829,0.095189798,0.11340669,0.055370031,0.232420605,0.300412765,0.204026584,0.086805544,0.300336138,0.422420991,0.162203984,1,0.081119732,0.105414839,0.16364234,0.141469606,0.197916498,0.175068713,0.074591557,0.050847868,0.031705726,0.086667629,0.153512579,0.108718357,0.253526727,0.32420245,0.192376361,0.375119506,0.259792873,0.051014658,0.110859367,0.072872606,0.368255115,0.313920769,0.323942993,0.674989302,0.223334745,0.737926631,0.399423062,0.088699037,0.749106477,0.102783074,0.115961053,0.214433657,0.134850136,0.114201061,0.069433004,0.361085989,0.121930528,0.10484205,0.186562567,0.214729619,0.158466251,0.084734479,0.257619506,0.626336034,0.136264466,0.441401572,0.03932025,0.034896554,0.651229045,0.122853305,0.054223664,0.550560982,0.077814745,0.324990521,0.111872634,0.091906529,0.49837586,0.602558203,0.2001939,0.020708756,0.095583785,0.023954513,0.038415115,0.105770187,0.220720692,0.04112812,0.188785,0.07023502,0.067005179,0.020513594,0.215283427,0.20461907,0.013534688,0.019277377,0.128104789,0.008826182,0.007119745,0.104213926,0.104774781,0.148747257,0.084329457,0.031468863,0.161566018,0.269652663,0.170617449,0.191108051,0.009471064,0.115290069,0.068465427,0.011893516,0.006337924,0.019119158,0.026375902,0.016866675,0.18792845,0.039850943,0.024791822,0.1941727,0.024484533,0.003410762,0.009909293,0.006418705,0.004101719,0.014906085,0.006445346,0.059436505,0.017444686,0,0.007762826,0.001748259,0.00331379,0.010054832,0.139474273,0.007592568,0.040184859,0.093567943,0.102096389,0.002123716,0.057253907,0.027222583,0.017831621,0.143485968,0.019015865,0.121198054,0.012382438,0.005298899,0.009459477,0.083979222,0.039584525,0.04023457,0.136250193,0.011225267,0.062553649,0.017016894,0.009440189,0.069216568
Bacteroides_plebeius_M12_DSM_17135,0.021874673,0.001507847,0.104297689,0.038696534,0.165342737,0.059792215,0.27270783,0.040530931,0.045181808,0.034329427,0.171937782,0.166458865,0.100995338,0.296296619,0.080811348,0.048665357,0.144673863,0.081119732,1,0.25760633,0.196402463,0.228604192,0.201501334,0.192938847,0.144961566,0.131526953,0.179706027,0.245683031,0.230444822,0.072780017,0.036421456,0.069174861,0.020912199,0.045574986,0.035170563,0.023585949,0.121349249,0.172540976,0.054836582,0.036347948,0.046503196,0.06403169,0.031940261,0.068028838,0.046579269,0.399664522,0.077995046,0.086635696,0.138881724,0.028962854,0.16886336,0.166586008,0.24665863,0.039923723,0.114868334,0.119857948,0.145055592,0.113721413,0.059533456,0.197269899,0.032273978,0.079580864,0.238113933,0.06294311,0.172883596,0.225093068,0.061550552,0.143035066,0.024711664,0.061496714,0.150919351,0.091371385,0.118561345,0.201911707,0.057975685,0.078842667,0.028413186,0.002975004,0.013731494,0.003441287,0.005518686,0.015194864,0.036462365,0.005908434,0.014065335,0.010089909,0.009625913,0.002946967,0.02561905,0.028480848,0.001944383,0.002769373,0.018290939,0.001267963,0.001022817,0.014971293,0.015051865,0.027023235,0.012114706,0.004520793,0.020829989,0.031733383,0.024510773,0.027454437,0.001360606,0.069457754,0.009835691,0.001708613,0.000910501,0.002746644,0.003789142,0.002423054,0.062472076,0.005724956,0.003561574,0.01497957,0.003517429,0.000489987,0.001423561,0.000922106,0.00058925,0.002141397,0.000925933,0.003286062,0.00250609,0,0.001115202,0.000251153,0.000476056,0.00144447,0.00519356,0.001090743,0.005772926,0.020474294,0.014141249,0.000305091,0.01759422,0.003910776,0.002561677,0.020613085,0.002731805,0.002887634,0.001778852,0.000761236,0.001358941,0.012064391,0.005686683,0.005780068,0.01780402,0.001612613,0.00898641,0.002444634,0.00135617,0.003736136
Bacteroides_sp_2_1_7,0.018960685,0.001106434,0.39819068,0.167554901,0.246806951,0.063189801,0.432681124,0.215529276,0.102346437,0.10157906,0.453552039,0.321248554,0.193307304,0.34808243,0.154435168,0.055014701,0.409040582,0.105414839,0.25760633,1,0.540723534,0.63782443,0.52743586,0.571596128,0.453111077,0.339003399,0.30077099,0.684313724,0.611089921,0.260756156,0.026725479,0.228554487,0.020556711,0.039543162,0.027386024,0.126784501,0.239243326,0.51930123,0.049115641,0.056525984,0.081659877,0.103062325,0.023542796,0.082618605,0.042105118,0.273736116,0.114795473,0.35458221,0.471503838,0.022604489,0.319275027,0.539755759,0.530211742,0.038063822,0.403185194,0.466380389,0.392405817,0.370097918,0.319465188,0.606927976,0.027156919,0.108696156,0.545202519,0.154786823,0.358416719,0.33104024,0.119289532,0.644342293,0.192570081,0.091788739,0.393326931,0.288920632,0.461706362,0.639768712,0.078485645,0.17463244,0.021103408,0.00218301,0.010075949,0.002525161,0.004049523,0.011149747,0.026755498,0.004335514,0.01990074,0.007403813,0.00706334,0.002162437,0.022694068,0.021569886,0.001426757,0.002032122,0.013504146,0.000930411,0.000750527,0.010985694,0.011044817,0.019898562,0.008889576,0.003317285,0.017031456,0.041816796,0.017985611,0.020145624,0.000998391,0.189879413,0.007217272,0.001253753,0.000668111,0.002015443,0.002780411,0.001777998,0.045841005,0.004200881,0.002613426,0.020468684,0.002581033,0.000359545,0.001044586,0.000676627,0.000432382,0.001571323,0.000679435,0.00626549,0.001838929,0,0.000818317,0.000184292,0.000349323,0.001059929,0.014712779,0.000800369,0.00423608,0.034813357,0.010762474,0.000223871,0.242075221,0.002869664,0.001879717,0.01512555,0.002004554,0.014773176,0.001305293,0.000558583,0.000997169,0.008852656,0.004172796,0.004241321,0.014362792,0.00118331,0.006594083,0.001793833,0.000995136,0.007296453
Bacteroides_sp_2_2_4,0.02943391,0.00171759,0.494834084,0.235781714,0.172443151,0.098093655,0.248546522,0.359203857,0.126349251,0.104239952,0.572413489,0.493296737,0.198837658,0.295576303,0.239739799,0.085402914,0.716531018,0.16364234,0.196402463,0.540723534,1,0.568552514,0.683221222,0.641577253,0.299689092,0.307390758,0.193750135,0.426069735,0.651415229,0.33131303,0.041487707,0.33765178,0.031911525,0.061385434,0.042513114,0.109249586,0.237784915,0.425908975,0.076245418,0.077970574,0.126765961,0.159990378,0.03654702,0.128254256,0.065362525,0.165047751,0.178204511,0.480580298,0.461588668,0.035090425,0.400872902,0.57005992,0.352203718,0.059088956,0.332423489,0.528414403,0.451830784,0.358992653,0.413084911,0.482110373,0.042157459,0.168736143,0.719037388,0.240285695,0.236488545,0.213248928,0.185180932,0.576383995,0.14484588,0.142489655,0.297320442,0.317522211,0.51389522,0.508722372,0.121838393,0.257742424,0.032760198,0.003388829,0.015641554,0.003919973,0.006286339,0.017308481,0.041534306,0.006730302,0.030893219,0.011493423,0.010964884,0.003356893,0.035229484,0.033484343,0.002214848,0.003154595,0.020963367,0.001444337,0.001165092,0.017053811,0.01714559,0.030889838,0.01379987,0.005149638,0.026439041,0.064914944,0.027920239,0.031273369,0.001549867,0.173766553,0.011203843,0.001946283,0.001037153,0.003128704,0.004316214,0.002760102,0.071161987,0.006521302,0.004056992,0.031774875,0.004006706,0.000558145,0.00162158,0.001050372,0.000671215,0.002439267,0.001054731,0.009726329,0.002854689,0,0.001270327,0.000286089,0.000542276,0.001645396,0.022839608,0.001242466,0.006575944,0.054043049,0.016707292,0.00034753,0.05805595,0.004454767,0.002918008,0.02348038,0.003111801,0.022933367,0.002026291,0.000867124,0.001547971,0.013742556,0.006477704,0.006584079,0.0222963,0.001836929,0.010236426,0.002784684,0.001544815,0.011326761
Bacteroides_sp_4_3_47FAA,0.025445759,0.001484865,0.503281282,0.189273112,0.184215079,0.084802446,0.32750302,0.183623686,0.182196371,0.124369767,0.55640009,0.418681543,0.185797858,0.333953751,0.142437984,0.073831238,0.406381432,0.141469606,0.228604192,0.63782443,0.568552514,1,0.554095809,0.572920748,0.365546573,0.333723744,0.216012776,0.612623666,0.668458597,0.328346128,0.035866326,0.242195246,0.02758767,0.053068009,0.036752795,0.149020088,0.291439004,0.485395627,0.065914538,0.075859421,0.109589795,0.138312467,0.031595078,0.110876434,0.056506223,0.27000965,0.154058674,0.311104675,0.527305096,0.030335845,0.269394657,0.53998685,0.409313735,0.051082692,0.453863276,0.423206454,0.538189051,0.575646748,0.310511739,0.543360856,0.03644533,0.145873223,0.538764722,0.207728162,0.260916772,0.246671739,0.160089824,0.550787811,0.192456541,0.123183005,0.439265616,0.36105725,0.480138419,0.635370778,0.105329888,0.234361524,0.028321352,0.00292966,0.0135222,0.003388836,0.005434571,0.014963267,0.035906612,0.005818379,0.02670734,0.009936121,0.009479196,0.00290205,0.030456062,0.028947379,0.001914747,0.002727163,0.018122934,0.001248636,0.001007227,0.014743103,0.014822447,0.026704416,0.011930055,0.004451888,0.022856681,0.056119287,0.024137183,0.027035981,0.001339868,0.229095323,0.009685777,0.001682571,0.000896624,0.00270478,0.003731388,0.002386122,0.061519887,0.005637697,0.003507289,0.027469535,0.003463817,0.000482519,0.001401864,0.000908052,0.000580269,0.002108758,0.00091182,0.008408459,0.002467893,0,0.001098204,0.000247325,0.000468801,0.001422453,0.019744953,0.001074118,0.005684936,0.046720481,0.014443536,0.000300441,0.171756597,0.003851168,0.002522632,0.020298903,0.002690167,0.019826008,0.001751739,0.000749633,0.001338229,0.011880507,0.005600007,0.005691969,0.019275261,0.001588034,0.00884944,0.002407373,0.0013355,0.009792041
Bacteroides_sp_9_1_42FAA,0.035598711,0.002077331,0.571273139,0.225157466,0.149850999,0.118638934,0.21217508,0.27872074,0.118796,0.087207123,0.766103321,0.603144579,0.234086398,0.270550596,0.257724724,0.103290173,0.553478998,0.197916498,0.201501334,0.52743586,0.683221222,0.554095809,1,0.671978192,0.262658008,0.242125766,0.160197487,0.426575273,0.681572377,0.333174783,0.050177122,0.383460798,0.038595251,0.074242339,0.051417296,0.091443955,0.202636238,0.368198742,0.09221468,0.095139225,0.153316526,0.193499649,0.044201631,0.155116538,0.079052414,0.20755733,0.215528651,0.369017645,0.410573295,0.042439958,0.425671927,0.493658052,0.310632511,0.071464875,0.34263524,0.47294408,0.54382487,0.444344296,0.297393851,0.428132469,0.050987151,0.204077175,0.653010637,0.290612462,0.194506181,0.176319579,0.223966252,0.54417593,0.13032911,0.172333477,0.251691462,0.406370802,0.47280615,0.436496474,0.1473569,0.300656707,0.039621676,0.004098604,0.018917608,0.004740993,0.007602985,0.020933665,0.050233482,0.008139933,0.037363666,0.013900669,0.01326143,0.004059979,0.042608142,0.04049749,0.002678738,0.003815311,0.025354051,0.001746847,0.001409115,0.020625655,0.020736658,0.037359577,0.016690191,0.006228207,0.031976581,0.078511089,0.033768008,0.037823436,0.00187448,0.174817099,0.013550438,0.002353923,0.00125438,0.003783997,0.005220226,0.003338193,0.086066547,0.007887159,0.004906711,0.038429981,0.004845893,0.000675046,0.001961212,0.001270368,0.000811798,0.00295016,0.00127564,0.011763465,0.003452591,0,0.001536391,0.000346009,0.000655854,0.001990017,0.027623262,0.001502695,0.007953247,0.065362124,0.02020656,0.000420318,0.101005105,0.005387798,0.003529172,0.02839824,0.003763553,0.027736658,0.002450689,0.00104874,0.001872187,0.016620873,0.007834431,0.007963085,0.026966161,0.002221666,0.012380399,0.003367924,0.001868369,0.013699101
Bacteroides_sp_D1,0.031489141,0.001837521,0.575510953,0.152547431,0.16618331,0.104943073,0.27789315,0.205386789,0.129368523,0.121928369,0.666575438,0.504805573,0.315704458,0.311316613,0.240720858,0.091366197,0.483364066,0.175068713,0.192938847,0.571596128,0.641577253,0.572920748,0.671978192,1,0.255374812,0.241654056,0.181104465,0.477023598,0.78301492,0.272886692,0.044384598,0.326263043,0.034139756,0.065671689,0.045481604,0.149885105,0.319393351,0.41625145,0.081569276,0.091674187,0.13561743,0.171161752,0.039098926,0.137209646,0.069926481,0.244951309,0.190647692,0.407762236,0.459341262,0.037540624,0.302656083,0.562151013,0.316304816,0.063214859,0.506488312,0.495863911,0.530603498,0.405844203,0.476815017,0.449799965,0.045101115,0.180518192,0.600933709,0.21194419,0.218638303,0.199330612,0.198111243,0.558217821,0.170138049,0.152439035,0.249404829,0.431628856,0.574825982,0.524974036,0.130345793,0.285307174,0.035047688,0.003625455,0.01673373,0.004193686,0.006725285,0.018517051,0.044434451,0.007200247,0.033050347,0.012295955,0.01173051,0.003591289,0.037689393,0.035822397,0.0023695,0.003374866,0.022427141,0.001545188,0.001246445,0.018244598,0.018342786,0.03304673,0.01476345,0.005509213,0.028285155,0.069447648,0.029869777,0.03345704,0.001658087,0.270903552,0.011986154,0.002082183,0.001109572,0.003347166,0.004617595,0.002952827,0.076130893,0.006976653,0.004340272,0.033993565,0.004286476,0.000597118,0.001734807,0.001123714,0.000718083,0.002609589,0.001128378,0.010405472,0.003054019,0,0.001359028,0.000306065,0.000580141,0.001760287,0.02443439,0.001329221,0.007035112,0.05781662,0.017873884,0.000371796,0.087499303,0.004765823,0.003121759,0.025119904,0.003329083,0.024534695,0.002167777,0.000927671,0.001656059,0.014702134,0.006930012,0.007043814,0.023853146,0.001965193,0.010951187,0.002979126,0.001652682,0.012117656
Bacteroides_stercoris_ATCC_43183,0.013416584,0.000782913,0.196949383,0.266687724,0.355413736,0.044713113,0.28635601,0.19283641,0.069485329,0.190574235,0.231049806,0.168327292,0.079485562,0.370295227,0.062341392,0.035733161,0.265129627,0.074591557,0.144961566,0.453111077,0.299689092,0.365546573,0.262658008,0.255374812,1,0.470747268,0.425057833,0.422681413,0.279538977,0.212522688,0.018910953,0.109756216,0.014545932,0.027980748,0.019378355,0.109739229,0.122088076,0.322187658,0.034754235,0.036409518,0.056901108,0.066101838,0.016658886,0.058460938,0.029793588,0.136763757,0.080922016,0.26556911,0.237565827,0.01599494,0.133999384,0.260118444,0.363093108,0.026933966,0.271113512,0.24680875,0.180758342,0.203429336,0.153896286,0.354620482,0.01921624,0.073484748,0.263679675,0.108793657,0.523828613,0.365971811,0.076976214,0.345302366,0.096927504,0.052015528,0.418859162,0.153113736,0.264318008,0.360634636,0.055536455,0.11676591,0.014932775,0.001544698,0.007129743,0.001786804,0.002865443,0.007889563,0.018932194,0.00306781,0.014081767,0.00523894,0.004998021,0.001530141,0.016058326,0.015262855,0.001009573,0.00143793,0.009555536,0.000658359,0.000531073,0.007773479,0.007815314,0.014080226,0.006290266,0.002347312,0.012051461,0.029589572,0.012726621,0.014255047,0.000706461,0.072630407,0.005106943,0.000887156,0.000472756,0.001426128,0.00196742,0.001258112,0.032437103,0.002972544,0.001849261,0.014483644,0.001826339,0.000254414,0.00073915,0.000478781,0.000305954,0.001111868,0.000480768,0.004433461,0.001301226,0,0.000579041,0.000130405,0.000247181,0.000750006,0.010410765,0.000566341,0.002997451,0.024633937,0.007615529,0.000158411,0.257439584,0.002030575,0.001330088,0.010702842,0.001418423,0.010453502,0.000923625,0.000395253,0.000705597,0.006264141,0.002952671,0.003001159,0.010163114,0.00083731,0.004665974,0.001269317,0.000704158,0.005162972
Bacteroides_thetaiotaomicron_VPI_5482,0.00914587,0.000533699,0.183723324,0.185758383,0.372202372,0.030480212,0.418393855,0.298905972,0.087141446,0.142366613,0.201908126,0.151347197,0.07282988,0.373181199,0.074493298,0.026536874,0.313156991,0.050847868,0.131526953,0.339003399,0.307390758,0.333723744,0.242125766,0.241654056,0.470747268,1,0.556580522,0.395330553,0.278635966,0.228322019,0.012891294,0.10524766,0.009915728,0.019074027,0.013209914,0.115592725,0.104586268,0.350813861,0.023691405,0.023828744,0.039389432,0.04971311,0.011356096,0.039851884,0.020309811,0.156555917,0.055372708,0.33686914,0.303365929,0.010903494,0.151570923,0.286607129,0.372718945,0.018360453,0.191502291,0.28648667,0.221355714,0.192910773,0.223936217,0.366262671,0.013099403,0.052430643,0.303803341,0.074662922,0.56964389,0.447764947,0.05754046,0.329628798,0.206001245,0.044275187,0.564796516,0.113181233,0.28640066,0.436256455,0.03785831,0.080091516,0.010179433,0.001052996,0.004860232,0.001218036,0.001953327,0.005378189,0.012905773,0.002091277,0.009599315,0.003571301,0.003407071,0.001043073,0.010946703,0.010404443,0.00068821,0.000980214,0.006513855,0.000448793,0.000362024,0.005299056,0.005327574,0.009598264,0.004287973,0.001600125,0.008215288,0.020170736,0.008675534,0.009717437,0.000481583,0.079892062,0.003481321,0.00060476,0.00032227,0.000972168,0.001341158,0.000857634,0.022111853,0.002026335,0.001260611,0.009873268,0.001244986,0.00017343,0.000503866,0.000326377,0.000208564,0.000757943,0.000327732,0.00302222,0.000887025,0,0.000394723,8.89E-05,0.000168499,0.000511267,0.007096851,0.000386066,0.002043314,0.01679256,0.005191384,0.000107986,0.069916991,0.00138421,0.0009067,0.007295956,0.000966916,0.007125985,0.000629621,0.000269438,0.000480994,0.004270164,0.002012789,0.002045842,0.006928032,0.000570781,0.00318072,0.000865273,0.000480013,0.003519515
Bacteroides_uniformis_ATCC_8492,0.005702824,0.000332783,0.134399062,0.16142391,0.648173337,0.019005659,0.498865595,0.191799773,0.048916441,0.133833618,0.136415296,0.096622246,0.103218504,0.2483939,0.046449618,0.016546826,0.195266192,0.031705726,0.179706027,0.30077099,0.193750135,0.216012776,0.160197487,0.181104465,0.425057833,0.556580522,1,0.34701439,0.206535033,0.177144047,0.008038249,0.068742559,0.006182862,0.011893436,0.008236922,0.14723166,0.132476994,0.354642736,0.01477256,0.017001376,0.024560922,0.030998157,0.00708099,0.02484928,0.012663998,0.211329179,0.034527148,0.283586024,0.252338049,0.006798775,0.159096446,0.259906037,0.390144531,0.011448493,0.186342605,0.264333473,0.15932805,0.133738811,0.178610752,0.328413906,0.008168013,0.03269265,0.226429762,0.046555386,0.679421697,0.554952086,0.035878831,0.25807792,0.219978629,0.02760739,0.338417252,0.097558924,0.254135813,0.335376851,0.023606205,0.052524372,0.006347293,0.000656586,0.003030553,0.000759495,0.001217979,0.003353521,0.008047277,0.001303997,0.005985565,0.002226852,0.002124448,0.000650398,0.006825717,0.006487596,0.000429127,0.000611203,0.004061655,0.000279841,0.000225737,0.003304178,0.00332196,0.00598491,0.002673727,0.000997743,0.005122568,0.012577279,0.00540955,0.006059219,0.000300287,0.134405134,0.002170746,0.000377093,0.000200948,0.000606187,0.000836267,0.00053477,0.013787645,0.001263503,0.000786043,0.006156386,0.0007763,0.000108141,0.000314181,0.00020351,0.000130048,0.000472608,0.000204354,0.001884478,0.000553096,0,0.000246126,5.54E-05,0.000105066,0.000318796,0.004425177,0.000240728,0.00127409,0.010470848,0.00323704,6.73E-05,0.157058502,0.000863112,0.000565364,0.004549327,0.000602912,0.004443343,0.000392594,0.000168005,0.00029992,0.002662622,0.001255056,0.001275666,0.004319911,0.000355905,0.001983309,0.000539533,0.000299308,0.002194562
Bacteroides_vulgatus_ATCC_8482,0.015588674,0.000909663,0.367379952,0.227188196,0.291884768,0.051951985,0.441581094,0.165456142,0.139737981,0.217642078,0.372891329,0.264116992,0.163171238,0.397142338,0.117862365,0.045230764,0.319380678,0.086667629,0.245683031,0.684313724,0.426069735,0.612623666,0.426575273,0.477023598,0.422681413,0.395330553,0.34701439,1,0.564563692,0.367455442,0.02197256,0.181745637,0.016900859,0.032510718,0.022515632,0.233286353,0.338994116,0.663652972,0.040380806,0.046473277,0.067137302,0.08473349,0.019355893,0.067925527,0.03461705,0.308427544,0.09437999,0.299246982,0.576567725,0.018584457,0.388842932,0.459788591,0.547109588,0.031294466,0.486993173,0.414855828,0.462433346,0.369567603,0.298093808,0.70052037,0.022327272,0.089365388,0.510764417,0.127259188,0.380928556,0.402648074,0.098074815,0.569399835,0.261357837,0.075464824,0.472615113,0.266677404,0.476276418,0.649698443,0.064527582,0.143575416,0.017350331,0.001794779,0.00828402,0.002076081,0.003329347,0.009166851,0.02199724,0.003564477,0.016361548,0.006087103,0.00580718,0.001777865,0.018658104,0.01773385,0.001173019,0.001670725,0.011102538,0.000764944,0.000617051,0.009031974,0.009080582,0.016359758,0.007308634,0.002727332,0.014002544,0.034380004,0.01478701,0.016562882,0.000820835,0.290907834,0.005933736,0.001030783,0.000549293,0.001657012,0.002285937,0.001461795,0.037688538,0.003453787,0.002148648,0.016828487,0.002122016,0.000295603,0.000858815,0.000556294,0.000355486,0.001291875,0.000558603,0.005151221,0.00151189,0,0.000672786,0.000151517,0.000287198,0.000871428,0.012096226,0.00065803,0.003482726,0.028622072,0.008848452,0.000184057,0.236364637,0.002359317,0.001545424,0.012435589,0.00164806,0.012145882,0.001073157,0.000459243,0.00081983,0.00727828,0.003430697,0.003487035,0.011808481,0.000972867,0.005421376,0.001474814,0.000818159,0.005998836
Bacteroides_xylanisolvens_XB1A,0.027611897,0.001611268,0.602006303,0.163587709,0.186061612,0.092021478,0.307566093,0.210272249,0.159061487,0.121241006,0.637215941,0.46782497,0.234217417,0.35066226,0.207098158,0.080116317,0.462732176,0.153512579,0.230444822,0.611089921,0.651415229,0.668458597,0.681572377,0.78301492,0.279538977,0.278635966,0.206535033,0.564563692,1,0.310789599,0.038919542,0.320226294,0.029936143,0.057585563,0.039881474,0.148910909,0.319499902,0.4747012,0.071525687,0.082317155,0.118918915,0.15008668,0.034284693,0.120315083,0.061316464,0.269411799,0.167173325,0.374245323,0.486755213,0.032918264,0.348719274,0.55855234,0.365155521,0.055431242,0.453195929,0.529835789,0.565418129,0.460127299,0.429834943,0.515262245,0.039547835,0.158291066,0.706925183,0.216396211,0.248371255,0.227320483,0.173717893,0.616415132,0.170530526,0.133669284,0.305795293,0.389335145,0.580508588,0.555109136,0.114296373,0.254312168,0.030732282,0.003179055,0.014673313,0.003677319,0.005897203,0.016237054,0.038963257,0.006313684,0.028980872,0.010781959,0.010286138,0.003149095,0.033048714,0.031411601,0.002077745,0.00295932,0.019665697,0.00135493,0.00109297,0.015998149,0.016084247,0.0289777,0.012945633,0.004830866,0.024802416,0.06089659,0.026191925,0.02933749,0.001453928,0.252248277,0.010510304,0.001825804,0.000972951,0.002935031,0.004049033,0.002589247,0.066756929,0.006117621,0.003805857,0.029807952,0.003758684,0.000523595,0.001521201,0.000985352,0.000629665,0.002288272,0.000989442,0.009124251,0.002677979,0,0.001191692,0.00026838,0.000508708,0.001543543,0.021425794,0.001165555,0.006168881,0.050697685,0.01567308,0.000326017,0.095228724,0.004179009,0.002737378,0.022026901,0.002919174,0.021513749,0.00190086,0.000813448,0.001452149,0.012891867,0.006076723,0.006176513,0.020916119,0.00172322,0.009602772,0.002612307,0.001449188,0.010625614
Bifidobacterium_adolescentis_L2_32,0.01955488,0.001141108,0.36363327,0.398379438,0.231135531,0.065170059,0.211843941,0.275222854,0.292190198,0.251967489,0.29642728,0.246847284,0.105601348,0.111834942,0.128549663,0.056738766,0.346361698,0.108718357,0.072780017,0.260756156,0.33131303,0.328346128,0.333174783,0.272886692,0.212522688,0.228322019,0.177144047,0.367455442,0.310789599,1,0.027563009,0.215328441,0.021200922,0.040782376,0.028244254,0.290853166,0.297694132,0.443721926,0.05065484,0.05829741,0.072444451,0.106292119,0.024280587,0.085207728,0.043424619,0.241731734,0.118392964,0.305404301,0.419660849,0.023312875,0.417116979,0.280200992,0.345125204,0.039256675,0.232564201,0.352405077,0.43283494,0.315891811,0.194073953,0.512878822,0.028007969,0.112102504,0.369839912,0.141860135,0.20770921,0.320981246,0.121318039,0.369357718,0.318336217,0.094665238,0.343948089,0.260310389,0.273234655,0.272252834,0.080945248,0.170578329,0.021764752,0.002251422,0.010391712,0.002604295,0.004176428,0.011499161,0.027593968,0.004471382,0.020524395,0.007635836,0.007284693,0.002230204,0.02340526,0.022245849,0.001471469,0.002095805,0.013927342,0.000959568,0.000774047,0.011329967,0.011390942,0.020522149,0.00916816,0.003421243,0.017565192,0.043127262,0.018549249,0.020776953,0.001029679,0.282640587,0.007443449,0.001293044,0.000689049,0.002078603,0.002867545,0.001833717,0.041020446,0.004332529,0.002695326,0.021110137,0.002661918,0.000370812,0.001077322,0.000697831,0.000445932,0.001620565,0.000700727,0.006461839,0.001896558,0,0.000843962,0.000190068,0.00036027,0.001093145,0.015173852,0.000825452,0.004368832,0.035904347,0.011099752,0.000230887,0.167286262,0.002959595,0.001938625,0.015599559,0.002067374,0.015236142,0.001346198,0.000576088,0.001028419,0.009130083,0.004303565,0.004374236,0.014812897,0.001220393,0.00680073,0.001850049,0.001026322,0.007525112
Bifidobacterium_catenulatum_DSM_16992,0.279630255,0.041399966,0.059808817,0.037447417,0.008323253,0.394032581,0.012952107,0.036477834,0.044947662,0.027684937,0.058924835,0.083192528,0.068785063,0.029579222,0.130663697,0.295866247,0.041165594,0.253526727,0.036421456,0.026725479,0.041487707,0.035866326,0.050177122,0.044384598,0.018910953,0.012891294,0.008038249,0.02197256,0.038919542,0.027563009,1,0.110799569,0.422383344,0.511529734,0.528542143,0.013459623,0.041009475,0.018475153,0.424342822,0.279627803,0.193398343,0.259313762,0.543933962,0.323480157,0.481405861,0.023416957,0.232809521,0.026058256,0.029399226,0.356565765,0.047742016,0.028953021,0.017603122,0.470050342,0.03481475,0.026580262,0.047298597,0.059454779,0.045004283,0.021482455,0.424805109,0.220937756,0.034546684,0.158374527,0.010051028,0.008847209,0.210805705,0.031146596,0.016291758,0.264654444,0.019822123,0.082393783,0.028362703,0.023300761,0.191829082,0.153038457,0.390939538,0.081682733,0.208421876,0.09448516,0.151522941,0.339770221,0.453701428,0.162224,0.265330796,0.266085594,0.264292369,0.080912945,0.41641861,0.567493424,0.053385645,0.06616059,0.427676217,0.034813615,0.028082817,0.319646261,0.341432077,0.176863647,0.296344547,0.116757372,0.316948377,0.138693437,0.426315432,0.442038405,0.037357262,0.046269395,0.240395234,0.046912277,0.024999036,0.075412792,0.10403598,0.066528193,0.188586805,0.155160807,0.097787805,0.28457459,0.096575748,0.013453265,0.039085791,0.025317666,0.016178646,0.058794927,0.025422746,0.070924839,0.068808074,0,0.030619361,0.006895757,0.01307077,0.03965985,0.09596176,0.029947802,0.158503442,0.100026493,0.349334079,0.008376696,0.027630671,0.107375595,0.070334286,0.358845217,0.069902161,0.048414744,0.04884076,0.020900752,0.037311559,0.280577256,0.156135512,0.158699521,0.369659386,0.044276464,0.214941382,0.06712071,0.037235477,0.079978039
Bifidobacterium_longum_longum_CCUG_52486,0.082455813,0.004841007,0.47071773,0.187975819,0.071179894,0.218398951,0.090174166,0.251176865,0.093917669,0.060571141,0.356443383,0.454545217,0.168581847,0.092405224,0.420985177,0.211973682,0.31174888,0.32420245,0.069174861,0.228554487,0.33765178,0.242195246,0.383460798,0.326263043,0.109756216,0.10524766,0.068742559,0.181745637,0.320226294,0.215328441,0.110799569,1,0.088659699,0.146460996,0.111311681,0.052761303,0.128894533,0.157998259,0.138568494,0.247144462,0.187865492,0.3919006,0.093511123,0.269968454,0.147541227,0.086155342,0.396062858,0.202258705,0.251420191,0.083211224,0.296969372,0.247604277,0.150540708,0.162354361,0.146287183,0.227312598,0.319307086,0.270169952,0.209853038,0.183716501,0.101674326,0.347184428,0.278003382,0.447144654,0.077574767,0.075660732,0.426209722,0.266363582,0.098605346,0.323436446,0.115009079,0.393207346,0.242555913,0.199266533,0.238739511,0.469717362,0.080469717,0.009551377,0.043314559,0.011048399,0.017110481,0.042081256,0.08586307,0.01896928,0.039383791,0.032394084,0.030695706,0.009461364,0.094959834,0.088529614,0.006242524,0.008797183,0.056317976,0.004070848,0.003283798,0.046951427,0.046588848,0.087062663,0.037871204,0.014514198,0.074518142,0.124473031,0.073705646,0.087235806,0.004368283,0.110345077,0.031577906,0.005485576,0.002923203,0.008818217,0.011554532,0.007779317,0.132982779,0.018380216,0.011434586,0.042238881,0.011292857,0.001573126,0.004570405,0.002960461,0.001891812,0.006875046,0.002972749,0.027413549,0.00804591,0,0.003580403,0.000806339,0.0015284,0.004637531,0.06437318,0.003501876,0.018534226,0.018157087,0.04062429,0.000979509,0.09640747,0.012555712,0.008224374,0.065158719,0.008770575,0.064637437,0.005711079,0.00244398,0.004362939,0.038733241,0.018175283,0.018557154,0.062549681,0.005177364,0.02838471,0.007848602,0.004354043,0.031919651
Bifidobacterium_pseudocatenulatum_DSM_20438,0.541782257,0.053823491,0.04600376,0.02165877,0.006402082,0.317632134,0.009962505,0.030415337,0.027478014,0.015955032,0.045323819,0.063990049,0.048806764,0.024891361,0.133108999,0.3736585,0.031663762,0.192376361,0.020912199,0.020556711,0.031911525,0.02758767,0.038595251,0.034139756,0.014545932,0.009915728,0.006182862,0.016900859,0.029936143,0.021200922,0.422383344,0.088659699,1,0.335492443,0.420113823,0.010137272,0.027175612,0.014210723,0.334928467,0.328873283,0.251735754,0.199459024,0.523858048,0.248814547,0.364577905,0.018011861,0.179072485,0.020043496,0.022613304,0.39228226,0.036722215,0.022270092,0.013539974,0.434050414,0.021693487,0.020445012,0.036381146,0.045731442,0.034616406,0.01652388,0.325980908,0.189120862,0.026572627,0.132806594,0.007731052,0.006805098,0.172326191,0.023957347,0.012531298,0.223956783,0.014722616,0.06337567,0.021816031,0.017922485,0.171872446,0.117714158,0.40313536,0.106194528,0.244896781,0.122838776,0.196992762,0.383544438,0.327452074,0.210905053,0.229882255,0.346333518,0.343602647,0.105193737,0.682641105,0.453938943,0.069405897,0.084588933,0.484833841,0.045260673,0.03651006,0.38222466,0.406006429,0.188961329,0.377542493,0.150231078,0.32287211,0.128831373,0.37889261,0.352933016,0.04856763,0.022358278,0.309501457,0.060989966,0.032500881,0.098043069,0.135255658,0.086492332,0.206525364,0.200287489,0.127132497,0.24355201,0.12555672,0.017490393,0.050814865,0.032915128,0.021033621,0.076438426,0.03305174,0.06291976,0.089456371,0,0.039807784,0.008965072,0.016993117,0.051561192,0.094022824,0.0389347,0.191274956,0.098523356,0.314335673,0.01089042,0.01778802,0.139597442,0.091440577,0.498639861,0.060142361,0.038787739,0.063497158,0.027172763,0.048508212,0.339616603,0.202989497,0.180931376,0.43069182,0.057563184,0.277143431,0.087262654,0.0484093,0.074133144
Blautia_hansenii_VPI_C7_24_DSM_20583,0.336308004,0.027980411,0.088493446,0.06029428,0.01231513,0.625783938,0.019164008,0.043923311,0.06378124,0.035626366,0.087185503,0.12309211,0.101774748,0.045774137,0.209774342,0.453431734,0.060908834,0.375119506,0.045574986,0.039543162,0.061385434,0.053068009,0.074242339,0.065671689,0.027980748,0.019074027,0.011893436,0.032510718,0.057585563,0.040782376,0.511529734,0.146460996,0.335492443,1,0.692560286,0.019914931,0.061439134,0.027335936,0.626119939,0.305926425,0.336822443,0.363990939,0.580571887,0.478622976,0.840774263,0.034647855,0.344466217,0.038555936,0.043499253,0.514015027,0.069547576,0.042839046,0.026045674,0.687960909,0.057195139,0.039328298,0.069983258,0.084025942,0.066588579,0.031785556,0.585406423,0.358810406,0.051115459,0.252982455,0.014871555,0.013090378,0.331488957,0.046084671,0.022900634,0.43080625,0.02932892,0.121910284,0.041965607,0.034475932,0.405047172,0.226436523,0.533226877,0.055205756,0.25480889,0.063858352,0.102407672,0.281963976,0.272893963,0.109640046,0.258496575,0.187233719,0.178623554,0.05468549,0.426819657,0.545477019,0.036081002,0.051389961,0.341503939,0.023528987,0.018979937,0.277815268,0.279310404,0.215575636,0.224806911,0.083890234,0.384417402,0.287271173,0.453036336,0.467718484,0.025248125,0.05421656,0.182516308,0.031705939,0.016895746,0.05096818,0.07031333,0.044963471,0.266839776,0.106235326,0.066090464,0.273483565,0.065271288,0.009092468,0.026416362,0.017111094,0.010934433,0.039736898,0.017182112,0.121176506,0.046504342,0,0.020694276,0.004660538,0.008833957,0.026804343,0.133601662,0.020240399,0.107125485,0.107125751,0.272170302,0.005661439,0.030836655,0.072570428,0.047535841,0.378630541,0.050692818,0.094339574,0.033009315,0.014125896,0.025217237,0.223873246,0.105525105,0.107258006,0.363218096,0.029924509,0.166756589,0.045363927,0.025165816,0.127197672
Bryantella_formatexigens_I_52_DSM_14469,0.378402361,0.040401408,0.061287046,0.044668459,0.00852897,0.433393103,0.013272231,0.031680633,0.045802995,0.028199544,0.060381217,0.085248707,0.070485149,0.033102262,0.156513255,0.398907607,0.04218304,0.259792873,0.035170563,0.027386024,0.042513114,0.036752795,0.051417296,0.045481604,0.019378355,0.013209914,0.008236922,0.022515632,0.039881474,0.028244254,0.528542143,0.111311681,0.420113823,0.692560286,1,0.01379229,0.048989034,0.018931784,0.544404887,0.286288293,0.299079777,0.265125042,0.769496039,0.331475266,0.645858932,0.023995728,0.238563622,0.02670231,0.030125855,0.557453816,0.048922003,0.029668622,0.018038199,0.648153886,0.043060737,0.027237217,0.048467625,0.06046147,0.046116605,0.022013414,0.630266115,0.251950252,0.035400537,0.17692736,0.010299449,0.009065876,0.229576087,0.031916413,0.016389027,0.2983593,0.020312045,0.084430221,0.029063713,0.023876661,0.284225434,0.156820943,0.684910703,0.079712564,0.359506594,0.0922062,0.147868242,0.393999874,0.294372411,0.158311194,0.266585416,0.270350066,0.257917696,0.078961343,0.563844871,0.777637189,0.052097995,0.07420287,0.493103555,0.033973919,0.027405466,0.397974344,0.403301214,0.238397854,0.32460266,0.121130587,0.389181167,0.264833104,0.550717438,0.519730253,0.036456213,0.041755576,0.263538513,0.045780764,0.024396065,0.073593853,0.101526656,0.064923548,0.253116934,0.153395059,0.095429185,0.285582176,0.094246363,0.013128775,0.03814305,0.02470701,0.01578842,0.057376807,0.024809555,0.110299806,0.067148438,0,0.029880829,0.006729433,0.012755506,0.038703264,0.128279534,0.029225468,0.154680375,0.104968369,0.349549775,0.008174652,0.025926501,0.10478572,0.068637839,0.508663045,0.073196253,0.078661743,0.047662732,0.020396631,0.036411612,0.314118962,0.152369558,0.154871724,0.504859849,0.043208526,0.240782777,0.065501773,0.036337366,0.118613921
Butyrivibrio_crossotus_DSM_2876,0.009549078,0.000557228,0.133519599,0.107339094,0.25494775,0.031795253,0.191378698,0.059072953,0.291769923,0.389073516,0.106826597,0.080108261,0.167609186,0.096101182,0.029557887,0.023678395,0.086747094,0.051014658,0.023585949,0.126784501,0.109249586,0.149020088,0.091443955,0.149885105,0.109739229,0.115592725,0.14723166,0.233286353,0.148910909,0.290853166,0.013459623,0.052761303,0.010137272,0.019914931,0.01379229,1,0.203584654,0.324357813,0.024735872,0.028161826,0.038833709,0.044182376,0.011856744,0.04046018,0.021205196,0.16952723,0.051094658,0.194569565,0.19889999,0.011384189,0.119430722,0.209213839,0.211749838,0.019169898,0.206098931,0.239295621,0.158673097,0.117456221,0.178082051,0.215926065,0.013676907,0.046190461,0.125544769,0.054747943,0.153185911,0.362131024,0.05216888,0.149415719,0.492329566,0.034327889,0.165098455,0.118778806,0.273829173,0.204131315,0.035536963,0.076876636,0.010628207,0.001099419,0.005074501,0.001271735,0.002039442,0.005615293,0.011395957,0.002183474,0.010022513,0.003728747,0.003557276,0.001089058,0.011429303,0.010863137,0.000718551,0.001023428,0.006801027,0.000468578,0.000377984,0.005532672,0.005562447,0.006888906,0.004477014,0.001670668,0.008577469,0.01902651,0.009058006,0.010145843,0.000502815,0.219544453,0.0036348,0.000631422,0.000336478,0.001015028,0.001400285,0.000895444,0.010658214,0.002115669,0.001316187,0.010308544,0.001299873,0.000181076,0.00052608,0.000340766,0.000217758,0.000791358,0.000342181,0.003155458,0.000926131,0,0.000412125,9.28E-05,0.000175928,0.000533807,0.007409725,0.000403086,0.002133397,0.017532882,0.005420253,0.000112747,0.076268149,0.001445235,0.000946673,0.007617607,0.001009544,0.007440143,0.000657378,0.000281316,0.0005022,0.00445842,0.002101525,0.002136036,0.007233463,0.000595945,0.003320946,0.000903419,0.000501175,0.003674677
Catenibacterium_mitsuokai_DSM_15897,0.029885247,0.002128522,0.31315023,0.234714208,0.101803622,0.066482167,0.165719497,0.052921814,0.137685868,0.203154039,0.21450058,0.182002627,0.21907954,0.106862185,0.11979168,0.050031065,0.132013839,0.110859367,0.121349249,0.239243326,0.237784915,0.291439004,0.202636238,0.319393351,0.122088076,0.104586268,0.132476994,0.338994116,0.319499902,0.297694132,0.041009475,0.128894533,0.027175612,0.061439134,0.048989034,0.203584654,1,0.356060348,0.052060536,0.086411,0.08314986,0.081067912,0.04206044,0.084156956,0.059153141,0.156287164,0.103136623,0.160088035,0.475453088,0.03201686,0.238012179,0.299485022,0.237165486,0.051954834,0.493699829,0.214496504,0.282781794,0.22135747,0.225867874,0.325810073,0.046476513,0.089933869,0.266312515,0.098930619,0.108334604,0.172079063,0.122232421,0.199114467,0.240402079,0.086947884,0.161406389,0.331666304,0.253245339,0.257615373,0.06049932,0.171559058,0.037167618,0.004199606,0.019383792,0.004857825,0.007790344,0.021085201,0.023030161,0.008340525,0.038284413,0.014243221,0.01358823,0.004160028,0.034653028,0.039696582,0.00274475,0.003909331,0.025332002,0.001789894,0.00144384,0.02113393,0.021247668,0.037652641,0.017101485,0.006381688,0.027530668,0.025881425,0.034600148,0.038755513,0.001920672,0.599856377,0.013884359,0.00241193,0.001285291,0.003877245,0.005348867,0.003420456,0.085045778,0.008081521,0.005027626,0.039377005,0.00496531,0.000691681,0.002009542,0.001301673,0.000831803,0.003022861,0.001307076,0.004155394,0.003537673,0,0.001574252,0.000354536,0.000672016,0.002039057,0.006819316,0.001539725,0.008149237,0.010901888,0.020704507,0.000430676,0.187150388,0.005520569,0.003616141,0.028629752,0.003594938,0.003582784,0.002511081,0.001074584,0.001918323,0.015359292,0.008027493,0.008159318,0.023854655,0.002276414,0.012685487,0.003450919,0.001914411,0.004787677
Clostridiales_sp_SS3_4,0.013107401,0.000764871,0.308903507,0.247858533,0.356162756,0.043682706,0.427414173,0.21209737,0.139228604,0.197115644,0.31353763,0.222077075,0.268592518,0.248424423,0.106760046,0.038031312,0.358522823,0.072872606,0.172540976,0.51930123,0.425908975,0.485395627,0.368198742,0.41625145,0.322187658,0.350813861,0.354642736,0.663652972,0.4747012,0.443721926,0.018475153,0.157998259,0.014210723,0.027335936,0.018931784,0.324357813,0.356060348,1,0.033953329,0.039076052,0.056450952,0.071246327,0.016274985,0.057113714,0.029106999,0.310852184,0.079357378,0.482520275,0.550884965,0.015626339,0.386978911,0.582445054,0.67058141,0.026313277,0.424721867,0.622241822,0.390606792,0.310742946,0.320781373,0.724579047,0.018773405,0.075140959,0.517687573,0.107003143,0.381310016,0.431346728,0.082464092,0.588400358,0.40973176,0.063452969,0.409276265,0.224229942,0.595339156,0.608976244,0.054256625,0.120722291,0.014588651,0.001509101,0.006965439,0.001745628,0.00279941,0.007707749,0.018495905,0.002997113,0.013757255,0.005118209,0.004882842,0.001494879,0.015688264,0.014911125,0.000986308,0.001404793,0.00933533,0.000643187,0.000518834,0.00759434,0.007635211,0.013755749,0.006145307,0.002293218,0.011773737,0.028907684,0.012433338,0.013926542,0.000690181,0.334765258,0.004989254,0.000866712,0.000461861,0.001393263,0.001922081,0.001229119,0.031689594,0.002904042,0.001806645,0.014149871,0.001784252,0.000248551,0.000722116,0.000467748,0.000298903,0.001086245,0.000469689,0.004331293,0.00127124,0,0.000565697,0.0001274,0.000241484,0.000732722,0.01017085,0.00055329,0.002928375,0.024066252,0.00744003,0.000154761,0.184570967,0.001983781,0.001299437,0.010456196,0.001385736,0.010212603,0.000902341,0.000386145,0.000689337,0.006119785,0.002884627,0.002931998,0.009928907,0.000818014,0.004558447,0.001240065,0.000687931,0.005043992
Clostridium_asparagiforme_DSM_15981,0.313224804,0.02252712,0.109915648,0.075741919,0.015296336,0.586467216,0.023803168,0.065402441,0.078469799,0.047717928,0.108291082,0.152889844,0.093913188,0.058603869,0.217993143,0.475009598,0.075653444,0.368255115,0.054836582,0.049115641,0.076245418,0.065914538,0.09221468,0.081569276,0.034754235,0.023691405,0.01477256,0.040380806,0.071525687,0.05065484,0.424342822,0.138568494,0.334928467,0.626119939,0.544404887,0.024735872,0.052060536,0.033953329,1,0.304892402,0.493131192,0.326311411,0.479333991,0.495708674,0.684869736,0.03664826,0.371686337,0.04788943,0.054029409,0.429008239,0.087739482,0.053209381,0.030863127,0.586202105,0.069222599,0.048848763,0.086924575,0.107377299,0.082708123,0.039480099,0.469403595,0.443017926,0.063489321,0.314296235,0.018471613,0.016259254,0.303118484,0.057240697,0.028251562,0.415888528,0.036428768,0.151421924,0.052124503,0.042821752,0.505758513,0.281251531,0.429667766,0.044446334,0.205147466,0.051412567,0.08244875,0.227010114,0.229287468,0.088271558,0.167661759,0.150742476,0.143810404,0.044027466,0.413317049,0.439165323,0.029048932,0.041374225,0.274945933,0.018943264,0.015280809,0.223669976,0.224873715,0.162998954,0.180992776,0.0675403,0.289245849,0.419485162,0.341122909,0.362288253,0.020327348,0.046133019,0.146944473,0.025526555,0.01360282,0.041034647,0.056609491,0.036200237,0.22395232,0.085530407,0.053209648,0.179463575,0.052550127,0.007320376,0.021267899,0.013776197,0.008803348,0.031992306,0.013833375,0.087997698,0.037440797,0,0.016661029,0.003752214,0.007112248,0.021580264,0.102280698,0.016295611,0.086247076,0.303127822,0.196604843,0.004558043,0.029931363,0.058426688,0.03827126,0.307957912,0.040812953,0.070556858,0.026575907,0.011372805,0.020302479,0.180241079,0.084958605,0.086353769,0.292428071,0.024092319,0.134256273,0.036522645,0.020261081,0.093294557
Clostridium_bartlettii_DSM_16795,0.279254089,0.019573899,0.126499218,0.087905096,0.017604177,0.33933765,0.027394481,0.081351565,0.08061279,0.049194578,0.108312812,0.131779129,0.113738146,0.034838696,0.134117424,0.285002558,0.058488285,0.313920769,0.036347948,0.056525984,0.077970574,0.075859421,0.095139225,0.091674187,0.036409518,0.023828744,0.017001376,0.046473277,0.082317155,0.05829741,0.279627803,0.247144462,0.328873283,0.305926425,0.286288293,0.028161826,0.086411,0.039076052,0.304892402,1,0.217326578,0.323301588,0.255305973,0.300037565,0.342761301,0.042388488,0.325416861,0.039756094,0.062181119,0.218670475,0.100163028,0.061237369,0.037231654,0.34601171,0.079576207,0.056218841,0.100039357,0.124426619,0.055243959,0.045436675,0.248600548,0.219309778,0.061894067,0.165643449,0.014290901,0.018712375,0.351191725,0.065876911,0.033937461,0.25061013,0.041257891,0.174267771,0.05998881,0.049282502,0.184532866,0.323685475,0.24285353,0.038619587,0.14388483,0.044672574,0.069663853,0.157214394,0.14929226,0.07669949,0.114750309,0.130980707,0.124674906,0.038255631,0.32797612,0.276146527,0.025240727,0.03523249,0.214855652,0.016459874,0.013277553,0.188440745,0.169514586,0.140755415,0.151045084,0.058686022,0.21809053,0.173826165,0.248431753,0.275054499,0.017662509,0.082478897,0.119330401,0.02218012,0.011819541,0.03565516,0.047226302,0.031454522,0.157191629,0.074317693,0.046234064,0.124837322,0.045661003,0.006360702,0.018479758,0.01197019,0.007649262,0.027798235,0.012019871,0.110842645,0.03253245,0,0.014476831,0.003260313,0.006179859,0.018751173,0.133302305,0.014159318,0.07494041,0.054598364,0.131031071,0.003960501,0.083044394,0.05076717,0.033254043,0.216253834,0.035462529,0.103159247,0.023091906,0.009881873,0.017640901,0.142844168,0.073820853,0.075033116,0.24855545,0.020933907,0.114538549,0.031734664,0.017604929,0.128563301
Clostridium_bolteae_ATCC_BAA_613,0.211031637,0.013549297,0.182746231,0.070738375,0.025431754,0.392938248,0.039575249,0.082856084,0.085251335,0.051392392,0.180045221,0.254195314,0.133326147,0.071573116,0.211338608,0.402329399,0.118861982,0.323942993,0.046503196,0.081659877,0.126765961,0.109589795,0.153316526,0.13561743,0.056901108,0.039389432,0.024560922,0.067137302,0.118918915,0.072444451,0.193398343,0.187865492,0.251735754,0.336822443,0.299079777,0.038833709,0.08314986,0.056450952,0.493131192,0.217326578,1,0.322652864,0.268526274,0.400304347,0.34715768,0.054694752,0.363344331,0.079621173,0.089829529,0.264188317,0.105752396,0.088466147,0.045853229,0.343113427,0.110740957,0.081216164,0.13289543,0.178401943,0.137510882,0.065639783,0.296858934,0.483384017,0.10555762,0.439661437,0.030710983,0.027032705,0.360294625,0.09516863,0.04184172,0.418138061,0.047618764,0.223690175,0.086662425,0.07119563,0.362935829,0.37535367,0.258430561,0.026732959,0.12338923,0.030922912,0.049590121,0.13653887,0.13367801,0.053092342,0.092626436,0.090666477,0.086497071,0.026481025,0.277909651,0.240069316,0.017471946,0.02488519,0.165370635,0.01139373,0.009190887,0.13452989,0.135253898,0.111050611,0.108861004,0.040623196,0.170474419,0.271294752,0.194475079,0.191545438,0.012226209,0.075434016,0.088382107,0.015353355,0.008181634,0.024680946,0.034048685,0.021773212,0.162820301,0.051443633,0.032003795,0.100037177,0.031607115,0.004402957,0.012791918,0.008285914,0.005294914,0.019242285,0.008320305,0.044603223,0.022519367,0,0.010021043,0.002256829,0.004277775,0.012979796,0.057007928,0.009801256,0.051874686,0.329230159,0.101781963,0.002741508,0.022650852,0.035141667,0.023018863,0.185226219,0.024547604,0.037502464,0.015984505,0.006840356,0.012211251,0.108408884,0.051099714,0.051938858,0.175885548,0.014490711,0.080750586,0.02196713,0.012186352,0.048179713
Clostridium_leptum_DSM_753,0.1556725,0.010735581,0.230642663,0.114953897,0.032097227,0.5135092,0.044959684,0.113237035,0.083497138,0.04594257,0.227233737,0.320818019,0.187274437,0.088234777,0.263058549,0.44191944,0.158080126,0.674989302,0.06403169,0.103062325,0.159990378,0.138312467,0.193499649,0.171161752,0.066101838,0.04971311,0.030998157,0.08473349,0.15008668,0.106292119,0.259313762,0.3919006,0.199459024,0.363990939,0.265125042,0.044182376,0.081067912,0.071246327,0.326311411,0.323301588,0.322652864,1,0.228432614,0.583053285,0.393820697,0.074711476,0.716977116,0.100489291,0.113373182,0.219328348,0.158129128,0.111652467,0.067883486,0.369328186,0.090872219,0.102502318,0.176615085,0.215356845,0.151568625,0.082843483,0.263499964,0.602689761,0.133223488,0.457087472,0.038326176,0.034117777,0.740056413,0.120111621,0.054169596,0.555337299,0.066534652,0.317737795,0.109376003,0.089855476,0.452387798,0.534590217,0.203087171,0.021181457,0.095445832,0.024501302,0.039291984,0.108184512,0.203986999,0.042066916,0.126843628,0.071838214,0.068534648,0.02098184,0.220197516,0.209289732,0.013843632,0.019717405,0.131028926,0.00902765,0.007282261,0.105404674,0.107166384,0.079484221,0.086254373,0.032187176,0.134326744,0.234719102,0.157255788,0.169736328,0.009687252,0.094150661,0.070028228,0.012164999,0.006482594,0.019555575,0.026977961,0.017251676,0.126796703,0.040760586,0.025357724,0.133189557,0.025043421,0.003488617,0.010135483,0.006565219,0.004195345,0.015246334,0.006592468,0.060793211,0.01784288,0,0.007940022,0.001788165,0.003389431,0.010284345,0.142756134,0.007765877,0.041102124,0.065424954,0.104426855,0.002172192,0.05909187,0.027843969,0.018238648,0.146761198,0.019449923,0.130657332,0.012665081,0.005419853,0.009675401,0.085896143,0.040488087,0.04115297,0.139159165,0.011481496,0.063981507,0.017405324,0.009655672,0.070796515
Clostridium_methylpentosum_R2_DSM_5476,0.403119358,0.046996708,0.052686306,0.036960656,0.007332054,0.372572725,0.011409667,0.028593342,0.040570159,0.024387994,0.051907597,0.073285299,0.06059359,0.028507102,0.152101953,0.370975377,0.036263267,0.223334745,0.031940261,0.023542796,0.03654702,0.031595078,0.044201631,0.039098926,0.016658886,0.011356096,0.00708099,0.019355893,0.034284693,0.024280587,0.543933962,0.093511123,0.523858048,0.580571887,0.769496039,0.011856744,0.04206044,0.016274985,0.479333991,0.255305973,0.268526274,0.228432614,1,0.284957564,0.559143341,0.020628279,0.205084709,0.022955032,0.025898132,0.588763572,0.042056516,0.025505065,0.015506802,0.555972007,0.035378055,0.023414873,0.041665903,0.05237443,0.039644815,0.018924153,0.551797887,0.216592722,0.03043259,0.152098195,0.008854072,0.007793613,0.197358443,0.027437412,0.014351606,0.256488939,0.017461547,0.072581675,0.024985046,0.020525921,0.253523029,0.134813419,0.683495021,0.092725186,0.336426541,0.107258337,0.172006891,0.473594859,0.3297474,0.184154596,0.294475886,0.314483176,0.300021293,0.091851333,0.652980691,0.749722909,0.060602697,0.086316066,0.549808441,0.039519968,0.031879252,0.378480844,0.469137844,0.214049447,0.372832482,0.140904467,0.3414131,0.236888083,0.488187527,0.460015851,0.042407482,0.036095408,0.306559676,0.053254213,0.028378584,0.085607631,0.118100305,0.075521948,0.255515549,0.17843593,0.111007457,0.315707158,0.109631546,0.015271973,0.044369686,0.028740288,0.01836579,0.066743244,0.028859574,0.091943128,0.078110039,0,0.034758704,0.007827974,0.01483777,0.045021351,0.115248716,0.03399636,0.179931066,0.119153546,0.40054448,0.009509117,0.022525534,0.121891393,0.079842575,0.595671547,0.085145125,0.062130964,0.055443401,0.023726265,0.042355601,0.326337426,0.177243022,0.180153653,0.449799346,0.050262072,0.274169754,0.076194566,0.042269234,0.101607835
Clostridium_nexile_DSM_1787,0.229496554,0.013392067,0.184891763,0.107337231,0.025730335,0.764837426,0.038594159,0.084522498,0.097851941,0.051397239,0.182159042,0.253275615,0.163136302,0.081710415,0.292619469,0.541599974,0.127258484,0.737926631,0.068028838,0.082618605,0.128254256,0.110876434,0.155116538,0.137209646,0.058460938,0.039851884,0.02484928,0.067925527,0.120315083,0.085207728,0.323480157,0.269968454,0.248814547,0.478622976,0.331475266,0.04046018,0.084156956,0.057113714,0.495708674,0.300037565,0.400304347,0.583053285,0.284957564,1,0.509632401,0.069128668,0.719702635,0.080555965,0.090884172,0.273600475,0.117455194,0.089504783,0.054417935,0.460717312,0.097886114,0.082169682,0.146217924,0.167934536,0.132439429,0.066410426,0.328702221,0.657501198,0.106796919,0.468127668,0.031071545,0.027350083,0.587107647,0.096285957,0.042451177,0.641625465,0.060354144,0.254710471,0.087679885,0.072031502,0.601523801,0.473099984,0.255431666,0.026422743,0.121957389,0.030564074,0.049014665,0.134954437,0.190053083,0.052476245,0.192009079,0.08961436,0.085493337,0.026173732,0.274684715,0.261077834,0.017269197,0.024596416,0.163451632,0.011261514,0.009084234,0.13296877,0.133684377,0.171549467,0.107597753,0.040151794,0.206145527,0.327762165,0.217694441,0.243838837,0.012084333,0.076139751,0.087356498,0.015175191,0.008086692,0.024394542,0.033653575,0.02152055,0.214793821,0.050846668,0.031632415,0.200146195,0.031240338,0.004351864,0.012643478,0.008189763,0.005233471,0.019018992,0.008223754,0.075836304,0.022258046,0,0.009904756,0.00223064,0.004228135,0.012829175,0.14173715,0.00968752,0.051272718,0.136090539,0.13026696,0.002709695,0.042121461,0.034733874,0.022751746,0.183076806,0.024262747,0.11917762,0.015799017,0.006760979,0.012069549,0.107150879,0.05050674,0.051336146,0.173844526,0.014322557,0.079813535,0.021712218,0.012044938,0.088314895
Clostridium_scindens_ATCC_35704,0.348786599,0.026277896,0.094226833,0.063581115,0.013113012,0.66632775,0.020405621,0.047148542,0.065216089,0.03668527,0.09283415,0.131067105,0.105826168,0.049311611,0.22601686,0.47788383,0.064855047,0.399423062,0.046579269,0.042105118,0.065362525,0.056506223,0.079052414,0.069926481,0.029793588,0.020309811,0.012663998,0.03461705,0.061316464,0.043424619,0.481405861,0.147541227,0.364577905,0.840774263,0.645858932,0.021205196,0.059153141,0.029106999,0.684869736,0.342761301,0.34715768,0.393820697,0.559143341,0.509632401,1,0.036892649,0.366783782,0.04105393,0.046317519,0.490703644,0.075215983,0.045614538,0.027733143,0.653365369,0.059333057,0.041876333,0.074517392,0.091098132,0.070902775,0.033844905,0.551671134,0.381270598,0.05442717,0.264245584,0.015835066,0.013938488,0.35296574,0.049070443,0.024820063,0.454468158,0.031229106,0.129808709,0.04468451,0.036709587,0.432420045,0.241107081,0.501207665,0.051846671,0.239304622,0.059972785,0.096176508,0.264807412,0.263054192,0.102968816,0.259459598,0.175841174,0.167754908,0.051358061,0.454924989,0.512286569,0.033885594,0.048263054,0.320724568,0.022097327,0.017825072,0.260911139,0.262315301,0.191504127,0.211128163,0.078785794,0.343909641,0.324328951,0.406282256,0.423687956,0.023711861,0.053326054,0.171410802,0.029776739,0.015867696,0.047866937,0.066034999,0.042227594,0.251393483,0.099771262,0.062069081,0.273839145,0.061299749,0.008539222,0.024809015,0.016069941,0.010269109,0.03731904,0.016136638,0.138878404,0.043674708,0,0.019435098,0.00437696,0.00829644,0.025173389,0.148392203,0.019008838,0.100607258,0.126594766,0.255609651,0.00531696,0.032618722,0.068154761,0.044643444,0.359233058,0.04760833,0.109855485,0.031000809,0.013266383,0.023682852,0.210251309,0.099104256,0.100731715,0.341117492,0.028103703,0.156610009,0.042603684,0.023634561,0.144388822
Clostridium_sp_L2_50,0.016613418,0.000969461,0.196898118,0.073384106,0.355436996,0.055367121,0.38903956,0.0447528,0.215510637,0.031505119,0.225361291,0.153941753,0.197425215,0.100052981,0.051380565,0.042784668,0.125868417,0.088699037,0.399664522,0.273736116,0.165047751,0.27000965,0.20755733,0.244951309,0.136763757,0.156555917,0.211329179,0.308427544,0.269411799,0.241731734,0.023416957,0.086155342,0.018011861,0.034647855,0.023995728,0.16952723,0.156287164,0.310852184,0.03664826,0.042388488,0.054694752,0.074711476,0.020628279,0.069128668,0.036892649,1,0.083950267,0.18135725,0.259925236,0.019806131,0.146393533,0.216653527,0.351917024,0.033351651,0.187056904,0.253957525,0.246872634,0.283633196,0.191121457,0.37506162,0.023794986,0.072871037,0.286805413,0.085920316,0.253028287,0.326515116,0.087989689,0.299895115,0.252014049,0.06094068,0.204735889,0.175219619,0.22969078,0.279087324,0.0497589,0.120635028,0.018490879,0.001912761,0.008828581,0.002212555,0.003548206,0.009769447,0.023443259,0.003798792,0.017437097,0.006487247,0.006188923,0.001894735,0.01988462,0.018899609,0.001250129,0.001780552,0.011832379,0.000815229,0.000657614,0.009625703,0.009677506,0.011414596,0.007789077,0.002906617,0.01492302,0.032935213,0.015759054,0.017651665,0.000874793,0.202995129,0.006323799,0.001098543,0.000585401,0.001765938,0.002436206,0.001557888,0.01783979,0.003680826,0.002289893,0.017934731,0.00226151,0.000315035,0.00091527,0.000592863,0.000378855,0.001376798,0.000595323,0.005489844,0.001611276,0,0.000717012,0.000161478,0.000306078,0.000928713,0.012891388,0.000701286,0.003711668,0.01073509,0.009430117,0.000196157,0.122648007,0.00251441,0.001647015,0.013253059,0.001756397,0.012944308,0.001143702,0.000489432,0.000873723,0.007756728,0.003656219,0.00371626,0.012584728,0.00103682,0.005777758,0.001571763,0.000871942,0.006393178
Clostridium_sp_M62_1,0.165169275,0.009638306,0.256900217,0.148204137,0.035751342,0.55045551,0.048170643,0.125815702,0.111899422,0.060868314,0.253103202,0.352447668,0.195466771,0.090049969,0.26886869,0.42993763,0.171289446,0.749106477,0.077995046,0.114795473,0.178204511,0.154058674,0.215528651,0.190647692,0.080922016,0.055372708,0.034527148,0.09437999,0.167173325,0.118392964,0.232809521,0.396062858,0.179072485,0.344466217,0.238563622,0.051094658,0.103136623,0.079357378,0.371686337,0.325416861,0.363344331,0.716977116,0.205084709,0.719702635,0.366783782,0.083950267,1,0.111185653,0.126280171,0.196910983,0.164875236,0.124363562,0.075611694,0.331579464,0.118038587,0.114171713,0.18715388,0.237143199,0.14900639,0.092274814,0.236567855,0.627113384,0.14839034,0.554603609,0.041683022,0.038001921,0.714493739,0.13378575,0.05404862,0.550266494,0.082031526,0.340770467,0.121827933,0.100085088,0.585946761,0.642802699,0.183834843,0.019016518,0.087773054,0.021997045,0.035275983,0.097127064,0.166423367,0.037767292,0.141293761,0.064495691,0.06152978,0.018837304,0.197691313,0.187898405,0.012428686,0.017702105,0.11763657,0.008104941,0.006537947,0.095697974,0.096212998,0.130347481,0.077438386,0.028897352,0.148363479,0.267719678,0.156675263,0.175491453,0.008697126,0.100860141,0.062870702,0.010921625,0.005820014,0.017556816,0.024220567,0.015488397,0.169098432,0.036594481,0.022765932,0.147174218,0.022483754,0.003132048,0.009099544,0.005894194,0.003766543,0.013688019,0.005918657,0.054579588,0.016019175,0,0.007128479,0.001605398,0.003043,0.009233191,0.118141757,0.006972134,0.03690111,0.109971207,0.093753474,0.001950175,0.059777497,0.024998061,0.016374491,0.13176086,0.017461963,0.101803481,0.011370594,0.004865894,0.008686486,0.07711677,0.036349834,0.03694676,0.125116364,0.010307982,0.057442011,0.01562634,0.008668774,0.063560463
Clostridium_sp_SS2_1,0.018487316,0.001078811,0.33092489,0.290540026,0.309024971,0.061612217,0.282165807,0.461818041,0.091895982,0.073136865,0.354012066,0.283514278,0.371133618,0.150717833,0.137481655,0.053641215,0.572060237,0.102783074,0.086635696,0.35458221,0.480580298,0.311104675,0.369017645,0.407762236,0.26556911,0.33686914,0.283586024,0.299246982,0.374245323,0.305404301,0.026058256,0.202258705,0.020043496,0.038555936,0.02670231,0.194569565,0.160088035,0.482520275,0.04788943,0.039756094,0.079621173,0.100489291,0.022955032,0.080555965,0.04105393,0.18135725,0.111185653,1,0.379404043,0.02204015,0.264518128,0.609036101,0.485606789,0.037113528,0.220879877,0.705109238,0.292769995,0.242118849,0.503563905,0.40649289,0.026478925,0.10598247,0.452927028,0.150922446,0.330693954,0.296806322,0.111628679,0.476769727,0.308862572,0.08949716,0.226068135,0.222141269,0.590775388,0.505000254,0.076526188,0.152136686,0.020576544,0.00212851,0.009824395,0.002462119,0.003948424,0.010871385,0.026087525,0.004227275,0.019403903,0.007218971,0.006886998,0.00210845,0.022127492,0.021031377,0.001391137,0.001981388,0.013167004,0.000907182,0.000731789,0.010711428,0.010769074,0.019401779,0.008667641,0.003234466,0.016606252,0.040772806,0.017536586,0.019642673,0.000973465,0.242885692,0.007037087,0.001222452,0.000651431,0.001965126,0.002710996,0.001733609,0.035734835,0.004096002,0.00254818,0.019957667,0.002516596,0.000350569,0.001018508,0.000659734,0.000421587,0.001532093,0.000662472,0.006109067,0.001793018,0,0.000797887,0.000179691,0.000340601,0.001033467,0.014345463,0.000780388,0.004130323,0.033944214,0.010493781,0.000218282,0.037891209,0.002798021,0.001832789,0.014747929,0.001954509,0.014404352,0.001272705,0.000544637,0.000972274,0.008631643,0.004068619,0.004135433,0.014004214,0.001153767,0.006429456,0.001749049,0.000970292,0.007114292
Collinsella_aerofaciens_ATCC_25986,0.020857604,0.001217127,0.462365021,0.274874979,0.231631238,0.069511616,0.34309655,0.263608653,0.169719622,0.13799494,0.374347228,0.300670057,0.203354729,0.16600317,0.169885615,0.06051864,0.405830926,0.115961053,0.138881724,0.471503838,0.461588668,0.527305096,0.410573295,0.459341262,0.237565827,0.303365929,0.252338049,0.576567725,0.486755213,0.419660849,0.029399226,0.251420191,0.022613304,0.043499253,0.030125855,0.19889999,0.475453088,0.550884965,0.054029409,0.062181119,0.089829529,0.113373182,0.025898132,0.090884172,0.046317519,0.259925236,0.126280171,0.379404043,1,0.024865953,0.360118125,0.594520811,0.462569461,0.041871912,0.486088193,0.435839956,0.479819975,0.395435023,0.424600513,0.604920936,0.029873829,0.119570649,0.507911062,0.17027245,0.270095063,0.300933397,0.131223837,0.44005456,0.372191489,0.100971731,0.314211277,0.356813647,0.463608012,0.597111875,0.086337731,0.19210352,0.023214695,0.002401409,0.011083996,0.002777791,0.004454657,0.012265222,0.029432248,0.00476926,0.021891707,0.008144527,0.007769991,0.002378778,0.024964493,0.023727843,0.001569497,0.002235425,0.014855166,0.001023493,0.000825613,0.012084757,0.012149794,0.021889311,0.009778933,0.003649163,0.018735366,0.046000352,0.019784979,0.022161091,0.001098275,0.386260206,0.007939323,0.001379185,0.000734952,0.002217078,0.003058577,0.001955877,0.050427163,0.004621157,0.002874886,0.022516471,0.002839252,0.000395516,0.001149092,0.00074432,0.00047564,0.001728525,0.000747409,0.00689232,0.002022904,0,0.000900186,0.00020273,0.000384271,0.001165969,0.016184717,0.000880442,0.004659879,0.036978549,0.011839205,0.000246268,0.221756127,0.003156759,0.002067774,0.016638784,0.0022051,0.016251157,0.001435881,0.000614466,0.001096931,0.009738319,0.004590263,0.004665643,0.015799716,0.001301694,0.007253787,0.001973297,0.001094694,0.008026426
Coprobacillus_sp_D7,0.342879203,0.04894753,0.050586474,0.03599884,0.007039832,0.357723701,0.010954931,0.032964894,0.036869625,0.022258817,0.0498388,0.070364486,0.05810462,0.027370941,0.144607922,0.401493693,0.034817982,0.214433657,0.028962854,0.022604489,0.035090425,0.030335845,0.042439958,0.037540624,0.01599494,0.010903494,0.006798775,0.018584457,0.032918264,0.023312875,0.356565765,0.083211224,0.39228226,0.514015027,0.557453816,0.011384189,0.03201686,0.015626339,0.429008239,0.218670475,0.264188317,0.219328348,0.588763572,0.273600475,0.490703644,0.019806131,0.196910983,0.02204015,0.024865953,1,0.040380338,0.024488551,0.014888773,0.496091906,0.031806008,0.022481664,0.040005293,0.050287028,0.038064756,0.018169924,0.498544669,0.207960339,0.029219688,0.146036265,0.00850119,0.007482996,0.18949265,0.026343884,0.013779617,0.246266478,0.016765611,0.069688906,0.023989258,0.019707853,0.278232711,0.12944038,0.623681712,0.095648127,0.391695265,0.111710605,0.179146855,0.425807225,0.235395236,0.191798809,0.177691662,0.293468582,0.263693667,0.095664059,0.504677982,0.522345217,0.0631183,0.089899025,0.491812934,0.041160432,0.033202552,0.42021769,0.391789588,0.235486809,0.355376887,0.146753377,0.361031658,0.331764898,0.369894002,0.345881021,0.044167807,0.024228665,0.278243823,0.055464783,0.029556572,0.089161182,0.106389398,0.078656846,0.289536964,0.185842762,0.11561535,0.140568576,0.100402742,0.015905908,0.046211461,0.029933291,0.01912815,0.06951374,0.030057527,0.148727494,0.081352368,0,0.03620153,0.008152911,0.015453682,0.046890177,0.1612282,0.03540754,0.187399961,0.162059255,0.214116964,0.009903838,0.01873853,0.102078701,0.083156821,0.550319947,0.088679478,0.102313724,0.057744843,0.024711136,0.044113771,0.391632651,0.184600337,0.187631787,0.480439551,0.052348438,0.29067797,0.079357383,0.04402382,0.157671792
Coprococcus_eutactus_ATCC_27759,0.031390692,0.001976518,0.324996949,0.396238891,0.154091071,0.104720226,0.152440801,0.298738854,0.106375221,0.188270288,0.3356563,0.331482394,0.147804696,0.183416624,0.18184387,0.090986602,0.369857299,0.134850136,0.16886336,0.319275027,0.400872902,0.269394657,0.425671927,0.302656083,0.133999384,0.151570923,0.159096446,0.388842932,0.348719274,0.417116979,0.047742016,0.296969372,0.036722215,0.069547576,0.048922003,0.119430722,0.238012179,0.386978911,0.087739482,0.100163028,0.105752396,0.158129128,0.042056516,0.117455194,0.075215983,0.146393533,0.164875236,0.264518128,0.360118125,0.040380338,1,0.268152129,0.279545333,0.066591257,0.202790381,0.333202243,0.415332866,0.325973105,0.184861927,0.411993281,0.045282,0.139279173,0.435139459,0.193254223,0.139546909,0.185312851,0.158889772,0.425860682,0.16041104,0.135125485,0.16372826,0.250880916,0.248993518,0.24301917,0.116955135,0.196010407,0.037698827,0.003899698,0.017999532,0.004510912,0.007234011,0.01991775,0.04779564,0.007744901,0.025097933,0.013226067,0.01261785,0.003862947,0.04054036,0.038532138,0.002548738,0.003630153,0.024123614,0.001662072,0.00134073,0.019624688,0.019730303,0.017966941,0.015880212,0.005925951,0.027428679,0.050860896,0.031467351,0.033974962,0.001783511,0.315703302,0.012892832,0.002239687,0.001193504,0.003600359,0.004966887,0.00317619,0.030514773,0.007504394,0.004668587,0.026301708,0.004610721,0.000642286,0.001866034,0.001208716,0.000772401,0.002806988,0.001213733,0.011192581,0.003285036,0,0.00146183,0.000329217,0.000624025,0.001893441,0.014059151,0.001429768,0.007567274,0.062190086,0.019225931,0.00039992,0.18461581,0.005126327,0.003357901,0.027020068,0.003580907,0.011002964,0.002331756,0.000997844,0.001781329,0.015814259,0.007454224,0.007576635,0.025657488,0.002113848,0.011779576,0.003204478,0.001777697,0.01223824
Dorea_formicigenerans_ATCC_27755,0.020541039,0.001198654,0.461349896,0.17012343,0.244334665,0.068456608,0.349270324,0.27442386,0.120684462,0.095169919,0.454406962,0.345760432,0.420920185,0.233010946,0.167307186,0.059600122,0.472016974,0.114201061,0.166586008,0.539755759,0.57005992,0.53998685,0.493658052,0.562151013,0.260118444,0.286607129,0.259906037,0.459788591,0.55855234,0.280200992,0.028953021,0.247604277,0.022270092,0.042839046,0.029668622,0.209213839,0.299485022,0.582445054,0.053209381,0.061237369,0.088466147,0.111652467,0.025505065,0.089504783,0.045614538,0.216653527,0.124363562,0.609036101,0.594520811,0.024488551,0.268152129,1,0.514099539,0.041236403,0.398158982,0.686989316,0.415257989,0.344751917,0.471405342,0.494147766,0.029420421,0.117755873,0.539414975,0.16768815,0.284825451,0.271148753,0.129232196,0.493482283,0.316782259,0.099439239,0.282363782,0.319610357,0.737431182,0.669147465,0.085027345,0.18918788,0.022862356,0.002364962,0.01091577,0.002735631,0.004387047,0.012079068,0.028985542,0.004696875,0.021559447,0.008020914,0.007652063,0.002342674,0.024585596,0.023367715,0.001545676,0.002201497,0.014629703,0.001007959,0.000813082,0.011901341,0.011965391,0.021557088,0.009630514,0.003593778,0.018451011,0.045302184,0.019484694,0.021824742,0.001081606,0.310995877,0.007818824,0.001358252,0.000723798,0.002183428,0.003012156,0.001926192,0.049661808,0.00455102,0.002831252,0.022174728,0.00279616,0.000389513,0.001131652,0.000733023,0.000468421,0.001702291,0.000736065,0.006787712,0.001992202,0,0.000886523,0.000199653,0.000378438,0.001148272,0.015939075,0.000867079,0.004589154,0.037715016,0.011659516,0.000242531,0.099653636,0.003108848,0.00203639,0.01638625,0.002171632,0.016004506,0.001414088,0.00060514,0.001080282,0.009590516,0.004520595,0.004594831,0.015559917,0.001281937,0.007143693,0.001943347,0.00107808,0.007904606
Dorea_longicatena_DSM_13814,0.012488729,0.000728769,0.265588778,0.245011291,0.375123265,0.041620873,0.479232625,0.225630222,0.129670993,0.060037321,0.257862399,0.191445305,0.255914896,0.214779874,0.10172095,0.036236226,0.303718347,0.069433004,0.24665863,0.530211742,0.352203718,0.409313735,0.310632511,0.316304816,0.363093108,0.372718945,0.390144531,0.547109588,0.365155521,0.345125204,0.017603122,0.150540708,0.013539974,0.026045674,0.018038199,0.211749838,0.237165486,0.67058141,0.030863127,0.037231654,0.045853229,0.067883486,0.015506802,0.054417935,0.027733143,0.351917024,0.075611694,0.485606789,0.462569461,0.014888773,0.279545333,0.514099539,1,0.025071285,0.261605016,0.554250509,0.315348288,0.278218294,0.238552403,0.658132347,0.017887296,0.068352796,0.461440338,0.100279101,0.463355732,0.450614058,0.07857177,0.458341401,0.346499557,0.060457976,0.416748939,0.210395643,0.466327189,0.531418164,0.049492277,0.113149701,0.013900064,0.001437871,0.006636669,0.001663234,0.002667277,0.007343942,0.017622894,0.002855649,0.01310791,0.004876628,0.004652371,0.00142432,0.014947775,0.014207317,0.000939754,0.001338486,0.0088947,0.000612828,0.000494345,0.007235886,0.007274828,0.013106475,0.005855248,0.002184978,0.011218014,0.027543236,0.011846482,0.013269206,0.000657604,0.243598957,0.00475376,0.000825803,0.000440061,0.001327501,0.001831358,0.001171104,0.030193839,0.002766971,0.001721371,0.013481994,0.001700035,0.000236819,0.000688032,0.00044567,0.000284795,0.001034974,0.00044752,0.004126855,0.001211237,0,0.000538996,0.000121387,0.000230086,0.000698137,0.009690784,0.000527175,0.002790155,0.01128622,0.007088859,0.000147456,0.172900629,0.001890146,0.001238103,0.009962662,0.001320329,0.009730566,0.00085975,0.000367918,0.0006568,0.00583093,0.002748472,0.002793607,0.00946026,0.000779404,0.004343288,0.001181534,0.000655461,0.004805914
Enterococcus_faecalis_TX0104,0.375852452,0.029067862,0.085182836,0.053577858,0.011854411,0.602372866,0.018447067,0.046405239,0.055645414,0.030477382,0.083923824,0.118487137,0.097967274,0.043569412,0.178003743,0.4969675,0.058630186,0.361085989,0.039923723,0.038063822,0.059088956,0.051082692,0.071464875,0.063214859,0.026933966,0.018360453,0.011448493,0.031294466,0.055431242,0.039256675,0.470050342,0.162354361,0.434050414,0.687960909,0.648153886,0.019169898,0.051954834,0.026313277,0.586202105,0.34601171,0.343113427,0.369328186,0.555972007,0.460717312,0.653365369,0.033351651,0.331579464,0.037113528,0.041871912,0.496091906,0.066591257,0.041236403,0.025071285,1,0.046723863,0.037856995,0.067365129,0.084678597,0.064097447,0.030596433,0.560671261,0.343830339,0.049203189,0.244279515,0.014315199,0.012600657,0.319087693,0.044360607,0.021677932,0.414689448,0.028231702,0.117349524,0.040395641,0.03318616,0.367869574,0.217965353,0.471935794,0.057351314,0.247625244,0.066340191,0.106387721,0.271322982,0.255603052,0.113901179,0.184919083,0.194510511,0.185565714,0.056810828,0.53520329,0.53251673,0.037483282,0.053387219,0.354776405,0.024443435,0.019717588,0.274753751,0.290165734,0.177819074,0.233543976,0.087150607,0.333080094,0.232947305,0.396281038,0.424467009,0.026229387,0.046791345,0.189609759,0.032938182,0.017552395,0.052949045,0.07304604,0.046710965,0.209254054,0.110364136,0.068659053,0.199223164,0.067808041,0.009445845,0.027443027,0.017776112,0.011359397,0.041281262,0.017849891,0.118201938,0.048311721,0,0.021498553,0.004841668,0.009177287,0.027846088,0.131397153,0.021027037,0.11128889,0.08195192,0.225187351,0.00588147,0.030637998,0.07539086,0.04938331,0.397373403,0.052662982,0.091231136,0.034292214,0.014674896,0.026197298,0.232574024,0.109626312,0.111426562,0.365807598,0.031087517,0.173237543,0.047126985,0.02614388,0.124455698
Eubacterium_biforme_DSM_3989,0.023554592,0.001785868,0.348159993,0.234443526,0.163046173,0.074173068,0.257542248,0.104844762,0.113114762,0.243104066,0.351374086,0.24429998,0.211679188,0.235905891,0.108710937,0.049813812,0.227595502,0.121930528,0.114868334,0.403185194,0.332423489,0.453863276,0.34263524,0.506488312,0.271113512,0.191502291,0.186342605,0.486993173,0.453195929,0.232564201,0.03481475,0.146287183,0.021693487,0.057195139,0.043060737,0.206098931,0.493699829,0.424721867,0.069222599,0.079576207,0.110740957,0.090872219,0.035378055,0.097886114,0.059333057,0.187056904,0.118038587,0.220879877,0.486088193,0.031806008,0.202790381,0.398158982,0.261605016,0.046723863,1,0.29537814,0.374575464,0.313040985,0.312822543,0.410755601,0.043833311,0.121387276,0.312190346,0.127976131,0.17901417,0.205095913,0.126194625,0.399582578,0.208356759,0.087915427,0.293822797,0.384862622,0.409761296,0.4269022,0.08899529,0.188176545,0.033408593,0.003523543,0.016263341,0.0040758,0.006536235,0.017996531,0.019561296,0.006997846,0.032121293,0.011950312,0.011400763,0.003490336,0.02809675,0.034530099,0.002302893,0.003279997,0.021796708,0.001501753,0.001211407,0.017731737,0.017827165,0.032117777,0.014348445,0.005354348,0.025920713,0.067495456,0.02903013,0.032516554,0.001611478,0.334258988,0.01164922,0.002023652,0.001078382,0.003253077,0.004487793,0.002869822,0.072306556,0.006780538,0.004218266,0.033037997,0.004165982,0.000580333,0.001686041,0.001092127,0.000697897,0.002536233,0.001096659,0.010112972,0.002968169,0,0.001320825,0.000297462,0.000563833,0.001710804,0.023747533,0.001291856,0.006837353,0.056191379,0.017371444,0.000361345,0.265900646,0.004631854,0.003034006,0.022416993,0.003235502,0.023845018,0.002106841,0.000901594,0.001609506,0.013692731,0.006735207,0.006845811,0.023182628,0.001909951,0.010643346,0.002895382,0.001606224,0.011777025
Eubacterium_hallii_DSM_3353,0.018857659,0.001100422,0.418615282,0.22857789,0.288287366,0.062846448,0.306792005,0.321750197,0.133951095,0.09125935,0.434401581,0.306567821,0.386424911,0.190192308,0.152873026,0.054715769,0.51251705,0.10484205,0.119857948,0.466380389,0.528414403,0.423206454,0.47294408,0.495863911,0.24680875,0.28648667,0.264333473,0.414855828,0.529835789,0.352405077,0.026580262,0.227312598,0.020445012,0.039328298,0.027237217,0.239295621,0.214496504,0.622241822,0.048848763,0.056218841,0.081216164,0.102502318,0.023414873,0.082169682,0.041876333,0.253957525,0.114171713,0.705109238,0.435839956,0.022481664,0.333202243,0.686989316,0.554250509,0.037856995,0.29537814,1,0.425213649,0.34407783,0.442480825,0.514814179,0.027009357,0.108105537,0.587116472,0.153945762,0.297492784,0.277872152,0.118641352,0.618253855,0.308909241,0.091289989,0.276753202,0.279209587,0.747780538,0.555344783,0.07805918,0.173683545,0.020988739,0.002171148,0.0100212,0.00251144,0.004027519,0.011089163,0.026610117,0.004311956,0.019792606,0.007363583,0.00702496,0.002150687,0.022570756,0.021452683,0.001419004,0.00202108,0.013430769,0.000925355,0.000746449,0.010926002,0.010984803,0.01979044,0.008841273,0.00329926,0.016938913,0.041589577,0.017887883,0.02003616,0.000992966,0.295999427,0.007178056,0.001246941,0.000664481,0.002004492,0.002765304,0.001768337,0.045591921,0.004178055,0.002599225,0.020357464,0.002567009,0.000357591,0.001038911,0.00067295,0.000430033,0.001562785,0.000675743,0.006231445,0.001828937,0,0.000813871,0.000183291,0.000347424,0.001054169,0.014632835,0.00079602,0.004213063,0.034624193,0.010703995,0.000222655,0.080494058,0.002854071,0.001869504,0.015043363,0.001993662,0.014692904,0.0012982,0.000555547,0.000991751,0.008804554,0.004150123,0.004218275,0.01428475,0.00117688,0.006558253,0.001784086,0.000989729,0.007256807
Eubacterium_rectale_M104_1,0.03355651,0.00195816,0.583151469,0.236288843,0.173463311,0.11183294,0.247674061,0.203623653,0.227889327,0.155760417,0.538226253,0.413852656,0.18337985,0.216694488,0.25521471,0.097364696,0.394192549,0.186562567,0.145055592,0.392405817,0.451830784,0.538189051,0.54382487,0.530603498,0.180758342,0.221355714,0.15932805,0.462433346,0.565418129,0.43283494,0.047298597,0.319307086,0.036381146,0.069983258,0.048467625,0.158673097,0.282781794,0.390606792,0.086924575,0.100039357,0.13289543,0.176615085,0.041665903,0.146217924,0.074517392,0.246872634,0.18715388,0.292769995,0.479819975,0.040005293,0.415332866,0.415257989,0.315348288,0.067365129,0.374575464,0.425213649,1,0.582453603,0.328550366,0.454188001,0.048062156,0.192369822,0.497487395,0.174051399,0.171647072,0.187050137,0.206185593,0.469354085,0.218631347,0.162447174,0.264796243,0.437649071,0.41581314,0.408459646,0.129300681,0.288275618,0.037348688,0.003863479,0.017832356,0.004469016,0.007166823,0.019732758,0.047351723,0.007672968,0.035220214,0.013103226,0.012500658,0.003827069,0.040163829,0.038174259,0.002525066,0.003596437,0.023899558,0.001646635,0.001328278,0.019442418,0.019547052,0.035216359,0.01573272,0.005870912,0.030142171,0.074007121,0.031830829,0.035653608,0.001766946,0.314858949,0.012773086,0.002218885,0.001182419,0.003566919,0.004920756,0.00314669,0.081129143,0.007434694,0.004625226,0.036225357,0.004567897,0.000636321,0.001848703,0.00119749,0.000765227,0.002780918,0.00120246,0.011088627,0.003254525,0,0.001448253,0.00032616,0.000618229,0.001875855,0.02603859,0.001416489,0.00749699,0.061612476,0.019047364,0.000396206,0.203407964,0.005078715,0.003326713,0.02676911,0.003547649,0.026145481,0.002310099,0.000988576,0.001764784,0.015667379,0.007384991,0.007506265,0.025419186,0.002094215,0.011670169,0.003174715,0.001761186,0.012913221
Eubacterium_siraeum_70_3,0.036024099,0.002461426,0.524726298,0.235678516,0.139992999,0.13182822,0.201642123,0.150624935,0.204727262,0.099991721,0.499130167,0.423870075,0.220714331,0.147466587,0.118267955,0.109114627,0.296944104,0.214729619,0.113721413,0.370097918,0.358992653,0.575646748,0.444344296,0.405844203,0.203429336,0.192910773,0.133738811,0.369567603,0.460127299,0.315891811,0.059454779,0.270169952,0.045731442,0.084025942,0.06046147,0.117456221,0.22135747,0.310742946,0.107377299,0.124426619,0.178401943,0.215356845,0.05237443,0.167934536,0.091098132,0.283633196,0.237143199,0.242118849,0.395435023,0.050287028,0.325973105,0.344751917,0.278218294,0.084678597,0.313040985,0.34407783,0.582453603,1,0.253349277,0.361324279,0.06041458,0.204831833,0.383266991,0.27534861,0.146263055,0.148805684,0.236626294,0.456340689,0.190713988,0.151898454,0.265916392,0.445490011,0.346220891,0.365541325,0.154052524,0.365902322,0.046270167,0.004856429,0.021584304,0.005617594,0.009008763,0.024804261,0.059521559,0.009644992,0.044272139,0.016470877,0.015713444,0.004810661,0.050486309,0.047985401,0.003174032,0.004520755,0.030041968,0.002069836,0.001669658,0.023851133,0.024570827,0.019340553,0.019776176,0.007379791,0.031105092,0.090676753,0.036129406,0.039234044,0.002221068,0.308606556,0.016055888,0.002789159,0.001486312,0.004483651,0.006185436,0.003955419,0.034691764,0.00934548,0.005813952,0.045535613,0.00574189,0.000799861,0.002323837,0.001505256,0.000961898,0.003495639,0.001511504,0.013938508,0.004090969,0,0.001820467,0.000409986,0.00077712,0.002357968,0.032730752,0.00178054,0.009423787,0.07744746,0.023942715,0.000498035,0.243608153,0.006383992,0.004181709,0.033649022,0.004459427,0.032865115,0.002903817,0.00124265,0.00221835,0.019694042,0.009283002,0.009435445,0.031571999,0.002632447,0.014669512,0.003990647,0.002213827,0.016232039
Eubacterium_ventriosum_ATCC_27560,0.03180345,0.001863176,0.420098062,0.087737104,0.18494357,0.104781005,0.285407168,0.318794315,0.137454262,0.113766119,0.319439201,0.285362931,0.301483474,0.176823777,0.200294653,0.088121691,0.461944857,0.158466251,0.059533456,0.319465188,0.413084911,0.310511739,0.297393851,0.476815017,0.153896286,0.223936217,0.178610752,0.298093808,0.429834943,0.194073953,0.045004283,0.209853038,0.034616406,0.066588579,0.046116605,0.178082051,0.225867874,0.320781373,0.082708123,0.055243959,0.137510882,0.151568625,0.039644815,0.132439429,0.070902775,0.191121457,0.14900639,0.503563905,0.424600513,0.038064756,0.184861927,0.471405342,0.238552403,0.064097447,0.312822543,0.442480825,0.328550366,0.253349277,1,0.295291911,0.045730805,0.162042604,0.388668519,0.171757514,0.223334928,0.196585934,0.163004273,0.402576185,0.259764747,0.145921009,0.164278925,0.269177152,0.496319265,0.51774542,0.10710001,0.207909965,0.035537014,0.003676073,0.016967362,0.004252237,0.006819181,0.01877558,0.045054833,0.007300775,0.033511787,0.012467627,0.011894289,0.003641429,0.038215601,0.036322539,0.002402583,0.003421984,0.022740262,0.001566762,0.001263847,0.018499324,0.018598883,0.019104644,0.014969573,0.005586131,0.028059804,0.063841136,0.030286811,0.033924158,0.001681237,0.308579529,0.012153502,0.002111253,0.001125064,0.003393899,0.004682065,0.002994054,0.030956136,0.007074059,0.00440087,0.034468173,0.004346322,0.000605455,0.001759028,0.001139403,0.000728108,0.002646024,0.001144132,0.010550751,0.003096658,0,0.001378002,0.000310339,0.000588241,0.001784863,0.024775536,0.001347779,0.007133334,0.058623839,0.018123434,0.000376987,0.028895309,0.004832362,0.003165344,0.025470621,0.003375563,0.024877242,0.002198043,0.000940623,0.00167918,0.014907401,0.007026767,0.007142158,0.024186177,0.001992631,0.011104084,0.003020719,0.001675756,0.012286839
Faecalibacterium_prausnitzii_SL3_3,0.015240964,0.000889373,0.359185425,0.30201095,0.333934849,0.05079318,0.432142988,0.268961717,0.194181655,0.13315187,0.364573869,0.258225778,0.167481719,0.234529114,0.124137964,0.044221877,0.415684313,0.084734479,0.197269899,0.606927976,0.482110373,0.543360856,0.428132469,0.449799965,0.354620482,0.366262671,0.328413906,0.70052037,0.515262245,0.512878822,0.021482455,0.183716501,0.01652388,0.031785556,0.022013414,0.215926065,0.325810073,0.724579047,0.039480099,0.045436675,0.065639783,0.082843483,0.018924153,0.066410426,0.033844905,0.37506162,0.092274814,0.40649289,0.604920936,0.018169924,0.411993281,0.494147766,0.658132347,0.030596433,0.410755601,0.514814179,0.454188001,0.361324279,0.295291911,1,0.021829255,0.087372065,0.603028177,0.124420631,0.398365497,0.411834167,0.095887224,0.631438372,0.318048493,0.073781557,0.474305261,0.260729079,0.423702797,0.550106997,0.063088274,0.14037292,0.016963326,0.001754746,0.008099242,0.002029773,0.003255085,0.008962382,0.021506585,0.00348497,0.015996599,0.005951328,0.005677649,0.001738209,0.018241929,0.01733829,0.001146855,0.001633458,0.010854893,0.000747882,0.000603288,0.008830513,0.008878036,0.015994848,0.007145613,0.002666498,0.013690212,0.033613147,0.014457181,0.016193441,0.000802526,0.27913005,0.005801382,0.001007791,0.000537041,0.001620052,0.002234948,0.001429189,0.036847884,0.003376749,0.002100722,0.016453123,0.002074684,0.000289009,0.000839659,0.000543886,0.000347557,0.001263059,0.000546143,0.005036321,0.001478166,0,0.000657779,0.000148138,0.000280792,0.000851991,0.011826415,0.000643352,0.003405043,0.027983648,0.008651084,0.000179952,0.222593468,0.002306691,0.001510953,0.012158209,0.001611299,0.011874964,0.001049219,0.000448999,0.000801544,0.007115936,0.003354174,0.003409255,0.011545089,0.000951167,0.005300451,0.001441918,0.000799909,0.00586503
Gordonibacter_pamelaeae_7_10_1_bT_DSM_19378,0.311590696,0.040742248,0.060774333,0.041714894,0.008457618,0.40826378,0.013161198,0.030908142,0.043835732,0.025397174,0.059876082,0.084535537,0.069142636,0.029324244,0.128319522,0.358780519,0.041830146,0.257619506,0.032273978,0.027156919,0.042157459,0.03644533,0.050987151,0.045101115,0.01921624,0.013099403,0.008168013,0.022327272,0.039547835,0.028007969,0.424805109,0.101674326,0.325980908,0.585406423,0.630266115,0.013676907,0.046476513,0.018773405,0.469403595,0.248600548,0.296858934,0.263499964,0.551797887,0.328702221,0.551671134,0.023794986,0.236567855,0.026478925,0.029873829,0.498544669,0.045282,0.029420421,0.017887296,0.560671261,0.043833311,0.027009357,0.048062156,0.06041458,0.045730805,0.021829255,1,0.245462926,0.035104384,0.174907048,0.010213286,0.008990033,0.227655507,0.031649408,0.016554762,0.295863296,0.020142119,0.083723898,0.028820573,0.023676915,0.239287714,0.155509016,0.616932854,0.080385046,0.308955606,0.092984083,0.149115709,0.409669669,0.228322929,0.159646761,0.198635078,0.272630831,0.260093578,0.079627487,0.453194398,0.535725415,0.052537512,0.074828871,0.444869661,0.034260534,0.027636668,0.314334661,0.405359177,0.18556242,0.320064257,0.122152486,0.282714604,0.273923833,0.516719972,0.531103455,0.03676377,0.04296207,0.265761814,0.046166986,0.024601878,0.072509571,0.10238317,0.065471265,0.237515467,0.154689152,0.096234259,0.216506857,0.095041458,0.013239534,0.038464838,0.024915446,0.015921617,0.057860857,0.025018857,0.090336874,0.06391435,0,0.030132914,0.006786204,0.012863116,0.039029778,0.111864903,0.029472024,0.152927303,0.153655786,0.253316234,0.008243616,0.027339363,0.105669728,0.069216891,0.414866886,0.073813761,0.063418828,0.048064831,0.020568704,0.036718793,0.263442226,0.153655,0.156178275,0.393858416,0.043573047,0.242814103,0.066054369,0.03664392,0.099002988
Holdemania_filiformis_VPI_J1_31B_1_DSM_12042,0.174437494,0.010179145,0.243250585,0.110870505,0.0338518,0.564564291,0.051664579,0.104969361,0.097334277,0.055780008,0.239655314,0.338355316,0.176459701,0.111264167,0.323086245,0.499071966,0.167426066,0.626336034,0.079580864,0.108696156,0.168736143,0.145873223,0.204077175,0.180518192,0.073484748,0.052430643,0.03269265,0.089365388,0.158291066,0.112102504,0.220937756,0.347184428,0.189120862,0.358810406,0.251950252,0.046190461,0.089933869,0.075140959,0.443017926,0.219309778,0.483384017,0.602689761,0.216592722,0.657501198,0.381270598,0.072871037,0.627113384,0.10598247,0.119570649,0.207960339,0.139279173,0.117755873,0.068352796,0.343830339,0.121387276,0.108105537,0.192369822,0.204831833,0.162042604,0.087372065,0.245462926,1,0.140506059,0.536026786,0.040878898,0.035982802,0.543930053,0.126677441,0.051619612,0.596018806,0.074253719,0.332932203,0.115354967,0.094767364,0.578471502,0.536766506,0.194150452,0.020083601,0.092698304,0.023231375,0.037255441,0.1025772,0.187503864,0.039886545,0.113097299,0.068114767,0.064982429,0.01989433,0.208784457,0.198442035,0.013126103,0.018695432,0.124237565,0.008559737,0.006904814,0.101067919,0.101611843,0.183065925,0.081783722,0.030518882,0.156688667,0.320055545,0.165466854,0.17728243,0.009185152,0.076039277,0.066398595,0.011534475,0.006146595,0.01854199,0.025579667,0.016357504,0.240266371,0.038647924,0.024043407,0.119077767,0.023745395,0.003307798,0.009610151,0.006224937,0.003977896,0.014456101,0.006250774,0.057642237,0.016918066,0,0.007528482,0.001695482,0.003213753,0.009751297,0.13535694,0.007363364,0.038971759,0.180460769,0.099014306,0.002059606,0.041792738,0.026400789,0.017293321,0.139154417,0.018441814,0.124075737,0.012008637,0.005138936,0.009173915,0.081444059,0.038389549,0.03901997,0.132137076,0.010886399,0.060665281,0.016503188,0.009155208,0.06712706
Parabacteroides_distasonis_ATCC_8503,0.024509525,0.001430232,0.515319067,0.215813415,0.216227185,0.08168228,0.30438063,0.311046088,0.154694842,0.074640534,0.568016207,0.415261863,0.214025468,0.26565035,0.199630582,0.07111474,0.565461408,0.136264466,0.238113933,0.545202519,0.719037388,0.538764722,0.653010637,0.600933709,0.263679675,0.303803341,0.226429762,0.510764417,0.706925183,0.369839912,0.034546684,0.278003382,0.026572627,0.051115459,0.035400537,0.125544769,0.266312515,0.517687573,0.063489321,0.061894067,0.10555762,0.133223488,0.03043259,0.106796919,0.05442717,0.286805413,0.14839034,0.452927028,0.507911062,0.029219688,0.435139459,0.539414975,0.461440338,0.049203189,0.312190346,0.587116472,0.497487395,0.383266991,0.388668519,0.603028177,0.035104384,0.140506059,1,0.200085148,0.28604333,0.256094305,0.154199584,0.625691772,0.185215085,0.118650691,0.296178264,0.329967764,0.517907846,0.524696806,0.101454449,0.211433373,0.027279315,0.002821868,0.013024673,0.003264149,0.005234615,0.014412718,0.034585487,0.005604301,0.025724687,0.009570537,0.009130425,0.002795274,0.029335481,0.027882308,0.001844297,0.002626821,0.017456131,0.001202695,0.000970168,0.014200655,0.01427708,0.025721872,0.011491108,0.004288088,0.022015707,0.054054471,0.023249096,0.026041236,0.00129057,0.218767469,0.009329405,0.001620664,0.000863634,0.002605262,0.003594098,0.002298328,0.059256364,0.005430267,0.003378244,0.026458839,0.003336372,0.000464766,0.001350284,0.000874641,0.000558919,0.00203117,0.000878272,0.008099084,0.002377091,0,0.001057797,0.000238226,0.000451552,0.001370116,0.01901847,0.001034597,0.005475768,0.045001478,0.01391211,0.000289387,0.066050343,0.003709471,0.002429816,0.019552039,0.002591187,0.019096543,0.001687286,0.000722052,0.001288991,0.011443384,0.005393964,0.005482542,0.01856606,0.001529605,0.00852384,0.002318798,0.001286362,0.009431759
Parabacteroides_johnsonii_DSM_18315,0.122495473,0.007148114,0.312304725,0.18170635,0.048206053,0.390891071,0.05212236,0.155330548,0.08574509,0.051052436,0.341276876,0.433077647,0.196677971,0.090226416,0.202463697,0.326080751,0.222479681,0.441401572,0.06294311,0.154786823,0.240285695,0.207728162,0.290612462,0.21194419,0.108793657,0.074662922,0.046555386,0.127259188,0.216396211,0.141860135,0.158374527,0.447144654,0.132806594,0.252982455,0.17692736,0.054747943,0.098930619,0.107003143,0.314296235,0.165643449,0.439661437,0.457087472,0.152098195,0.468127668,0.264245584,0.085920316,0.554603609,0.150922446,0.17027245,0.146036265,0.193254223,0.16768815,0.100279101,0.244279515,0.127976131,0.153945762,0.174051399,0.27534861,0.171757514,0.124420631,0.174907048,0.536026786,0.200085148,1,0.058212866,0.051240667,0.4644454,0.18039275,0.058284942,0.390444567,0.097811071,0.339354561,0.164269184,0.134951774,0.46909078,0.542305752,0.13633853,0.014103333,0.065095653,0.016313799,0.026161938,0.072032923,0.117756575,0.028009582,0.073697912,0.047832323,0.045632697,0.013970422,0.146614986,0.139352214,0.009217561,0.013128518,0.08724351,0.006010916,0.004848777,0.070973059,0.071355019,0.091885736,0.057431092,0.021431315,0.110031691,0.247002061,0.116196009,0.126999704,0.006450102,0.096131685,0.046627173,0.00809987,0.004316331,0.013020766,0.017962843,0.011486752,0.125696937,0.027139783,0.016884034,0.077916819,0.01667476,0.002322839,0.006748549,0.004371346,0.002793404,0.010151527,0.004389489,0.040478185,0.011880396,0,0.005286736,0.001190621,0.002256798,0.006847666,0.095051884,0.005170785,0.02736719,0.115565978,0.069530948,0.00144632,0.043247781,0.018539461,0.012143912,0.097718591,0.01295042,0.09544208,0.008432841,0.003608722,0.00644221,0.05719257,0.026958344,0.027401045,0.092790794,0.00764477,0.042601061,0.011589056,0.006429074,0.047138725
Parabacteroides_merdae_ATCC_43184,0.007130813,0.000416112,0.149919105,0.142168797,0.585632995,0.023764681,0.569091738,0.228196353,0.091360108,0.11279324,0.165494211,0.118408005,0.107650765,0.285585357,0.058080614,0.020690155,0.243816285,0.03932025,0.172883596,0.358416719,0.236488545,0.260916772,0.194506181,0.218638303,0.523828613,0.56964389,0.679421697,0.380928556,0.248371255,0.20770921,0.010051028,0.077574767,0.007731052,0.014871555,0.010299449,0.153185911,0.108334604,0.381310016,0.018471613,0.014290901,0.030710983,0.038326176,0.008854072,0.031071545,0.015835066,0.253028287,0.041683022,0.330693954,0.270095063,0.00850119,0.139546909,0.284825451,0.463355732,0.014315199,0.17901417,0.297492784,0.171647072,0.146263055,0.223334928,0.398365497,0.010213286,0.040878898,0.28604333,0.058212866,1,0.541165226,0.041948861,0.301448904,0.239502506,0.034520287,0.336413036,0.096389984,0.284662533,0.412355081,0.029517205,0.058012795,0.007936657,0.000820995,0.003789405,0.000949673,0.001522961,0.004193243,0.010062318,0.001630518,0.007484352,0.002784457,0.00265641,0.000813258,0.008534879,0.008112092,0.000536581,0.000764249,0.005078695,0.000349913,0.000282261,0.004131545,0.00415378,0.007483533,0.003343228,0.001247578,0.00640526,0.015726633,0.006764103,0.007576449,0.000375479,0.11030504,0.002714301,0.000471517,0.000251266,0.000757976,0.001045669,0.000668677,0.017240074,0.001579885,0.000982868,0.007697947,0.000970686,0.000135219,0.000392852,0.000254469,0.000162612,0.000590949,0.000255525,0.002356351,0.000691592,0,0.000307756,6.93E-05,0.000131375,0.000398622,0.005533243,0.000301006,0.001593123,0.013092751,0.004047596,8.42E-05,0.136965288,0.001079235,0.000706932,0.005688479,0.000753881,0.005555957,0.0004909,0.000210074,0.00037502,0.003329343,0.001569322,0.001595093,0.005401618,0.000445024,0.00247993,0.000674632,0.000374255,0.00274408
Prevotella_copri_CB7_DSM_18205,0.00627675,0.000366274,0.14792483,0.173525044,0.572653459,0.020918367,0.513828208,0.187078118,0.164718162,0.253100903,0.150143976,0.106346198,0.100872839,0.24712954,0.051124255,0.01821208,0.214917559,0.034896554,0.225093068,0.33104024,0.213248928,0.246671739,0.176319579,0.199330612,0.365971811,0.447764947,0.554952086,0.402648074,0.227320483,0.320981246,0.008847209,0.075660732,0.006805098,0.013090378,0.009065876,0.362131024,0.172079063,0.431346728,0.016259254,0.018712375,0.027032705,0.034117777,0.007793613,0.027350083,0.013938488,0.326515116,0.038001921,0.296806322,0.300933397,0.007482996,0.185312851,0.271148753,0.450614058,0.012600657,0.205095913,0.277872152,0.187050137,0.148805684,0.196585934,0.411834167,0.008990033,0.035982802,0.256094305,0.051240667,0.541165226,1,0.039489635,0.284050588,0.356598282,0.030385766,0.371020528,0.107377143,0.264772576,0.379696134,0.025981907,0.057810365,0.006986077,0.000722664,0.003335545,0.00083593,0.001340555,0.003691015,0.008857146,0.00143523,0.006587946,0.00245096,0.00233825,0.000715854,0.00751265,0.0071405,0.000472314,0.000672714,0.004470416,0.000308003,0.000248455,0.003636707,0.003656279,0.006587225,0.002942807,0.001098155,0.005638097,0.013843042,0.005953961,0.006669012,0.000330508,0.160309264,0.002389207,0.000415043,0.000221172,0.000667193,0.000920428,0.000588589,0.015175217,0.001390661,0.000865149,0.006775958,0.000854426,0.000119024,0.0003458,0.000223991,0.000143136,0.000520171,0.00022492,0.002074129,0.000608759,0,0.000270896,6.10E-05,0.00011564,0.000350879,0.004870522,0.000264954,0.001402313,0.011524622,0.003562812,7.41E-05,0.153684411,0.000949974,0.000622262,0.005007166,0.000663588,0.004890516,0.000432104,0.000184913,0.000330103,0.002930585,0.001381364,0.001404048,0.004754662,0.000391723,0.002182907,0.000593831,0.00032943,0.00241542
Pseudoflavonifractor_capillosus_ATCC_29799,0.158946764,0.009275197,0.266957448,0.140150191,0.03715095,0.487246205,0.053023828,0.121019011,0.111247733,0.055674772,0.263011786,0.345910341,0.204982209,0.086350308,0.318198576,0.450754189,0.171652115,0.651229045,0.061550552,0.119289532,0.185180932,0.160089824,0.223966252,0.198111243,0.076976214,0.05754046,0.035878831,0.098074815,0.173717893,0.121318039,0.210805705,0.426209722,0.172326191,0.331488957,0.229576087,0.05216888,0.122232421,0.082464092,0.303118484,0.351191725,0.360294625,0.740056413,0.197358443,0.587107647,0.35296574,0.087989689,0.714493739,0.111628679,0.131223837,0.18949265,0.158889772,0.129232196,0.07857177,0.319087693,0.126194625,0.118641352,0.206185593,0.236626294,0.163004273,0.095887224,0.227655507,0.543930053,0.154199584,0.4644454,0.041948861,0.039489635,1,0.139023247,0.061331634,0.602071624,0.075654094,0.367765747,0.126597301,0.104003259,0.454395388,0.617947988,0.176909134,0.018300098,0.084466333,0.021168338,0.033947012,0.093467944,0.117771649,0.036344464,0.166529451,0.06206591,0.059211735,0.018127636,0.190243582,0.180819608,0.011960454,0.017035204,0.113204785,0.007799599,0.00629164,0.092092693,0.092588314,0.108728181,0.074521008,0.027808686,0.142774102,0.210864688,0.150772752,0.16888007,0.008369475,0.114975805,0.06050214,0.010510169,0.005600753,0.016895389,0.023308092,0.014904894,0.14850316,0.035215837,0.021908259,0.171588267,0.021636711,0.003014053,0.008756732,0.005672139,0.003624644,0.013172343,0.005695681,0.052523382,0.015415676,0,0.006859924,0.001544917,0.002928359,0.008885344,0.115809041,0.006709469,0.035510915,0.066289219,0.09022145,0.001876705,0.06608517,0.024056295,0.015757606,0.126796962,0.016804109,0.100077124,0.010942223,0.004682579,0.008359235,0.074211509,0.034980407,0.035554844,0.120402788,0.009919644,0.055277968,0.015037641,0.00834219,0.061165915
Roseburia_intestinalis_M50_1,0.022097295,0.001289468,0.475661871,0.269763042,0.266355538,0.073643103,0.324521581,0.32708274,0.121701591,0.133895852,0.501503159,0.352742332,0.208683679,0.247383817,0.173951094,0.064115621,0.53772741,0.122853305,0.143035066,0.644342293,0.576383995,0.550787811,0.54417593,0.558217821,0.345302366,0.329628798,0.25807792,0.569399835,0.616415132,0.369357718,0.031146596,0.266363582,0.023957347,0.046084671,0.031916413,0.149415719,0.199114467,0.588400358,0.057240697,0.065876911,0.09516863,0.120111621,0.027437412,0.096285957,0.049070443,0.299895115,0.13378575,0.476769727,0.44005456,0.026343884,0.425860682,0.493482283,0.458341401,0.044360607,0.399582578,0.618253855,0.469354085,0.456340689,0.402576185,0.631438372,0.031649408,0.126677441,0.625691772,0.18039275,0.301448904,0.284050588,0.139023247,1,0.217096449,0.106973079,0.372304685,0.348690507,0.519765941,0.558198943,0.091469293,0.20352137,0.024594482,0.002544139,0.011742784,0.002942891,0.004719424,0.012994217,0.031181581,0.005052725,0.023192861,0.008628604,0.008231808,0.002520163,0.026448281,0.025138129,0.001662781,0.002368289,0.015738097,0.001084326,0.000874684,0.012803025,0.012871928,0.023190323,0.010360153,0.003866054,0.019848919,0.048734425,0.020960918,0.023478256,0.001163552,0.223634428,0.008411204,0.001461158,0.000778635,0.002348852,0.003240367,0.002072127,0.05161891,0.00489582,0.003045757,0.023854758,0.003008006,0.000419023,0.001217389,0.000788559,0.00050391,0.001831262,0.000791832,0.007301971,0.002143137,0,0.000953689,0.000214779,0.00040711,0.001235269,0.017146671,0.000932772,0.004936843,0.040572428,0.012542879,0.000260906,0.177143046,0.003344384,0.002190674,0.017627725,0.002336162,0.017217059,0.001521223,0.000650987,0.001162128,0.010317125,0.00486309,0.00494295,0.016738787,0.001379061,0.007684923,0.002090582,0.001159758,0.008503484
Ruminococcus_bromii_L2_63,0.009731465,0.000674478,0.182861752,0.126568637,0.354415487,0.033659318,0.326281338,0.191642993,0.326711681,0.119671517,0.12674202,0.092530252,0.196504546,0.03360433,0.072909695,0.026627167,0.155773477,0.054223664,0.024711664,0.192570081,0.14484588,0.192456541,0.13032911,0.170138049,0.096927504,0.206001245,0.219978629,0.261357837,0.170530526,0.318336217,0.016291758,0.098605346,0.012531298,0.022900634,0.016389027,0.492329566,0.240402079,0.40973176,0.028251562,0.033937461,0.04184172,0.054169596,0.014351606,0.042451177,0.024820063,0.252014049,0.05404862,0.308862572,0.372191489,0.013779617,0.16041104,0.316782259,0.346499557,0.021677932,0.208356759,0.308909241,0.218631347,0.190713988,0.259764747,0.318048493,0.016554762,0.051619612,0.185215085,0.058284942,0.239502506,0.356598282,0.061331634,0.217096449,1,0.049664352,0.164086918,0.162933278,0.304042898,0.320994984,0.031505939,0.088542822,0.012501761,0.001330755,0.005736123,0.001539329,0.002468575,0.006796847,0.013889158,0.002642914,0.012131421,0.004513338,0.004305787,0.001318214,0.013834224,0.013014809,0.000869746,0.001238774,0.00823208,0.000567175,0.000457518,0.006356386,0.006732881,0.005212523,0.005419054,0.002022205,0.008381957,0.024700793,0.009744593,0.010610214,0.000608615,0.264774285,0.004399624,0.000764283,0.000407278,0.001228607,0.001694929,0.001083861,0.009767707,0.002560842,0.001593135,0.012477638,0.001573389,0.000219177,0.000636776,0.000412469,0.000263579,0.000957873,0.000414181,0.00381942,0.001121004,0,0.000498843,0.000112344,0.000212946,0.000646129,0.008968858,0.000487902,0.0025823,0.01079516,0.006560766,0.000136471,0.156200374,0.001749337,0.001145869,0.009220482,0.001221969,0.009005676,0.000795702,0.00034051,0.000607871,0.005396548,0.002543722,0.002585494,0.008471249,0.000721341,0.00401973,0.001093514,0.000606631,0.004447892
Ruminococcus_gnavus_ATCC_29149,0.20656875,0.012054136,0.205413561,0.081795285,0.028586237,0.609447034,0.044484052,0.101250774,0.088477031,0.045947732,0.202377525,0.284516639,0.145429771,0.08792252,0.42649263,0.545077417,0.141383358,0.550560982,0.061496714,0.091788739,0.142489655,0.123183005,0.172333477,0.152439035,0.052015528,0.044275187,0.02760739,0.075464824,0.133669284,0.094665238,0.264654444,0.323436446,0.223956783,0.43080625,0.2983593,0.034327889,0.086947884,0.063452969,0.415888528,0.25061013,0.418138061,0.555337299,0.256488939,0.641625465,0.454468158,0.06094068,0.550266494,0.08949716,0.100971731,0.246266478,0.135125485,0.099439239,0.060457976,0.414689448,0.087915427,0.091289989,0.162447174,0.151898454,0.145921009,0.073781557,0.295863296,0.596018806,0.118650691,0.390444567,0.034520287,0.030385766,0.602071624,0.106973079,0.049664352,1,0.051813095,0.269109904,0.097411788,0.080026536,0.422895954,0.407514977,0.22991282,0.023782985,0.109773262,0.027510577,0.044117865,0.121471843,0.152416324,0.047233617,0.164959105,0.080661456,0.076952143,0.023558851,0.247242398,0.234994909,0.015543921,0.022139116,0.147122032,0.010136435,0.008176676,0.119684554,0.120328668,0.167043494,0.096848222,0.036140437,0.185550602,0.212731295,0.195945725,0.21947817,0.01087705,0.073628721,0.078629166,0.013659117,0.007278793,0.02195741,0.030291422,0.019370544,0.207898764,0.045766842,0.028472185,0.172226637,0.028119279,0.003917092,0.011380334,0.007371566,0.004710622,0.017118904,0.007402161,0.060918023,0.020034361,0,0.008915223,0.002007789,0.003805724,0.011547479,0.071143845,0.00871969,0.046150328,0.102740948,0.117252667,0.002438983,0.030882402,0.031263794,0.020478737,0.164786557,0.021838783,0.052981486,0.014220619,0.006085524,0.010863743,0.096445994,0.045460875,0.046207419,0.156476626,0.012891665,0.071839781,0.019543063,0.010841591,0.064055537
Ruminococcus_lactaris_ATCC_29176,0.014063023,0.000820635,0.232207008,0.218379327,0.218576877,0.046612927,0.320503697,0.188269881,0.173797813,0.127996478,0.219079118,0.154427767,0.067341612,0.345096855,0.062594366,0.034790528,0.267805634,0.077814745,0.150919351,0.393326931,0.297320442,0.439265616,0.251691462,0.249404829,0.418859162,0.564796516,0.338417252,0.472615113,0.305795293,0.343948089,0.019822123,0.115009079,0.014722616,0.02932892,0.020312045,0.165098455,0.161406389,0.409276265,0.036428768,0.041257891,0.047618764,0.066534652,0.017461547,0.060354144,0.031229106,0.204735889,0.082031526,0.226068135,0.314211277,0.016765611,0.16372826,0.282363782,0.416748939,0.028231702,0.293822797,0.276753202,0.264796243,0.265916392,0.164278925,0.474305261,0.020142119,0.074253719,0.296178264,0.097811071,0.336413036,0.371020528,0.075654094,0.372304685,0.164086918,0.051813095,1,0.167983725,0.285923609,0.414693456,0.058212319,0.116724092,0.015652268,0.001619125,0.00747327,0.001872896,0.003003506,0.008269699,0.019844388,0.003215624,0.014760257,0.005491363,0.005238836,0.001603866,0.01683205,0.015998252,0.001058217,0.001507212,0.010015942,0.00069008,0.000556661,0.008148022,0.008191872,0.014758641,0.006593344,0.00246041,0.012632126,0.03101526,0.013339817,0.014941886,0.0007405,0.108392765,0.005353006,0.000929901,0.000495534,0.001494842,0.002062214,0.00131873,0.033999991,0.003115767,0.001938362,0.015181497,0.001914336,0.000266672,0.000774763,0.00050185,0.000320695,0.00116544,0.000503933,0.004647075,0.001363922,0,0.000606941,0.000136689,0.00025909,0.000786142,0.010912378,0.000593629,0.003141875,0.025820853,0.007982461,0.000166044,0.137667659,0.002128412,0.001394175,0.011218527,0.001486766,0.010957174,0.000968128,0.000414297,0.000739594,0.006565961,0.003094937,0.003145761,0.010652794,0.000877654,0.004890791,0.001330475,0.000738086,0.005411735
Ruminococcus_obeum_A2_162,0.058455176,0.0034111,0.628570242,0.269186949,0.100695849,0.194812101,0.147701381,0.146508789,0.146274938,0.109073625,0.527156403,0.456527229,0.274826495,0.119743275,0.264469967,0.169608534,0.2517778,0.324990521,0.091371385,0.288920632,0.317522211,0.36105725,0.406370802,0.431628856,0.153113736,0.113181233,0.097558924,0.266677404,0.389335145,0.260310389,0.082393783,0.393207346,0.06337567,0.121910284,0.084430221,0.118778806,0.331666304,0.224229942,0.151421924,0.174267771,0.223690175,0.317737795,0.072581675,0.254710471,0.129808709,0.175219619,0.340770467,0.222141269,0.356813647,0.069688906,0.250880916,0.319610357,0.210395643,0.117349524,0.384862622,0.279209587,0.437649071,0.445490011,0.269177152,0.260729079,0.083723898,0.332932203,0.329967764,0.339354561,0.096389984,0.107377143,0.367765747,0.348690507,0.162933278,0.269109904,0.167983725,1,0.292443486,0.248658152,0.240579384,0.530684584,0.06506112,0.006730149,0.031063824,0.00778499,0.012484548,0.034374308,0.082486329,0.013366249,0.061353336,0.022825716,0.021776048,0.006666724,0.069965073,0.066499258,0.004398645,0.006264965,0.041632842,0.002868425,0.00231385,0.033868538,0.034050811,0.061346621,0.027406274,0.010227082,0.052507424,0.128919822,0.055449054,0.062108305,0.003078006,0.312820412,0.022250615,0.00386528,0.002059765,0.006213545,0.008571918,0.00548151,0.131743613,0.012951179,0.008057107,0.063104287,0.007957241,0.001108465,0.003220426,0.002086018,0.00133302,0.004844336,0.002094676,0.019316301,0.005669357,0,0.002522845,0.000568167,0.00107695,0.003267725,0.045359019,0.002467513,0.013059698,0.063385775,0.033180359,0.000690188,0.179588793,0.008847081,0.005795108,0.04663158,0.006179976,0.045545222,0.004024175,0.001722092,0.00307424,0.027292451,0.012864595,0.013075854,0.044280021,0.003648105,0.020329343,0.005530329,0.003067972,0.022494729
Ruminococcus_sp_SR1_5,0.020122231,0.001174215,0.447178498,0.146837974,0.264195645,0.067060857,0.328475336,0.228208519,0.131919112,0.144184748,0.45879154,0.34092849,0.412338111,0.258674422,0.163895987,0.058384944,0.434589939,0.111872634,0.118561345,0.461706362,0.51389522,0.480138419,0.47280615,0.574825982,0.264318008,0.28640066,0.254135813,0.476276418,0.580508588,0.273234655,0.028362703,0.242555913,0.021816031,0.041965607,0.029063713,0.273829173,0.253245339,0.595339156,0.052124503,0.05998881,0.086662425,0.109376003,0.024985046,0.087679885,0.04468451,0.22969078,0.121827933,0.590775388,0.463608012,0.023989258,0.248993518,0.737431182,0.466327189,0.040395641,0.409761296,0.747780538,0.41581314,0.346220891,0.496319265,0.423702797,0.028820573,0.115354967,0.517907846,0.164269184,0.284662533,0.264772576,0.126597301,0.519765941,0.304042898,0.097411788,0.285923609,0.292443486,1,0.636302014,0.083293736,0.185330559,0.022396219,0.002316743,0.01069321,0.002679855,0.0042976,0.011832789,0.02839456,0.004601111,0.021119875,0.007857377,0.007496046,0.00229491,0.024084324,0.022891274,0.001514161,0.002156611,0.01433142,0.000987408,0.000796505,0.011658686,0.011721431,0.021117564,0.009434159,0.003520505,0.018074816,0.044378526,0.019087423,0.021379761,0.001059553,0.308815923,0.007659408,0.001330559,0.00070904,0.002138911,0.002950742,0.001886919,0.048649261,0.00445823,0.002773526,0.021722612,0.002739149,0.000381571,0.001108579,0.000718077,0.00045887,0.001667583,0.000721058,0.006649318,0.001951583,0,0.000868448,0.000195582,0.000370722,0.001124861,0.015614095,0.000849401,0.004495586,0.036946051,0.011421792,0.000237586,0.080558854,0.003045462,0.00199487,0.016052153,0.002127355,0.015678193,0.001385256,0.000592802,0.001058257,0.009394977,0.004428425,0.004501147,0.015242668,0.0012558,0.006998042,0.001903725,0.001056099,0.00774344
Ruminococcus_torques_L2_14,0.016530981,0.000964651,0.376137773,0.14013988,0.293821022,0.055092388,0.497507767,0.280423022,0.135426824,0.123299571,0.395431932,0.280082384,0.253078298,0.327535849,0.134645182,0.047964881,0.461937005,0.091906529,0.201911707,0.639768712,0.508722372,0.635370778,0.436496474,0.524974036,0.360634636,0.436256455,0.335376851,0.649698443,0.555109136,0.272252834,0.023300761,0.199266533,0.017922485,0.034475932,0.023876661,0.204131315,0.257615373,0.608976244,0.042821752,0.049282502,0.07119563,0.089855476,0.020525921,0.072031502,0.036709587,0.279087324,0.100085088,0.505000254,0.597111875,0.019707853,0.24301917,0.669147465,0.531418164,0.03318616,0.4269022,0.555344783,0.408459646,0.365541325,0.51774542,0.550106997,0.023676915,0.094767364,0.524696806,0.134951774,0.412355081,0.379696134,0.104003259,0.558198943,0.320994984,0.080026536,0.414693456,0.248658152,0.636302014,1,0.068428157,0.152254289,0.018399126,0.00190327,0.008784774,0.002201576,0.0035306,0.009720971,0.023326933,0.003779943,0.017350574,0.006455057,0.006158213,0.001885333,0.019785953,0.018805828,0.001243926,0.001771717,0.011773666,0.000811184,0.000654351,0.00957794,0.009629486,0.017348675,0.007750428,0.002892194,0.014848972,0.036458212,0.015680858,0.017564078,0.000870453,0.266245946,0.00629242,0.001093092,0.000582497,0.001757175,0.002424118,0.001550158,0.039966742,0.003662562,0.00227853,0.017845739,0.002250288,0.000313471,0.000910729,0.000589921,0.000376975,0.001369967,0.000592369,0.005462603,0.001603281,0,0.000713454,0.000160676,0.000304559,0.000924105,0.01282742,0.000697807,0.003693251,0.030352224,0.009383325,0.000195183,0.123695379,0.002501933,0.001638842,0.013187297,0.001747682,0.012880078,0.001138027,0.000487003,0.000869388,0.007718239,0.003638076,0.00369782,0.012522282,0.001031675,0.005749089,0.001563964,0.000867615,0.006361455
Streptococcus_thermophilus_LMD_9,0.195683395,0.014097278,0.175642633,0.118456272,0.024443186,0.557846719,0.032096449,0.08604062,0.086645616,0.047460698,0.173046614,0.244314391,0.120441102,0.079890075,0.231834419,0.43289885,0.120892433,0.49837586,0.057975685,0.078485645,0.121838393,0.105329888,0.1473569,0.130345793,0.055536455,0.03785831,0.023606205,0.064527582,0.114296373,0.080945248,0.191829082,0.238739511,0.171872446,0.405047172,0.284225434,0.035536963,0.06049932,0.054256625,0.505758513,0.184532866,0.362935829,0.452387798,0.253523029,0.601523801,0.432420045,0.0497589,0.585946761,0.076526188,0.086337731,0.278232711,0.116955135,0.085027345,0.049492277,0.367869574,0.08899529,0.07805918,0.129300681,0.154052524,0.10710001,0.063088274,0.239287714,0.578471502,0.101454449,0.46909078,0.029517205,0.025981907,0.454395388,0.091469293,0.031505939,0.422895954,0.058212319,0.240579384,0.083293736,0.068428157,1,0.439540617,0.238707241,0.027814133,0.119911017,0.032173542,0.051595718,0.131419815,0.129936488,0.051505376,0.140014199,0.077913155,0.076024303,0.027552009,0.221524281,0.221691615,0.018178572,0.025891634,0.147526425,0.011854532,0.009562599,0.128671663,0.124915519,0.19446893,0.104273803,0.042266139,0.179675393,0.391619344,0.164767621,0.172621078,0.012720679,0.040900819,0.073814865,0.015974298,0.008512528,0.025679129,0.035425732,0.022653797,0.237954247,0.050726776,0.03329814,0.124794967,0.032885417,0.004581028,0.013309268,0.008621026,0.005509059,0.02002051,0.008656807,0.079829753,0.023430129,0,0.010426328,0.002348103,0.004450783,0.013504744,0.157801054,0.010197653,0.053972678,0.221168568,0.118948314,0.002852384,0.030594191,0.036562918,0.023949825,0.162162535,0.025540395,0.133592245,0.016630974,0.007117004,0.012705117,0.112793316,0.053166364,0.054039446,0.1532048,0.015076766,0.08401642,0.022855557,0.01267921,0.092965452
Subdoligranulum_variabile_DSM_15176,0.108574816,0.006335787,0.390809067,0.213471629,0.054386675,0.361844574,0.077766996,0.150111734,0.161242303,0.07801379,0.361994881,0.415617666,0.227590294,0.098231255,0.270126732,0.302818873,0.231460692,0.602558203,0.078842667,0.17463244,0.257742424,0.234361524,0.300656707,0.285307174,0.11676591,0.080091516,0.052524372,0.143575416,0.254312168,0.170578329,0.153038457,0.469717362,0.117714158,0.226436523,0.156820943,0.076876636,0.171559058,0.120722291,0.281251531,0.323685475,0.37535367,0.534590217,0.134813419,0.473099984,0.241107081,0.120635028,0.642802699,0.152136686,0.19210352,0.12944038,0.196010407,0.18918788,0.113149701,0.217965353,0.188176545,0.173683545,0.288275618,0.365902322,0.207909965,0.14037292,0.155509016,0.536766506,0.211433373,0.542305752,0.058012795,0.057810365,0.617947988,0.20352137,0.088542822,0.407514977,0.116724092,0.530684584,0.185330559,0.152254289,0.439540617,1,0.120844717,0.012500599,0.057698039,0.014459863,0.023188837,0.063846942,0.133892005,0.024826511,0.113957867,0.042396552,0.040446896,0.012382792,0.129953335,0.123515919,0.008170057,0.011636564,0.077328964,0.005327822,0.004297751,0.062907523,0.063246077,0.091709631,0.050904495,0.018995813,0.097527446,0.23945606,0.102991237,0.11536015,0.005717098,0.178967519,0.041328358,0.007179383,0.003825814,0.011541057,0.015921506,0.010181372,0.122403705,0.024055558,0.014965295,0.11721009,0.014779804,0.002058867,0.005981629,0.003874577,0.002475955,0.008997885,0.003890658,0.035878154,0.010530281,0,0.00468594,0.001055316,0.002000331,0.006069482,0.084249977,0.004583165,0.024257122,0.104923088,0.061629297,0.001281957,0.09305087,0.016432595,0.010763851,0.086613634,0.011478705,0.084595831,0.007474515,0.003198619,0.005710103,0.050693079,0.023894738,0.02428713,0.082245843,0.006776002,0.037759782,0.01027205,0.00569846,0.041781776
Clostridium_symbiosum_WAL_14163,0.464409126,0.052429159,0.047227211,0.035445128,0.006572342,0.333968576,0.010227454,0.027082595,0.03618899,0.021861031,0.046529187,0.065691838,0.054315181,0.025553336,0.134224077,0.369358078,0.032505846,0.2001939,0.028413186,0.021103408,0.032760198,0.028321352,0.039621676,0.035047688,0.014932775,0.010179433,0.006347293,0.017350331,0.030732282,0.021764752,0.390939538,0.080469717,0.40313536,0.533226877,0.684910703,0.010628207,0.037167618,0.014588651,0.429667766,0.24285353,0.258430561,0.203087171,0.683495021,0.255431666,0.501207665,0.018490879,0.183834843,0.020576544,0.023214695,0.623681712,0.037698827,0.022862356,0.013900064,0.471935794,0.033408593,0.020988739,0.037348688,0.046270167,0.035537014,0.016963326,0.616932854,0.194150452,0.027279315,0.13633853,0.007936657,0.006986077,0.176909134,0.024594482,0.012501761,0.22991282,0.015652268,0.06506112,0.022396219,0.018399126,0.238707241,0.120844717,1,0.103443491,0.472248742,0.11965656,0.19188954,0.528338712,0.286919619,0.205441424,0.248791572,0.350834966,0.334701403,0.102468627,0.625751823,0.665194752,0.067607893,0.096293527,0.596833102,0.044088166,0.035564244,0.518955792,0.5233665,0.289185744,0.421238896,0.157191918,0.402483407,0.306243534,0.568360558,0.531065937,0.047309455,0.030343608,0.341995572,0.059409983,0.031658925,0.095503202,0.131751775,0.084251693,0.305576499,0.199061725,0.123839049,0.244156152,0.122304093,0.017037293,0.049498474,0.03206244,0.020488732,0.07445824,0.032195514,0.108152549,0.087138947,0,0.038776538,0.008732827,0.0165529,0.050225467,0.129788818,0.037926072,0.200729687,0.147945035,0.34067225,0.010608297,0.021036454,0.135981082,0.089071751,0.609378913,0.094987234,0.071774464,0.061852224,0.026468835,0.047251576,0.327853584,0.197730926,0.200978003,0.525885617,0.056071973,0.312465312,0.08500206,0.047155226,0.118362514
Actinobacillus_pleuropneumoniae_sv_7_AP76,0.115133507,0.303024503,0.004885348,0.004014373,0.000679866,0.034546875,0.001057964,0.003085217,0.003761876,0.002261381,0.004813142,0.006795393,0.005618552,0.002643326,0.014135447,0.039680488,0.003362518,0.020708756,0.002975004,0.00218301,0.003388829,0.00292966,0.004098604,0.003625455,0.001544698,0.001052996,0.000656586,0.001794779,0.003179055,0.002251422,0.081682733,0.009551377,0.106194528,0.055205756,0.079712564,0.001099419,0.004199606,0.001509101,0.044446334,0.038619587,0.026732959,0.021181457,0.092725186,0.026422743,0.051846671,0.001912761,0.019016518,0.00212851,0.002401409,0.095648127,0.003899698,0.002364962,0.001437871,0.057351314,0.003523543,0.002171148,0.003863479,0.004856429,0.003676073,0.001754746,0.080385046,0.020083601,0.002821868,0.014103333,0.000820995,0.000722664,0.018300098,0.002544139,0.001330755,0.023782985,0.001619125,0.006730149,0.002316743,0.00190327,0.027814133,0.012500599,0.103443491,1,0.155270243,0.416895342,0.342783031,0.195790104,0.081591089,0.389575407,0.109694922,0.219722344,0.309062018,0.386078129,0.096192987,0.101206383,0.395915953,0.211071274,0.161654815,0.2881662,0.226606456,0.198713902,0.197650195,0.083346238,0.245569657,0.272601546,0.108021869,0.038626978,0.121375369,0.108361505,0.381583967,0.004507938,0.273661099,0.332746155,0.281575863,0.234087802,0.482217449,0.238415239,0.047621342,0.28632378,0.389329661,0.106651223,0.825124103,0.156327749,0.360219194,0.258138471,0.087681416,0.427359141,0.107346509,0.092166205,0.327921283,0,0.282020122,0.084421229,0.127746473,0.305611476,0.086242401,0.228201901,0.363614932,0.048069326,0.194138303,0.10255161,0.004147462,0.739042935,0.372598213,0.144326001,0.12695062,0.03100861,0.459251946,0.251594558,0.35636377,0.240209127,0.31785073,0.302919135,0.151990654,0.3381248,0.330867724,0.406988881,0.286149858,0.090017731
Actinomyces_odontolyticus_ATCC_17982,0.424046399,0.108013149,0.022548917,0.018291616,0.003138004,0.159455311,0.00488316,0.01508122,0.017363395,0.010437681,0.022215641,0.031364964,0.025933111,0.012200595,0.065243878,0.183150124,0.015520112,0.095583785,0.013731494,0.010075949,0.015641554,0.0135222,0.018917608,0.01673373,0.007129743,0.004860232,0.003030553,0.00828402,0.014673313,0.010391712,0.208421876,0.043314559,0.244896781,0.25480889,0.359506594,0.005074501,0.019383792,0.006965439,0.205147466,0.14388483,0.12338923,0.095445832,0.336426541,0.121957389,0.239304622,0.008828581,0.087773054,0.009824395,0.011083996,0.391695265,0.017999532,0.01091577,0.006636669,0.247625244,0.016263341,0.0100212,0.017832356,0.021584304,0.016967362,0.008099242,0.308955606,0.092698304,0.013024673,0.065095653,0.003789405,0.003335545,0.084466333,0.011742784,0.005736123,0.109773262,0.00747327,0.031063824,0.01069321,0.008784774,0.119911017,0.057698039,0.472248742,0.155270243,1,0.249636945,0.393108029,0.511732839,0.169285174,0.392947514,0.198747986,0.43130276,0.408275401,0.214597404,0.383201331,0.425424544,0.134885171,0.201680408,0.464610552,0.092339741,0.074486951,0.62920648,0.573366811,0.329830808,0.564785605,0.322350453,0.383967058,0.208005508,0.488349357,0.494441418,0.099086517,0.017372202,0.526808026,0.116604312,0.06630752,0.157938638,0.153633901,0.146914761,0.191961838,0.416921584,0.2578258,0.152442422,0.163829458,0.03568348,0.103671272,0.067152656,0.04291229,0.155947846,0.067431369,0.132039218,0.147120432,0,0.081214888,0.018290326,0.034668951,0.10519391,0.153869713,0.079433644,0.363619739,0.114314309,0.254226071,0.022218374,0.013956639,0.16602138,0.186554877,0.57038491,0.152466924,0.070546124,0.129545382,0.05543722,0.098965293,0.451483862,0.344993311,0.333843263,0.44997922,0.11743903,0.443441032,0.174850519,0.098763495,0.148074299
Anaerococcus_hydrogenalis_DSM_7454,0.128456343,0.399266418,0.005651046,0.00464356,0.000786424,0.039961531,0.001223782,0.003959834,0.004351488,0.002615816,0.005567523,0.007860459,0.006499168,0.003057624,0.016350947,0.045899753,0.003889538,0.023954513,0.003441287,0.002525161,0.003919973,0.003388836,0.004740993,0.004193686,0.001786804,0.001218036,0.000759495,0.002076081,0.003677319,0.002604295,0.09448516,0.011048399,0.122838776,0.063858352,0.0922062,0.001271735,0.004857825,0.001745628,0.051412567,0.044672574,0.030922912,0.024501302,0.107258337,0.030564074,0.059972785,0.002212555,0.021997045,0.002462119,0.002777791,0.111710605,0.004510912,0.002735631,0.001663234,0.066340191,0.0040758,0.00251144,0.004469016,0.005617594,0.004252237,0.002029773,0.092984083,0.023231375,0.003264149,0.016313799,0.000949673,0.00083593,0.021168338,0.002942891,0.001539329,0.027510577,0.001872896,0.00778499,0.002679855,0.002201576,0.032173542,0.014459863,0.11965656,0.416895342,0.249636945,1,0.62357,0.226476988,0.094379152,0.574805109,0.126887801,0.341062242,0.352871797,0.725354916,0.111269659,0.117068822,0.518014505,0.349731596,0.186991553,0.367631822,0.280213829,0.229859044,0.228628619,0.122803778,0.284058669,0.572225049,0.144929659,0.06038629,0.140398966,0.125345392,0.395377026,0.005214483,0.349877514,0.384923912,0.26458161,0.418993758,0.260633721,0.343607707,0.055085205,0.582458325,0.869271529,0.115152623,0.423593946,0.142384946,0.403952011,0.267953888,0.162300367,0.60490456,0.209519502,0.125716267,0.511649504,0,0.324065292,0.072982431,0.138336752,0.390318607,0.152387696,0.310900948,0.581375913,0.072534262,0.177872298,0.088656205,0.004797509,0.414507583,0.580181268,0.166946732,0.1747676,0.043000013,0.516914608,0.221206718,0.394893319,0.285243338,0.589404627,0.451321329,0.175812694,0.468607597,0.366815555,0.617494721,0.380316769,0.142539508
Anaerofustis_stercorihominis_DSM_17244,0.206452635,0.271305089,0.009062408,0.007332224,0.001261164,0.064085076,0.001962541,0.006350264,0.006978347,0.004194903,0.008928464,0.012605576,0.010422515,0.004903418,0.026221509,0.07360802,0.006237532,0.038415115,0.005518686,0.004049523,0.006286339,0.005434571,0.007602985,0.006725285,0.002865443,0.001953327,0.001217979,0.003329347,0.005897203,0.004176428,0.151522941,0.017110481,0.196992762,0.102407672,0.147868242,0.002039442,0.007790344,0.00279941,0.08244875,0.069663853,0.049590121,0.039291984,0.172006891,0.049014665,0.096176508,0.003548206,0.035275983,0.003948424,0.004454657,0.179146855,0.007234011,0.004387047,0.002667277,0.106387721,0.006536235,0.004027519,0.007166823,0.009008763,0.006819181,0.003255085,0.149115709,0.037255441,0.005234615,0.026161938,0.001522961,0.001340555,0.033947012,0.004719424,0.002468575,0.044117865,0.003003506,0.012484548,0.0042976,0.0035306,0.051595718,0.023188837,0.19188954,0.342783031,0.393108029,0.62357,1,0.363194169,0.146359629,0.635615458,0.182838228,0.454144979,0.454548655,0.533997981,0.178439724,0.187739663,0.350244333,0.405437267,0.299872593,0.22975805,0.185337064,0.364354954,0.366644673,0.159299069,0.455536137,0.644113444,0.187372616,0.095425029,0.225153497,0.200595348,0.246545252,0.008116507,0.518552344,0.267209683,0.164985155,0.353549396,0.305787704,0.297523909,0.088338447,0.712657251,0.645366336,0.131728095,0.351668859,0.088786981,0.257952956,0.167088006,0.106773572,0.38802657,0.167781496,0.12017476,0.367190324,0,0.202077394,0.045509654,0.086262648,0.261741556,0.157288791,0.197645335,0.593815784,0.108949759,0.241210001,0.05528335,0.007611635,0.348099261,0.416095628,0.267727331,0.151995604,0.046599162,0.322332442,0.137937873,0.246243627,0.417728173,0.634208049,0.490760259,0.242224058,0.292209639,0.538192398,0.436919754,0.245741515,0.145506122
Anaerostipes_caccae_DSM_14662,0.422594504,0.099233991,0.024951964,0.019403333,0.003472423,0.176448527,0.00540356,0.015689215,0.019213819,0.011550029,0.024583171,0.034707541,0.028696813,0.013500817,0.072196945,0.202668506,0.017174097,0.105770187,0.015194864,0.011149747,0.017308481,0.014963267,0.020933665,0.018517051,0.007889563,0.005378189,0.003353521,0.009166851,0.016237054,0.011499161,0.339770221,0.042081256,0.383544438,0.281963976,0.393999874,0.005615293,0.021085201,0.007707749,0.227010114,0.157214394,0.13653887,0.108184512,0.473594859,0.134954437,0.264807412,0.009769447,0.097127064,0.010871385,0.012265222,0.425807225,0.01991775,0.012079068,0.007343942,0.271322982,0.017996531,0.011089163,0.019732758,0.024804261,0.01877558,0.008962382,0.409669669,0.1025772,0.014412718,0.072032923,0.004193243,0.003691015,0.093467944,0.012994217,0.006796847,0.121471843,0.008269699,0.034374308,0.011832789,0.009720971,0.131419815,0.063846942,0.528338712,0.195790104,0.511732839,0.226476988,0.363194169,1,0.263223526,0.388844162,0.316069612,0.528240051,0.593358162,0.193944953,0.455057822,0.474116072,0.127963164,0.182257186,0.634349531,0.083446784,0.067313341,0.576359543,0.823195167,0.24364897,0.748307208,0.297521107,0.305162836,0.188932484,0.558679687,0.442196942,0.089543798,0.01893071,0.564806479,0.112446772,0.059921646,0.17802696,0.249369905,0.159465304,0.232204703,0.376769145,0.23439329,0.25268023,0.231488041,0.032246914,0.09368701,0.060685389,0.038779539,0.140928988,0.060937261,0.113153476,0.156660474,0,0.073393331,0.016528841,0.031330091,0.095063007,0.141891349,0.071783633,0.364328471,0.154957398,0.422428964,0.02007859,0.017145294,0.257374822,0.168588349,0.503864256,0.125082472,0.061493033,0.117069264,0.050098231,0.089434249,0.466187515,0.359704182,0.349004089,0.44699511,0.106128837,0.515024768,0.160885542,0.089251885,0.128806473
Bifidobacterium_angulatum_DSM_20098,0.214560712,0.041353517,0.059875995,0.020456687,0.008332602,0.223844605,0.012966655,0.02904942,0.027203531,0.017590304,0.05899102,0.083285971,0.068862323,0.032397243,0.09059682,0.193573601,0.041211832,0.220720692,0.036462365,0.026755498,0.041534306,0.035906612,0.050233482,0.044434451,0.018932194,0.012905773,0.008047277,0.02199724,0.038963257,0.027593968,0.453701428,0.08586307,0.327452074,0.272893963,0.294372411,0.011395957,0.023030161,0.018495905,0.229287468,0.14929226,0.13367801,0.203986999,0.3297474,0.190053083,0.263054192,0.023443259,0.166423367,0.026087525,0.029432248,0.235395236,0.04779564,0.028985542,0.017622894,0.255603052,0.019561296,0.026610117,0.047351723,0.059521559,0.045054833,0.021506585,0.228322929,0.187503864,0.034585487,0.117756575,0.010062318,0.008857146,0.117771649,0.031181581,0.013889158,0.152416324,0.019844388,0.082486329,0.02839456,0.023326933,0.129936488,0.133892005,0.286919619,0.081591089,0.169285174,0.094379152,0.146359629,0.263223526,1,0.162041993,0.213843752,0.233009034,0.254614128,0.080822164,0.305641544,0.330155771,0.053325749,0.060327542,0.330539126,0.034774556,0.028051309,0.270286049,0.28562515,0.143639112,0.260947526,0.107696039,0.251543939,0.099445516,0.254133235,0.235535696,0.037315349,0.051210565,0.22505137,0.046859644,0.024970988,0.075048737,0.103919257,0.06472962,0.139545447,0.148700778,0.097678092,0.21297688,0.096467395,0.013438171,0.039041938,0.025289261,0.016160494,0.058728962,0.025394223,0.038634471,0.068730874,0,0.030585008,0.00688802,0.013056105,0.039615354,0.068864012,0.029914202,0.132310183,0.085984548,0.259380859,0.008367297,0.015374596,0.107255125,0.069622376,0.273277076,0.033062946,0.023657165,0.048785963,0.020877303,0.037269697,0.220779493,0.147494041,0.117505967,0.285755432,0.044226788,0.192863476,0.067045404,0.037193701,0.048104858
Bifidobacterium_animalis_lactis_AD011,0.218270377,0.233760421,0.009702425,0.007972647,0.001350231,0.06861098,0.002101143,0.00679874,0.007471181,0.004491161,0.009559023,0.013495825,0.011158588,0.005249714,0.02807336,0.078806466,0.006678047,0.04112812,0.005908434,0.004335514,0.006730302,0.005818379,0.008139933,0.007200247,0.00306781,0.002091277,0.001303997,0.003564477,0.006313684,0.004471382,0.162224,0.01896928,0.210905053,0.109640046,0.158311194,0.002183474,0.008340525,0.002997113,0.088271558,0.07669949,0.053092342,0.042066916,0.184154596,0.052476245,0.102968816,0.003798792,0.037767292,0.004227275,0.00476926,0.191798809,0.007744901,0.004696875,0.002855649,0.113901179,0.006997846,0.004311956,0.007672968,0.009644992,0.007300775,0.00348497,0.159646761,0.039886545,0.005604301,0.028009582,0.001630518,0.00143523,0.036344464,0.005052725,0.002642914,0.047233617,0.003215624,0.013366249,0.004601111,0.003779943,0.051505376,0.024826511,0.205441424,0.389575407,0.392947514,0.574805109,0.635615458,0.388844162,0.162041993,1,0.217856926,0.564339219,0.579277211,0.498772958,0.191041737,0.200998469,0.29935721,0.261006707,0.321050604,0.214602127,0.173111358,0.394650901,0.392538353,0.196378867,0.48770763,0.489136535,0.24144907,0.077758639,0.241054594,0.215208725,0.230281966,0.00895288,0.586847236,0.230521112,0.154101957,0.31017528,0.29772398,0.258953251,0.094577205,0.754341933,0.583810749,0.183944352,0.39587978,0.082930173,0.23001718,0.156066094,0.099730284,0.356042924,0.139092353,0.108654481,0.317660784,0,0.188747417,0.042507623,0.080572358,0.226114372,0.142560327,0.184607717,0.552733646,0.108572829,0.31359714,0.0516366,0.008236966,0.390406854,0.36871322,0.286635135,0.130349673,0.042011081,0.301069876,0.128838841,0.230000237,0.365188033,0.534806221,0.438540163,0.29702363,0.272934115,0.432955708,0.413753265,0.224363637,0.12449993
Bifidobacterium_bifidum_NCIMB_41171,0.223154111,0.055597626,0.044535768,0.035430039,0.006197789,0.186864775,0.009644599,0.00988283,0.034293981,0.010206783,0.043877524,0.047639414,0.031683988,0.014330391,0.128861455,0.112852994,0.030653363,0.188785,0.014065335,0.01990074,0.030893219,0.02670734,0.037363666,0.033050347,0.014081767,0.009599315,0.005985565,0.016361548,0.028980872,0.020524395,0.265330796,0.039383791,0.229882255,0.258496575,0.266585416,0.010022513,0.038284413,0.013757255,0.167661759,0.114750309,0.092626436,0.126843628,0.294475886,0.192009079,0.259459598,0.017437097,0.141293761,0.019403903,0.021891707,0.177691662,0.025097933,0.021559447,0.01310791,0.184919083,0.032121293,0.019792606,0.035220214,0.044272139,0.033511787,0.015996599,0.198635078,0.113097299,0.025724687,0.073697912,0.007484352,0.006587946,0.166529451,0.023192861,0.012131421,0.164959105,0.014760257,0.061353336,0.021119875,0.017350574,0.140014199,0.113957867,0.248791572,0.109694922,0.198747986,0.126887801,0.182838228,0.316069612,0.213843752,0.217856926,1,0.280299189,0.309011496,0.108661144,0.246680016,0.309348718,0.071693661,0.074622653,0.272498389,0.04675256,0.037713508,0.264750393,0.328400113,0.144462281,0.301536077,0.140959018,0.17610398,0.083360229,0.252960284,0.238493637,0.050168521,0.040231705,0.263955848,0.063000324,0.033572179,0.089536588,0.13095061,0.089343301,0.121060851,0.194829737,0.131323051,0.855849946,0.129695333,0.018066913,0.05248983,0.034000079,0.021726933,0.078957997,0.034130422,0.044126217,0.084838175,0,0.041119932,0.00926058,0.017553246,0.053260757,0.079503235,0.04021807,0.163121404,0.090544069,0.45824584,0.011249391,0.012991912,0.144198867,0.086900881,0.231510212,0.037806151,0.024744564,0.065590158,0.028068434,0.050107145,0.198943868,0.176080686,0.159301517,0.243070023,0.059460587,0.211373974,0.090139015,0.050004972,0.055216051
Bifidobacterium_breve_DSM_20213,0.341209309,0.148469459,0.016568957,0.011986563,0.002305807,0.117167854,0.003588148,0.011610297,0.012758632,0.007669614,0.016324066,0.023046994,0.019055665,0.008965004,0.047941239,0.134578816,0.011404188,0.07023502,0.010089909,0.007403813,0.011493423,0.009936121,0.013900669,0.012295955,0.00523894,0.003571301,0.002226852,0.006087103,0.010781959,0.007635836,0.266085594,0.032394084,0.346333518,0.187233719,0.270350066,0.003728747,0.014243221,0.005118209,0.150742476,0.130980707,0.090666477,0.071838214,0.314483176,0.08961436,0.175841174,0.006487247,0.064495691,0.007218971,0.008144527,0.293468582,0.013226067,0.008020914,0.004876628,0.194510511,0.011950312,0.007363583,0.013103226,0.016470877,0.012467627,0.005951328,0.272630831,0.068114767,0.009570537,0.047832323,0.002784457,0.00245096,0.06206591,0.008628604,0.004513338,0.080661456,0.005491363,0.022825716,0.007857377,0.006455057,0.077913155,0.042396552,0.350834966,0.219722344,0.43130276,0.341062242,0.454144979,0.528240051,0.233009034,0.564339219,0.280299189,1,0.643970117,0.292070736,0.326244435,0.343247676,0.192705687,0.173794768,0.541467508,0.125666398,0.101370295,0.547598499,0.575672662,0.248347559,0.574186512,0.351846888,0.332262166,0.121137419,0.391021218,0.342813128,0.134848175,0.013139776,0.663620768,0.16933883,0.090238797,0.225755188,0.21928571,0.240146226,0.149468527,0.489994236,0.35298377,0.244001603,0.22908638,0.048562129,0.14108763,0.091388954,0.058399913,0.212231525,0.091768259,0.090115881,0.210887741,0,0.110526435,0.024891551,0.047181443,0.143159809,0.131676752,0.108102316,0.397708573,0.11982177,0.442165983,0.030237284,0.011866486,0.230225932,0.234848724,0.448121554,0.09575308,0.040413839,0.176300055,0.075445259,0.134683201,0.437577491,0.525675284,0.396925779,0.506666458,0.159824358,0.526459962,0.242285029,0.13440857,0.107681055
Bifidobacterium_dentium_ATCC_27678,0.343470284,0.156644576,0.015807014,0.012469724,0.002199772,0.111779751,0.003423143,0.010047529,0.012171912,0.007316918,0.015573384,0.02198715,0.018179367,0.008552738,0.045736604,0.128390049,0.010879752,0.067005179,0.009625913,0.00706334,0.010964884,0.009479196,0.01326143,0.01173051,0.004998021,0.003407071,0.002124448,0.00580718,0.010286138,0.007284693,0.264292369,0.030695706,0.343602647,0.178623554,0.257917696,0.003557276,0.01358823,0.004882842,0.143810404,0.124674906,0.086497071,0.068534648,0.300021293,0.085493337,0.167754908,0.006188923,0.06152978,0.006886998,0.007769991,0.263693667,0.01261785,0.007652063,0.004652371,0.185565714,0.011400763,0.00702496,0.012500658,0.015713444,0.011894289,0.005677649,0.260093578,0.064982429,0.009130425,0.045632697,0.00265641,0.00233825,0.059211735,0.008231808,0.004305787,0.076952143,0.005238836,0.021776048,0.007496046,0.006158213,0.076024303,0.040446896,0.334701403,0.309062018,0.408275401,0.352871797,0.454548655,0.593358162,0.254614128,0.579277211,0.309011496,0.643970117,1,0.306149379,0.311241697,0.327463023,0.201994651,0.161981025,0.52304976,0.131723877,0.106256632,0.558391998,0.63951629,0.2483511,0.713273841,0.31438623,0.331301142,0.102071436,0.384345357,0.336641644,0.141348242,0.014175827,0.62512453,0.177501445,0.094588565,0.27650715,0.375778887,0.220016632,0.146487907,0.476918218,0.359072267,0.272307246,0.365412551,0.050902962,0.147888457,0.095794162,0.061214956,0.22246169,0.096191751,0.120026021,0.242285206,0,0.115854125,0.026091395,0.049455723,0.150060521,0.148191643,0.113313156,0.495480564,0.113983289,0.504785846,0.031694808,0.012763806,0.395135355,0.266123029,0.413142416,0.140993975,0.056092963,0.184798221,0.079081936,0.141175316,0.43433013,0.491294182,0.390106058,0.469367289,0.167528348,0.515385922,0.253963859,0.140887447,0.139952045
Bifidobacterium_gallicum_DSM_20093,0.109856469,0.378477145,0.004839307,0.003976541,0.000673459,0.034221301,0.001047993,0.003391028,0.003726423,0.00224007,0.004767782,0.006731352,0.005565602,0.002618415,0.014002233,0.039306534,0.003330829,0.020513594,0.002946967,0.002162437,0.003356893,0.00290205,0.004059979,0.003591289,0.001530141,0.001043073,0.000650398,0.001777865,0.003149095,0.002230204,0.080912945,0.009461364,0.105193737,0.05468549,0.078961343,0.001089058,0.004160028,0.001494879,0.044027466,0.038255631,0.026481025,0.02098184,0.091851333,0.026173732,0.051358061,0.001894735,0.018837304,0.00210845,0.002378778,0.095664059,0.003862947,0.002342674,0.00142432,0.056810828,0.003490336,0.002150687,0.003827069,0.004810661,0.003641429,0.001738209,0.079627487,0.01989433,0.002795274,0.013970422,0.000813258,0.000715854,0.018127636,0.002520163,0.001318214,0.023558851,0.001603866,0.006666724,0.00229491,0.001885333,0.027552009,0.012382792,0.102468627,0.386078129,0.214597404,0.725354916,0.533997981,0.193944953,0.080822164,0.498772958,0.108661144,0.292070736,0.306149379,1,0.095286452,0.100252601,0.496489456,0.318418332,0.160131359,0.390754793,0.284997844,0.196841197,0.195787515,0.108673038,0.243255377,0.501949439,0.126967256,0.050434304,0.120231513,0.107340292,0.425526602,0.004465455,0.299619747,0.365330607,0.258688876,0.374122744,0.215493647,0.304745152,0.047172552,0.512393284,0.668724838,0.101591006,0.40518821,0.152572253,0.405148428,0.300914179,0.118201091,0.671669707,0.18352118,0.110675732,0.491248791,0,0.347106065,0.085224394,0.152292209,0.38938851,0.117960303,0.292051944,0.481352353,0.062115159,0.161660671,0.103527264,0.004108376,0.383441722,0.54693025,0.142965854,0.154149711,0.035955126,0.590572523,0.238301365,0.442503088,0.238118132,0.437911411,0.33908464,0.150558275,0.490365655,0.275787627,0.616728267,0.425036642,0.115870434
Blautia_hydrogenotrophica_DSM_10507,0.608931029,0.048754323,0.050786941,0.029035839,0.00706773,0.35914131,0.010998344,0.031805496,0.03357641,0.019610109,0.050036304,0.070643331,0.05803641,0.027479408,0.146948834,0.391487206,0.03495596,0.215283427,0.02561905,0.022694068,0.035229484,0.030456062,0.042608142,0.037689393,0.016058326,0.010946703,0.006825717,0.018658104,0.033048714,0.02340526,0.41641861,0.094959834,0.682641105,0.426819657,0.563844871,0.011429303,0.034653028,0.015688264,0.413317049,0.32797612,0.277909651,0.220197516,0.652980691,0.274684715,0.454924989,0.01988462,0.197691313,0.022127492,0.024964493,0.504677982,0.04054036,0.024585596,0.014947775,0.53520329,0.02809675,0.022570756,0.040163829,0.050486309,0.038215601,0.018241929,0.453194398,0.208784457,0.029335481,0.146614986,0.008534879,0.00751265,0.190243582,0.026448281,0.013834224,0.247242398,0.01683205,0.069965073,0.024084324,0.019785953,0.221524281,0.129953335,0.625751823,0.096192987,0.383201331,0.111269659,0.178439724,0.455057822,0.305641544,0.191041737,0.246680016,0.326244435,0.311241697,0.095286452,1,0.654873367,0.062869158,0.089544174,0.588082295,0.040997963,0.033071495,0.434606823,0.486682984,0.245011596,0.391713652,0.146174109,0.351453842,0.214498825,0.489773863,0.463387589,0.043993467,0.028113861,0.318024606,0.055245851,0.029439905,0.088809244,0.122517102,0.07834637,0.262079704,0.1851092,0.115158991,0.248747169,0.113731622,0.015843124,0.046029054,0.029815138,0.019052647,0.069239354,0.029938884,0.094457642,0.081031252,0,0.036058634,0.00812073,0.015392683,0.046705091,0.117820702,0.035267779,0.186660252,0.107913808,0.332923813,0.009864746,0.020990962,0.126449971,0.082828583,0.630317955,0.088329441,0.06331003,0.057516912,0.024613596,0.043939645,0.331225939,0.183871679,0.186891163,0.474800131,0.052141807,0.290564165,0.079044142,0.043850048,0.104356174
Butyrivibrio_fibrisolvens_16_4,0.422936229,0.051295306,0.048271141,0.035888042,0.00671762,0.341350757,0.010453526,0.027975285,0.036269124,0.022344256,0.047557688,0.067143917,0.055515786,0.026118178,0.136274943,0.338527843,0.033224369,0.20461907,0.028480848,0.021569886,0.033484343,0.028947379,0.04049749,0.035822397,0.015262855,0.010404443,0.006487596,0.01773385,0.031411601,0.022245849,0.567493424,0.088529614,0.453938943,0.545477019,0.777637189,0.010863137,0.039696582,0.014911125,0.439165323,0.276146527,0.240069316,0.209289732,0.749722909,0.261077834,0.512286569,0.018899609,0.187898405,0.021031377,0.023727843,0.522345217,0.038532138,0.023367715,0.014207317,0.53251673,0.034530099,0.021452683,0.038174259,0.047985401,0.036322539,0.01733829,0.535725415,0.198442035,0.027882308,0.139352214,0.008112092,0.0071405,0.180819608,0.025138129,0.013014809,0.234994909,0.015998252,0.066499258,0.022891274,0.018805828,0.221691615,0.123515919,0.665194752,0.101206383,0.425424544,0.117068822,0.187739663,0.474116072,0.330155771,0.200998469,0.309348718,0.343247676,0.327463023,0.100252601,0.654873367,1,0.066145779,0.094211047,0.626064761,0.043134699,0.034795118,0.486036077,0.512047977,0.270415427,0.412129024,0.153792426,0.454118903,0.240336129,0.616041424,0.576379412,0.046286323,0.034325171,0.334599445,0.05812516,0.030974257,0.093437813,0.128902461,0.082429634,0.256156985,0.19475674,0.121160859,0.331901772,0.119659098,0.016668838,0.048428001,0.031369046,0.020045634,0.072847978,0.031499242,0.124253791,0.085254447,0,0.037937942,0.008543967,0.016194921,0.049139272,0.142297951,0.037105869,0.19638863,0.108973778,0.430240738,0.010378877,0.02465915,0.133040303,0.087145452,0.599092603,0.092933004,0.083728375,0.060514584,0.02589641,0.046229696,0.349479109,0.193454722,0.196631576,0.565606482,0.054859339,0.305707818,0.083163773,0.046135429,0.133998728
Campylobacter_concisus_13826,0.075248174,0.531730392,0.003192932,0.002623686,0.000444342,0.022578912,0.000691457,0.00223737,0.002458661,0.001477978,0.00314574,0.004441287,0.003672135,0.001727607,0.009238549,0.025934103,0.002197652,0.013534688,0.001944383,0.001426757,0.002214848,0.001914747,0.002678738,0.0023695,0.001009573,0.00068821,0.000429127,0.001173019,0.002077745,0.001471469,0.053385645,0.006242524,0.069405897,0.036081002,0.052097995,0.000718551,0.00274475,0.000986308,0.029048932,0.025240727,0.017471946,0.013843632,0.060602697,0.017269197,0.033885594,0.001250129,0.012428686,0.001391137,0.001569497,0.0631183,0.002548738,0.001545676,0.000939754,0.037483282,0.002302893,0.001419004,0.002525066,0.003174032,0.002402583,0.001146855,0.052537512,0.013126103,0.001844297,0.009217561,0.000536581,0.000472314,0.011960454,0.001662781,0.000869746,0.015543921,0.001058217,0.004398645,0.001514161,0.001243926,0.018178572,0.008170057,0.067607893,0.395915953,0.134885171,0.518014505,0.350244333,0.127963164,0.053325749,0.29935721,0.071693661,0.192705687,0.201994651,0.496489456,0.062869158,0.066145779,1,0.324159378,0.105653254,0.453136013,0.339858163,0.12987408,0.12917887,0.071701509,0.160497745,0.356911227,0.083771872,0.034119231,0.079327688,0.070118507,0.590313777,0.002946267,0.197686458,0.484936839,0.397970872,0.471931332,0.205278461,0.385632528,0.031124032,0.31840452,0.51814968,0.064845188,0.349630272,0.252001536,0.620944054,0.474241084,0.223445957,0.639510544,0.311317908,0.12606903,0.444325835,0,0.540192433,0.129168744,0.234921263,0.581662818,0.095798132,0.455761047,0.336810634,0.040983032,0.113926016,0.156909143,0.00271067,0.317095778,0.667732628,0.094327606,0.220010857,0.042341969,0.660282404,0.356561296,0.602320152,0.161167102,0.328887203,0.291957964,0.099337017,0.584501124,0.211550308,0.610773634,0.462287802,0.129267947
Campylobacter_hominis_ATCC_BAA_381,0.107175535,0.356549513,0.004547675,0.003736901,0.000632874,0.032159012,0.000984838,0.003186673,0.003501857,0.002105076,0.00448046,0.006325699,0.0052302,0.002460621,0.013158412,0.036937792,0.003130103,0.019277377,0.002769373,0.002032122,0.003154595,0.002727163,0.003815311,0.003374866,0.00143793,0.000980214,0.000611203,0.001670725,0.00295932,0.002095805,0.06616059,0.008797183,0.084588933,0.051389961,0.07420287,0.001023428,0.003909331,0.001404793,0.041374225,0.03523249,0.02488519,0.019717405,0.086316066,0.024596416,0.048263054,0.001780552,0.017702105,0.001981388,0.002235425,0.089899025,0.003630153,0.002201497,0.001338486,0.053387219,0.003279997,0.00202108,0.003596437,0.004520755,0.003421984,0.001633458,0.074828871,0.018695432,0.002626821,0.013128518,0.000764249,0.000672714,0.017035204,0.002368289,0.001238774,0.022139116,0.001507212,0.006264965,0.002156611,0.001771717,0.025891634,0.011636564,0.096293527,0.211071274,0.201680408,0.349731596,0.405437267,0.182257186,0.060327542,0.261006707,0.074622653,0.173794768,0.161981025,0.318418332,0.089544174,0.094211047,0.324159378,1,0.150481312,0.390680174,0.273718373,0.152251404,0.183988709,0.053353309,0.228596001,0.561313863,0.064005761,0.048595822,0.112985963,0.10087161,0.381438505,0.00419042,0.266308213,0.337248336,0.263819133,0.252161551,0.131515714,0.266555852,0.044329777,0.400267534,0.351696522,0.053291265,0.198209911,0.161605196,0.365070308,0.288102446,0.082228984,0.40359171,0.158310329,0.101060609,0.269366332,0,0.32314418,0.090689654,0.127962024,0.408495563,0.080464219,0.264711576,0.238548998,0.04311743,0.06968806,0.110166248,0.003860792,0.173166794,0.332740139,0.134350257,0.13791548,0.030064038,0.380302977,0.242460708,0.400952227,0.202500807,0.275439769,0.278750762,0.091095751,0.390041439,0.307495962,0.341345994,0.388547769,0.116374836
Candidatus_Sulcia_muelleri_GWSS,0.473676102,0.081932908,0.03022086,0.022428086,0.004205665,0.21370768,0.006544584,0.020027779,0.023271039,0.013988951,0.029774193,0.042036441,0.034756477,0.016351671,0.087442167,0.245464312,0.020800607,0.128104789,0.018290939,0.013504146,0.020963367,0.018122934,0.025354051,0.022427141,0.009555536,0.006513855,0.004061655,0.011102538,0.019665697,0.013927342,0.427676217,0.056317976,0.484833841,0.341503939,0.493103555,0.006801027,0.025332002,0.00933533,0.274945933,0.214855652,0.165370635,0.131028926,0.549808441,0.163451632,0.320724568,0.011832379,0.11763657,0.013167004,0.014855166,0.491812934,0.024123614,0.014629703,0.0088947,0.354776405,0.021796708,0.013430769,0.023899558,0.030041968,0.022740262,0.010854893,0.444869661,0.124237565,0.017456131,0.08724351,0.005078695,0.004470416,0.113204785,0.015738097,0.00823208,0.147122032,0.010015942,0.041632842,0.01433142,0.011773666,0.147526425,0.077328964,0.596833102,0.161654815,0.464610552,0.186991553,0.299872593,0.634349531,0.330539126,0.321050604,0.272498389,0.541467508,0.52304976,0.160131359,0.588082295,0.626064761,0.105653254,0.150481312,1,0.068898142,0.055577506,0.671871652,0.665678482,0.315992724,0.649635298,0.245649389,0.462351471,0.202696449,0.529309233,0.458173193,0.073932164,0.022662083,0.511567268,0.092842088,0.049474526,0.149246242,0.205893174,0.131663111,0.247292568,0.311080821,0.193527677,0.255265273,0.191128947,0.026624782,0.077353022,0.050105114,0.032018468,0.116358534,0.050313072,0.145090906,0.136175125,0,0.060597472,0.013647098,0.025867804,0.078489119,0.162693641,0.059268419,0.313687405,0.12308599,0.398045118,0.016577961,0.019091464,0.212502463,0.139195587,0.643050687,0.148439921,0.085880254,0.096658665,0.041363788,0.073841715,0.500961671,0.309001135,0.314075457,0.640981669,0.087625662,0.488300632,0.132835736,0.073691145,0.158094055
Citrobacter_koseri_ATCC_BAA_895,0.049070514,0.533642463,0.002082161,0.001710947,0.000289763,0.014724062,0.00045091,0.001459024,0.001603331,0.000963813,0.002051387,0.002896233,0.002394657,0.0011266,0.006024603,0.016912035,0.001433123,0.008826182,0.001267963,0.000930411,0.001444337,0.001248636,0.001746847,0.001545188,0.000658359,0.000448793,0.000279841,0.000764944,0.00135493,0.000959568,0.034813615,0.004070848,0.045260673,0.023528987,0.033973919,0.000468578,0.001789894,0.000643187,0.018943264,0.016459874,0.01139373,0.00902765,0.039519968,0.011261514,0.022097327,0.000815229,0.008104941,0.000907182,0.001023493,0.041160432,0.001662072,0.001007959,0.000612828,0.024443435,0.001501753,0.000925355,0.001646635,0.002069836,0.001566762,0.000747882,0.034260534,0.008559737,0.001202695,0.006010916,0.000349913,0.000308003,0.007799599,0.001084326,0.000567175,0.010136435,0.00069008,0.002868425,0.000987408,0.000811184,0.011854532,0.005327822,0.044088166,0.2881662,0.092339741,0.367631822,0.22975805,0.083446784,0.034774556,0.214602127,0.04675256,0.125666398,0.131723877,0.390754793,0.040997963,0.043134699,0.453136013,0.390680174,0.068898142,1,0.655832685,0.084692923,0.084239565,0.046757677,0.104663095,0.254786232,0.05462895,0.022249685,0.051730828,0.04618425,0.695647406,0.001921307,0.128914437,0.58396094,0.644037641,0.333496988,0.116538581,0.444308071,0.020296469,0.219674787,0.355251111,0.04128436,0.245916461,0.355054305,0.63271501,0.532388618,0.171448968,0.536426392,0.269336189,0.109471481,0.430824251,0,0.563760348,0.19807643,0.274301322,0.617640553,0.063238261,0.497201368,0.219639492,0.026725677,0.06996081,0.240615507,0.00176767,0.210811787,0.455907118,0.06151251,0.164822655,0.026148344,0.588541549,0.600361436,0.666718691,0.105099593,0.222970515,0.219368119,0.064779226,0.644575513,0.141097795,0.518671741,0.570238912,0.112680395
Citrobacter_sp_30_2,0.039583313,0.454880397,0.0016796,0.001380156,0.00023374,0.01187734,0.000363732,0.001176939,0.001293346,0.000777471,0.001654775,0.002336281,0.001931678,0.000908785,0.004859818,0.013642294,0.001156046,0.007119745,0.001022817,0.000750527,0.001165092,0.001007227,0.001409115,0.001246445,0.000531073,0.000362024,0.000225737,0.000617051,0.00109297,0.000774047,0.028082817,0.003283798,0.03651006,0.018979937,0.027405466,0.000377984,0.00144384,0.000518834,0.015280809,0.013277553,0.009190887,0.007282261,0.031879252,0.009084234,0.017825072,0.000657614,0.006537947,0.000731789,0.000825613,0.033202552,0.00134073,0.000813082,0.000494345,0.019717588,0.001211407,0.000746449,0.001328278,0.001669658,0.001263847,0.000603288,0.027636668,0.006904814,0.000970168,0.004848777,0.000282261,0.000248455,0.00629164,0.000874684,0.000457518,0.008176676,0.000556661,0.00231385,0.000796505,0.000654351,0.009562599,0.004297751,0.035564244,0.226606456,0.074486951,0.280213829,0.185337064,0.067313341,0.028051309,0.173111358,0.037713508,0.101370295,0.106256632,0.284997844,0.033071495,0.034795118,0.339858163,0.273718373,0.055577506,0.655832685,1,0.068318553,0.067952847,0.037717637,0.08442773,0.196500807,0.044067093,0.017947973,0.041729288,0.037255075,0.505870133,0.001549845,0.103990364,0.491598963,0.621698126,0.338434525,0.114062069,0.404230029,0.016372388,0.178659378,0.287181177,0.030924843,0.200308639,0.458126154,0.529755468,0.490301244,0.192917498,0.373697502,0.158941138,0.087114294,0.387881839,0,0.471664588,0.197592905,0.322830796,0.491142151,0.049834716,0.489470449,0.175003717,0.021558585,0.066699049,0.298285451,0.001425912,0.175159048,0.350710264,0.049619798,0.159266197,0.024749552,0.414713759,0.567661607,0.520632915,0.084779837,0.179861818,0.170702625,0.052254933,0.534120686,0.113818214,0.41839273,0.51799324,0.092026862
Clostridium_difficile_630,0.456095494,0.100715885,0.02458483,0.019102896,0.003421331,0.173852333,0.005324054,0.016769996,0.018931114,0.011380086,0.024221464,0.034196868,0.028274579,0.013302171,0.071134667,0.199686521,0.016921404,0.104213926,0.014971293,0.010985694,0.017053811,0.014743103,0.020625655,0.018244598,0.007773479,0.005299056,0.003304178,0.009031974,0.015998149,0.011329967,0.319646261,0.046951427,0.38222466,0.277815268,0.397974344,0.005532672,0.02113393,0.00759434,0.223669976,0.188440745,0.13452989,0.105404674,0.378480844,0.13296877,0.260911139,0.009625703,0.095697974,0.010711428,0.012084757,0.42021769,0.019624688,0.011901341,0.007235886,0.274753751,0.017731737,0.010926002,0.019442418,0.023851133,0.018499324,0.008830513,0.314334661,0.101067919,0.014200655,0.070973059,0.004131545,0.003636707,0.092092693,0.012803025,0.006356386,0.119684554,0.008148022,0.033868538,0.011658686,0.00957794,0.128671663,0.062907523,0.518955792,0.198713902,0.62920648,0.229859044,0.364354954,0.576359543,0.270286049,0.394650901,0.264750393,0.547598499,0.558391998,0.196841197,0.434606823,0.486036077,0.12987408,0.152251404,0.671871652,0.084692923,0.068318553,1,0.600156281,0.385019211,0.674004736,0.274042184,0.48542463,0.19450257,0.48380777,0.437577182,0.090880985,0.018013075,0.489545097,0.114125977,0.060816476,0.183460686,0.225378031,0.161846652,0.236314878,0.36852786,0.237893563,0.208790863,0.213719802,0.032728468,0.095086069,0.061591624,0.039358647,0.143033527,0.061847257,0.132599292,0.167393038,0,0.074489338,0.016775672,0.031797954,0.096482615,0.155746324,0.072855602,0.385599702,0.120904142,0.343527923,0.020378431,0.014757776,0.214860179,0.171105935,0.568033661,0.151781393,0.072940573,0.118817498,0.050846365,0.090769801,0.56524031,0.379839112,0.367315939,0.614357801,0.107713694,0.552568117,0.163288099,0.090584713,0.147808429
Clostridium_hylemonae_DSM_15053,0.457488224,0.100176758,0.02471714,0.019257944,0.003439744,0.174787965,0.005352707,0.015304933,0.019032997,0.011441331,0.024351818,0.034380907,0.028426746,0.01337376,0.071517497,0.198499817,0.017012471,0.104774781,0.015051865,0.011044817,0.01714559,0.014822447,0.020736658,0.018342786,0.007815314,0.005327574,0.00332196,0.009080582,0.016084247,0.011390942,0.341432077,0.046588848,0.406006429,0.279310404,0.403301214,0.005562447,0.021247668,0.007635211,0.224873715,0.169514586,0.135253898,0.107166384,0.469137844,0.133684377,0.262315301,0.009677506,0.096212998,0.010769074,0.012149794,0.391789588,0.019730303,0.011965391,0.007274828,0.290165734,0.017827165,0.010984803,0.019547052,0.024570827,0.018598883,0.008878036,0.405359177,0.101611843,0.01427708,0.071355019,0.00415378,0.003656279,0.092588314,0.012871928,0.006732881,0.120328668,0.008191872,0.034050811,0.011721431,0.009629486,0.124915519,0.063246077,0.5233665,0.197650195,0.573366811,0.228628619,0.366644673,0.823195167,0.28562515,0.392538353,0.328400113,0.575672662,0.63951629,0.195787515,0.486682984,0.512047977,0.12917887,0.183988709,0.665678482,0.084239565,0.067952847,0.600156281,1,0.259329155,0.767707506,0.300347688,0.337724938,0.173323248,0.583394614,0.513721181,0.090394503,0.02108514,0.620726729,0.113515066,0.060490928,0.180640411,0.251739029,0.160980294,0.206730711,0.380348617,0.23662013,0.279348479,0.233687279,0.032553274,0.094577077,0.061261927,0.039147961,0.142267875,0.061516192,0.117806891,0.159042883,0,0.0740906,0.016685872,0.031627741,0.095966147,0.14529875,0.072465609,0.375476297,0.124460088,0.472148691,0.020269346,0.018201953,0.259819996,0.170190012,0.585414014,0.131495396,0.064124637,0.118181473,0.050574186,0.090283914,0.476365347,0.361576269,0.358742862,0.488111932,0.107137108,0.527467417,0.162414025,0.090099817,0.133413438
Clostridium_perfringens_ATCC_13124,0.362500816,0.052475583,0.044530893,0.021897571,0.006197111,0.175088504,0.009643543,0.020463221,0.024692967,0.015513519,0.043872722,0.061941329,0.035342941,0.024094433,0.128847351,0.229277444,0.030650008,0.148747257,0.027023235,0.019898562,0.030889838,0.026704416,0.037359577,0.03304673,0.014080226,0.009598264,0.00598491,0.016359758,0.0289777,0.020522149,0.176863647,0.087062663,0.188961329,0.215575636,0.238397854,0.006888906,0.037652641,0.013755749,0.162998954,0.140755415,0.111050611,0.079484221,0.214049447,0.171549467,0.191504127,0.011414596,0.130347481,0.019401779,0.021889311,0.235486809,0.017966941,0.021557088,0.013106475,0.177819074,0.032117777,0.01979044,0.035216359,0.019340553,0.019104644,0.015994848,0.18556242,0.183065925,0.025721872,0.091885736,0.007483533,0.006587225,0.108728181,0.023190323,0.005212523,0.167043494,0.014758641,0.061346621,0.021117564,0.017348675,0.19446893,0.091709631,0.289185744,0.083346238,0.329830808,0.122803778,0.159299069,0.24364897,0.143639112,0.196378867,0.144462281,0.248347559,0.2483511,0.108673038,0.245011596,0.270415427,0.071701509,0.053353309,0.315992724,0.046757677,0.037717637,0.385019211,0.259329155,1,0.27345344,0.120902219,0.473297741,0.148935464,0.311176557,0.327193771,0.050174013,0.015109791,0.234651366,0.056587782,0.033575853,0.099031934,0.07367124,0.072651074,0.414898061,0.171612734,0.125385816,0.120178271,0.088774157,0.01806889,0.052495576,0.034003801,0.021729311,0.077627353,0.034144932,0.105244054,0.092415156,0,0.041124433,0.009261594,0.017555168,0.050581225,0.123279617,0.040222472,0.206175449,0.084257171,0.183981671,0.011250622,0.012877693,0.090756545,0.09446499,0.285146728,0.100738651,0.068503355,0.065597337,0.028071506,0.050112629,0.234796042,0.168193157,0.167264976,0.325897823,0.059467096,0.189666369,0.090148881,0.048818892,0.111933056
Clostridium_phytofermentans_ISDg,0.423215339,0.124464193,0.019893938,0.015904142,0.002768526,0.140680554,0.004308201,0.012687259,0.015318975,0.009208716,0.019599904,0.027671957,0.022879667,0.010764059,0.057561864,0.161585468,0.013692727,0.084329457,0.012114706,0.008889576,0.01379987,0.011930055,0.016690191,0.01476345,0.006290266,0.004287973,0.002673727,0.007308634,0.012945633,0.00916816,0.296344547,0.037871204,0.377542493,0.224806911,0.32460266,0.004477014,0.017101485,0.006145307,0.180992776,0.151045084,0.108861004,0.086254373,0.372832482,0.107597753,0.211128163,0.007789077,0.077438386,0.008667641,0.009778933,0.355376887,0.015880212,0.009630514,0.005855248,0.233543976,0.014348445,0.008841273,0.01573272,0.019776176,0.014969573,0.007145613,0.320064257,0.081783722,0.011491108,0.057431092,0.003343228,0.002942807,0.074521008,0.010360153,0.005419054,0.096848222,0.006593344,0.027406274,0.009434159,0.007750428,0.104273803,0.050904495,0.421238896,0.245569657,0.564785605,0.284058669,0.455536137,0.748307208,0.260947526,0.48770763,0.301536077,0.574186512,0.713273841,0.243255377,0.391713652,0.412129024,0.160497745,0.228596001,0.649635298,0.104663095,0.08442773,0.674004736,0.767707506,0.27345344,1,0.373165726,0.344847192,0.149484244,0.470116923,0.411775623,0.112310272,0.017526697,0.629232846,0.141036318,0.0751567,0.226719808,0.312772101,0.180216557,0.193342977,0.472562544,0.293987688,0.237667065,0.29034378,0.040445678,0.117506893,0.076114625,0.048639221,0.176760125,0.076430534,0.122682013,0.206863488,0,0.092053556,0.020731292,0.039295754,0.119232738,0.151172789,0.090034592,0.44611283,0.126921536,0.415176131,0.025183564,0.015542,0.322812265,0.211451867,0.51343788,0.141238637,0.062290496,0.146834076,0.062835686,0.112172871,0.56857319,0.446554193,0.374276283,0.473954791,0.13311205,0.655472109,0.201790625,0.11194414,0.140233902
Clostridium_ramosum_VPI_0427_DSM_1402,0.16732886,0.28355611,0.007423736,0.006100209,0.001033119,0.052497161,0.001607673,0.005202004,0.005716517,0.003436377,0.007314012,0.010326226,0.008537907,0.004016778,0.021480115,0.060298158,0.005109656,0.031468863,0.004520793,0.003317285,0.005149638,0.004451888,0.006228207,0.005509213,0.002347312,0.001600125,0.000997743,0.002727332,0.004830866,0.003421243,0.116757372,0.014514198,0.150231078,0.083890234,0.121130587,0.001670668,0.006381688,0.002293218,0.0675403,0.058686022,0.040623196,0.032187176,0.140904467,0.040151794,0.078785794,0.002906617,0.028897352,0.003234466,0.003649163,0.146753377,0.005925951,0.003593778,0.002184978,0.087150607,0.005354348,0.00329926,0.005870912,0.007379791,0.005586131,0.002666498,0.122152486,0.030518882,0.004288088,0.021431315,0.001247578,0.001098155,0.027808686,0.003866054,0.002022205,0.036140437,0.00246041,0.010227082,0.003520505,0.002892194,0.042266139,0.018995813,0.157191918,0.272601546,0.322350453,0.572225049,0.644113444,0.297521107,0.107696039,0.489136535,0.140959018,0.351846888,0.31438623,0.501949439,0.146174109,0.153792426,0.356911227,0.561313863,0.245649389,0.254786232,0.196500807,0.274042184,0.300347688,0.120902219,0.373165726,1,0.142630812,0.079329013,0.18444106,0.164665293,0.279371547,0.006850227,0.444545729,0.243538362,0.164455179,0.357521321,0.192619569,0.325964453,0.072365017,0.612506967,0.626385186,0.093628111,0.291334252,0.099231998,0.26245251,0.196091705,0.11647317,0.462923328,0.179388854,0.116370731,0.336421554,0,0.243442855,0.055555188,0.09398656,0.28032163,0.136470787,0.236747129,0.43124617,0.081683535,0.154117585,0.067486272,0.006302451,0.280914028,0.442082005,0.219316659,0.1581105,0.043129657,0.382236479,0.14972854,0.289224569,0.360733852,0.563436836,0.409686968,0.182231538,0.31933803,0.503069981,0.481930722,0.29632568,0.130554355
Clostridium_sp_7_2_43FAA,0.469157803,0.062083835,0.03811461,0.027840767,0.005304193,0.269528556,0.008254043,0.026601606,0.026583981,0.017041616,0.037551272,0.053016444,0.043834939,0.02062276,0.110003711,0.291604962,0.026233767,0.161566018,0.020829989,0.017031456,0.026439041,0.022856681,0.031976581,0.028285155,0.012051461,0.008215288,0.005122568,0.014002544,0.024802416,0.017565192,0.316948377,0.074518142,0.32287211,0.384417402,0.389181167,0.008577469,0.027530668,0.011773737,0.289245849,0.21809053,0.170474419,0.134326744,0.3414131,0.206145527,0.343909641,0.01492302,0.148363479,0.016606252,0.018735366,0.361031658,0.027428679,0.018451011,0.011218014,0.333080094,0.025920713,0.016938913,0.030142171,0.031105092,0.028059804,0.013690212,0.282714604,0.156688667,0.022015707,0.110031691,0.00640526,0.005638097,0.142774102,0.019848919,0.008381957,0.185550602,0.012632126,0.052507424,0.018074816,0.014848972,0.179675393,0.097527446,0.402483407,0.108021869,0.383967058,0.144929659,0.187372616,0.305162836,0.251543939,0.24144907,0.17610398,0.332262166,0.331301142,0.126967256,0.351453842,0.454118903,0.083771872,0.064005761,0.462351471,0.05462895,0.044067093,0.48542463,0.337724938,0.473297741,0.344847192,0.142630812,1,0.204113363,0.463333086,0.474785341,0.058620398,0.022494934,0.32081778,0.073613971,0.039228074,0.118336508,0.106826741,0.097454615,0.230068518,0.201849473,0.147905586,0.206447618,0.114017567,0.02111064,0.061332777,0.039728063,0.025387264,0.09150529,0.039892953,0.215791351,0.107972493,0,0.048047396,0.010820707,0.020510437,0.059874508,0.208562891,0.046993597,0.244300921,0.091399995,0.248716681,0.013144573,0.019766175,0.116016604,0.1103674,0.448746127,0.11769718,0.138392521,0.076640113,0.032797115,0.058548681,0.293205523,0.207412604,0.213872838,0.560053175,0.069477896,0.250321244,0.105324709,0.057829739,0.220436215
Clostridium_spiroforme_DSM_1552,0.171856368,0.026459079,0.093581599,0.075687971,0.013023219,0.323677087,0.020265891,0.038357543,0.042160126,0.026666588,0.092198453,0.130169601,0.06942652,0.036830343,0.121915262,0.252086968,0.064410941,0.269652663,0.031733383,0.041816796,0.064914944,0.056119287,0.078511089,0.069447648,0.029589572,0.020170736,0.012577279,0.034380004,0.06089659,0.043127262,0.138693437,0.124473031,0.128831373,0.287271173,0.264833104,0.01902651,0.025881425,0.028907684,0.419485162,0.173826165,0.271294752,0.234719102,0.236888083,0.327762165,0.324328951,0.032935213,0.267719678,0.040772806,0.046000352,0.331764898,0.050860896,0.045302184,0.027543236,0.232947305,0.067495456,0.041589577,0.074007121,0.090676753,0.063841136,0.033613147,0.273923833,0.320055545,0.054054471,0.247002061,0.015726633,0.013843042,0.210864688,0.048734425,0.024700793,0.212731295,0.03101526,0.128919822,0.044378526,0.036458212,0.391619344,0.23945606,0.306243534,0.038626978,0.208005508,0.06038629,0.095425029,0.188932484,0.099445516,0.077758639,0.083360229,0.121137419,0.102071436,0.050434304,0.214498825,0.240336129,0.034119231,0.048595822,0.202696449,0.022249685,0.017947973,0.19450257,0.173323248,0.148935464,0.149484244,0.079329013,0.204113363,1,0.213098892,0.199476712,0.023875352,0.018408492,0.112842315,0.029982046,0.015977102,0.048196973,0.044828673,0.042518749,0.178447917,0.081202034,0.062497039,0.062157309,0.041532915,0.008598099,0.02498007,0.016180741,0.010339914,0.037576351,0.016247899,0.14983189,0.04397584,0,0.019569101,0.004407138,0.008353643,0.025346956,0.351838984,0.019139902,0.099321056,0.264842354,0.078880977,0.005353619,0.04394515,0.042748844,0.044951256,0.195599221,0.047936583,0.353283315,0.031214556,0.013357853,0.023846143,0.16960209,0.099787568,0.101426248,0.219262849,0.028297474,0.142776661,0.042897431,0.023797518,0.17448619
Collinsella_intestinalis_DSM_13280,0.53596277,0.061517728,0.040249909,0.031397597,0.005601351,0.284628385,0.00871646,0.026134318,0.030993731,0.018631303,0.039655011,0.05598659,0.046290709,0.021778111,0.106525172,0.309710636,0.027703464,0.170617449,0.024510773,0.017985611,0.027920239,0.024137183,0.033768008,0.029869777,0.012726621,0.008675534,0.00540955,0.01478701,0.026191925,0.018549249,0.426315432,0.073705646,0.37889261,0.453036336,0.550717438,0.009058006,0.034600148,0.012433338,0.341122909,0.248431753,0.194475079,0.157255788,0.488187527,0.217694441,0.406282256,0.015759054,0.156675263,0.017536586,0.019784979,0.369894002,0.031467351,0.019484694,0.011846482,0.396281038,0.02903013,0.017887883,0.031830829,0.036129406,0.030286811,0.014457181,0.516719972,0.165466854,0.023249096,0.116196009,0.006764103,0.005953961,0.150772752,0.020960918,0.009744593,0.195945725,0.013339817,0.055449054,0.019087423,0.015680858,0.164767621,0.102991237,0.568360558,0.121375369,0.488349357,0.140398966,0.225153497,0.558679687,0.254133235,0.241054594,0.252960284,0.391021218,0.384345357,0.120231513,0.489773863,0.616041424,0.079327688,0.112985963,0.529309233,0.051730828,0.041729288,0.48380777,0.583394614,0.311176557,0.470116923,0.18444106,0.463333086,0.213098892,1,0.803926236,0.055510526,0.027348742,0.401280336,0.069708674,0.037146985,0.102393095,0.15459088,0.098856683,0.264725024,0.233568977,0.145306487,0.279470339,0.143505448,0.019990699,0.05807901,0.037620449,0.024040443,0.087365539,0.03777659,0.071840456,0.089431588,0,0.045498432,0.010246658,0.019422337,0.058932027,0.103573358,0.044500538,0.208374595,0.121147154,0.344664348,0.01244724,0.023755199,0.159553336,0.104512295,0.524648709,0.070563588,0.043210442,0.072574277,0.031057194,0.055442614,0.336887316,0.222429183,0.208647895,0.496302612,0.065792022,0.338639846,0.099737125,0.055329561,0.0840418
Collinsella_stercoris_DSM_13279,0.557655657,0.054921799,0.045083792,0.034931746,0.006274055,0.31881133,0.009763278,0.028600795,0.034715977,0.020868862,0.044417449,0.062710397,0.051850073,0.02345773,0.111206922,0.315354313,0.031030561,0.191108051,0.027454437,0.020145624,0.031273369,0.027035981,0.037823436,0.03345704,0.014255047,0.009717437,0.006059219,0.016562882,0.02933749,0.020776953,0.442038405,0.087235806,0.352933016,0.467718484,0.519730253,0.010145843,0.038755513,0.013926542,0.362288253,0.275054499,0.191545438,0.169736328,0.460015851,0.243838837,0.423687956,0.017651665,0.175491453,0.019642673,0.022161091,0.345881021,0.033974962,0.021824742,0.013269206,0.424467009,0.032516554,0.02003616,0.035653608,0.039234044,0.033924158,0.016193441,0.531103455,0.17728243,0.026041236,0.126999704,0.007576449,0.006669012,0.16888007,0.023478256,0.010610214,0.21947817,0.014941886,0.062108305,0.021379761,0.017564078,0.172621078,0.11536015,0.531065937,0.108361505,0.494441418,0.125345392,0.200595348,0.442196942,0.235535696,0.215208725,0.238493637,0.342813128,0.336641644,0.107340292,0.463387589,0.576379412,0.070118507,0.10087161,0.458173193,0.04618425,0.037255075,0.437577182,0.513721181,0.327193771,0.411775623,0.164665293,0.474785341,0.199476712,0.803926236,1,0.049558688,0.031728498,0.356270751,0.062234511,0.033164086,0.088662174,0.138015649,0.088257271,0.257897488,0.208525716,0.129726729,0.263616837,0.128118796,0.017847297,0.05185178,0.033586785,0.021462827,0.077998208,0.033726185,0.07440404,0.077142218,0,0.040620091,0.009148011,0.017339874,0.052613336,0.103602949,0.039729191,0.195234256,0.0952935,0.322418066,0.011112647,0.026423801,0.14244603,0.093306489,0.537569953,0.073739524,0.046778704,0.064792864,0.027727243,0.049498058,0.304029489,0.194706,0.198590187,0.462399272,0.058737803,0.298655095,0.089043313,0.049397127,0.085590431
Cronobacter_sakazakii_ATCC_BAA_894,0.052655836,0.580625697,0.002234294,0.001835957,0.000310934,0.015799871,0.000483855,0.001565627,0.001720478,0.001034233,0.00220127,0.003107845,0.002569622,0.001208914,0.006464789,0.018147708,0.001537834,0.009471064,0.001360606,0.000998391,0.001549867,0.001339868,0.00187448,0.001658087,0.000706461,0.000481583,0.000300287,0.000820835,0.001453928,0.001029679,0.037357262,0.004368283,0.04856763,0.025248125,0.036456213,0.000502815,0.001920672,0.000690181,0.020327348,0.017662509,0.012226209,0.009687252,0.042407482,0.012084333,0.023711861,0.000874793,0.008697126,0.000973465,0.001098275,0.044167807,0.001783511,0.001081606,0.000657604,0.026229387,0.001611478,0.000992966,0.001766946,0.002221068,0.001681237,0.000802526,0.03676377,0.009185152,0.00129057,0.006450102,0.000375479,0.000330508,0.008369475,0.001163552,0.000608615,0.01087705,0.0007405,0.003078006,0.001059553,0.000870453,0.012720679,0.005717098,0.047309455,0.381583967,0.099086517,0.395377026,0.246545252,0.089543798,0.037315349,0.230281966,0.050168521,0.134848175,0.141348242,0.425526602,0.043993467,0.046286323,0.590313777,0.381438505,0.073932164,0.695647406,0.505870133,0.090880985,0.090394503,0.050174013,0.112310272,0.279371547,0.058620398,0.023875352,0.055510526,0.049558688,1,0.002061687,0.138333531,0.669186565,0.590698168,0.3318026,0.144196501,0.400279991,0.021779425,0.237662238,0.38108179,0.0484957,0.324603271,0.331477132,0.829217577,0.527280729,0.165845181,0.603135015,0.23321842,0.11807861,0.460468759,0,0.598020359,0.184589458,0.261709982,0.697984172,0.067858745,0.474581465,0.235687385,0.028678381,0.081189359,0.22423206,0.001896825,0.278635115,0.505412444,0.066006902,0.182297136,0.032000412,0.713833293,0.559482982,0.884061336,0.112778663,0.239261788,0.234274329,0.0695123,0.718829026,0.151407062,0.55581335,0.614674057,0.114968581
Desulfovibrio_piger_ATCC_29098,0.020110208,0.002284797,0.304052519,0.234494525,0.128775083,0.060648167,0.169257053,0.053235501,0.13410792,0.166254027,0.226144391,0.196522964,0.425116691,0.059320825,0.061484363,0.035476839,0.121618309,0.115290069,0.069457754,0.189879413,0.173766553,0.229095323,0.174817099,0.270903552,0.072630407,0.079892062,0.134405134,0.290907834,0.252248277,0.282640587,0.046269395,0.110345077,0.022358278,0.05421656,0.041755576,0.219544453,0.599856377,0.334765258,0.046133019,0.082478897,0.075434016,0.094150661,0.036095408,0.076139751,0.053326054,0.202995129,0.100860141,0.242885692,0.386260206,0.024228665,0.315703302,0.310995877,0.243598957,0.046791345,0.334258988,0.295999427,0.314858949,0.308606556,0.308579529,0.27913005,0.04296207,0.076039277,0.218767469,0.096131685,0.11030504,0.160309264,0.114975805,0.223634428,0.264774285,0.073628721,0.108392765,0.312820412,0.308815923,0.266245946,0.040900819,0.178967519,0.030343608,0.004507938,0.017372202,0.005214483,0.008116507,0.01893071,0.051210565,0.00895288,0.040231705,0.013139776,0.014175827,0.004465455,0.028113861,0.034325171,0.002946267,0.00419042,0.022662083,0.001921307,0.001549845,0.018013075,0.02108514,0.015109791,0.017526697,0.006850227,0.022494934,0.018408492,0.027348742,0.031728498,0.002061687,1,0.014903739,0.002589013,0.001379656,0.00416191,0.005457369,0.003497545,0.019053063,0.008674861,0.005396751,0.041410113,0.005329859,0.000742464,0.002157082,0.001397241,0.000892873,0.003244797,0.00140304,0.004521886,0.003797406,0,0.001689833,0.000380566,0.000721355,0.002188763,0.007372009,0.001652771,0.008747549,0.009167075,0.020778862,0.000462296,0.194872286,0.005925885,0.003881635,0.025185019,0.003923246,0.003901814,0.002695443,0.001153479,0.002059165,0.013104557,0.00793285,0.008286892,0.018999653,0.002443546,0.012260143,0.003704283,0.002054966,0.005199658
Desulfovibrio_vulgaris_Miyazaki_F,0.362379233,0.147352901,0.016151497,0.012956198,0.002247712,0.114215774,0.003497744,0.011235827,0.012437175,0.007476376,0.015912776,0.022466318,0.018575551,0.008739128,0.046733345,0.131188062,0.011116856,0.068465427,0.009835691,0.007217272,0.011203843,0.009685777,0.013550438,0.011986154,0.005106943,0.003481321,0.002170746,0.005933736,0.010510304,0.007443449,0.240395234,0.031577906,0.309501457,0.182516308,0.263538513,0.0036348,0.013884359,0.004989254,0.146944473,0.119330401,0.088382107,0.070028228,0.306559676,0.087356498,0.171410802,0.006323799,0.062870702,0.007037087,0.007939323,0.278243823,0.012892832,0.007818824,0.00475376,0.189609759,0.01164922,0.007178056,0.012773086,0.016055888,0.012153502,0.005801382,0.265761814,0.066398595,0.009329405,0.046627173,0.002714301,0.002389207,0.06050214,0.008411204,0.004399624,0.078629166,0.005353006,0.022250615,0.007659408,0.00629242,0.073814865,0.041328358,0.341995572,0.273661099,0.526808026,0.349877514,0.518552344,0.564806479,0.22505137,0.586847236,0.263955848,0.663620768,0.62512453,0.299619747,0.318024606,0.334599445,0.197686458,0.266308213,0.511567268,0.128914437,0.103990364,0.489545097,0.620726729,0.234651366,0.629232846,0.444545729,0.32081778,0.112842315,0.401280336,0.356270751,0.138333531,0.014903739,1,0.169214656,0.092571156,0.215687465,0.239589425,0.210018251,0.142226128,0.57393789,0.362107172,0.232075518,0.281749833,0.049817291,0.144734254,0.09375104,0.059909348,0.217207542,0.094140149,0.090694063,0.215230741,0,0.113383159,0.025534911,0.048400919,0.142246132,0.132144288,0.110896384,0.391703691,0.120308659,0.407717892,0.031018813,0.013627868,0.281439457,0.239325803,0.477157649,0.096722199,0.040334189,0.180856798,0.077395256,0.138164292,0.43435414,0.439322146,0.333926457,0.400521286,0.163955261,0.51724143,0.24852034,0.137741157,0.1058329
Enterobacter_cancerogenus_ATCC_35316,0.066123829,0.521281685,0.002805768,0.00194203,0.000390463,0.019841067,0.000607613,0.001966074,0.002160532,0.001298763,0.002764298,0.003902751,0.003226864,0.001518123,0.008118313,0.022789419,0.001931172,0.011893516,0.001708613,0.001253753,0.001946283,0.001682571,0.002353923,0.002082183,0.000887156,0.00060476,0.000377093,0.001030783,0.001825804,0.001293044,0.046912277,0.005485576,0.060989966,0.031705939,0.045780764,0.000631422,0.00241193,0.000866712,0.025526555,0.02218012,0.015353355,0.012164999,0.053254213,0.015175191,0.029776739,0.001098543,0.010921625,0.001222452,0.001379185,0.055464783,0.002239687,0.001358252,0.000825803,0.032938182,0.002023652,0.001246941,0.002218885,0.002789159,0.002111253,0.001007791,0.046166986,0.011534475,0.001620664,0.00809987,0.000471517,0.000415043,0.010510169,0.001461158,0.000764283,0.013659117,0.000929901,0.00386528,0.001330559,0.001093092,0.015974298,0.007179383,0.059409983,0.332746155,0.116604312,0.384923912,0.267209683,0.112446772,0.046859644,0.230521112,0.063000324,0.16933883,0.177501445,0.365330607,0.055245851,0.05812516,0.484936839,0.337248336,0.092842088,0.58396094,0.491598963,0.114125977,0.113515066,0.056587782,0.141036318,0.243538362,0.073613971,0.029982046,0.069708674,0.062234511,0.669186565,0.002589013,0.169214656,1,0.532888985,0.354906965,0.198145343,0.580280042,0.027350035,0.228653609,0.358183897,0.058829378,0.285190377,0.286774918,0.707730266,0.447867772,0.136537124,0.48260253,0.170126891,0.112086198,0.457181826,0,0.479842608,0.14699258,0.210329064,0.586987791,0.070129886,0.391832295,0.2355612,0.034031581,0.107773203,0.178560842,0.002245925,0.254444229,0.449774149,0.082889751,0.164542271,0.032317529,0.557221815,0.445528406,0.6445155,0.138608988,0.27784288,0.280080953,0.087291738,0.63311856,0.19013305,0.508178744,0.525531792,0.120713131
Enterobacter_sp_638,0.03523666,0.549774852,0.001495163,0.0012286,0.000208073,0.010573086,0.00032379,0.001047699,0.001151324,0.000692097,0.001473064,0.002079733,0.00171956,0.000808991,0.00432616,0.012144231,0.0010291,0.006337924,0.000910501,0.000668111,0.001037153,0.000896624,0.00125438,0.001109572,0.000472756,0.00032227,0.000200948,0.000549293,0.000972951,0.000689049,0.024999036,0.002923203,0.032500881,0.016895746,0.024396065,0.000336478,0.001285291,0.000461861,0.01360282,0.011819541,0.008181634,0.006482594,0.028378584,0.008086692,0.015867696,0.000585401,0.005820014,0.000651431,0.000734952,0.029556572,0.001193504,0.000723798,0.000440061,0.017552395,0.001078382,0.000664481,0.001182419,0.001486312,0.001125064,0.000537041,0.024601878,0.006146595,0.000863634,0.004316331,0.000251266,0.000221172,0.005600753,0.000778635,0.000407278,0.007278793,0.000495534,0.002059765,0.00070904,0.000582497,0.008512528,0.003825814,0.031658925,0.281575863,0.06630752,0.26458161,0.164985155,0.059921646,0.024970988,0.154101957,0.033572179,0.090238797,0.094588565,0.258688876,0.029439905,0.030974257,0.397970872,0.263819133,0.049474526,0.644037641,0.621698126,0.060816476,0.060490928,0.033575853,0.0751567,0.164455179,0.039228074,0.015977102,0.037146985,0.033164086,0.590698168,0.001379656,0.092571156,0.532888985,1,0.271907076,0.123799374,0.375766044,0.014574532,0.153309717,0.247945947,0.032640653,0.236755964,0.538151334,0.587827798,0.65447078,0.199653129,0.355430509,0.216058499,0.094465258,0.363315445,0,0.604286616,0.275840904,0.341789751,0.556646897,0.045410266,0.564461735,0.157719199,0.019191232,0.056944603,0.335080752,0.001269333,0.210465448,0.315748985,0.044171035,0.171853933,0.025751066,0.426323212,0.806809662,0.55175274,0.075470142,0.160111147,0.153198668,0.046516806,0.532371223,0.101319808,0.37244892,0.524476838,0.090351501
Enterococcus_faecalis_TX1322,0.095851329,0.41415369,0.00451035,0.003706231,0.00062768,0.031895068,0.000976755,0.003160519,0.003473115,0.002087798,0.004443686,0.006273781,0.005187274,0.002440425,0.013050415,0.036634626,0.003104412,0.019119158,0.002746644,0.002015443,0.003128704,0.00270478,0.003783997,0.003347166,0.001426128,0.000972168,0.000606187,0.001657012,0.002935031,0.002078603,0.075412792,0.008818217,0.098043069,0.05096818,0.073593853,0.001015028,0.003877245,0.001393263,0.041034647,0.03565516,0.024680946,0.019555575,0.085607631,0.024394542,0.047866937,0.001765938,0.017556816,0.001965126,0.002217078,0.089161182,0.003600359,0.002183428,0.001327501,0.052949045,0.003253077,0.002004492,0.003566919,0.004483651,0.003393899,0.001620052,0.072509571,0.01854199,0.002605262,0.013020766,0.000757976,0.000667193,0.016895389,0.002348852,0.001228607,0.02195741,0.001494842,0.006213545,0.002138911,0.001757175,0.025679129,0.011541057,0.095503202,0.234087802,0.157938638,0.418993758,0.353549396,0.17802696,0.075048737,0.31017528,0.089536588,0.225755188,0.27650715,0.374122744,0.088809244,0.093437813,0.471931332,0.252161551,0.149246242,0.333496988,0.338434525,0.183460686,0.180640411,0.099031934,0.226719808,0.357521321,0.118336508,0.048196973,0.102393095,0.088662174,0.3318026,0.00416191,0.215687465,0.354906965,0.271907076,1,0.212538596,0.35581498,0.043965943,0.31069635,0.446555704,0.060931902,0.222592671,0.178394992,0.388075637,0.309058792,0.19019968,0.393044971,0.271684834,0.160421355,0.456934697,0,0.389687029,0.091440145,0.153679237,0.376859507,0.106220046,0.390788314,0.455843584,0.05005273,0.155990044,0.111077915,0.003584983,0.20713769,0.595605908,0.133247583,0.297810121,0.060730934,0.377174141,0.232860671,0.362565202,0.224227791,0.402884153,0.362749695,0.134421487,0.466621511,0.26282366,0.474642269,0.445606655,0.163305358
Enterococcus_sp_7L76,0.129299437,0.21470885,0.006222269,0.004833412,0.000865918,0.044000953,0.001347485,0.003517814,0.004791348,0.00288023,0.006130303,0.008655016,0.007156121,0.003366697,0.018003745,0.050539426,0.004282703,0.026375902,0.003789142,0.002780411,0.004316214,0.003731388,0.005220226,0.004617595,0.00196742,0.001341158,0.000836267,0.002285937,0.004049033,0.002867545,0.10403598,0.011554532,0.135255658,0.07031333,0.101526656,0.001400285,0.005348867,0.001922081,0.056609491,0.047226302,0.034048685,0.026977961,0.118100305,0.033653575,0.066034999,0.002436206,0.024220567,0.002710996,0.003058577,0.106389398,0.004966887,0.003012156,0.001831358,0.07304604,0.004487793,0.002765304,0.004920756,0.006185436,0.004682065,0.002234948,0.10238317,0.025579667,0.003594098,0.017962843,0.001045669,0.000920428,0.023308092,0.003240367,0.001694929,0.030291422,0.002062214,0.008571918,0.002950742,0.002424118,0.035425732,0.015921506,0.131751775,0.482217449,0.153633901,0.260633721,0.305787704,0.249369905,0.103919257,0.29772398,0.13095061,0.21928571,0.375778887,0.215493647,0.122517102,0.128902461,0.205278461,0.131515714,0.205893174,0.116538581,0.114062069,0.225378031,0.251739029,0.07367124,0.312772101,0.192619569,0.106826741,0.044828673,0.15459088,0.138015649,0.144196501,0.005457369,0.239589425,0.198145343,0.123799374,0.212538596,1,0.180291621,0.060653369,0.19819743,0.226348085,0.123615408,0.5506651,0.056899643,0.136478185,0.127674304,0.076979002,0.191508665,0.088725482,0.059949526,0.124462656,0,0.14820421,0.007899526,0.093124174,0.167930863,0.061325712,0.122808567,0.282085832,0.050884952,0.19983687,0.047547216,0.005149301,0.539966353,0.191263493,0.159570283,0.099165859,0.027168267,0.175391929,0.103422269,0.146019749,0.234822341,0.314265593,0.288793138,0.180920604,0.203956093,0.348921414,0.250853967,0.196990601,0.073789827
Escherichia_fergusonii_UMN026_ATCC_35469,0.093772869,0.378192933,0.003978972,0.002557516,0.000553731,0.028137418,0.00086168,0.002788169,0.003063937,0.001841829,0.003920163,0.005534649,0.004576146,0.002152912,0.011512908,0.032318595,0.002738673,0.016866675,0.002423054,0.001777998,0.002760102,0.002386122,0.003338193,0.002952827,0.001258112,0.000857634,0.00053477,0.001461795,0.002589247,0.001833717,0.066528193,0.007779317,0.086492332,0.044963471,0.064923548,0.000895444,0.003420456,0.001229119,0.036200237,0.031454522,0.021773212,0.017251676,0.075521948,0.02152055,0.042227594,0.001557888,0.015488397,0.001733609,0.001955877,0.078656846,0.00317619,0.001926192,0.001171104,0.046710965,0.002869822,0.001768337,0.00314669,0.003955419,0.002994054,0.001429189,0.065471265,0.016357504,0.002298328,0.011486752,0.000668677,0.000588589,0.014904894,0.002072127,0.001083861,0.019370544,0.00131873,0.00548151,0.001886919,0.001550158,0.022653797,0.010181372,0.084251693,0.238415239,0.146914761,0.343607707,0.297523909,0.159465304,0.06472962,0.258953251,0.089343301,0.240146226,0.220016632,0.304745152,0.07834637,0.082429634,0.385632528,0.266555852,0.131663111,0.444308071,0.404230029,0.161846652,0.160980294,0.072651074,0.180216557,0.325964453,0.097454615,0.042518749,0.098856683,0.088257271,0.400279991,0.003497545,0.210018251,0.580280042,0.375766044,0.35581498,0.180291621,1,0.038786188,0.239502117,0.370379391,0.067509483,0.215977032,0.202218998,0.428642495,0.36742455,0.191892395,0.389136889,0.208183535,0.121435038,0.395759697,0,0.438838356,0.103651645,0.196469641,0.370145776,0.072416109,0.396141276,0.229481373,0.04340952,0.146478654,0.125911969,0.002881844,0.195322851,0.388053478,0.117549299,0.185857083,0.03664759,0.375295524,0.314163834,0.391810632,0.172708816,0.34160208,0.331427016,0.123791935,0.448422638,0.252734534,0.469108585,0.381758306,0.127869145
Eubacterium_dolichum_DSM_3991,0.288892605,0.024136336,0.102587357,0.030903735,0.013113451,0.225773577,0.022216164,0.030330923,0.036699512,0.023019426,0.101071104,0.142696379,0.0524421,0.055507179,0.296830093,0.273731598,0.070609481,0.18792845,0.062472076,0.045841005,0.071161987,0.061519887,0.086066547,0.076130893,0.032437103,0.022111853,0.013787645,0.037688538,0.066756929,0.041020446,0.188586805,0.132982779,0.206525364,0.266839776,0.253116934,0.010658214,0.085045778,0.031689594,0.22395232,0.157191629,0.162820301,0.126796703,0.255515549,0.214793821,0.251393483,0.01783979,0.169098432,0.035734835,0.050427163,0.289536964,0.030514773,0.049661808,0.030193839,0.209254054,0.072306556,0.045591921,0.081129143,0.034691764,0.030956136,0.036847884,0.237515467,0.240266371,0.059256364,0.125696937,0.017240074,0.015175217,0.14850316,0.05161891,0.009767707,0.207898764,0.033999991,0.131743613,0.048649261,0.039966742,0.237954247,0.122403705,0.305576499,0.047621342,0.191961838,0.055085205,0.088338447,0.232204703,0.139545447,0.094577205,0.121060851,0.149468527,0.146487907,0.047172552,0.262079704,0.256156985,0.031124032,0.044329777,0.247292568,0.020296469,0.016372388,0.236314878,0.206730711,0.414898061,0.193342977,0.072365017,0.230068518,0.178447917,0.264725024,0.257897488,0.021779425,0.019053063,0.142226128,0.027350035,0.014574532,0.043965943,0.060653369,0.038786188,1,0.09164024,0.05701066,0.099387741,0.056304026,0.007843304,0.022787163,0.014760295,0.009432211,0.034277664,0.014821557,0.040907337,0.040115367,0,0.017851203,0.004020252,0.007620308,0.023121842,0.061181277,0.017459682,0.092408105,0.10182467,0.131324004,0.004883645,0.016009108,0.062600377,0.041005154,0.242072745,0.037738003,0.030240882,0.028474347,0.012185217,0.021752779,0.166304189,0.091027593,0.09252242,0.218748593,0.025813346,0.143846821,0.039131627,0.021708424,0.046938283
Finegoldia_magna_ATCC_29328,0.217381035,0.256514274,0.00940113,0.007725067,0.001308302,0.066480361,0.002035895,0.006587615,0.007239174,0.004351694,0.00926218,0.01307673,0.010812074,0.005086691,0.027201581,0.07635924,0.00647067,0.039850943,0.005724956,0.004200881,0.006521302,0.005637697,0.007887159,0.006976653,0.002972544,0.002026335,0.001263503,0.003453787,0.006117621,0.004332529,0.155160807,0.018380216,0.200287489,0.106235326,0.153395059,0.002115669,0.008081521,0.002904042,0.085530407,0.074317693,0.051443633,0.040760586,0.17843593,0.050846668,0.099771262,0.003680826,0.036594481,0.004096002,0.004621157,0.185842762,0.007504394,0.00455102,0.002766971,0.110364136,0.006780538,0.004178055,0.007434694,0.00934548,0.007074059,0.003376749,0.154689152,0.038647924,0.005430267,0.027139783,0.001579885,0.001390661,0.035215837,0.00489582,0.002560842,0.045766842,0.003115767,0.012951179,0.00445823,0.003662562,0.050726776,0.024055558,0.199061725,0.28632378,0.416921584,0.582458325,0.712657251,0.376769145,0.148700778,0.754341933,0.194829737,0.489994236,0.476918218,0.512393284,0.1851092,0.19475674,0.31840452,0.400267534,0.311080821,0.219674787,0.178659378,0.36852786,0.380348617,0.171612734,0.472562544,0.612506967,0.201849473,0.081202034,0.233568977,0.208525716,0.237662238,0.008674861,0.57393789,0.228653609,0.153309717,0.31069635,0.19819743,0.239502117,0.09164024,1,0.602265267,0.152531712,0.29919879,0.08558799,0.246600693,0.161067832,0.102926525,0.37404599,0.152957048,0.114352926,0.328650537,0,0.194796555,0.043869944,0.083154609,0.25231102,0.147721211,0.190524182,0.492554712,0.102485527,0.264978221,0.053291493,0.007981178,0.294246399,0.391133087,0.277734078,0.140866543,0.044334397,0.310718819,0.132967978,0.23737148,0.356003832,0.498423999,0.402131528,0.252153793,0.281681339,0.428369752,0.392371266,0.236163102,0.134878021
Fusobacterium_nucleatum_nucleatum_ATCC_25586,0.134903028,0.368229951,0.005848573,0.004805871,0.000813913,0.041358351,0.001266558,0.004098246,0.00450359,0.002707249,0.00576213,0.008135215,0.00672634,0.003164501,0.016922479,0.047504138,0.004025493,0.024791822,0.003561574,0.002613426,0.004056992,0.003507289,0.004906711,0.004340272,0.001849261,0.001260611,0.000786043,0.002148648,0.003805857,0.002695326,0.097787805,0.011434586,0.127132497,0.066090464,0.095429185,0.001316187,0.005027626,0.001806645,0.053209648,0.046234064,0.032003795,0.025357724,0.111007457,0.031632415,0.062069081,0.002289893,0.022765932,0.00254818,0.002874886,0.11561535,0.004668587,0.002831252,0.001721371,0.068659053,0.004218266,0.002599225,0.004625226,0.005813952,0.00440087,0.002100722,0.096234259,0.024043407,0.003378244,0.016884034,0.000982868,0.000865149,0.021908259,0.003045757,0.001593135,0.028472185,0.001938362,0.008057107,0.002773526,0.00227853,0.03329814,0.014965295,0.123839049,0.389329661,0.2578258,0.869271529,0.645366336,0.23439329,0.097678092,0.583810749,0.131323051,0.35298377,0.359072267,0.668724838,0.115158991,0.121160859,0.51814968,0.351696522,0.193527677,0.355251111,0.287181177,0.237893563,0.23662013,0.125385816,0.293987688,0.626385186,0.147905586,0.062497039,0.145306487,0.129726729,0.38108179,0.005396751,0.362107172,0.358183897,0.247945947,0.446555704,0.226348085,0.370379391,0.05701066,0.602265267,1,0.107584633,0.399780634,0.137576096,0.399700049,0.258904124,0.165446454,0.581849234,0.222130674,0.13052161,0.517914811,0,0.313120445,0.070517552,0.133664624,0.37495868,0.158637452,0.306252935,0.558249517,0.075069633,0.185462345,0.085661967,0.004965201,0.387245398,0.58630421,0.172782207,0.183878423,0.045492655,0.499456548,0.213735773,0.380964957,0.295213766,0.623517655,0.447270526,0.181958071,0.449645505,0.387151277,0.630319374,0.355635072,0.145132691
Haemophilus_influenzae_NTHi_86_028NP,0.205941963,0.050787674,0.045806766,0.036610895,0.006374667,0.196856075,0.009919844,0.01092565,0.03527269,0.010903027,0.045129737,0.049737791,0.033405442,0.015145332,0.132539008,0.123123181,0.031528173,0.1941727,0.01497957,0.020468684,0.031774875,0.027469535,0.038429981,0.033993565,0.014483644,0.009873268,0.006156386,0.016828487,0.029807952,0.021110137,0.28457459,0.042238881,0.24355201,0.273483565,0.285582176,0.010308544,0.039377005,0.014149871,0.179463575,0.124837322,0.100037177,0.133189557,0.315707158,0.200146195,0.273839145,0.017934731,0.147174218,0.019957667,0.022516471,0.140568576,0.026301708,0.022174728,0.013481994,0.199223164,0.033037997,0.020357464,0.036225357,0.045535613,0.034468173,0.016453123,0.216506857,0.119077767,0.026458839,0.077916819,0.007697947,0.006775958,0.171588267,0.023854758,0.012477638,0.172226637,0.015181497,0.063104287,0.021722612,0.017845739,0.124794967,0.11721009,0.244156152,0.106651223,0.152442422,0.115152623,0.131728095,0.25268023,0.21297688,0.183944352,0.855849946,0.244001603,0.272307246,0.101591006,0.248747169,0.331901772,0.064845188,0.053291265,0.255265273,0.04128436,0.030924843,0.208790863,0.279348479,0.120178271,0.237667065,0.093628111,0.206447618,0.062157309,0.279470339,0.263616837,0.0484957,0.041410113,0.232075518,0.058829378,0.032640653,0.060931902,0.123615408,0.067509483,0.099387741,0.152531712,0.107584633,1,0.126096683,0.017565611,0.048813344,0.033056681,0.017048721,0.072022397,0.023843273,0.035602866,0.066398231,0,0.039978979,0.009003627,0.017066197,0.049055228,0.064677606,0.035344569,0.129730332,0.067555324,0.426703674,0.010937255,0.014338607,0.140197788,0.070976875,0.230008007,0.027959769,0.018806536,0.061256762,0.02728962,0.047945537,0.148300056,0.135621529,0.129087749,0.251360388,0.055913918,0.159825821,0.076948066,0.045950671,0.042282552
Haemophilus_parasuis_SH0165,0.136125522,0.268057366,0.005776081,0.004746303,0.000803824,0.040845724,0.001250859,0.003294022,0.004447769,0.002673694,0.00569071,0.008034381,0.006642969,0.003125278,0.016712729,0.046915335,0.003975598,0.024484533,0.003517429,0.002581033,0.004006706,0.003463817,0.004845893,0.004286476,0.001826339,0.001244986,0.0007763,0.002122016,0.003758684,0.002661918,0.096575748,0.011292857,0.12555672,0.065271288,0.094246363,0.001299873,0.00496531,0.001784252,0.052550127,0.045661003,0.031607115,0.025043421,0.109631546,0.031240338,0.061299749,0.00226151,0.022483754,0.002516596,0.002839252,0.100402742,0.004610721,0.00279616,0.001700035,0.067808041,0.004165982,0.002567009,0.004567897,0.00574189,0.004346322,0.002074684,0.095041458,0.023745395,0.003336372,0.01667476,0.000970686,0.000854426,0.021636711,0.003008006,0.001573389,0.028119279,0.001914336,0.007957241,0.002739149,0.002250288,0.032885417,0.014779804,0.122304093,0.825124103,0.163829458,0.423593946,0.351668859,0.231488041,0.096467395,0.39587978,0.129695333,0.22908638,0.365412551,0.40518821,0.113731622,0.119659098,0.349630272,0.198209911,0.191128947,0.245916461,0.200308639,0.213719802,0.233687279,0.088774157,0.29034378,0.291334252,0.114017567,0.041532915,0.143505448,0.128118796,0.324603271,0.005329859,0.281749833,0.285190377,0.236755964,0.222592671,0.5506651,0.215977032,0.056304026,0.29919879,0.399780634,0.126096683,1,0.127309588,0.312152265,0.223485514,0.08392771,0.402698919,0.10044316,0.091272006,0.336513417,0,0.254471915,0.07140257,0.118024532,0.266562863,0.093278819,0.209211199,0.371276895,0.05148238,0.22949207,0.086737052,0.004903659,0.866157214,0.34028035,0.150859339,0.119529658,0.030929868,0.405232844,0.213764807,0.30807666,0.247921691,0.327713501,0.285820126,0.177854921,0.305232384,0.337681308,0.366458349,0.261627988,0.088820433
Helicobacter_pullorum_MIT_98_5489,0.018962656,0.324958348,0.000804624,0.000661173,0.000111975,0.00568992,0.000174248,0.000563821,0.000619586,0.000372453,0.000792731,0.001119211,0.000925384,0.00043536,0.002328129,0.006535434,0.000553812,0.003410762,0.000489987,0.000359545,0.000558145,0.000482519,0.000675046,0.000597118,0.000254414,0.00017343,0.000108141,0.000295603,0.000523595,0.000370812,0.013453265,0.001573126,0.017490393,0.009092468,0.013128775,0.000181076,0.000691681,0.000248551,0.007320376,0.006360702,0.004402957,0.003488617,0.015271973,0.004351864,0.008539222,0.000315035,0.003132048,0.000350569,0.000395516,0.015905908,0.000642286,0.000389513,0.000236819,0.009445845,0.000580333,0.000357591,0.000636321,0.000799861,0.000605455,0.000289009,0.013239534,0.003307798,0.000464766,0.002322839,0.000135219,0.000119024,0.003014053,0.000419023,0.000219177,0.003917092,0.000266672,0.001108465,0.000381571,0.000313471,0.004581028,0.002058867,0.017037293,0.156327749,0.03568348,0.142384946,0.088786981,0.032246914,0.013438171,0.082930173,0.018066913,0.048562129,0.050902962,0.152572253,0.015843124,0.016668838,0.252001536,0.161605196,0.026624782,0.355054305,0.458126154,0.032728468,0.032553274,0.01806889,0.040445678,0.099231998,0.02111064,0.008598099,0.019990699,0.017847297,0.331477132,0.000742464,0.049817291,0.286774918,0.538151334,0.178394992,0.056899643,0.202218998,0.007843304,0.08558799,0.137576096,0.017565611,0.127309588,1,0.344198347,0.518423363,0.21027041,0.207587999,0.222087163,0.052743681,0.195518691,0,0.39237047,0.435584187,0.451492471,0.339216219,0.024437595,0.411921771,0.084876797,0.010327787,0.032406523,0.558363715,0.000683093,0.120508116,0.191276052,0.023770701,0.137341601,0.020421622,0.252994906,0.532337348,0.340576296,0.040614357,0.086164027,0.08100791,0.025033081,0.303846859,0.05452539,0.200433883,0.336775228,0.049276672
Klebsiella_pneumoniae_342,0.055092233,0.63406317,0.002337675,0.001920907,0.000325321,0.016530935,0.000506243,0.001638069,0.001800085,0.001082088,0.002303124,0.003251646,0.002688519,0.001264851,0.006763916,0.018987406,0.00160899,0.009909293,0.001423561,0.001044586,0.00162158,0.001401864,0.001961212,0.001734807,0.00073915,0.000503866,0.000314181,0.000858815,0.001521201,0.001077322,0.039085791,0.004570405,0.050814865,0.026416362,0.03814305,0.00052608,0.002009542,0.000722116,0.021267899,0.018479758,0.012791918,0.010135483,0.044369686,0.012643478,0.024809015,0.00091527,0.009099544,0.001018508,0.001149092,0.046211461,0.001866034,0.001131652,0.000688032,0.027443027,0.001686041,0.001038911,0.001848703,0.002323837,0.001759028,0.000839659,0.038464838,0.009610151,0.001350284,0.006748549,0.000392852,0.0003458,0.008756732,0.001217389,0.000636776,0.011380334,0.000774763,0.003220426,0.001108579,0.000910729,0.013309268,0.005981629,0.049498474,0.360219194,0.103671272,0.403952011,0.257952956,0.09368701,0.039041938,0.23001718,0.05248983,0.14108763,0.147888457,0.405148428,0.046029054,0.048428001,0.620944054,0.365070308,0.077353022,0.63271501,0.529755468,0.095086069,0.094577077,0.052495576,0.117506893,0.26245251,0.061332777,0.02498007,0.05807901,0.05185178,0.829217577,0.002157082,0.144734254,0.707730266,0.587827798,0.388075637,0.136478185,0.428642495,0.022787163,0.246600693,0.399700049,0.048813344,0.312152265,0.344198347,1,0.546735224,0.175128072,0.552717212,0.218892516,0.118373406,0.516342605,0,0.589115421,0.176426179,0.269751725,0.702308046,0.070998584,0.476997912,0.246592693,0.030005336,0.088080636,0.214315628,0.001984591,0.270435349,0.506909824,0.069061057,0.184780994,0.032542616,0.6594064,0.525038101,0.802430168,0.117996956,0.250332485,0.222508167,0.07272865,0.711252998,0.158412701,0.533266792,0.609526462,0.12010653
Lactobacillus_acidophilus_NCFM,0.035685776,0.558495106,0.00151422,0.00124426,0.000210725,0.010707848,0.000327917,0.001061053,0.001165998,0.000700918,0.001491839,0.002106241,0.001741477,0.000819302,0.0043813,0.012299017,0.001042217,0.006418705,0.000922106,0.000676627,0.001050372,0.000908052,0.001270368,0.001123714,0.000478781,0.000326377,0.00020351,0.000556294,0.000985352,0.000697831,0.025317666,0.002960461,0.032915128,0.017111094,0.02470701,0.000340766,0.001301673,0.000467748,0.013776197,0.01197019,0.008285914,0.006565219,0.028740288,0.008189763,0.016069941,0.000592863,0.005894194,0.000659734,0.00074432,0.029933291,0.001208716,0.000733023,0.00044567,0.017776112,0.001092127,0.00067295,0.00119749,0.001505256,0.001139403,0.000543886,0.024915446,0.006224937,0.000874641,0.004371346,0.000254469,0.000223991,0.005672139,0.000788559,0.000412469,0.007371566,0.00050185,0.002086018,0.000718077,0.000589921,0.008621026,0.003874577,0.03206244,0.258138471,0.067152656,0.267953888,0.167088006,0.060685389,0.025289261,0.156066094,0.034000079,0.091388954,0.095794162,0.300914179,0.029815138,0.031369046,0.474241084,0.288102446,0.050105114,0.532388618,0.490301244,0.061591624,0.061261927,0.034003801,0.076114625,0.196091705,0.039728063,0.016180741,0.037620449,0.033586785,0.527280729,0.001397241,0.09375104,0.447867772,0.65447078,0.309058792,0.127674304,0.36742455,0.014760295,0.161067832,0.258904124,0.033056681,0.223485514,0.518423363,0.546735224,1,0.271778395,0.410989178,0.357813221,0.1036452,0.341113817,0,0.683337271,0.272369367,0.443080823,0.504796173,0.045989052,0.62448821,0.15972944,0.019435837,0.05419251,0.330863664,0.001285511,0.20132369,0.359961941,0.044734026,0.229955804,0.033544892,0.444747249,0.642739631,0.55173318,0.076432061,0.162151876,0.157078127,0.047109695,0.541727144,0.1026112,0.374424996,0.571613847,0.09273365
Lactobacillus_casei_casei_BL23,0.022804137,0.185281035,0.000967626,0.000795114,0.000134659,0.006842593,0.000209548,0.00067804,0.000745103,0.000447905,0.000953324,0.001345942,0.001112849,0.000523555,0.002799764,0.007859391,0.000666004,0.004101719,0.00058925,0.000432382,0.000671215,0.000580269,0.000811798,0.000718083,0.000305954,0.000208564,0.000130048,0.000355486,0.000629665,0.000445932,0.016178646,0.001891812,0.021033621,0.010934433,0.01578842,0.000217758,0.000831803,0.000298903,0.008803348,0.007649262,0.005294914,0.004195345,0.01836579,0.005233471,0.010269109,0.000378855,0.003766543,0.000421587,0.00047564,0.01912815,0.000772401,0.000468421,0.000284795,0.011359397,0.000697897,0.000430033,0.000765227,0.000961898,0.000728108,0.000347557,0.015921617,0.003977896,0.000558919,0.002793404,0.000162612,0.000143136,0.003624644,0.00050391,0.000263579,0.004710622,0.000320695,0.00133302,0.00045887,0.000376975,0.005509059,0.002475955,0.020488732,0.087681416,0.04291229,0.162300367,0.106773572,0.038779539,0.016160494,0.099730284,0.021726933,0.058399913,0.061214956,0.118201091,0.019052647,0.020045634,0.223445957,0.082228984,0.032018468,0.171448968,0.192917498,0.039358647,0.039147961,0.021729311,0.048639221,0.11647317,0.025387264,0.010339914,0.024040443,0.021462827,0.165845181,0.000892873,0.059909348,0.136537124,0.199653129,0.19019968,0.076979002,0.191892395,0.009432211,0.102926525,0.165446454,0.017048721,0.08392771,0.21027041,0.175128072,0.271778395,1,0.174274591,0.447393484,0.068053625,0.1296574,0,0.328731377,0.174248437,0.466160217,0.127903051,0.029388198,0.461213857,0.102071258,0.012420005,0.040101895,0.176345749,0.000821475,0.074664576,0.21617451,0.028586203,0.191129992,0.026347388,0.145388668,0.192585917,0.145067039,0.048842071,0.103619257,0.101945145,0.030104318,0.187504272,0.06557122,0.140695624,0.165145175,0.059259209
Lactobacillus_delbrueckii_bulgaricus_ATCC_11842,0.08287267,0.440321488,0.003516455,0.00288953,0.000489365,0.024866712,0.000761518,0.002464071,0.002707784,0.001627734,0.003464481,0.004891299,0.004044213,0.001902656,0.010174642,0.028561867,0.002420328,0.014906085,0.002141397,0.001571323,0.002439267,0.002108758,0.00295016,0.002609589,0.001111868,0.000757943,0.000472608,0.001291875,0.002288272,0.001620565,0.058794927,0.006875046,0.076438426,0.039736898,0.057376807,0.000791358,0.003022861,0.001086245,0.031992306,0.027798235,0.019242285,0.015246334,0.066743244,0.019018992,0.03731904,0.001376798,0.013688019,0.001532093,0.001728525,0.06951374,0.002806988,0.001702291,0.001034974,0.041281262,0.002536233,0.001562785,0.002780918,0.003495639,0.002646024,0.001263059,0.057860857,0.014456101,0.00203117,0.010151527,0.000590949,0.000520171,0.013172343,0.001831262,0.000957873,0.017118904,0.00116544,0.004844336,0.001667583,0.001369967,0.02002051,0.008997885,0.07445824,0.427359141,0.155947846,0.60490456,0.38802657,0.140928988,0.058728962,0.356042924,0.078957997,0.212231525,0.22246169,0.671669707,0.069239354,0.072847978,0.639510544,0.40359171,0.116358534,0.536426392,0.373697502,0.143033527,0.142267875,0.077627353,0.176760125,0.462923328,0.09150529,0.037576351,0.087365539,0.077998208,0.603135015,0.003244797,0.217207542,0.48260253,0.355430509,0.393044971,0.191508665,0.389136889,0.034277664,0.37404599,0.581849234,0.072022397,0.402698919,0.207587999,0.552717212,0.410989178,0.174274591,1,0.254302152,0.125153833,0.518051885,0,0.494346894,0.117284892,0.214633996,0.520306794,0.10679985,0.404816494,0.370937856,0.045135624,0.123579398,0.142473104,0.002985328,0.348601117,0.667419458,0.103885318,0.191644741,0.038208632,0.806954164,0.330552392,0.590463745,0.177272505,0.376563451,0.318123705,0.109402307,0.568404701,0.238292818,0.677876917,0.501731313,0.128610945
Lactobacillus_fermentum_IFO_3956,0.035833888,0.22615916,0.001520504,0.001249424,0.0002116,0.01075229,0.000329278,0.001065457,0.001170837,0.000703827,0.001498031,0.002114982,0.001748705,0.000822703,0.004399484,0.012350064,0.001046542,0.006445346,0.000925933,0.000679435,0.001054731,0.00091182,0.00127564,0.001128378,0.000480768,0.000327732,0.000204354,0.000558603,0.000989442,0.000700727,0.025422746,0.002972749,0.03305174,0.017182112,0.024809555,0.000342181,0.001307076,0.000469689,0.013833375,0.012019871,0.008320305,0.006592468,0.028859574,0.008223754,0.016136638,0.000595323,0.005918657,0.000662472,0.000747409,0.030057527,0.001213733,0.000736065,0.00044752,0.017849891,0.001096659,0.000675743,0.00120246,0.001511504,0.001144132,0.000546143,0.025018857,0.006250774,0.000878272,0.004389489,0.000255525,0.00022492,0.005695681,0.000791832,0.000414181,0.007402161,0.000503933,0.002094676,0.000721058,0.000592369,0.008656807,0.003890658,0.032195514,0.107346509,0.067431369,0.209519502,0.167781496,0.060937261,0.025394223,0.139092353,0.034130422,0.091768259,0.096191751,0.18352118,0.029938884,0.031499242,0.311317908,0.158310329,0.050313072,0.269336189,0.158941138,0.061847257,0.061516192,0.034144932,0.076430534,0.179388854,0.039892953,0.016247899,0.03777659,0.033726185,0.23321842,0.00140304,0.094140149,0.170126891,0.216058499,0.271684834,0.088725482,0.208183535,0.014821557,0.152957048,0.222130674,0.023843273,0.10044316,0.222087163,0.218892516,0.357813221,0.447393484,0.254302152,1,0.097997729,0.150335332,0,0.34806017,0.092263009,0.296382985,0.225745741,0.046179927,0.4591916,0.160392389,0.019516505,0.049663114,0.170090183,0.001290847,0.086471041,0.361455945,0.044919692,0.252953865,0.035883186,0.234864682,0.219399987,0.2370501,0.076749289,0.162824878,0.160194218,0.047305221,0.248855728,0.103037082,0.202630883,0.219358588,0.087681478
Lactobacillus_gasseri_ATCC_33323,0.082395747,0.113891007,0.014021508,0.01152171,0.001951294,0.099153495,0.003036477,0.006358845,0.004403702,0.003681928,0.013814268,0.019503557,0.016125888,0.00758665,0.026156566,0.058181713,0.009650813,0.059436505,0.003286062,0.00626549,0.009726329,0.008408459,0.011763465,0.010405472,0.004433461,0.00302222,0.001884478,0.005151221,0.009124251,0.006461839,0.070924839,0.027413549,0.06291976,0.121176506,0.110299806,0.003155458,0.004155394,0.004331293,0.087997698,0.110842645,0.044603223,0.060793211,0.091943128,0.075836304,0.138878404,0.005489844,0.054579588,0.006109067,0.00689232,0.148727494,0.011192581,0.006787712,0.004126855,0.118201938,0.010112972,0.006231445,0.011088627,0.013938508,0.010550751,0.005036321,0.090336874,0.057642237,0.008099084,0.040478185,0.002356351,0.002074129,0.052523382,0.007301971,0.00381942,0.060918023,0.004647075,0.019316301,0.006649318,0.005462603,0.079829753,0.035878154,0.108152549,0.092166205,0.132039218,0.125716267,0.12017476,0.113153476,0.038634471,0.108654481,0.044126217,0.090115881,0.120026021,0.110675732,0.094457642,0.124253791,0.12606903,0.101060609,0.145090906,0.109471481,0.087114294,0.132599292,0.117806891,0.105244054,0.122682013,0.116370731,0.215791351,0.14983189,0.071840456,0.07440404,0.11807861,0.004521886,0.090694063,0.112086198,0.094465258,0.160421355,0.059949526,0.121435038,0.040907337,0.114352926,0.13052161,0.035602866,0.091272006,0.052743681,0.118373406,0.1036452,0.068053625,0.125153833,0.097997729,1,0.108165674,0,0.1280249,0.029413887,0.05575344,0.112323897,0.425853578,0.126577755,0.212854885,0.028391357,0.076249552,0.03573084,0.011903692,0.082442916,0.177584696,0.098206009,0.319935784,0.394008864,0.116181002,0.085991856,0.116093746,0.13046177,0.137421479,0.239439099,0.218544492,0.124115147,0.121561878,0.116867014,0.115511185,0.855913796
Lactobacillus_helveticus_DPC_4571,0.096656002,0.403164627,0.004115329,0.003381636,0.000572707,0.02910167,0.00089121,0.002883718,0.003168937,0.001904947,0.004054504,0.005724318,0.004732968,0.002226691,0.011907448,0.033426133,0.002832525,0.017444686,0.00250609,0.001838929,0.002854689,0.002467893,0.003452591,0.003054019,0.001301226,0.000887025,0.000553096,0.00151189,0.002677979,0.001896558,0.068808074,0.00804591,0.089456371,0.046504342,0.067148438,0.000926131,0.003537673,0.00127124,0.037440797,0.03253245,0.022519367,0.01784288,0.078110039,0.022258046,0.043674708,0.001611276,0.016019175,0.001793018,0.002022904,0.081352368,0.003285036,0.001992202,0.001211237,0.048311721,0.002968169,0.001828937,0.003254525,0.004090969,0.003096658,0.001478166,0.06391435,0.016918066,0.002377091,0.011880396,0.000691592,0.000608759,0.015415676,0.002143137,0.001121004,0.020034361,0.001363922,0.005669357,0.001951583,0.001603281,0.023430129,0.010530281,0.087138947,0.327921283,0.147120432,0.511649504,0.367190324,0.156660474,0.068730874,0.317660784,0.084838175,0.210887741,0.242285206,0.491248791,0.081031252,0.085254447,0.444325835,0.269366332,0.136175125,0.430824251,0.387881839,0.167393038,0.159042883,0.092415156,0.206863488,0.336421554,0.107972493,0.04397584,0.089431588,0.077142218,0.460468759,0.003797406,0.215230741,0.457181826,0.363315445,0.456934697,0.124462656,0.395759697,0.040115367,0.328650537,0.517914811,0.066398231,0.336513417,0.195518691,0.516342605,0.341113817,0.1296574,0.518051885,0.150335332,0.108165674,1,0,0.375937853,0.100217261,0.181853183,0.393963423,0.097813237,0.317746753,0.423462879,0.048051638,0.159663414,0.121740013,0.00314713,0.322531335,0.422130939,0.121577642,0.152238065,0.03097129,0.497900798,0.303754357,0.435209094,0.197085038,0.346435317,0.231746148,0.11802643,0.447290605,0.222045315,0.494572167,0.383041784,0.118721313
Lactobacillus_hilgardii_ATCC_8290,0,0,0,0,0,0,0,0,0,0,0,0,0,0,0,0,0,0,0,0,0,0,0,0,0,0,0,0,0,0,0,0,0,0,0,0,0,0,0,0,0,0,0,0,0,0,0,0,0,0,0,0,0,0,0,0,0,0,0,0,0,0,0,0,0,0,0,0,0,0,0,0,0,0,0,0,0,0,0,0,0,0,0,0,0,0,0,0,0,0,0,0,0,0,0,0,0,0,0,0,0,0,0,0,0,0,0,0,0,0,0,0,0,0,0,0,0,0,0,0,0,0,0,0,0,1,0,0,0,0,0,0,0,0,0,0,0,0,0,0,0,0,0,0,0,0,0,0,0,0,0,0,0,0
Lactobacillus_johnsonii_NCC_533,0.043158625,0.559058214,0.001831308,0.001504816,0.000254853,0.012950145,0.000396585,0.001283245,0.001410166,0.000847695,0.001804241,0.002547302,0.002106155,0.00099087,0.005298774,0.014874517,0.001260464,0.007762826,0.001115202,0.000818317,0.001270327,0.001098204,0.001536391,0.001359028,0.000579041,0.000394723,0.000246126,0.000672786,0.001191692,0.000843962,0.030619361,0.003580403,0.039807784,0.020694276,0.029880829,0.000412125,0.001574252,0.000565697,0.016661029,0.014476831,0.010021043,0.007940022,0.034758704,0.009904756,0.019435098,0.000717012,0.007128479,0.000797887,0.000900186,0.03620153,0.00146183,0.000886523,0.000538996,0.021498553,0.001320825,0.000813871,0.001448253,0.001820467,0.001378002,0.000657779,0.030132914,0.007528482,0.001057797,0.005286736,0.000307756,0.000270896,0.006859924,0.000953689,0.000498843,0.008915223,0.000606941,0.002522845,0.000868448,0.000713454,0.010426328,0.00468594,0.038776538,0.282020122,0.081214888,0.324065292,0.202077394,0.073393331,0.030585008,0.188747417,0.041119932,0.110526435,0.115854125,0.347106065,0.036058634,0.037937942,0.540192433,0.32314418,0.060597472,0.563760348,0.471664588,0.074489338,0.0740906,0.041124433,0.092053556,0.243442855,0.048047396,0.019569101,0.045498432,0.040620091,0.598020359,0.001689833,0.113383159,0.479842608,0.604286616,0.389687029,0.14820421,0.438838356,0.017851203,0.194796555,0.313120445,0.039978979,0.254471915,0.39237047,0.589115421,0.683337271,0.328731377,0.494346894,0.34806017,0.1280249,0.375937853,0,1,0.225209032,0.383474745,0.542324944,0.055619479,0.770895226,0.193177894,0.023505837,0.071983939,0.273575132,0.001554706,0.216619376,0.435340472,0.054101642,0.267177415,0.03819159,0.507961369,0.554192426,0.601870038,0.092437466,0.196107604,0.192939216,0.056974792,0.575853524,0.124098697,0.403447992,0.629807629,0.111627831
Lactobacillus_paracasei_ATCC_25302,0.009719712,0.166564308,0.000412427,0.000338898,5.74E-05,0.00291649,8.93E-05,0.000288998,0.000317582,0.000190909,0.000406331,0.000573675,0.000474325,0.000223153,0.001193332,0.003349876,0.000283868,0.001748259,0.000251153,0.000184292,0.000286089,0.000247325,0.000346009,0.000306065,0.000130405,8.89E-05,5.54E-05,0.000151517,0.00026838,0.000190068,0.006895757,0.000806339,0.008965072,0.004660538,0.006729433,9.28E-05,0.000354536,0.0001274,0.003752214,0.003260313,0.002256829,0.001788165,0.007827974,0.00223064,0.00437696,0.000161478,0.001605398,0.000179691,0.00020273,0.008152911,0.000329217,0.000199653,0.000121387,0.004841668,0.000297462,0.000183291,0.00032616,0.000409986,0.000310339,0.000148138,0.006786204,0.001695482,0.000238226,0.001190621,6.93E-05,6.10E-05,0.001544917,0.000214779,0.000112344,0.002007789,0.000136689,0.000568167,0.000195582,0.000160676,0.002348103,0.001055316,0.008732827,0.084421229,0.018290326,0.072982431,0.045509654,0.016528841,0.00688802,0.042507623,0.00926058,0.024891551,0.026091395,0.085224394,0.00812073,0.008543967,0.129168744,0.090689654,0.013647098,0.19807643,0.197592905,0.016775672,0.016685872,0.009261594,0.020731292,0.055555188,0.010820707,0.004407138,0.010246658,0.009148011,0.184589458,0.000380566,0.025534911,0.14699258,0.275840904,0.091440145,0.007899526,0.103651645,0.004020252,0.043869944,0.070517552,0.009003627,0.07140257,0.435584187,0.176426179,0.272369367,0.174248437,0.117284892,0.092263009,0.029413887,0.100217261,0,0.225209032,1,0.247694268,0.173872483,0.012526009,0.230259188,0.043505406,0.005293727,0.01432317,0.372357437,0.000350134,0.064220894,0.098042606,0.012184178,0.073753445,0.010087287,0.141188563,0.329928637,0.184815562,0.020817752,0.044165204,0.043451654,0.012831238,0.155743166,0.027948147,0.102736647,0.185193187,0.025257806
Lactobacillus_reuteri_SD2112_ATCC_55730,0.018423522,0.277882562,0.000781747,0.000642375,0.000108791,0.005528148,0.000169294,0.000547791,0.000601971,0.000361863,0.000770193,0.00108739,0.000899074,0.000422982,0.002261937,0.006349623,0.000538066,0.00331379,0.000476056,0.000349323,0.000542276,0.000468801,0.000655854,0.000580141,0.000247181,0.000168499,0.000105066,0.000287198,0.000508708,0.00036027,0.01307077,0.0015284,0.016993117,0.008833957,0.012755506,0.000175928,0.000672016,0.000241484,0.007112248,0.006179859,0.004277775,0.003389431,0.01483777,0.004228135,0.00829644,0.000306078,0.003043,0.000340601,0.000384271,0.015453682,0.000624025,0.000378438,0.000230086,0.009177287,0.000563833,0.000347424,0.000618229,0.00077712,0.000588241,0.000280792,0.012863116,0.003213753,0.000451552,0.002256798,0.000131375,0.00011564,0.002928359,0.00040711,0.000212946,0.003805724,0.00025909,0.00107695,0.000370722,0.000304559,0.004450783,0.002000331,0.0165529,0.127746473,0.034668951,0.138336752,0.086262648,0.031330091,0.013056105,0.080572358,0.017553246,0.047181443,0.049455723,0.152292209,0.015392683,0.016194921,0.234921263,0.127962024,0.025867804,0.274301322,0.322830796,0.031797954,0.031627741,0.017555168,0.039295754,0.09398656,0.020510437,0.008353643,0.019422337,0.017339874,0.261709982,0.000721355,0.048400919,0.210329064,0.341789751,0.153679237,0.093124174,0.196469641,0.007620308,0.083154609,0.133664624,0.017066197,0.118024532,0.451492471,0.269751725,0.443080823,0.466160217,0.214633996,0.296382985,0.05575344,0.181853183,0,0.383474745,0.247694268,1,0.217898885,0.023742802,0.386798066,0.082463636,0.010034154,0.032457461,0.513560781,0.000663672,0.104832083,0.176750049,0.023094869,0.154562684,0.021627252,0.22460912,0.351328807,0.243900036,0.039459637,0.083714269,0.082361749,0.024321357,0.275598082,0.05297516,0.194735279,0.2692944,0.04787567
Lactobacillus_sakei_sakei_23K,0.055901382,0.740389283,0.002372009,0.00194912,0.000330099,0.016773728,0.000513679,0.001662128,0.001826523,0.00109798,0.00233695,0.003299403,0.002728005,0.001283428,0.006863259,0.019266278,0.001632621,0.010054832,0.00144447,0.001059929,0.001645396,0.001422453,0.001990017,0.001760287,0.000750006,0.000511267,0.000318796,0.000871428,0.001543543,0.001093145,0.03965985,0.004637531,0.051561192,0.026804343,0.038703264,0.000533807,0.002039057,0.000732722,0.021580264,0.018751173,0.012979796,0.010284345,0.045021351,0.012829175,0.025173389,0.000928713,0.009233191,0.001033467,0.001165969,0.046890177,0.001893441,0.001148272,0.000698137,0.027846088,0.001710804,0.001054169,0.001875855,0.002357968,0.001784863,0.000851991,0.039029778,0.009751297,0.001370116,0.006847666,0.000398622,0.000350879,0.008885344,0.001235269,0.000646129,0.011547479,0.000786142,0.003267725,0.001124861,0.000924105,0.013504744,0.006069482,0.050225467,0.305611476,0.10519391,0.390318607,0.261741556,0.095063007,0.039615354,0.226114372,0.053260757,0.143159809,0.150060521,0.38938851,0.046705091,0.049139272,0.581662818,0.408495563,0.078489119,0.617640553,0.491142151,0.096482615,0.095966147,0.050581225,0.119232738,0.28032163,0.059874508,0.025346956,0.058932027,0.052613336,0.697984172,0.002188763,0.142246132,0.586987791,0.556646897,0.376859507,0.167930863,0.370145776,0.023121842,0.25231102,0.37495868,0.049055228,0.266562863,0.339216219,0.702308046,0.504796173,0.127903051,0.520306794,0.225745741,0.112323897,0.393963423,0,0.542324944,0.173872483,0.217898885,1,0.070272617,0.430490692,0.250214443,0.03044603,0.076641412,0.211213498,0.002013739,0.242669677,0.47614466,0.070075368,0.169885349,0.030830072,0.564294225,0.496355544,0.753780461,0.116221896,0.254009162,0.214779462,0.073796828,0.721472688,0.160739336,0.511224008,0.663882077,0.129023628
Lactobacillus_salivarius_HO66_ATCC_11741,0.110541582,0.067330176,0.032925655,0.027055566,0.004582076,0.133685976,0.00713033,0.008521267,0.006793823,0.005135812,0.03243901,0.04579874,0.037867214,0.011637122,0.03385909,0.074139511,0.02266228,0.139474273,0.00519356,0.014712779,0.022839608,0.019744953,0.027623262,0.02443439,0.010410765,0.007096851,0.004425177,0.012096226,0.021425794,0.015173852,0.09596176,0.06437318,0.094022824,0.133601662,0.128279534,0.007409725,0.006819316,0.01017085,0.102280698,0.133302305,0.057007928,0.142756134,0.115248716,0.14173715,0.148392203,0.012891388,0.118141757,0.014345463,0.016184717,0.1612282,0.014059151,0.015939075,0.009690784,0.131397153,0.023747533,0.014632835,0.02603859,0.032730752,0.024775536,0.011826415,0.111864903,0.13535694,0.01901847,0.095051884,0.005533243,0.004870522,0.115809041,0.017146671,0.008968858,0.071143845,0.010912378,0.045359019,0.015614095,0.01282742,0.157801054,0.084249977,0.129788818,0.086242401,0.153869713,0.152387696,0.157288791,0.141891349,0.068864012,0.142560327,0.079503235,0.131676752,0.148191643,0.117960303,0.117820702,0.142297951,0.095798132,0.080464219,0.162693641,0.063238261,0.049834716,0.155746324,0.14529875,0.123279617,0.151172789,0.136470787,0.208562891,0.351838984,0.103573358,0.103602949,0.067858745,0.007372009,0.132144288,0.070129886,0.045410266,0.106220046,0.061325712,0.072416109,0.061181277,0.147721211,0.158637452,0.064677606,0.093278819,0.024437595,0.070998584,0.045989052,0.029388198,0.10679985,0.046179927,0.425853578,0.097813237,0,0.055619479,0.012526009,0.023742802,0.070272617,1,0.054399605,0.20422671,0.054899991,0.096913256,0.015216106,0.027952546,0.093465459,0.127760873,0.126737408,0.136245798,0.788640714,0.088718297,0.037965813,0.067775726,0.156255059,0.165332054,0.194858744,0.214898082,0.077299004,0.15296206,0.106923194,0.063617088,0.489663795
Lactobacillus_ultunensis_DSM_16047,0.042212049,0.441625624,0.001791143,0.001471812,0.000249263,0.012666116,0.000387887,0.0012551,0.001379238,0.000829103,0.001764669,0.002491433,0.002059961,0.000969138,0.005182559,0.014548282,0.001232819,0.007592568,0.001090743,0.000800369,0.001242466,0.001074118,0.001502695,0.001329221,0.000566341,0.000386066,0.000240728,0.00065803,0.001165555,0.000825452,0.029947802,0.003501876,0.0389347,0.020240399,0.029225468,0.000403086,0.001539725,0.00055329,0.016295611,0.014159318,0.009801256,0.007765877,0.03399636,0.00968752,0.019008838,0.000701286,0.006972134,0.000780388,0.000880442,0.03540754,0.001429768,0.000867079,0.000527175,0.021027037,0.001291856,0.00079602,0.001416489,0.00178054,0.001347779,0.000643352,0.029472024,0.007363364,0.001034597,0.005170785,0.000301006,0.000264954,0.006709469,0.000932772,0.000487902,0.00871969,0.000593629,0.002467513,0.000849401,0.000697807,0.010197653,0.004583165,0.037926072,0.228201901,0.079433644,0.310900948,0.197645335,0.071783633,0.029914202,0.184607717,0.04021807,0.108102316,0.113313156,0.292051944,0.035267779,0.037105869,0.455761047,0.264711576,0.059268419,0.497201368,0.489470449,0.072855602,0.072465609,0.040222472,0.090034592,0.236747129,0.046993597,0.019139902,0.044500538,0.039729191,0.474581465,0.001652771,0.110896384,0.391832295,0.564461735,0.390788314,0.122808567,0.396141276,0.017459682,0.190524182,0.306252935,0.035344569,0.209211199,0.411921771,0.476997912,0.62448821,0.461213857,0.404816494,0.4591916,0.126577755,0.317746753,0,0.770895226,0.230259188,0.386798066,0.430490692,0.054399605,1,0.188941022,0.022990295,0.070575504,0.279709865,0.001520607,0.177086366,0.425792373,0.052915058,0.275263147,0.039667536,0.410191989,0.528081195,0.478221721,0.090410082,0.191806477,0.188707579,0.055725193,0.466301052,0.121376904,0.334536658,0.519161915,0.109692932
Lactococcus_lactis_cremoris_MG1363,0.214367506,0.261192851,0.009479903,0.007789797,0.001319264,0.067037408,0.002052954,0.006642813,0.007299832,0.004388158,0.009339789,0.013186302,0.010902669,0.005129313,0.027429506,0.076999063,0.006524888,0.040184859,0.005772926,0.00423608,0.006575944,0.005684936,0.007953247,0.007035112,0.002997451,0.002043314,0.00127409,0.003482726,0.006168881,0.004368832,0.158503442,0.018534226,0.191274956,0.107125485,0.154680375,0.002133397,0.008149237,0.002928375,0.086247076,0.07494041,0.051874686,0.041102124,0.179931066,0.051272718,0.100607258,0.003711668,0.03690111,0.004130323,0.004659879,0.187399961,0.007567274,0.004589154,0.002790155,0.11128889,0.006837353,0.004213063,0.00749699,0.009423787,0.007133334,0.003405043,0.152927303,0.038971759,0.005475768,0.02736719,0.001593123,0.001402313,0.035510915,0.004936843,0.0025823,0.046150328,0.003141875,0.013059698,0.004495586,0.003693251,0.053972678,0.024257122,0.200729687,0.363614932,0.363619739,0.581375913,0.593815784,0.364328471,0.132310183,0.552733646,0.163121404,0.397708573,0.495480564,0.481352353,0.186660252,0.19638863,0.336810634,0.238548998,0.313687405,0.219639492,0.175003717,0.385599702,0.375476297,0.206175449,0.44611283,0.43124617,0.244300921,0.099321056,0.208374595,0.195234256,0.235687385,0.008747549,0.391703691,0.2355612,0.157719199,0.455843584,0.282085832,0.229481373,0.092408105,0.492554712,0.558249517,0.129730332,0.371276895,0.084876797,0.246592693,0.15972944,0.102071258,0.370937856,0.160392389,0.212854885,0.423462879,0,0.193177894,0.043505406,0.082463636,0.250214443,0.20422671,0.188941022,1,0.094272396,0.261668466,0.052848668,0.007747674,0.366895985,0.4437398,0.280061245,0.326255583,0.090306085,0.308136902,0.131863081,0.235399043,0.447665904,0.571659356,0.611007941,0.285662115,0.279340709,0.447497917,0.38949896,0.234919044,0.228998454
Megamonas_hypermegale_ART12_1,0.095247005,0.031781879,0.077908639,0.040999241,0.010842102,0.138515108,0.016871778,0.054592598,0.05999217,0.036063174,0.07675714,0.108368916,0.019212422,0.042154207,0.063018318,0.126896662,0.053623455,0.093567943,0.020474294,0.034813357,0.054043049,0.046720481,0.065362124,0.05781662,0.024633937,0.01679256,0.010470848,0.028622072,0.050697685,0.035904347,0.100026493,0.018157087,0.098523356,0.107125751,0.104968369,0.017532882,0.010901888,0.024066252,0.303127822,0.054598364,0.329230159,0.065424954,0.119153546,0.136090539,0.126594766,0.01073509,0.109971207,0.033944214,0.036978549,0.162059255,0.062190086,0.037715016,0.01128622,0.08195192,0.056191379,0.034624193,0.061612476,0.07744746,0.058623839,0.027983648,0.153655786,0.180460769,0.045001478,0.115565978,0.013092751,0.011524622,0.066289219,0.040572428,0.01079516,0.102740948,0.025820853,0.063385775,0.036946051,0.030352224,0.221168568,0.104923088,0.147945035,0.048069326,0.114314309,0.072534262,0.108949759,0.154957398,0.085984548,0.108572829,0.090544069,0.11982177,0.113983289,0.062115159,0.107913808,0.108973778,0.040983032,0.04311743,0.12308599,0.026725677,0.021558585,0.120904142,0.124460088,0.084257171,0.126921536,0.081683535,0.091399995,0.264842354,0.121147154,0.0952935,0.028678381,0.009167075,0.120308659,0.034031581,0.019191232,0.05005273,0.050884952,0.04340952,0.10182467,0.102485527,0.075069633,0.067555324,0.05148238,0.010327787,0.030005336,0.019435837,0.012420005,0.045135624,0.019516505,0.028391357,0.048051638,0,0.023505837,0.005293727,0.010034154,0.03044603,0.054899991,0.022990295,0.094272396,1,0.086217705,0.006430612,0.008559102,0.052875165,0.050673068,0.109180963,0.022956735,0.017765193,0.03749402,0.016045066,0.028643295,0.105307612,0.100774424,0.079329278,0.103326986,0.033990106,0.106450123,0.051527151,0.028584889,0.036137624
Methanobrevibacter_smithii_DSM_2375,0.328653154,0.07564439,0.024085288,0.017941618,0.003351813,0.170319804,0.005215874,0.009910572,0.01854645,0.010228259,0.023729305,0.033502017,0.027700064,0.013031882,0.069689272,0.129185336,0.016577576,0.102096389,0.014141249,0.010762474,0.016707292,0.014443536,0.02020656,0.017873884,0.007615529,0.005191384,0.00323704,0.008848452,0.01567308,0.011099752,0.349334079,0.04062429,0.314335673,0.272170302,0.349549775,0.005420253,0.020704507,0.00744003,0.196604843,0.131031071,0.101781963,0.104426855,0.40054448,0.13026696,0.255609651,0.009430117,0.093753474,0.010493781,0.011839205,0.214116964,0.019225931,0.011659516,0.007088859,0.225187351,0.017371444,0.010703995,0.019047364,0.023942715,0.018123434,0.008651084,0.253316234,0.099014306,0.01391211,0.069530948,0.004047596,0.003562812,0.09022145,0.012542879,0.006560766,0.117252667,0.007982461,0.033180359,0.011421792,0.009383325,0.118948314,0.061629297,0.34067225,0.194138303,0.254226071,0.177872298,0.241210001,0.422428964,0.259380859,0.31359714,0.45824584,0.442165983,0.504785846,0.161660671,0.332923813,0.430240738,0.113926016,0.06968806,0.398045118,0.06996081,0.066699049,0.343527923,0.472148691,0.183981671,0.415176131,0.154117585,0.248716681,0.078880977,0.344664348,0.322418066,0.081189359,0.020778862,0.407717892,0.107773203,0.056944603,0.155990044,0.19983687,0.146478654,0.131324004,0.264978221,0.185462345,0.426703674,0.22949207,0.032406523,0.088080636,0.05419251,0.040101895,0.123579398,0.049663114,0.076249552,0.159663414,0,0.071983939,0.01432317,0.032457461,0.076641412,0.096913256,0.070575504,0.261668466,0.086217705,1,0.020801091,0.012224565,0.254365761,0.152512764,0.340957809,0.083166603,0.041452046,0.107067461,0.045770916,0.07688734,0.244801152,0.228579615,0.216550662,0.365220243,0.085467877,0.26300689,0.131497834,0.072801814,0.085345701
Methanosphaera_stadtmanae_DSM_3091,0.011807127,0.202335813,0.000501,0.00041168,6.97E-05,0.003542838,0.000108496,0.000351064,0.000385786,0.000231908,0.000493595,0.000696878,0.000576192,0.000271077,0.001449613,0.004069298,0.000344832,0.002123716,0.000305091,0.000223871,0.00034753,0.000300441,0.000420318,0.000371796,0.000158411,0.000107986,6.73E-05,0.000184057,0.000326017,0.000230887,0.008376696,0.000979509,0.01089042,0.005661439,0.008174652,0.000112747,0.000430676,0.000154761,0.004558043,0.003960501,0.002741508,0.002172192,0.009509117,0.002709695,0.00531696,0.000196157,0.001950175,0.000218282,0.000246268,0.009903838,0.00039992,0.000242531,0.000147456,0.00588147,0.000361345,0.000222655,0.000396206,0.000498035,0.000376987,0.000179952,0.008243616,0.002059606,0.000289387,0.00144632,8.42E-05,7.41E-05,0.001876705,0.000260906,0.000136471,0.002438983,0.000166044,0.000690188,0.000237586,0.000195183,0.002852384,0.001281957,0.010608297,0.10255161,0.022218374,0.088656205,0.05528335,0.02007859,0.008367297,0.0516366,0.011249391,0.030237284,0.031694808,0.103527264,0.009864746,0.010378877,0.156909143,0.110166248,0.016577961,0.240615507,0.298285451,0.020378431,0.020269346,0.011250622,0.025183564,0.067486272,0.013144573,0.005353619,0.01244724,0.011112647,0.22423206,0.000462296,0.031018813,0.178560842,0.335080752,0.111077915,0.047547216,0.125911969,0.004883645,0.053291493,0.085661967,0.010937255,0.086737052,0.558363715,0.214315628,0.330863664,0.176345749,0.142473104,0.170090183,0.03573084,0.121740013,0,0.273575132,0.372357437,0.513560781,0.211213498,0.015216106,0.279709865,0.052848668,0.006430612,0.020801091,1,0.000425329,0.078013032,0.119098327,0.014800864,0.111681287,0.014283279,0.171510349,0.400784416,0.224506723,0.025288592,0.053650164,0.052783371,0.015586886,0.189190712,0.033950317,0.124800464,0.224965447,0.030682195
Mitsuokella_multacida_DSM_20544,0.017738659,0.002102094,0.12422925,0.226167804,0.151964808,0.035973349,0.161779641,0.043229857,0.047803517,0.125481824,0.100584743,0.05858846,0.049253291,0.014855007,0.020605255,0.024324894,0.04290698,0.057253907,0.01759422,0.242075221,0.05805595,0.171756597,0.101005105,0.087499303,0.257439584,0.069916991,0.157058502,0.236364637,0.095228724,0.167286262,0.027630671,0.09640747,0.01778802,0.030836655,0.025926501,0.076268149,0.187150388,0.184570967,0.029931363,0.083044394,0.022650852,0.05909187,0.022525534,0.042121461,0.032618722,0.122648007,0.059777497,0.037891209,0.221756127,0.01873853,0.18461581,0.099653636,0.172900629,0.030637998,0.265900646,0.080494058,0.203407964,0.243608153,0.028895309,0.222593468,0.027339363,0.041792738,0.066050343,0.043247781,0.136965288,0.153684411,0.06608517,0.177143046,0.156200374,0.030882402,0.137667659,0.179588793,0.080558854,0.123695379,0.030594191,0.09305087,0.021036454,0.004147462,0.013956639,0.004797509,0.007611635,0.017145294,0.015374596,0.008236966,0.012991912,0.011866486,0.012763806,0.004108376,0.020990962,0.02465915,0.00271067,0.003860792,0.019091464,0.00176767,0.001425912,0.014757776,0.018201953,0.012877693,0.015542,0.006302451,0.019766175,0.04394515,0.023755199,0.026423801,0.001896825,0.194872286,0.013627868,0.002245925,0.001269333,0.003584983,0.005149301,0.002881844,0.016009108,0.007981178,0.004965201,0.014338607,0.004903659,0.000683093,0.001984591,0.001285511,0.000821475,0.002985328,0.001290847,0.011903692,0.00314713,0,0.001554706,0.000350134,0.000663672,0.002013739,0.027952546,0.001520607,0.007747674,0.008559102,0.012224565,0.000425329,1,0.005452024,0.003571242,0.018282539,0.003808417,0.028067294,0.002479902,0.001061241,0.001894504,0.011620757,0.007412398,0.007287069,0.019849605,0.002248149,0.010981054,0.003408072,0.001890641,0.013862402
Pasteurella_multocida_multocida_Pm70,0.15134813,0.248673233,0.006422007,0.005277072,0.000893714,0.045413408,0.00139074,0.003389247,0.004945153,0.002972687,0.006327089,0.008932847,0.007385837,0.00347477,0.018581676,0.052161771,0.00442018,0.027222583,0.003910776,0.002869664,0.004454767,0.003851168,0.005387798,0.004765823,0.002030575,0.00138421,0.000863112,0.002359317,0.004179009,0.002959595,0.107375595,0.012555712,0.139597442,0.072570428,0.10478572,0.001445235,0.005520569,0.001983781,0.058426688,0.05076717,0.035141667,0.027843969,0.121891393,0.034733874,0.068154761,0.00251441,0.024998061,0.002798021,0.003156759,0.102078701,0.005126327,0.003108848,0.001890146,0.07539086,0.004631854,0.002854071,0.005078715,0.006383992,0.004832362,0.002306691,0.105669728,0.026400789,0.003709471,0.018539461,0.001079235,0.000949974,0.024056295,0.003344384,0.001749337,0.031263794,0.002128412,0.008847081,0.003045462,0.002501933,0.036562918,0.016432595,0.135981082,0.739042935,0.16602138,0.414507583,0.348099261,0.257374822,0.107255125,0.390406854,0.144198867,0.230225932,0.395135355,0.383441722,0.126449971,0.133040303,0.317095778,0.173166794,0.212502463,0.210811787,0.175159048,0.214860179,0.259819996,0.090756545,0.322812265,0.280914028,0.116016604,0.042748844,0.159553336,0.14244603,0.278635115,0.005925885,0.281439457,0.254444229,0.210465448,0.20713769,0.539966353,0.195322851,0.062600377,0.294246399,0.387245398,0.140197788,0.866157214,0.120508116,0.270435349,0.20132369,0.074664576,0.348601117,0.086471041,0.082442916,0.322531335,0,0.216619376,0.064220894,0.104832083,0.242669677,0.093465459,0.177086366,0.366895985,0.052875165,0.254365761,0.078013032,0.005452024,1,0.307231535,0.152606704,0.110131037,0.030946573,0.349234395,0.179077949,0.273756831,0.248479661,0.325289466,0.273477529,0.179302353,0.27633045,0.335544057,0.341178138,0.236554255,0.086827624
Pediococcus_pentosaceus_ATCC_25745,0.099137636,0.408670923,0.00420661,0.003456643,0.00058541,0.029747166,0.000910977,0.002947681,0.003239226,0.0019472,0.004144436,0.005851287,0.004837948,0.00227608,0.012171564,0.034167549,0.002895353,0.017831621,0.002561677,0.001879717,0.002918008,0.002522632,0.003529172,0.003121759,0.001330088,0.0009067,0.000565364,0.001545424,0.002737378,0.001938625,0.070334286,0.008224374,0.091440577,0.047535841,0.068637839,0.000946673,0.003616141,0.001299437,0.03827126,0.033254043,0.023018863,0.018238648,0.079842575,0.022751746,0.044643444,0.001647015,0.016374491,0.001832789,0.002067774,0.083156821,0.003357901,0.00203639,0.001238103,0.04938331,0.003034006,0.001869504,0.003326713,0.004181709,0.003165344,0.001510953,0.069216891,0.017293321,0.002429816,0.012143912,0.000706932,0.000622262,0.015757606,0.002190674,0.001145869,0.020478737,0.001394175,0.005795108,0.00199487,0.001638842,0.023949825,0.010763851,0.089071751,0.372598213,0.186554877,0.580181268,0.416095628,0.168588349,0.069622376,0.36871322,0.086900881,0.234848724,0.266123029,0.54693025,0.082828583,0.087145452,0.667732628,0.332740139,0.139195587,0.455907118,0.350710264,0.171105935,0.170190012,0.09446499,0.211451867,0.442082005,0.1103674,0.044951256,0.104512295,0.093306489,0.505412444,0.003881635,0.239325803,0.449774149,0.315748985,0.595605908,0.191263493,0.388053478,0.041005154,0.391133087,0.58630421,0.070976875,0.34028035,0.191276052,0.506909824,0.359961941,0.21617451,0.667419458,0.361455945,0.177584696,0.422130939,0,0.435340472,0.098042606,0.176750049,0.47614466,0.127760873,0.425792373,0.4437398,0.050673068,0.152512764,0.119098327,0.003571242,0.307231535,1,0.124274321,0.317604949,0.062228747,0.654217677,0.277974622,0.52662827,0.212333729,0.450469499,0.422120352,0.130874099,0.531954748,0.285061246,0.645328348,0.429750273,0.182993382
Porphyromonas_gingivalis_ATCC_33277,0.533984319,0.073149995,0.033849394,0.022134463,0.004710628,0.239366956,0.007330374,0.022453132,0.026065127,0.015668565,0.033349096,0.047083637,0.038929589,0.01831497,0.0979411,0.274936516,0.023298077,0.143485968,0.020613085,0.01512555,0.02348038,0.020298903,0.02839824,0.025119904,0.010702842,0.007295956,0.004549327,0.012435589,0.022026901,0.015599559,0.358845217,0.065158719,0.498639861,0.378630541,0.508663045,0.007617607,0.028629752,0.010456196,0.307957912,0.216253834,0.185226219,0.146761198,0.595671547,0.183076806,0.359233058,0.013253059,0.13176086,0.014747929,0.016638784,0.550319947,0.027020068,0.01638625,0.009962662,0.397373403,0.022416993,0.015043363,0.02676911,0.033649022,0.025470621,0.012158209,0.414866886,0.139154417,0.019552039,0.097718591,0.005688479,0.005007166,0.126796962,0.017627725,0.009220482,0.164786557,0.011218527,0.04663158,0.016052153,0.013187297,0.162162535,0.086613634,0.609378913,0.144326001,0.57038491,0.166946732,0.267727331,0.503864256,0.273277076,0.286635135,0.231510212,0.448121554,0.413142416,0.142965854,0.630317955,0.599092603,0.094327606,0.134350257,0.643050687,0.06151251,0.049619798,0.568033661,0.585414014,0.285146728,0.51343788,0.219316659,0.448746127,0.195599221,0.524648709,0.537569953,0.066006902,0.025185019,0.477157649,0.082889751,0.044171035,0.133247583,0.159570283,0.117549299,0.242072745,0.277734078,0.172782207,0.230008007,0.150859339,0.023770701,0.069061057,0.044734026,0.028586203,0.103885318,0.044919692,0.098206009,0.121577642,0,0.054101642,0.012184178,0.023094869,0.070075368,0.126737408,0.052915058,0.280061245,0.109180963,0.340957809,0.014800864,0.018282539,0.152606704,0.124274321,1,0.103383653,0.058197126,0.086297205,0.036929739,0.065926149,0.399912982,0.250555427,0.27059039,0.518932224,0.078232507,0.386332131,0.118596223,0.06579172,0.111400849
Proteus_mirabilis_HI4320,0.083319837,0.192022772,0.004485982,0.003686207,0.000624289,0.031722751,0.000971478,0.003143444,0.003454351,0.002076519,0.004419679,0.006239886,0.005159249,0.002427241,0.012979908,0.036436703,0.00308764,0.019015865,0.002731805,0.002004554,0.003111801,0.002690167,0.003763553,0.003329083,0.001418423,0.000966916,0.000602912,0.00164806,0.002919174,0.002067374,0.069902161,0.008770575,0.060142361,0.050692818,0.073196253,0.001009544,0.003594938,0.001385736,0.040812953,0.035462529,0.024547604,0.019449923,0.085145125,0.024262747,0.04760833,0.001756397,0.017461963,0.001954509,0.0022051,0.088679478,0.003580907,0.002171632,0.001320329,0.052662982,0.003235502,0.001993662,0.003547649,0.004459427,0.003375563,0.001611299,0.073813761,0.018441814,0.002591187,0.01295042,0.000753881,0.000663588,0.016804109,0.002336162,0.001221969,0.021838783,0.001486766,0.006179976,0.002127355,0.001747682,0.025540395,0.011478705,0.094987234,0.12695062,0.152466924,0.1747676,0.151995604,0.125082472,0.033062946,0.130349673,0.037806151,0.09575308,0.140993975,0.154149711,0.088329441,0.092933004,0.220010857,0.13791548,0.148439921,0.164822655,0.159266197,0.151781393,0.131495396,0.100738651,0.141238637,0.1581105,0.11769718,0.047936583,0.070563588,0.073739524,0.182297136,0.003923246,0.096722199,0.164542271,0.171853933,0.297810121,0.099165859,0.185857083,0.037738003,0.140866543,0.183878423,0.027959769,0.119529658,0.137341601,0.184780994,0.229955804,0.191129992,0.191644741,0.252953865,0.319935784,0.152238065,0,0.267177415,0.073753445,0.154562684,0.169885349,0.136245798,0.275263147,0.326255583,0.022956735,0.083166603,0.111681287,0.003808417,0.110131037,0.317604949,0.103383653,1,0.132861462,0.176587831,0.165985618,0.184099894,0.152530386,0.182483458,0.380618656,0.139565782,0.193126686,0.144551219,0.164110776,0.202103773,0.273994169
Proteus_penneri_ATCC_35198,0.051485291,0.032245977,0.033060818,0.027166632,0.004600886,0.106037791,0.007159601,0.005858812,0.003885462,0.003373928,0.032572175,0.045986748,0.035106766,0.009556392,0.023144701,0.046497823,0.022755311,0.121198054,0.002887634,0.014773176,0.022933367,0.019826008,0.027736658,0.024534695,0.010453502,0.007125985,0.004443343,0.012145882,0.021513749,0.015236142,0.048414744,0.064637437,0.038787739,0.094339574,0.078661743,0.007440143,0.003582784,0.010212603,0.070556858,0.103159247,0.037502464,0.130657332,0.062130964,0.11917762,0.109855485,0.012944308,0.101803481,0.014404352,0.016251157,0.102313724,0.011002964,0.016004506,0.009730566,0.091231136,0.023845018,0.014692904,0.026145481,0.032865115,0.024877242,0.011874964,0.063418828,0.124075737,0.019096543,0.09544208,0.005555957,0.004890516,0.100077124,0.017217059,0.009005676,0.052981486,0.010957174,0.045545222,0.015678193,0.012880078,0.133592245,0.084595831,0.071774464,0.03100861,0.070546124,0.043000013,0.046599162,0.061493033,0.023657165,0.042011081,0.024744564,0.040413839,0.056092963,0.035955126,0.06331003,0.083728375,0.042341969,0.030064038,0.085880254,0.026148344,0.024749552,0.072940573,0.064124637,0.068503355,0.062290496,0.043129657,0.138392521,0.353283315,0.043210442,0.046778704,0.032000412,0.003901814,0.040334189,0.032317529,0.025751066,0.060730934,0.027168267,0.03664759,0.030240882,0.044334397,0.045492655,0.018806536,0.030929868,0.020421622,0.032542616,0.033544892,0.026347388,0.038208632,0.035883186,0.394008864,0.03097129,0,0.03819159,0.010087287,0.021627252,0.030830072,0.788640714,0.039667536,0.090306085,0.017765193,0.041452046,0.014283279,0.028067294,0.030946573,0.062228747,0.058197126,0.132861462,1,0.03367053,0.023602796,0.032385023,0.066645387,0.055287032,0.102078633,0.133480971,0.036055247,0.055589978,0.035940259,0.033950522,0.43077903
Pseudomonas_aeruginosa_LESB58,0.068842064,0.468832934,0.002921108,0.002400324,0.000406514,0.020656699,0.000632591,0.002046896,0.002249348,0.001352153,0.002877934,0.004063186,0.003359515,0.001580531,0.008452043,0.023726253,0.002010559,0.012382438,0.001778852,0.001305293,0.002026291,0.001751739,0.002450689,0.002167777,0.000923625,0.000629621,0.000392594,0.001073157,0.00190086,0.001346198,0.04884076,0.005711079,0.063497158,0.033009315,0.047662732,0.000657378,0.002511081,0.000902341,0.026575907,0.023091906,0.015984505,0.012665081,0.055443401,0.015799017,0.031000809,0.001143702,0.011370594,0.001272705,0.001435881,0.057744843,0.002331756,0.001414088,0.00085975,0.034292214,0.002106841,0.0012982,0.002310099,0.002903817,0.002198043,0.001049219,0.048064831,0.012008637,0.001687286,0.008432841,0.0004909,0.000432104,0.010942223,0.001521223,0.000795702,0.014220619,0.000968128,0.004024175,0.001385256,0.001138027,0.016630974,0.007474515,0.061852224,0.459251946,0.129545382,0.516914608,0.322332442,0.117069264,0.048785963,0.301069876,0.065590158,0.176300055,0.184798221,0.590572523,0.057516912,0.060514584,0.660282404,0.380302977,0.096658665,0.588541549,0.414713759,0.118817498,0.118181473,0.065597337,0.146834076,0.382236479,0.076640113,0.031214556,0.072574277,0.064792864,0.713833293,0.002695443,0.180856798,0.557221815,0.426323212,0.377174141,0.175391929,0.375295524,0.028474347,0.310718819,0.499456548,0.061256762,0.405232844,0.252994906,0.6594064,0.444747249,0.145388668,0.806954164,0.234864682,0.116181002,0.497900798,0,0.507961369,0.141188563,0.22460912,0.564294225,0.088718297,0.410191989,0.308136902,0.03749402,0.107067461,0.171510349,0.002479902,0.349234395,0.654217677,0.086297205,0.176587831,0.03367053,1,0.398488526,0.688464931,0.147446448,0.312810066,0.289660243,0.09088015,0.642319303,0.197949089,0.702539863,0.542831993,0.115127012
Salmonella_enterica_sv_Heidelberg_SL476_CVM30485,0.029460044,0.494893284,0.001250049,0.001027187,0.000173962,0.008839759,0.000270709,0.000875942,0.000962578,0.000578636,0.001231573,0.001738786,0.00143766,0.000676367,0.003616939,0.010153334,0.000860392,0.005298899,0.000761236,0.000558583,0.000867124,0.000749633,0.00104874,0.000927671,0.000395253,0.000269438,0.000168005,0.000459243,0.000813448,0.000576088,0.020900752,0.00244398,0.027172763,0.014125896,0.020396631,0.000281316,0.001074584,0.000386145,0.011372805,0.009881873,0.006840356,0.005419853,0.023726265,0.006760979,0.013266383,0.000489432,0.004865894,0.000544637,0.000614466,0.024711136,0.000997844,0.00060514,0.000367918,0.014674896,0.000901594,0.000555547,0.000988576,0.00124265,0.000940623,0.000448999,0.020568704,0.005138936,0.000722052,0.003608722,0.000210074,0.000184913,0.004682579,0.000650987,0.00034051,0.006085524,0.000414297,0.001722092,0.000592802,0.000487003,0.007117004,0.003198619,0.026468835,0.251594558,0.05543722,0.221206718,0.137937873,0.050098231,0.020877303,0.128838841,0.028068434,0.075445259,0.079081936,0.238301365,0.024613596,0.02589641,0.356561296,0.242460708,0.041363788,0.600361436,0.567661607,0.050846365,0.050574186,0.028071506,0.062835686,0.14972854,0.032797115,0.013357853,0.031057194,0.027727243,0.559482982,0.001153479,0.077395256,0.445528406,0.806809662,0.232860671,0.103422269,0.314163834,0.012185217,0.132967978,0.213735773,0.02728962,0.213764807,0.532337348,0.525038101,0.642739631,0.192585917,0.330552392,0.219399987,0.085991856,0.303754357,0,0.554192426,0.329928637,0.351328807,0.496355544,0.037965813,0.528081195,0.131863081,0.016045066,0.045770916,0.400784416,0.001061241,0.179077949,0.277974622,0.036929739,0.165985618,0.023602796,0.398488526,1,0.512373125,0.063097742,0.133862899,0.131700159,0.038890949,0.47205107,0.084709675,0.311390511,0.482309839,0.07655536
Staphylococcus_saprophyticus_saprophyticus_ATCC_15305,0.052591416,0.599792032,0.00223156,0.001833711,0.000310554,0.015780542,0.000483263,0.001563712,0.001718373,0.001032968,0.002198577,0.003104043,0.002566478,0.001207435,0.00645688,0.018125506,0.001535952,0.009459477,0.001358941,0.000997169,0.001547971,0.001338229,0.001872187,0.001656059,0.000705597,0.000480994,0.00029992,0.00081983,0.001452149,0.001028419,0.037311559,0.004362939,0.048508212,0.025217237,0.036411612,0.0005022,0.001918323,0.000689337,0.020302479,0.017640901,0.012211251,0.009675401,0.042355601,0.012069549,0.023682852,0.000873723,0.008686486,0.000972274,0.001096931,0.044113771,0.001781329,0.001080282,0.0006568,0.026197298,0.001609506,0.000991751,0.001764784,0.00221835,0.00167918,0.000801544,0.036718793,0.009173915,0.001288991,0.00644221,0.00037502,0.000330103,0.008359235,0.001162128,0.000607871,0.010863743,0.000739594,0.00307424,0.001058257,0.000869388,0.012705117,0.005710103,0.047251576,0.35636377,0.098965293,0.394893319,0.246243627,0.089434249,0.037269697,0.230000237,0.050107145,0.134683201,0.141175316,0.442503088,0.043939645,0.046229696,0.602320152,0.400952227,0.073841715,0.666718691,0.520632915,0.090769801,0.090283914,0.050112629,0.112172871,0.289224569,0.058548681,0.023846143,0.055442614,0.049498058,0.884061336,0.002059165,0.138164292,0.6445155,0.55175274,0.362565202,0.146019749,0.391810632,0.021752779,0.23737148,0.380964957,0.047945537,0.30807666,0.340576296,0.802430168,0.55173318,0.145067039,0.590463745,0.2370501,0.116093746,0.435209094,0,0.601870038,0.184815562,0.243900036,0.753780461,0.067775726,0.478221721,0.235399043,0.028643295,0.07688734,0.224506723,0.001894504,0.273756831,0.52662827,0.065926149,0.184099894,0.032385023,0.688464931,0.512373125,1,0.112640688,0.238969074,0.234179422,0.069427258,0.745863265,0.15122183,0.555707678,0.690714835,0.118759471
Streptococcus_gordonii_Challis_CH1,0.310221622,0.12041411,0.019811315,0.015954494,0.002757028,0.140096282,0.004290309,0.01361312,0.015255353,0.009170471,0.019518501,0.02755703,0.022784643,0.010719354,0.057322799,0.160914373,0.013635858,0.083979222,0.012064391,0.008852656,0.013742556,0.011880507,0.016620873,0.014702134,0.006264141,0.004270164,0.002662622,0.00727828,0.012891867,0.009130083,0.280577256,0.038733241,0.339616603,0.223873246,0.314118962,0.00445842,0.015359292,0.006119785,0.180241079,0.142844168,0.108408884,0.085896143,0.326337426,0.107150879,0.210251309,0.007756728,0.07711677,0.008631643,0.009738319,0.391632651,0.015814259,0.009590516,0.00583093,0.232574024,0.013692731,0.008804554,0.015667379,0.019694042,0.014907401,0.007115936,0.263442226,0.081444059,0.011443384,0.05719257,0.003329343,0.002930585,0.074211509,0.010317125,0.005396548,0.096445994,0.006565961,0.027292451,0.009394977,0.007718239,0.112793316,0.050693079,0.327853584,0.240209127,0.451483862,0.285243338,0.417728173,0.466187515,0.220779493,0.365188033,0.198943868,0.437577491,0.43433013,0.238118132,0.331225939,0.349479109,0.161167102,0.202500807,0.500961671,0.105099593,0.084779837,0.56524031,0.476365347,0.234796042,0.56857319,0.360733852,0.293205523,0.16960209,0.336887316,0.304029489,0.112778663,0.013104557,0.43435414,0.138608988,0.075470142,0.224227791,0.234822341,0.172708816,0.166304189,0.356003832,0.295213766,0.148300056,0.247921691,0.040614357,0.117996956,0.076432061,0.048842071,0.177272505,0.076749289,0.13046177,0.197085038,0,0.092437466,0.020817752,0.039459637,0.116221896,0.156255059,0.090410082,0.447665904,0.105307612,0.244801152,0.025288592,0.011620757,0.248479661,0.212333729,0.399912982,0.152530386,0.066645387,0.147446448,0.063097742,0.112640688,1,0.457736728,0.37939985,0.505194115,0.133667195,0.661150333,0.202632194,0.112411004,0.14247798
Streptococcus_infantarius_infantarius_ATCC_BAA_102,0.184423196,0.265154067,0.00933828,0.007444728,0.001299555,0.066035916,0.002022284,0.006543574,0.007190778,0.004322602,0.009200259,0.012989308,0.010739791,0.005052685,0.027019729,0.075848751,0.006427411,0.039584525,0.005686683,0.004172796,0.006477704,0.005600007,0.007834431,0.006930012,0.002952671,0.002012789,0.001255056,0.003430697,0.006076723,0.004303565,0.156135512,0.018175283,0.202989497,0.105525105,0.152369558,0.002101525,0.008027493,0.002884627,0.084958605,0.073820853,0.051099714,0.040488087,0.177243022,0.05050674,0.099104256,0.003656219,0.036349834,0.004068619,0.004590263,0.184600337,0.007454224,0.004520595,0.002748472,0.109626312,0.006735207,0.004150123,0.007384991,0.009283002,0.007026767,0.003354174,0.153655,0.038389549,0.005393964,0.026958344,0.001569322,0.001381364,0.034980407,0.00486309,0.002543722,0.045460875,0.003094937,0.012864595,0.004428425,0.003638076,0.053166364,0.023894738,0.197730926,0.31785073,0.344993311,0.589404627,0.634208049,0.359704182,0.147494041,0.534806221,0.176080686,0.525675284,0.491294182,0.437911411,0.183871679,0.193454722,0.328887203,0.275439769,0.309001135,0.222970515,0.179861818,0.379839112,0.361576269,0.168193157,0.446554193,0.563436836,0.207412604,0.099787568,0.222429183,0.194706,0.239261788,0.00793285,0.439322146,0.27784288,0.160111147,0.402884153,0.314265593,0.34160208,0.091027593,0.498423999,0.623517655,0.135621529,0.327713501,0.086164027,0.250332485,0.162151876,0.103619257,0.376563451,0.162824878,0.137421479,0.346435317,0,0.196107604,0.044165204,0.083714269,0.254009162,0.165332054,0.191806477,0.571659356,0.100774424,0.228579615,0.053650164,0.007412398,0.325289466,0.450469499,0.250555427,0.182483458,0.055287032,0.312810066,0.133862899,0.238969074,0.457736728,1,0.517895009,0.290528214,0.283577154,0.62382721,0.429887533,0.238481795,0.161616605
Streptococcus_mutans_UA159,0.203811664,0.222516282,0.009491631,0.006820583,0.001320896,0.067120337,0.002055493,0.006651031,0.007308862,0.004393586,0.009351343,0.013202614,0.010916157,0.005135658,0.027463439,0.077094316,0.00653296,0.04023457,0.005780068,0.004241321,0.006584079,0.005691969,0.007963085,0.007043814,0.003001159,0.002045842,0.001275666,0.003487035,0.006176513,0.004374236,0.158699521,0.018557154,0.180931376,0.107258006,0.154871724,0.002136036,0.008159318,0.002931998,0.086353769,0.075033116,0.051938858,0.04115297,0.180153653,0.051336146,0.100731715,0.00371626,0.03694676,0.004135433,0.004665643,0.187631787,0.007576635,0.004594831,0.002793607,0.111426562,0.006845811,0.004218275,0.007506265,0.009435445,0.007142158,0.003409255,0.156178275,0.03901997,0.005482542,0.027401045,0.001595093,0.001404048,0.035554844,0.00494295,0.002585494,0.046207419,0.003145761,0.013075854,0.004501147,0.00369782,0.054039446,0.02428713,0.200978003,0.302919135,0.333843263,0.451321329,0.490760259,0.349004089,0.117505967,0.438540163,0.159301517,0.396925779,0.390106058,0.33908464,0.186891163,0.196631576,0.291957964,0.278750762,0.314075457,0.219368119,0.170702625,0.367315939,0.358742862,0.167264976,0.374276283,0.409686968,0.213872838,0.101426248,0.208647895,0.198590187,0.234274329,0.008286892,0.333926457,0.280080953,0.153198668,0.362749695,0.288793138,0.331427016,0.09252242,0.402131528,0.447270526,0.129087749,0.285820126,0.08100791,0.222508167,0.157078127,0.101945145,0.318123705,0.160194218,0.239439099,0.231746148,0,0.192939216,0.043451654,0.082361749,0.214779462,0.194858744,0.188707579,0.611007941,0.079329278,0.216550662,0.052783371,0.007287069,0.273477529,0.422120352,0.27059039,0.380618656,0.102078633,0.289660243,0.131700159,0.234179422,0.37939985,0.517895009,1,0.284853607,0.270156156,0.452186588,0.374656644,0.225382973,0.238375508
Streptococcus_pneumoniae_Hungary19A_6,0.452735992,0.077034737,0.032142421,0.02455875,0.004473078,0.227296051,0.006960714,0.021791812,0.022762751,0.014736111,0.031667352,0.044709282,0.03696643,0.017391374,0.093002082,0.253545662,0.022123191,0.136250193,0.01780402,0.014362792,0.0222963,0.019275261,0.026966161,0.023853146,0.010163114,0.006928032,0.004319911,0.011808481,0.020916119,0.014812897,0.369659386,0.062549681,0.43069182,0.363218096,0.504859849,0.007233463,0.023854655,0.009928907,0.292428071,0.24855545,0.175885548,0.139159165,0.449799346,0.173844526,0.341117492,0.012584728,0.125116364,0.014004214,0.015799716,0.480439551,0.025657488,0.015559917,0.00946026,0.365807598,0.023182628,0.01428475,0.025419186,0.031571999,0.024186177,0.011545089,0.393858416,0.132137076,0.01856606,0.092790794,0.005401618,0.004754662,0.120402788,0.016738787,0.008471249,0.156476626,0.010652794,0.044280021,0.015242668,0.012522282,0.1532048,0.082245843,0.525885617,0.151990654,0.44997922,0.175812694,0.242224058,0.44699511,0.285755432,0.29702363,0.243070023,0.506666458,0.469367289,0.150558275,0.474800131,0.565606482,0.099337017,0.091095751,0.640981669,0.064779226,0.052254933,0.614357801,0.488111932,0.325897823,0.473954791,0.182231538,0.560053175,0.219262849,0.496302612,0.462399272,0.0695123,0.018999653,0.400521286,0.087291738,0.046516806,0.134421487,0.180920604,0.123791935,0.218748593,0.252153793,0.181958071,0.251360388,0.177854921,0.025033081,0.07272865,0.047109695,0.030104318,0.109402307,0.047305221,0.218544492,0.11802643,0,0.056974792,0.012831238,0.024321357,0.073796828,0.214898082,0.055725193,0.285662115,0.103326986,0.365220243,0.015586886,0.019849605,0.179302353,0.130874099,0.518932224,0.139565782,0.133480971,0.09088015,0.038890949,0.069427258,0.505194115,0.290528214,0.284853607,1,0.082387164,0.391233674,0.124894457,0.06928569,0.228893376
Streptococcus_pyogenes_M4_MGAS10750,0.059356955,0.725824304,0.002648123,0.002176007,0.000368524,0.018726277,0.000573474,0.001855608,0.00203914,0.001225791,0.002608983,0.003683471,0.003045559,0.001432826,0.007662178,0.021508973,0.001822667,0.011225267,0.001612613,0.00118331,0.001836929,0.001588034,0.002221666,0.001965193,0.00083731,0.000570781,0.000355905,0.000972867,0.00172322,0.001220393,0.044276464,0.005177364,0.057563184,0.029924509,0.043208526,0.000595945,0.002276414,0.000818014,0.024092319,0.020933907,0.014490711,0.011481496,0.050262072,0.014322557,0.028103703,0.00103682,0.010307982,0.001153767,0.001301694,0.052348438,0.002113848,0.001281937,0.000779404,0.031087517,0.001909951,0.00117688,0.002094215,0.002632447,0.001992631,0.000951167,0.043573047,0.010886399,0.001529605,0.00764477,0.000445024,0.000391723,0.009919644,0.001379061,0.000721341,0.012891665,0.000877654,0.003648105,0.0012558,0.001031675,0.015076766,0.006776002,0.056071973,0.3381248,0.11743903,0.468607597,0.292209639,0.106128837,0.044226788,0.272934115,0.059460587,0.159824358,0.167528348,0.490365655,0.052141807,0.054859339,0.584501124,0.390041439,0.087625662,0.644575513,0.534120686,0.107713694,0.107137108,0.059467096,0.13311205,0.31933803,0.069477896,0.028297474,0.065792022,0.058737803,0.718829026,0.002443546,0.163955261,0.63311856,0.532371223,0.466621511,0.203956093,0.448422638,0.025813346,0.281681339,0.449645505,0.055913918,0.305232384,0.303846859,0.711252998,0.541727144,0.187504272,0.568404701,0.248855728,0.124115147,0.447290605,0,0.575853524,0.155743166,0.275598082,0.721472688,0.077299004,0.466301052,0.279340709,0.033990106,0.085467877,0.189190712,0.002248149,0.27633045,0.531954748,0.078232507,0.193126686,0.036055247,0.642319303,0.47205107,0.745863265,0.133667195,0.283577154,0.270156156,0.082387164,1,0.179450233,0.655587606,0.76433898,0.136186627
Streptococcus_sanguinis_SK36,0.292826417,0.167791935,0.014756865,0.011572975,0.002053629,0.104353595,0.003195725,0.01000159,0.011363263,0.006830814,0.014538757,0.020526421,0.01697161,0.007984531,0.042698065,0.119860379,0.010156949,0.062553649,0.00898641,0.006594083,0.010236426,0.00884944,0.012380399,0.010951187,0.004665974,0.00318072,0.001983309,0.005421376,0.009602772,0.00680073,0.214941382,0.02838471,0.277143431,0.166756589,0.240782777,0.003320946,0.012685487,0.004558447,0.134256273,0.114538549,0.080750586,0.063981507,0.274169754,0.079813535,0.156610009,0.005777758,0.057442011,0.006429456,0.007253787,0.29067797,0.011779576,0.007143693,0.004343288,0.173237543,0.010643346,0.006558253,0.011670169,0.014669512,0.011104084,0.005300451,0.242814103,0.060665281,0.00852384,0.042601061,0.00247993,0.002182907,0.055277968,0.007684923,0.00401973,0.071839781,0.004890791,0.020329343,0.006998042,0.005749089,0.08401642,0.037759782,0.312465312,0.330867724,0.443441032,0.366815555,0.538192398,0.515024768,0.192863476,0.432955708,0.211373974,0.526459962,0.515385922,0.275787627,0.290564165,0.305707818,0.211550308,0.307495962,0.488300632,0.141097795,0.113818214,0.552568117,0.527467417,0.189666369,0.655472109,0.503069981,0.250321244,0.142776661,0.338639846,0.298655095,0.151407062,0.012260143,0.51724143,0.19013305,0.101319808,0.26282366,0.348921414,0.252734534,0.143846821,0.428369752,0.387151277,0.159825821,0.337681308,0.05452539,0.158412701,0.1026112,0.06557122,0.238292818,0.103037082,0.121561878,0.222045315,0,0.124098697,0.027948147,0.05297516,0.160739336,0.15296206,0.121376904,0.447497917,0.106450123,0.26300689,0.033950317,0.010981054,0.335544057,0.285061246,0.386332131,0.144551219,0.055589978,0.197949089,0.084709675,0.15122183,0.661150333,0.62382721,0.452186588,0.391233674,0.179450233,1,0.272036789,0.150913475,0.142112148
Streptococcus_suis_05ZYH33,0.088936192,0.527420539,0.00401441,0.003298709,0.000558663,0.028388017,0.000869355,0.002813001,0.003091226,0.001858233,0.003955077,0.005583942,0.004616902,0.002172086,0.011615445,0.032606432,0.002763064,0.017016894,0.002444634,0.001793833,0.002784684,0.002407373,0.003367924,0.002979126,0.001269317,0.000865273,0.000539533,0.001474814,0.002612307,0.001850049,0.06712071,0.007848602,0.087262654,0.045363927,0.065501773,0.000903419,0.003450919,0.001240065,0.036522645,0.031734664,0.02196713,0.017405324,0.076194566,0.021712218,0.042603684,0.001571763,0.01562634,0.001749049,0.001973297,0.079357383,0.003204478,0.001943347,0.001181534,0.047126985,0.002895382,0.001784086,0.003174715,0.003990647,0.003020719,0.001441918,0.066054369,0.016503188,0.002318798,0.011589056,0.000674632,0.000593831,0.015037641,0.002090582,0.001093514,0.019543063,0.001330475,0.005530329,0.001903725,0.001563964,0.022855557,0.01027205,0.08500206,0.406988881,0.174850519,0.617494721,0.436919754,0.160885542,0.067045404,0.413753265,0.090139015,0.242285029,0.253963859,0.616728267,0.079044142,0.083163773,0.610773634,0.341345994,0.132835736,0.518671741,0.41839273,0.163288099,0.162414025,0.090148881,0.201790625,0.481930722,0.105324709,0.042897431,0.099737125,0.089043313,0.55581335,0.003704283,0.24852034,0.508178744,0.37244892,0.474642269,0.250853967,0.469108585,0.039131627,0.392371266,0.630319374,0.076948066,0.366458349,0.200433883,0.533266792,0.374424996,0.140695624,0.677876917,0.202630883,0.116867014,0.494572167,0,0.403447992,0.102736647,0.194735279,0.511224008,0.106923194,0.334536658,0.38949896,0.051527151,0.131497834,0.124800464,0.003408072,0.341178138,0.645328348,0.118596223,0.164110776,0.035940259,0.702539863,0.311390511,0.555707678,0.202632194,0.429887533,0.374656644,0.124894457,0.655587606,0.272036789,1,0.530004361,0.132363874
Thermoanaerobacter_sp_X514,0.048750135,0.715629799,0.00222701,0.001829972,0.00030992,0.015748364,0.000482278,0.001560523,0.00171487,0.001030862,0.002194094,0.003097713,0.002561245,0.001204973,0.006443713,0.018088546,0.001532821,0.009440189,0.00135617,0.000995136,0.001544815,0.0013355,0.001868369,0.001652682,0.000704158,0.000480013,0.000299308,0.000818159,0.001449188,0.001026322,0.037235477,0.004354043,0.0484093,0.025165816,0.036337366,0.000501175,0.001914411,0.000687931,0.020261081,0.017604929,0.012186352,0.009655672,0.042269234,0.012044938,0.023634561,0.000871942,0.008668774,0.000970292,0.001094694,0.04402382,0.001777697,0.00107808,0.000655461,0.02614388,0.001606224,0.000989729,0.001761186,0.002213827,0.001675756,0.000799909,0.03664392,0.009155208,0.001286362,0.006429074,0.000374255,0.00032943,0.00834219,0.001159758,0.000606631,0.010841591,0.000738086,0.003067972,0.001056099,0.000867615,0.01267921,0.00569846,0.047155226,0.286149858,0.098763495,0.380316769,0.245741515,0.089251885,0.037193701,0.224363637,0.050004972,0.13440857,0.140887447,0.425036642,0.043850048,0.046135429,0.462287802,0.388547769,0.073691145,0.570238912,0.51799324,0.090584713,0.090099817,0.048818892,0.11194414,0.29632568,0.057829739,0.023797518,0.055329561,0.049397127,0.614674057,0.002054966,0.137741157,0.525531792,0.524476838,0.445606655,0.196990601,0.381758306,0.021708424,0.236163102,0.355635072,0.045950671,0.261627988,0.336775228,0.609526462,0.571613847,0.165145175,0.501731313,0.219358588,0.115511185,0.383041784,0,0.629807629,0.185193187,0.2692944,0.663882077,0.063617088,0.519161915,0.234919044,0.028584889,0.072801814,0.224965447,0.001890641,0.236554255,0.429750273,0.06579172,0.202103773,0.033950522,0.542831993,0.482309839,0.690714835,0.112411004,0.238481795,0.225382973,0.06928569,0.76433898,0.150913475,0.530004361,1,0.118193704
Tropheryma_whipplei_Twist,0.093945072,0.131390862,0.016328697,0.013417566,0.002272372,0.115468846,0.003536118,0.006874248,0.004970707,0.004024666,0.016087357,0.022712798,0.018779345,0.008835006,0.028167829,0.063199385,0.01123882,0.069216568,0.003736136,0.007296453,0.011326761,0.009792041,0.013699101,0.012117656,0.005162972,0.003519515,0.002194562,0.005998836,0.010625614,0.007525112,0.079978039,0.031919651,0.074133144,0.127197672,0.118613921,0.003674677,0.004787677,0.005043992,0.093294557,0.128563301,0.048179713,0.070796515,0.101607835,0.088314895,0.144388822,0.006393178,0.063560463,0.007114292,0.008026426,0.157671792,0.01223824,0.007904606,0.004805914,0.124455698,0.011777025,0.007256807,0.012913221,0.016232039,0.012286839,0.00586503,0.099002988,0.06712706,0.009431759,0.047138725,0.00274408,0.00241542,0.061165915,0.008503484,0.004447892,0.064055537,0.005411735,0.022494729,0.00774344,0.006361455,0.092965452,0.041781776,0.118362514,0.090017731,0.148074299,0.142539508,0.145506122,0.128806473,0.048104858,0.12449993,0.055216051,0.107681055,0.139952045,0.115870434,0.104356174,0.133998728,0.129267947,0.116374836,0.158094055,0.112680395,0.092026862,0.147808429,0.133413438,0.111933056,0.140233902,0.130554355,0.220436215,0.17448619,0.0840418,0.085590431,0.114968581,0.005199658,0.1058329,0.120713131,0.090351501,0.163305358,0.073789827,0.127869145,0.046938283,0.134878021,0.145132691,0.042282552,0.088820433,0.049276672,0.12010653,0.09273365,0.059259209,0.128610945,0.087681478,0.855913796,0.118721313,0,0.111627831,0.025257806,0.04787567,0.129023628,0.489663795,0.109692932,0.228998454,0.036137624,0.085345701,0.030682195,0.013862402,0.086827624,0.182993382,0.111400849,0.273994169,0.43077903,0.115127012,0.07655536,0.118759471,0.14247798,0.161616605,0.238375508,0.228893376,0.136186627,0.142112148,0.132363874,0.118193704,1
