,,,,,,,,,,,,,,,,,,,,,,,,,,,,,,,,,,,,,,,,,,,,,,,,,,,,,,,,,,,,,,,,,,,,,,,,,,,,,,,,,,,,,,,,,,,,,,,,,,,,,,,,,,,,,,,,,,,,,,,,,,,,,,,,,,,,,,,,,,,,,,,,,,,,,,,,,,
Jaccard Similarity,Escherichia_coli_O157_H7_EC4115,Leuconostoc_mesenteroides_mesenteroides_ATCC_8293,Coprococcus_comes_ATCC_27758,Akkermansia_muciniphila_ATCC_BAA_835,Alistipes_putredinis_DSM_17216,Anaerotruncus_colihominis_DSM_17241,Bacteroides_caccae_ATCC_43185,Bacteroides_cellulosilyticus_DSM_14838,Bacteroides_coprocola_M16_DSM_17136,Bacteroides_coprophilus_DSM_18228,Bacteroides_dorei_5_1_36_D4,Bacteroides_dorei_DSM_17855,Bacteroides_eggerthii_DSM_20697,Bacteroides_finegoldii_DSM_17565,Bacteroides_fragilis_3_1_12,Bacteroides_intestinalis_341_DSM_17393,Bacteroides_ovatus_ATCC_8483,Bacteroides_pectinophilus_ATCC_43243,Bacteroides_plebeius_M12_DSM_17135,Bacteroides_sp_2_1_7,Bacteroides_sp_2_2_4,Bacteroides_sp_4_3_47FAA,Bacteroides_sp_9_1_42FAA,Bacteroides_sp_D1,Bacteroides_stercoris_ATCC_43183,Bacteroides_thetaiotaomicron_VPI_5482,Bacteroides_uniformis_ATCC_8492,Bacteroides_vulgatus_ATCC_8482,Bacteroides_xylanisolvens_XB1A,Bifidobacterium_adolescentis_L2_32,Bifidobacterium_catenulatum_DSM_16992,Bifidobacterium_longum_longum_CCUG_52486,Bifidobacterium_pseudocatenulatum_DSM_20438,Blautia_hansenii_VPI_C7_24_DSM_20583,Bryantella_formatexigens_I_52_DSM_14469,Butyrivibrio_crossotus_DSM_2876,Catenibacterium_mitsuokai_DSM_15897,Clostridiales_sp_SS3_4,Clostridium_asparagiforme_DSM_15981,Clostridium_bartlettii_DSM_16795,Clostridium_bolteae_ATCC_BAA_613,Clostridium_leptum_DSM_753,Clostridium_methylpentosum_R2_DSM_5476,Clostridium_nexile_DSM_1787,Clostridium_scindens_ATCC_35704,Clostridium_sp_L2_50,Clostridium_sp_M62_1,Clostridium_sp_SS2_1,Collinsella_aerofaciens_ATCC_25986,Coprobacillus_sp_D7,Coprococcus_eutactus_ATCC_27759,Dorea_formicigenerans_ATCC_27755,Dorea_longicatena_DSM_13814,Enterococcus_faecalis_TX0104,Eubacterium_biforme_DSM_3989,Eubacterium_hallii_DSM_3353,Eubacterium_rectale_M104_1,Eubacterium_siraeum_70_3,Eubacterium_ventriosum_ATCC_27560,Faecalibacterium_prausnitzii_SL3_3,Gordonibacter_pamelaeae_7_10_1_bT_DSM_19378,Holdemania_filiformis_VPI_J1_31B_1_DSM_12042,Parabacteroides_distasonis_ATCC_8503,Parabacteroides_johnsonii_DSM_18315,Parabacteroides_merdae_ATCC_43184,Prevotella_copri_CB7_DSM_18205,Pseudoflavonifractor_capillosus_ATCC_29799,Roseburia_intestinalis_M50_1,Ruminococcus_bromii_L2_63,Ruminococcus_gnavus_ATCC_29149,Ruminococcus_lactaris_ATCC_29176,Ruminococcus_obeum_A2_162,Ruminococcus_sp_SR1_5,Ruminococcus_torques_L2_14,Streptococcus_thermophilus_LMD_9,Subdoligranulum_variabile_DSM_15176,Clostridium_symbiosum_WAL_14163,Actinobacillus_pleuropneumoniae_sv_7_AP76,Actinomyces_odontolyticus_ATCC_17982,Anaerococcus_hydrogenalis_DSM_7454,Anaerofustis_stercorihominis_DSM_17244,Anaerostipes_caccae_DSM_14662,Bifidobacterium_angulatum_DSM_20098,Bifidobacterium_animalis_lactis_AD011,Bifidobacterium_bifidum_NCIMB_41171,Bifidobacterium_breve_DSM_20213,Bifidobacterium_dentium_ATCC_27678,Bifidobacterium_gallicum_DSM_20093,Blautia_hydrogenotrophica_DSM_10507,Butyrivibrio_fibrisolvens_16_4,Campylobacter_concisus_13826,Campylobacter_hominis_ATCC_BAA_381,Candidatus_Sulcia_muelleri_GWSS,Citrobacter_koseri_ATCC_BAA_895,Citrobacter_sp_30_2,Clostridium_difficile_630,Clostridium_hylemonae_DSM_15053,Clostridium_perfringens_ATCC_13124,Clostridium_phytofermentans_ISDg,Clostridium_ramosum_VPI_0427_DSM_1402,Clostridium_sp_7_2_43FAA,Clostridium_spiroforme_DSM_1552,Collinsella_intestinalis_DSM_13280,Collinsella_stercoris_DSM_13279,Cronobacter_sakazakii_ATCC_BAA_894,Desulfovibrio_piger_ATCC_29098,Desulfovibrio_vulgaris_Miyazaki_F,Enterobacter_cancerogenus_ATCC_35316,Enterobacter_sp_638,Enterococcus_faecalis_TX1322,Enterococcus_sp_7L76,Escherichia_fergusonii_UMN026_ATCC_35469,Eubacterium_dolichum_DSM_3991,Finegoldia_magna_ATCC_29328,Fusobacterium_nucleatum_nucleatum_ATCC_25586,Haemophilus_influenzae_NTHi_86_028NP,Haemophilus_parasuis_SH0165,Helicobacter_pullorum_MIT_98_5489,Klebsiella_pneumoniae_342,Lactobacillus_acidophilus_NCFM,Lactobacillus_casei_casei_BL23,Lactobacillus_delbrueckii_bulgaricus_ATCC_11842,Lactobacillus_fermentum_IFO_3956,Lactobacillus_gasseri_ATCC_33323,Lactobacillus_helveticus_DPC_4571,Lactobacillus_hilgardii_ATCC_8290,Lactobacillus_johnsonii_NCC_533,Lactobacillus_paracasei_ATCC_25302,Lactobacillus_reuteri_SD2112_ATCC_55730,Lactobacillus_sakei_sakei_23K,Lactobacillus_salivarius_HO66_ATCC_11741,Lactobacillus_ultunensis_DSM_16047,Lactococcus_lactis_cremoris_MG1363,Megamonas_hypermegale_ART12_1,Methanobrevibacter_smithii_DSM_2375,Methanosphaera_stadtmanae_DSM_3091,Mitsuokella_multacida_DSM_20544,Pasteurella_multocida_multocida_Pm70,Pediococcus_pentosaceus_ATCC_25745,Porphyromonas_gingivalis_ATCC_33277,Proteus_mirabilis_HI4320,Proteus_penneri_ATCC_35198,Pseudomonas_aeruginosa_LESB58,Salmonella_enterica_sv_Heidelberg_SL476_CVM30485,Staphylococcus_saprophyticus_saprophyticus_ATCC_15305,Streptococcus_gordonii_Challis_CH1,Streptococcus_infantarius_infantarius_ATCC_BAA_102,Streptococcus_mutans_UA159,Streptococcus_pneumoniae_Hungary19A_6,Streptococcus_pyogenes_M4_MGAS10750,Streptococcus_sanguinis_SK36,Streptococcus_suis_05ZYH33,Thermoanaerobacter_sp_X514,Tropheryma_whipplei_Twist
Escherichia_coli_O157_H7_EC4115,1,0.010860702,0.198265613,0.050444487,0.055669663,0.163501488,0.056313248,0.140349991,0.09156778,0.097463355,0.206875384,0.215831554,0.132204927,0.10005441,0.286702252,0.086485552,0.198865473,0.064173568,0.078135593,0.142920012,0.240067881,0.163415151,0.182837833,0.238028885,0.135724602,0.134317866,0.050792629,0.179157637,0.242322376,0.051419712,0.079520279,0.120412588,0.087196336,0.267534181,0.050572375,0.090473363,0.091658094,0.118111308,0.128791051,0.148222402,0.332314177,0.166476934,0.094070047,0.354686145,0.159543027,0.040453811,0.155078216,0.091235639,0.114935446,0.147792037,0.06004222,0.142684219,0.074244562,0.095656658,0.094877149,0.086300061,0.190695352,0.161440743,0.123377701,0.12488338,0.130228374,0.15835417,0.184999884,0.140896604,0.087599352,0.061476771,0.246174728,0.148222808,0.082737685,0.291602782,0.113536203,0.179617943,0.120340932,0.098542775,0.168946674,0.156085799,0.216222317,0.003787465,0.035062571,0.006307826,0.007686096,0.113323891,0.04757348,0.076207339,0.099593231,0.092319687,0.042930338,0.009336041,0.151807596,0.030554275,0.006024899,0.012332229,0.023818382,0.018554776,0.022539364,0.02750729,0.019254283,0.013377963,0.012345028,0.165951245,0.012488992,0.066215808,0.036232406,0.038263924,0.006716173,0.090503666,0.009945656,0.014799221,0.007385039,0.022729691,0.020783603,0.08732923,0.07728214,0.008566798,0.081227384,0.031839139,0.004501675,0.022155048,0.017578538,0.029682211,0.040612935,0.090734671,0.043612139,0.021788807,0.034272232,0.004341681,0.178812864,0.007236031,0.009490388,0.014385961,0.004805474,0.040981381,0.030645713,0.04895245,0.044923426,0.012232473,0.038223759,0.00576462,0.001773032,0.014156178,0.043871881,0.002724343,0.001013747,0.012642371,0.002045239,0.077555428,0.0459333,0.056933742,0.104596236,0.008971305,0.046282248,0.010803003,0.007010528,0.004547946
Leuconostoc_mesenteroides_mesenteroides_ATCC_8293,0.010860702,1,0.015171537,0.005363019,0.003025496,0.037706089,0.004294524,0.013106357,0.004049469,0.012923535,0.017396068,0.020669086,0.00847761,0.015346291,0.015698353,0.02728571,0.00730396,0.017720869,0.004819565,0.009223401,0.014424065,0.012382627,0.009685951,0.020072319,0.006780653,0.004085539,0.002186084,0.010139184,0.016750499,0.004753574,0.026615789,0.007213583,0.022761816,0.017208437,0.159077731,0.051965892,0.009874607,0.006048916,0.066718773,0.016380221,0.009523944,0.015230554,0.10670214,0.028697542,0.057367193,0.006093897,0.015686874,0.004112922,0.007500101,0.079176335,0.014288469,0.006137074,0.003500169,0.095547403,0.011800196,0.004255045,0.016726777,0.01279487,0.014082498,0.008024643,0.036617083,0.039075048,0.012490448,0.008439105,0.003556179,0.005916933,0.034063114,0.010985435,0.003137585,0.008389726,0.006009394,0.015769717,0.005521088,0.006738561,0.010383501,0.051046531,0.013113481,0.045468467,0.183187386,0.085629293,0.145516774,0.048768608,0.140092564,0.011177793,0.003861342,0.05444291,0.024861119,0.110856867,0.04422421,0.185233892,0.042091813,0.090096476,0.19080764,0.066585773,0.120661745,0.196544718,0.179569105,0.068894104,0.159817612,0.029524218,0.162972487,0.062438241,0.158303735,0.054089317,0.042872315,0.027472842,0.141080605,0.028858731,0.033755826,0.137713646,0.221328105,0.0500576,0.055756167,0.099665105,0.024907704,0.070294145,0.051316281,0.000993545,0.064252326,0.002392844,0.120254923,0.071920417,0.031473918,0.037538729,0.021905602,0.111369253,0.006583865,0.260707065,0.026751857,0.09655436,0.013758231,0.013313178,0.099879476,0.022054686,0.024394144,0.038583656,0.020473009,0.060066522,0.035884487,0.115971899,0.026633034,0.026938329,0.033726483,0.051590047,0.027974148,0.046324158,0.050915175,0.054288107,0.055445382,0.0858858,0.11469559,0.084884215,0.084555519,0.049810903
Coprococcus_comes_ATCC_27758,0.198265613,0.015171537,1,0.134534666,0.152281905,0.285618145,0.175766729,0.191598309,0.179082192,0.139796327,0.594120181,0.564961618,0.243031268,0.26859232,0.224108398,0.118392246,0.309150672,0.123541194,0.208338453,0.468821511,0.470723294,0.584166444,0.508884968,0.496652746,0.169733809,0.1865188,0.135961805,0.581702396,0.534917223,0.238743745,0.167781269,0.336481566,0.290363439,0.095409744,0.042185325,0.160876002,0.195163165,0.368228403,0.128686294,0.306263475,0.165671211,0.227732676,0.079889112,0.184257082,0.133989802,0.200028889,0.303330643,0.245365929,0.380481432,0.06086776,0.201597957,0.392622903,0.208154622,0.093014816,0.238667399,0.248414025,0.691384806,0.468961576,0.310022055,0.512894286,0.210041474,0.308250407,0.549936439,0.212686893,0.170877132,0.184291563,0.320220902,0.500091789,0.169069751,0.137125193,0.156856518,0.538383836,0.316555184,0.354380524,0.313756677,0.285149717,0.090387134,0.002190258,0.028061056,0.003733067,0.004800816,0.074548894,0.043925345,0.147344489,0.229387799,0.100903907,0.046772252,0.005931806,0.17477345,0.022329348,0.004152592,0.006930794,0.015783228,0.018053645,0.016212657,0.018762382,0.012344905,0.013715407,0.007726462,0.033495224,0.008714343,0.104051438,0.019867042,0.021345345,0.005238697,0.224018181,0.006557979,0.025372319,0.011368213,0.013882198,0.014442619,0.045357124,0.066648198,0.005047991,0.035588476,0.039116479,0.002613869,0.041571825,0.013585243,0.03865195,0.031298143,0.052949582,0.037548441,0.031892557,0.019214637,0.005430586,0.03012128,0.007861866,0.005315666,0.056551597,0.017019981,0.024182288,0.020139564,0.05027323,0.2808845,0.017360376,0.152254922,0.003314729,0.001029748,0.008260244,0.024215147,0.001522782,0.000589396,0.007225812,0.004917146,0.107018814,0.054690808,0.089570639,0.094820502,0.005502976,0.046691947,0.006886715,0.004146184,0.004627872
Akkermansia_muciniphila_ATCC_BAA_835,0.050444487,0.005363019,0.134534666,1,0.192051043,0.095836184,0.219157231,0.208354569,0.175732026,0.103467479,0.116447662,0.116804132,0.173250333,0.099057383,0.044247148,0.048118032,0.112464592,0.11475663,0.145927077,0.139571953,0.111062721,0.154122637,0.129851642,0.099625627,0.129273945,0.139032915,0.230964728,0.160623566,0.107353414,0.123402624,0.076538466,0.194147479,0.092013157,0.013255138,0.012365667,0.105019561,0.016388801,0.117344593,0.035323615,0.048467343,0.047002477,0.137325,0.019812142,0.040526557,0.025912212,0.158313092,0.062517704,0.251482897,0.196296427,0.012448143,0.087263231,0.205107127,0.238536244,0.023649047,0.016646574,0.22828663,0.120444098,0.13667542,0.227215922,0.162386561,0.11313405,0.092433792,0.166871973,0.128035754,0.308542619,0.051341567,0.07783876,0.142229324,0.09414744,0.03652065,0.384917691,0.187678262,0.264541376,0.223190196,0.162259696,0.062977758,0.031054959,0.000692635,0.007878769,0.001331235,0.002180959,0.008013459,0.009774786,0.008106023,0.05175225,0.022779073,0.014057788,0.001695235,0.049623397,0.006853984,0.001549593,0.003193459,0.005345607,0.001585758,0.003894057,0.005567543,0.004305637,0.002287733,0.002959609,0.003389508,0.002689509,0.060345998,0.005692209,0.006164098,0.000726649,0.084837778,0.002781408,0.002106289,0.000872925,0.003250266,0.004114551,0.005709005,0.007497508,0.001650381,0.021819547,0.009484556,0.000789862,0.00013499,0.00286337,0.001106289,0.002799573,0.015846022,0.00193502,0.002613287,0.000589279,0.002612601,0.000623641,0.00303305,0.000561728,0.008951809,0.002478368,0.000773816,0.003414824,0.005064386,0.108205609,0.005580316,0.005302558,0.000904251,0.000474463,0.002888963,0.000721693,0.000293491,0.000302826,0.001181325,0.002526382,0.014376934,0.005846134,0.015316099,0.014687302,0.001505089,0.010282963,0.001896703,0.001056873,0.002346873
Alistipes_putredinis_DSM_17216,0.055669663,0.003025496,0.152281905,0.192051043,1,0.069624802,0.444493624,0.188908348,0.276496959,0.081686736,0.14726911,0.122034664,0.220116041,0.156747443,0.049917783,0.061934841,0.259413251,0.031252124,0.271041278,0.192125753,0.142616161,0.191395318,0.236382526,0.121641714,0.267778386,0.388745474,0.493852434,0.216673261,0.146303329,0.306252122,0.082658427,0.185493947,0.070361423,0.058381145,0.008412564,0.057810007,0.085795973,0.229617893,0.029172178,0.066093968,0.101830339,0.108973723,0.016229223,0.049163085,0.027180293,0.199132641,0.073353245,0.340077473,0.219378337,0.014463466,0.065175717,0.244697091,0.454294299,0.018484995,0.098062138,0.357420751,0.144957536,0.194430166,0.162469465,0.230257073,0.071670272,0.066262571,0.189410358,0.169628671,0.411193181,0.175212316,0.063319113,0.202689355,0.369739145,0.087312143,0.17856546,0.139268936,0.311879249,0.27558007,0.20875739,0.053129638,0.085803169,0.000436779,0.005595914,0.000744445,0.000957375,0.012850163,0.008684734,0.075655269,0.146362099,0.014018707,0.042397194,0.001182916,0.031297467,0.004452901,0.000828107,0.001382134,0.003147479,0.003600244,0.003233115,0.003741579,0.002461811,0.002735116,0.001540805,0.008271728,0.001737807,0.031112844,0.004778968,0.019147457,0.001044697,0.06986647,0.001307787,0.006849095,0.00226704,0.002768377,0.002880136,0.009295931,0.008351516,0.001006666,0.003681861,0.007800578,0.000521256,0.006035289,0.002709159,0.026602678,0.002528309,0.005646271,0.007487881,0.0135237,0.003831768,0.001082963,0.005081372,0.001567807,0.001060046,0.011277475,0.00356693,0.004822413,0.002706371,0.065990747,0.081623985,0.003461993,0.038534492,0.000661021,0.000205352,0.001647251,0.004890228,0.000303672,0.000117537,0.001440966,0.00066755,0.022383664,0.007023235,0.015637069,0.02318635,0.001097399,0.009311271,0.001373343,0.000826829,0.000922887
Anaerotruncus_colihominis_DSM_17241,0.163501488,0.037706089,0.285618145,0.095836184,0.069624802,1,0.083411634,0.11261144,0.061960325,0.127038579,0.309143403,0.375311331,0.107815449,0.175975015,0.228409157,0.240026717,0.178006885,0.178614762,0.086523523,0.209749774,0.324715761,0.263980268,0.212208465,0.388647385,0.094601893,0.098304559,0.057730778,0.225399502,0.354968481,0.08237755,0.212528757,0.164467499,0.176545851,0.089419667,0.104055075,0.279635254,0.066543762,0.124511743,0.345055883,0.186697825,0.156626354,0.216306021,0.193701304,0.255722115,0.220369619,0.071455629,0.26675569,0.102590501,0.136988404,0.116135923,0.147628146,0.150692318,0.088433295,0.223941609,0.058944814,0.105518469,0.304650652,0.221873398,0.241905638,0.177638668,0.395890241,0.435996532,0.254460659,0.160219725,0.064644327,0.062698859,0.412161202,0.222920787,0.089052051,0.115243561,0.106713472,0.290658717,0.131934451,0.143004044,0.154290433,0.409389071,0.102805486,0.005443486,0.069641696,0.009277857,0.011931553,0.087447593,0.104529126,0.100568972,0.090001977,0.133693741,0.111984518,0.014742423,0.269491338,0.055495524,0.010320511,0.017225226,0.039226335,0.02583509,0.032515066,0.046269282,0.030681011,0.021420774,0.019202712,0.05200187,0.021657911,0.189057727,0.059559231,0.073523541,0.010865716,0.185775227,0.016298661,0.021813145,0.011733752,0.027565982,0.035591371,0.082030638,0.083208661,0.01254586,0.072039962,0.075766093,0.006496294,0.010198327,0.024785813,0.090823047,0.021995658,0.087530162,0.035801516,0.039588279,0.032389632,0.013496731,0.024021131,0.019539235,0.013211119,0.046313237,0.071663012,0.036023878,0.028823032,0.024897027,0.1697351,0.038720792,0.036827788,0.008238155,0.002559251,0.02052933,0.032551228,0.00372267,0.001464835,0.016685089,0.012220671,0.177149864,0.063459296,0.102832528,0.148539664,0.012979241,0.095976789,0.016025848,0.010304585,0.011501733
Bacteroides_caccae_ATCC_43185,0.056313248,0.004294524,0.175766729,0.219157231,0.444493624,0.083411634,1,0.159967948,0.274394574,0.107206734,0.163159152,0.141363777,0.285859242,0.180974951,0.080777123,0.0823999,0.264972928,0.07140829,0.251448228,0.215146835,0.177763927,0.235370209,0.248882864,0.15996481,0.229665439,0.278573619,0.419252798,0.248268178,0.185095783,0.266878503,0.103988441,0.176600029,0.114688768,0.058200265,0.011705506,0.074531123,0.093439768,0.224924888,0.039340908,0.071760084,0.09743896,0.152793038,0.022813877,0.05044566,0.030303147,0.139593945,0.083930315,0.284132237,0.276435868,0.019441905,0.087397609,0.249940007,0.36289269,0.025606407,0.098392045,0.308070207,0.157251957,0.238997218,0.199029183,0.284495171,0.089451653,0.089334199,0.223747172,0.140332775,0.416649838,0.263903309,0.077288502,0.203744848,0.293173877,0.083153429,0.198616321,0.197382812,0.288778836,0.272933257,0.185286284,0.064466878,0.034794892,0.000619984,0.007943089,0.001056699,0.001358941,0.023722878,0.011450774,0.089737448,0.127389056,0.014647513,0.058907957,0.001679084,0.029854456,0.006320646,0.001175452,0.001961862,0.004467672,0.005110346,0.004589228,0.005310965,0.003494404,0.003882345,0.002187087,0.011663224,0.002466721,0.018538741,0.006783481,0.027178753,0.001482889,0.071577109,0.001856331,0.009721911,0.003217938,0.003929558,0.004088193,0.010850582,0.031332652,0.001428907,0.0031752,0.009481843,0.000739893,0.027992434,0.0038455,0.034216253,0.008859393,0.009081372,0.005892106,0.018281668,0.002029406,0.001229589,0.002518086,0.002225415,0.001504676,0.009248588,0.00119414,0.002479881,0.005856644,0.103595464,0.126259804,0.004914106,0.035964698,0.000938282,0.000291485,0.002338182,0.006611094,0.000431045,0.000166837,0.002045371,0.001245798,0.023113574,0.025503989,0.011064122,0.023821968,0.001557697,0.011209577,0.001949385,0.001173638,0.001309986
Bacteroides_cellulosilyticus_DSM_14838,0.140349991,0.013106357,0.191598309,0.208354569,0.188908348,0.11261144,0.159967948,1,0.08078841,0.06841174,0.197182986,0.182047111,0.177817511,0.080247963,0.093578026,0.084908088,0.227414977,0.121428106,0.165918413,0.185218534,0.187775018,0.194450197,0.272886128,0.171376645,0.130460631,0.204726403,0.130221288,0.227894456,0.199585847,0.125758722,0.090816239,0.21100311,0.119645781,0.173372743,0.030470818,0.135813664,0.062536611,0.207147352,0.060688924,0.120642306,0.16258781,0.14954523,0.044931864,0.108282738,0.073769011,0.204955625,0.066316174,0.193962276,0.170663444,0.047706329,0.080126854,0.182188323,0.200316903,0.049979608,0.101739489,0.184864634,0.195009762,0.27633854,0.175862265,0.207376802,0.154307699,0.141328307,0.263747835,0.288388187,0.158415401,0.088857198,0.115141329,0.209338583,0.105117389,0.137152603,0.188070796,0.22925462,0.197436015,0.192875054,0.317631976,0.101771044,0.129185862,0.00200462,0.021571528,0.003416667,0.004393918,0.042073013,0.024500549,0.042302897,0.104362897,0.036233643,0.029679377,0.00536204,0.059184935,0.018561836,0.003800636,0.006343368,0.014094581,0.015780222,0.014838538,0.016008518,0.011249335,0.011462719,0.007071598,0.02728882,0.007546352,0.108445796,0.016289073,0.017128857,0.004794687,0.059889604,0.006002151,0.031434254,0.01040469,0.0127056,0.012222885,0.030880298,0.023292107,0.004620144,0.007625947,0.024465542,0.002392328,0.001940523,0.010537204,0.013372787,0.005708576,0.010729356,0.033987047,0.057002258,0.012713224,0.003361349,0.02937768,0.006242769,0.004865132,0.010692247,0.003112948,0.015564891,0.012892696,0.072017442,0.110184099,0.010430268,0.049059065,0.003033786,0.000942471,0.007560139,0.018496629,0.001393717,0.000539441,0.006613382,0.004500389,0.068552103,0.019768836,0.045602177,0.082415598,0.00503417,0.029071391,0.005989397,0.003467214,0.002110877
Bacteroides_coprocola_M16_DSM_17136,0.09156778,0.004049469,0.179082192,0.175732026,0.276496959,0.061960325,0.274394574,0.08078841,1,0.082566397,0.163966298,0.139619296,0.249617259,0.191522014,0.042958613,0.040925295,0.216478395,0.037375812,0.299613033,0.218142815,0.116675248,0.229783327,0.203434186,0.112478246,0.360356567,0.243543622,0.333204134,0.247132166,0.144095211,0.34046429,0.117727734,0.29800229,0.122781771,0.057151474,0.014955598,0.042426374,0.127971139,0.274294838,0.0332739,0.083515264,0.110186447,0.073003311,0.026702371,0.04729088,0.045086288,0.143231115,0.10952297,0.382389792,0.243799961,0.019450241,0.053018579,0.325802275,0.263994222,0.028667115,0.114264254,0.298728727,0.157212755,0.190959286,0.155070602,0.242731123,0.051375508,0.080139189,0.186171547,0.174707925,0.249656778,0.207205187,0.071181572,0.175083155,0.23195533,0.113894174,0.139152027,0.176264412,0.238671496,0.352276674,0.173699735,0.064280803,0.049281292,0.000792304,0.0101295,0.0013504,0.001736647,0.014449623,0.014846517,0.049737342,0.160614695,0.033335736,0.017853604,0.002145772,0.056784469,0.00807742,0.001502159,0.002507146,0.005709426,0.006530727,0.005126616,0.006787105,0.004465647,0.004961412,0.002794971,0.009007254,0.003152327,0.016437411,0.006878006,0.007707139,0.001895047,0.058725004,0.002372284,0.01242404,0.004112338,0.004398737,0.005224474,0.01449247,0.018622128,0.00182606,0.016756354,0.011541584,0.000945541,0.04420033,0.003837334,0.006935933,0.001950145,0.012764838,0.013582776,0.023562046,0.006001382,0.00172748,0.049079416,0.002350961,0.001922889,0.020033135,0.001671337,0.007352319,0.006338053,0.053459199,0.111947503,0.006279944,0.032724486,0.00119907,0.000372501,0.002988061,0.007088999,0.000550851,0.000213208,0.002613866,0.001778729,0.030645533,0.00954918,0.028326675,0.028447037,0.001990647,0.013289475,0.002491201,0.001499841,0.001674087
Bacteroides_coprophilus_DSM_18228,0.097463355,0.012923535,0.139796327,0.103467479,0.081686736,0.127038579,0.107206734,0.06841174,0.082566397,1,0.112797541,0.118498288,0.069645704,0.061132197,0.069242887,0.069901648,0.062437573,0.078298693,0.295722364,0.094017642,0.100454984,0.144289856,0.099690871,0.125432055,0.090183218,0.052621635,0.081433441,0.126609239,0.109125724,0.113073756,0.057501586,0.086874825,0.073362086,0.051173631,0.058554951,0.104576226,0.220424908,0.104074237,0.097166074,0.075151442,0.043635203,0.069587243,0.094399074,0.099058619,0.079662366,0.112881784,0.106098991,0.050765214,0.112650711,0.065363072,0.130125587,0.080239728,0.118111402,0.098281726,0.092237853,0.059222756,0.137257967,0.115235608,0.229614915,0.133002326,0.104350065,0.115434559,0.109104384,0.054768434,0.077553516,0.219821114,0.129465065,0.127250009,0.116751508,0.049540755,0.067737619,0.104896724,0.095301586,0.069817631,0.108238188,0.136251865,0.033502163,0.003163047,0.037833838,0.005391085,0.006933068,0.04162297,0.051333394,0.026946042,0.103788448,0.058779433,0.042921132,0.008566381,0.095952114,0.032246789,0.00599694,0.010009063,0.02279325,0.015652343,0.019780443,0.027095578,0.017827818,0.012688317,0.011158122,0.02692977,0.012511664,0.046187068,0.027968791,0.029308985,0.006496484,0.093943211,0.009470664,0.01316595,0.007040092,0.018045185,0.020570244,0.037746751,0.04268205,0.007290024,0.052436596,0.030199654,0.003774802,0.176457178,0.014525452,0.009997036,0.005478865,0.050922224,0.013689158,0.016980974,0.008618983,0.005993192,0.008861676,0.00719754,0.007327893,0.022544034,0.005429221,0.010433442,0.015967664,0.008475208,0.062270104,0.022646383,0.10424465,0.004786945,0.001487104,0.01192898,0.012575149,0.002199116,0.000851172,0.010435112,0.006700079,0.058536226,0.031511781,0.027704292,0.056285792,0.007947089,0.047402895,0.009945407,0.005987686,0.004653896
Bacteroides_dorei_5_1_36_D4,0.206875384,0.017396068,0.594120181,0.116447662,0.14726911,0.309143403,0.163159152,0.197182986,0.163966298,0.112797541,1,0.720592285,0.21242906,0.264655101,0.200963067,0.126941402,0.321485529,0.144391199,0.198023422,0.459572501,0.491331928,0.577714078,0.539948262,0.524270988,0.206674319,0.189908238,0.121658146,0.554681161,0.553532667,0.190249055,0.172730198,0.279713399,0.249293847,0.112746585,0.048370761,0.167899928,0.148851903,0.356433688,0.16862222,0.29768048,0.210355057,0.219780118,0.094732958,0.201970327,0.15745533,0.157703669,0.297109639,0.201265675,0.303251582,0.081357586,0.207057968,0.325523361,0.169436049,0.106653144,0.219464157,0.19221461,0.647045574,0.420008858,0.242429827,0.401484741,0.201331483,0.323557115,0.502623529,0.238971621,0.150981742,0.149610557,0.351779348,0.498628351,0.152647656,0.162363539,0.1470428,0.442753102,0.251561652,0.291031249,0.271103735,0.317773997,0.096451044,0.002511405,0.032175517,0.004280429,0.005504737,0.093636547,0.051136124,0.079648722,0.226351425,0.069768641,0.061549908,0.006801559,0.151519,0.025603396,0.004761468,0.007947024,0.018097448,0.020700767,0.018589843,0.021513423,0.014154981,0.015726433,0.008859357,0.046112342,0.009992087,0.104413576,0.027478226,0.037048021,0.006006823,0.14958004,0.007519545,0.039381092,0.013035081,0.01591768,0.016560273,0.053426664,0.083378045,0.005788154,0.017509266,0.044851946,0.002997128,0.031311239,0.015577184,0.036350269,0.019595564,0.033896677,0.04217199,0.050148248,0.021635847,0.006226847,0.025553511,0.009014615,0.006095077,0.052674455,0.031847633,0.025894417,0.023723838,0.07708563,0.264456885,0.019905847,0.101321234,0.003800752,0.001180735,0.009471405,0.028117949,0.00174606,0.000675816,0.008285299,0.005638125,0.140647331,0.056801705,0.093177767,0.130803788,0.006309852,0.053538169,0.007896482,0.00475412,0.005306436
Bacteroides_dorei_DSM_17855,0.215831554,0.020669086,0.564961618,0.116804132,0.122034664,0.375311331,0.141363777,0.182047111,0.139619296,0.118498288,0.720592285,1,0.208074643,0.259928961,0.231802063,0.156298123,0.303746963,0.144647517,0.168570534,0.404225039,0.51398041,0.539306168,0.452605218,0.578050285,0.180738163,0.167211237,0.102739847,0.48185723,0.561458312,0.158348593,0.184170084,0.267698897,0.248100386,0.108924316,0.057471575,0.194108081,0.148700625,0.280180548,0.197436058,0.298477354,0.206933865,0.2655326,0.111029303,0.224493644,0.158348651,0.147865129,0.315108547,0.175393083,0.253945278,0.095620281,0.186144069,0.277281912,0.145816153,0.126040665,0.197639189,0.166243077,0.607141996,0.372214833,0.258771282,0.345541442,0.254196418,0.398652397,0.47255347,0.234836919,0.12509482,0.131594844,0.414755551,0.464196216,0.126289529,0.155732059,0.149144116,0.460899158,0.228260956,0.260891774,0.255956555,0.372119906,0.113770035,0.002983918,0.038229244,0.005085779,0.006540437,0.096619361,0.058012373,0.107795072,0.188507495,0.084784485,0.083137323,0.008081252,0.170142246,0.030420598,0.005657323,0.009442233,0.021502429,0.024595554,0.022087466,0.025561109,0.016818198,0.018685315,0.010526218,0.056720364,0.011872068,0.119909313,0.032648172,0.054960098,0.007136989,0.16252874,0.008934324,0.045089808,0.015487593,0.018912544,0.019676039,0.065658692,0.087439835,0.006877178,0.022453078,0.053290705,0.003561029,0.024083933,0.018507984,0.045302188,0.035245077,0.050845929,0.042158172,0.054904151,0.021500959,0.00739841,0.022951402,0.010710688,0.007241848,0.044792871,0.026737372,0.025949776,0.028187407,0.054304294,0.250912098,0.023651073,0.09479526,0.004515852,0.001402887,0.011253421,0.031890887,0.002074576,0.000802969,0.009844153,0.006698921,0.148821478,0.056451534,0.08396552,0.145017053,0.007497031,0.063611215,0.009382181,0.005648593,0.006304825
Bacteroides_eggerthii_DSM_20697,0.132204927,0.00847761,0.243031268,0.173250333,0.220116041,0.107815449,0.285859242,0.177817511,0.249617259,0.069645704,0.21242906,0.208074643,1,0.208529934,0.14403716,0.045897298,0.242355427,0.059165698,0.184468137,0.222591913,0.186866562,0.271074684,0.242819516,0.179563127,0.181040644,0.224979007,0.205473966,0.301920961,0.19883241,0.195535588,0.147134871,0.200941247,0.147232942,0.035520757,0.023090769,0.134196897,0.188420028,0.234680817,0.065549867,0.135442221,0.205691735,0.280827488,0.043016541,0.122210322,0.062441796,0.115622059,0.111547348,0.237661509,0.286817346,0.046195416,0.081813332,0.282067803,0.212796338,0.044850364,0.154402252,0.224030989,0.198282867,0.267459023,0.212622999,0.254748814,0.159825923,0.131804408,0.212481105,0.130604013,0.311625217,0.160294081,0.130319053,0.235785296,0.1554443,0.168363541,0.310036237,0.27125849,0.260723485,0.303376164,0.204773933,0.112664654,0.190526611,0.001223881,0.015680066,0.002085978,0.002682619,0.031518084,0.022712032,0.190050025,0.105072204,0.026442181,0.109271502,0.003314598,0.074572846,0.01247728,0.002320402,0.003872816,0.008819413,0.010088086,0.009059371,0.010484117,0.006898134,0.007663949,0.004317422,0.046583474,0.004869435,0.031234309,0.013390939,0.053652255,0.0029273,0.116388876,0.003664493,0.019191552,0.006352375,0.007757149,0.008070303,0.021372549,0.024500273,0.002820736,0.008994902,0.021759158,0.001460588,0.030397487,0.007380462,0.005693058,0.017488898,0.020666772,0.012544687,0.037174229,0.004362527,0.002542318,0.005713643,0.004393084,0.002970308,0.029231929,0.002429038,0.005244027,0.009798276,0.037839392,0.1427134,0.009700699,0.071329284,0.001852217,0.000575407,0.004615691,0.012446791,0.000850906,0.000329345,0.004037667,0.001792271,0.042506637,0.018420494,0.029101394,0.041046964,0.003074974,0.022553096,0.003848185,0.002316821,0.00258598
Bacteroides_finegoldii_DSM_17565,0.10005441,0.015346291,0.26859232,0.099057383,0.156747443,0.175975015,0.180974951,0.080247963,0.191522014,0.061132197,0.264655101,0.259928961,0.208529934,1,0.121239312,0.1204743,0.219544291,0.093987008,0.303093601,0.235851002,0.199233461,0.307427865,0.265597178,0.219056019,0.233160645,0.181936336,0.137736167,0.280518282,0.223370195,0.179494647,0.114469675,0.169982597,0.243303418,0.066698906,0.04267124,0.128688009,0.117969425,0.240950535,0.126851175,0.131289133,0.121978329,0.148358317,0.081759694,0.157158537,0.113633792,0.148781161,0.184254451,0.184260574,0.203774545,0.0737215,0.078387976,0.212383561,0.162929586,0.089795316,0.156789454,0.140513714,0.24207454,0.238187659,0.110503478,0.20135536,0.183013564,0.223721962,0.210645897,0.201016732,0.175515964,0.137236509,0.188196781,0.233758685,0.156986834,0.11423371,0.111706411,0.235240505,0.20560932,0.275294615,0.107600074,0.182525502,0.195345436,0.002215486,0.028384279,0.003776067,0.004856114,0.063678273,0.040312899,0.141917503,0.079187664,0.092978269,0.192759373,0.006000132,0.084858185,0.022586551,0.004200424,0.007010627,0.015965028,0.013645988,0.016090396,0.018978498,0.012487101,0.011248506,0.00781546,0.046070343,0.00881472,0.061446545,0.02424047,0.097122078,0.00529904,0.202126882,0.006633517,0.011615862,0.007274462,0.014042101,0.014608978,0.039770975,0.046603155,0.005106136,0.011430632,0.034949915,0.002643977,0.003426098,0.013741726,0.013718541,0.008624805,0.0171673,0.013696197,0.019074931,0.007990455,0.005493138,0.009495781,0.007952424,0.005376895,0.044611024,0.007010632,0.00956373,0.020928461,0.016074292,0.139703172,0.013703172,0.097520911,0.00335291,0.001041609,0.00835539,0.014572482,0.001540322,0.000596185,0.007309043,0.004973785,0.069971328,0.031839333,0.057491671,0.068011797,0.005566362,0.042776472,0.00696604,0.004193942,0.004681179
Bacteroides_fragilis_3_1_12,0.286702252,0.015698353,0.224108398,0.044247148,0.049917783,0.228409157,0.080777123,0.093578026,0.042958613,0.069242887,0.200963067,0.231802063,0.14403716,0.121239312,1,0.110120885,0.168764839,0.107978834,0.061935595,0.164080986,0.265918478,0.164861709,0.16426398,0.259135408,0.086156194,0.079070895,0.062489314,0.193092615,0.249967552,0.079278112,0.083529789,0.110904586,0.093917725,0.087824996,0.075560761,0.117009227,0.146081533,0.117049364,0.178862317,0.152891289,0.219708508,0.152920293,0.124768061,0.275646329,0.169944996,0.048713694,0.156544026,0.078301882,0.1531129,0.143098224,0.083814848,0.175996573,0.095137925,0.129578612,0.139498346,0.090854806,0.190653352,0.195621027,0.116788694,0.139448708,0.193452077,0.181221914,0.200334281,0.11366576,0.088471866,0.120795114,0.271622614,0.163727971,0.080239368,0.153982153,0.096977818,0.197945496,0.129042149,0.152698731,0.211464331,0.203583776,0.178338687,0.004086404,0.047166281,0.006964853,0.008956972,0.076317781,0.07097414,0.194372074,0.093621669,0.138819318,0.121047338,0.011067081,0.140235017,0.041563079,0.006532393,0.011859748,0.029447063,0.016674849,0.023123313,0.035005327,0.02303212,0.012056668,0.014415404,0.121505673,0.016258513,0.117842219,0.044233787,0.095812642,0.004341806,0.085003276,0.012235344,0.012931487,0.005062036,0.024786552,0.026945865,0.084567104,0.051857347,0.00941813,0.047880634,0.055504804,0.004605784,0.002175133,0.01702555,0.066694635,0.051978293,0.087023381,0.044953541,0.026981036,0.035849107,0.009847876,0.049298065,0.009665428,0.008952842,0.026660587,0.038664337,0.045117348,0.027114654,0.046147273,0.045871697,0.010042796,0.046890544,0.005577696,0.00192122,0.015063529,0.04575181,0.002841082,0.001099647,0.010499677,0.009174012,0.115561749,0.037479249,0.085536853,0.114199167,0.009905354,0.068515785,0.011351451,0.007735613,0.003469747
Bacteroides_intestinalis_341_DSM_17393,0.086485552,0.02728571,0.118392246,0.048118032,0.061934841,0.240026717,0.0823999,0.084908088,0.040925295,0.069901648,0.126941402,0.156298123,0.045897298,0.1204743,0.110120885,1,0.098426017,0.095542149,0.055391189,0.103740209,0.137159111,0.117948955,0.082242778,0.163954352,0.042055936,0.084075113,0.046463582,0.098785935,0.156728637,0.035526535,0.07804852,0.091206705,0.123452801,0.086459281,0.10967544,0.142434476,0.035684487,0.061964351,0.207444833,0.119527613,0.088423124,0.089996952,0.163311293,0.153083829,0.169666753,0.05585999,0.115159035,0.085309601,0.053016861,0.15001963,0.073796125,0.071028473,0.080050638,0.166245814,0.036978959,0.092374012,0.144891027,0.06734457,0.140518884,0.07326339,0.150323009,0.198773647,0.119296699,0.241312295,0.024504842,0.02470484,0.201833301,0.082613965,0.077878737,0.063453828,0.05110594,0.101403588,0.067133252,0.065351806,0.089795743,0.181774135,0.110523949,0.006066176,0.069444302,0.010339168,0.013296425,0.107460091,0.093753041,0.028686014,0.025504629,0.212593023,0.084230583,0.016428835,0.122695593,0.061420142,0.011501093,0.019195651,0.043713507,0.026404969,0.042595204,0.050844168,0.034190668,0.020812414,0.021399345,0.079262322,0.024135399,0.110332364,0.056989449,0.053934237,0.009081023,0.03734161,0.018163095,0.021277021,0.010071389,0.038448382,0.038867377,0.070667123,0.076151914,0.013981004,0.021939375,0.048341588,0.007239417,0.004084181,0.029824086,0.015181297,0.013167974,0.032853943,0.01890305,0.026895998,0.011638718,0.013010433,0.009780215,0.01698141,0.010535762,0.034667154,0.010967618,0.015767896,0.043202827,0.01457272,0.120617136,0.018135965,0.025873171,0.009180532,0.002852008,0.022877718,0.030071456,0.004217523,0.001632401,0.018250642,0.013618616,0.104228515,0.056094575,0.059142372,0.135427042,0.01524114,0.078763537,0.019073568,0.011483345,0.007533771
Bacteroides_ovatus_ATCC_8483,0.198865473,0.00730396,0.309150672,0.112464592,0.259413251,0.178006885,0.264972928,0.227414977,0.216478395,0.062437573,0.321485529,0.303746963,0.242355427,0.219544291,0.168764839,0.098426017,1,0.111155772,0.243575609,0.454653787,0.482470658,0.380105214,0.524504161,0.332394336,0.285936294,0.398159323,0.241207718,0.395082896,0.378533806,0.244925387,0.073592824,0.26549715,0.152158539,0.144246932,0.021818394,0.07693809,0.166882055,0.374598823,0.075518464,0.130312889,0.254640889,0.2423851,0.041985662,0.150696755,0.069027848,0.121883137,0.153031928,0.277656186,0.283447665,0.050969139,0.149179926,0.377634718,0.297455647,0.04787959,0.110078576,0.315055862,0.306320352,0.303534515,0.180465952,0.424767444,0.123882723,0.145724885,0.366099511,0.260572852,0.257280583,0.206315039,0.156899695,0.367322896,0.200014967,0.209224297,0.177442066,0.273236703,0.349825405,0.360719296,0.336563484,0.132074635,0.184128775,0.001161483,0.014392294,0.001979627,0.002545849,0.051930899,0.020021646,0.086012955,0.191252603,0.047442622,0.047823398,0.003145607,0.067125108,0.011826888,0.002202099,0.003675366,0.008369767,0.009573759,0.008597491,0.009949598,0.006546442,0.007273212,0.004097304,0.050315384,0.004621173,0.076340118,0.012659147,0.036420697,0.002778055,0.119365472,0.003477664,0.018213096,0.006028507,0.007361661,0.007619078,0.024649538,0.054595079,0.002676924,0.011731102,0.020336508,0.001386122,0.006685155,0.007204187,0.032246581,0.01659725,0.022868745,0.019911752,0.035962188,0.007361626,0.002879813,0.033866345,0.004169109,0.002818871,0.011387157,0.036156293,0.00933708,0.008094321,0.05577036,0.136504212,0.009206121,0.0421798,0.001757784,0.00054607,0.004380366,0.011388292,0.000807524,0.000312554,0.003831812,0.002607538,0.065010485,0.047818826,0.034648396,0.057973766,0.002918201,0.024215572,0.003651991,0.001989925,0.002454138
Bacteroides_pectinophilus_ATCC_43243,0.064173568,0.017720869,0.123541194,0.11475663,0.031252124,0.178614762,0.07140829,0.121428106,0.037375812,0.078298693,0.144391199,0.144647517,0.059165698,0.093987008,0.107978834,0.095542149,0.111155772,1,0.042092998,0.185310341,0.132847344,0.098235605,0.14962614,0.147914308,0.049071288,0.051489396,0.067843772,0.089989929,0.137120528,0.0514555,0.08022726,0.087759596,0.101586435,0.058460829,0.068924251,0.188633567,0.04792424,0.090245063,0.145187496,0.137302438,0.062204441,0.087294946,0.120897758,0.16622568,0.11869899,0.166183715,0.130869527,0.104299801,0.083997862,0.07351921,0.442993389,0.103715391,0.10264858,0.134096775,0.054131644,0.062935232,0.145959006,0.106669169,0.112017053,0.134284962,0.123993857,0.162243447,0.108283078,0.098114162,0.068987975,0.040477261,0.206560836,0.124905697,0.144183932,0.065645107,0.225545073,0.168335249,0.073300457,0.09155058,0.159613183,0.226617316,0.045584627,0.003607821,0.045579775,0.006149157,0.007907967,0.042342825,0.068776408,0.052871204,0.039941961,0.082226471,0.055353404,0.009770949,0.102446211,0.036781195,0.006840204,0.011416495,0.025998339,0.017948087,0.02204435,0.030905642,0.020334689,0.017498263,0.012727129,0.026079709,0.01435438,0.106664396,0.032135979,0.033221497,0.008629251,0.050310037,0.010802389,0.017889075,0.011032499,0.018312624,0.022540543,0.03779545,0.047271844,0.008315116,0.017134067,0.040455195,0.004305599,0.007220806,0.018421279,0.0176771,0.011691465,0.026150755,0.018409565,0.024422643,0.013818988,0.008945332,0.012040774,0.01184705,0.008302206,0.038026597,0.112309402,0.016328482,0.019407992,0.012763102,0.091728571,0.028596239,0.043935638,0.005460065,0.001696214,0.013606382,0.015993098,0.002508346,0.00097086,0.011500059,0.007363604,0.132762691,0.03461609,0.054544177,0.094601488,0.009040336,0.068146853,0.011062164,0.006829649,0.007623092
Bacteroides_plebeius_M12_DSM_17135,0.078135593,0.004819565,0.208338453,0.145927077,0.271041278,0.086523523,0.251448228,0.165918413,0.299613033,0.295722364,0.198023422,0.168570534,0.184468137,0.303093601,0.061935595,0.055391189,0.243575609,0.042092998,1,0.269967791,0.141420528,0.27210049,0.253983061,0.126380997,0.303609232,0.222227775,0.24002676,0.28709067,0.150849472,0.278689293,0.084540374,0.217831447,0.124563543,0.024404815,0.021444739,0.050598476,0.270849887,0.308426156,0.039860028,0.068472666,0.068448117,0.090411952,0.034248903,0.056237398,0.032007409,0.213843757,0.092097208,0.235901641,0.266933948,0.024186069,0.074662816,0.259424576,0.314898085,0.03450292,0.193531587,0.242053349,0.187740671,0.310523905,0.162399836,0.273508903,0.068459071,0.093059953,0.271528498,0.200666356,0.275271519,0.294036069,0.084504778,0.219587163,0.256678404,0.057222463,0.10831236,0.176021576,0.288543224,0.325613319,0.191732848,0.081049928,0.093898579,0.001205518,0.01463159,0.002054681,0.00264237,0.015333357,0.020360688,0.011100423,0.156016238,0.048371823,0.022507575,0.003256315,0.062311719,0.012129018,0.002193304,0.00381471,0.00861436,0.004477015,0.007365684,0.010271746,0.006794638,0.003928931,0.004252646,0.009847848,0.004796376,0.018580943,0.010326704,0.011527155,0.001549805,0.135190861,0.003609513,0.004209985,0.001773469,0.006807117,0.007586217,0.013472384,0.01645717,0.002778415,0.023321483,0.014564537,0.001438674,0.067252347,0.004615162,0.003025032,0.00188015,0.019609028,0.003488971,0.004669212,0.002169268,0.00195512,0.002146386,0.002488246,0.001998756,0.012840656,0.001972126,0.002781801,0.006730674,0.047500799,0.118163273,0.00740506,0.066312144,0.001824427,0.000566773,0.00454644,0.010639301,0.000838139,0.000324403,0.003368653,0.002706398,0.024167081,0.010963124,0.012786808,0.021770821,0.003028839,0.016734736,0.00347434,0.002278271,0.001929015
Bacteroides_sp_2_1_7,0.142920012,0.009223401,0.468821511,0.139571953,0.192125753,0.209749774,0.215146835,0.185218534,0.218142815,0.094017642,0.459572501,0.404225039,0.222591913,0.235851002,0.164080986,0.103740209,0.454653787,0.185310341,0.269967791,1,0.432453542,0.521141921,0.558188989,0.380288729,0.298939809,0.306089807,0.232953522,0.57961011,0.436667707,0.286357686,0.134440116,0.343559614,0.185158867,0.079390462,0.025646192,0.097914783,0.210740218,0.486470276,0.087764907,0.18782556,0.228703406,0.171657044,0.048327667,0.114088957,0.081808656,0.15255739,0.292604342,0.364141335,0.347642571,0.031531539,0.260655385,0.457829211,0.29809493,0.056547529,0.193187891,0.296652974,0.43584966,0.360379798,0.234594247,0.484238789,0.124513549,0.19843916,0.54661326,0.241739424,0.198460615,0.196889929,0.199995827,0.492583018,0.203307573,0.19375721,0.191745723,0.344753288,0.356738515,0.357865404,0.320022832,0.171623951,0.106953757,0.001331548,0.017059469,0.002269485,0.002918613,0.04154887,0.027112388,0.088340253,0.262939126,0.072005558,0.034532772,0.003606189,0.0804815,0.013574928,0.002524532,0.004213515,0.009595273,0.010907494,0.008926619,0.011406423,0.007504975,0.00833816,0.004697234,0.015020712,0.005297807,0.081918837,0.014568964,0.017895633,0.003184819,0.173139942,0.003986865,0.020879867,0.006911204,0.007704206,0.008780262,0.023378671,0.05662899,0.003068881,0.013093536,0.023780515,0.001589078,0.010288747,0.00758188,0.026819742,0.019027427,0.025860076,0.02282724,0.033119027,0.011681367,0.003301476,0.024603721,0.004779552,0.003231612,0.017479542,0.041450314,0.014701407,0.011730082,0.06121369,0.208528342,0.010554086,0.082214764,0.00201516,0.000626026,0.005021742,0.014255309,0.000925761,0.000358318,0.004392868,0.002989335,0.072104606,0.041318633,0.042333377,0.057803946,0.003345485,0.026949306,0.004186717,0.002520636,0.002813474
Bacteroides_sp_2_2_4,0.240067881,0.014424065,0.470723294,0.111062721,0.142616161,0.324715761,0.177763927,0.187775018,0.116675248,0.100454984,0.491331928,0.51398041,0.186866562,0.199233461,0.265918478,0.137159111,0.482470658,0.132847344,0.141420528,0.432453542,1,0.456378531,0.499526615,0.612000247,0.18337866,0.250229948,0.14001623,0.477823396,0.594469031,0.215944514,0.15804366,0.296865375,0.217201768,0.162658482,0.040053706,0.140881529,0.150320527,0.320434636,0.136962541,0.2204834,0.25410142,0.246780847,0.076525019,0.213187254,0.127652537,0.128271505,0.265048263,0.223296263,0.316414664,0.092791867,0.186663305,0.340025064,0.200774789,0.086974521,0.169068716,0.244880076,0.478462846,0.343888602,0.257010665,0.428679239,0.206120045,0.27606114,0.465787639,0.213107315,0.163258849,0.148827974,0.289393012,0.431462948,0.17418825,0.188706332,0.155466715,0.365279589,0.325197945,0.291607149,0.296763369,0.24980952,0.130931806,0.002082348,0.026678542,0.003549146,0.004564289,0.093931792,0.039561107,0.11581397,0.259141973,0.066834512,0.061709795,0.005639557,0.132038563,0.021229224,0.003948002,0.006589327,0.015005618,0.017164177,0.01541389,0.017837996,0.011736695,0.013039676,0.007345794,0.064737057,0.008285004,0.092978249,0.022783752,0.040657414,0.004980597,0.17017723,0.00623488,0.032653091,0.010808124,0.013198249,0.01373106,0.045107556,0.103454496,0.004799286,0.031213434,0.037189286,0.002485089,0.007651201,0.012915925,0.077986936,0.029756144,0.050340859,0.035698502,0.053672196,0.014095053,0.005163031,0.043195876,0.007474527,0.005053773,0.024486767,0.031511963,0.017622528,0.019670777,0.042802648,0.167739967,0.016505064,0.068961279,0.003151419,0.000979014,0.007853278,0.021326263,0.001447757,0.000560357,0.00686981,0.004674888,0.116327183,0.085934443,0.063059294,0.107316825,0.005231855,0.044391525,0.00654742,0.00394191,0.004399866
Bacteroides_sp_4_3_47FAA,0.163415151,0.012382627,0.584166444,0.154122637,0.191395318,0.263980268,0.235370209,0.194450197,0.229783327,0.144289856,0.577714078,0.539306168,0.271074684,0.307427865,0.164861709,0.117948955,0.380105214,0.098235605,0.27210049,0.521141921,0.456378531,1,0.554563354,0.454763734,0.262574553,0.237228995,0.173818862,0.690640759,0.471077064,0.257957734,0.174830311,0.343727547,0.230630648,0.08757463,0.034317474,0.128929689,0.198317957,0.404341374,0.117582777,0.254333712,0.200542643,0.206212426,0.065535048,0.137429325,0.114790924,0.15856688,0.28197706,0.282541275,0.36504015,0.048088805,0.19335743,0.429292606,0.237032106,0.074608933,0.209428251,0.266926421,0.535565348,0.427093682,0.29001665,0.462366706,0.183279067,0.260024651,0.53837244,0.24180393,0.201741531,0.186192535,0.248770812,0.510223337,0.172224331,0.155872047,0.159903049,0.45869575,0.343749845,0.381612093,0.253307637,0.224972684,0.091342367,0.001787633,0.022902728,0.003046835,0.003918305,0.062620467,0.033907621,0.094790562,0.251970768,0.052010299,0.048085816,0.004841391,0.144736837,0.018224652,0.003389241,0.00565674,0.012881873,0.014734931,0.013232363,0.015313385,0.010075601,0.011194171,0.006306144,0.026606097,0.007112428,0.06484899,0.019559168,0.029026736,0.004275693,0.209674186,0.005352457,0.0280317,0.00927845,0.011330301,0.011787703,0.035910257,0.067809352,0.004120043,0.028979305,0.031925887,0.002133374,0.022064441,0.011087934,0.023003677,0.025544757,0.043216118,0.030646093,0.052100142,0.01204121,0.004432308,0.021620295,0.006416658,0.004338513,0.046155991,0.010147689,0.015073531,0.016886772,0.043236457,0.260193139,0.014169103,0.125019802,0.002705399,0.000840454,0.006741803,0.018246472,0.001242856,0.00048105,0.005897526,0.004013251,0.084149922,0.048448613,0.069600152,0.07805397,0.004491391,0.038108793,0.005620764,0.003384011,0.003777153
Bacteroides_sp_9_1_42FAA,0.182837833,0.009685951,0.508884968,0.129851642,0.236382526,0.212208465,0.248882864,0.272886128,0.203434186,0.099690871,0.539948262,0.452605218,0.242819516,0.265597178,0.16426398,0.082242778,0.524504161,0.14962614,0.253983061,0.558188989,0.499526615,0.554563354,1,0.403265064,0.264347749,0.30971167,0.208508257,0.576593397,0.472079922,0.294777962,0.123483075,0.299967253,0.208211045,0.142517872,0.026932341,0.105804168,0.168279258,0.474922661,0.095536748,0.215074016,0.231286847,0.205353494,0.052746333,0.146253743,0.094756858,0.187785646,0.222003082,0.304641797,0.348564903,0.049996059,0.243926088,0.469620474,0.295745362,0.059383369,0.208874494,0.300613714,0.494421624,0.461022833,0.249357037,0.548861362,0.151774621,0.210260157,0.494733013,0.24594803,0.223507747,0.196910976,0.212302946,0.540634812,0.23442625,0.182708352,0.19619299,0.386983909,0.344684922,0.405722043,0.370344908,0.181575614,0.121473978,0.001398324,0.017914996,0.002383299,0.003064981,0.062023449,0.028472066,0.092900185,0.251918531,0.041459202,0.044778278,0.003787038,0.096150355,0.014255707,0.002651136,0.004424821,0.010076472,0.011525973,0.010350632,0.011978452,0.007881347,0.008756316,0.004932798,0.030308258,0.005563491,0.082413986,0.015299593,0.029564703,0.003344537,0.160473927,0.004186805,0.021926985,0.007257799,0.0088628,0.009220589,0.031163641,0.077118034,0.003222784,0.0140795,0.0249731,0.00166877,0.023693786,0.008673215,0.028725671,0.019981646,0.027495639,0.023972019,0.043295349,0.012267184,0.003467044,0.020525901,0.005019245,0.003393676,0.029322192,0.043529034,0.015438678,0.013209188,0.06508844,0.21983523,0.01108337,0.094693095,0.00211622,0.000657421,0.00527358,0.015655784,0.000972188,0.000376287,0.004613169,0.00313925,0.083141155,0.057706121,0.055752033,0.074229767,0.00351326,0.0298095,0.004396679,0.002647045,0.002954569
Bacteroides_sp_D1,0.238028885,0.020072319,0.496652746,0.099625627,0.121641714,0.388647385,0.15996481,0.171376645,0.112478246,0.125432055,0.524270988,0.578050285,0.179563127,0.219056019,0.259135408,0.163954352,0.332394336,0.147914308,0.126380997,0.380288729,0.612000247,0.454763734,0.403265064,1,0.151387024,0.180000345,0.103378106,0.42409114,0.760339514,0.150779959,0.184636363,0.251251184,0.224706747,0.12755592,0.05581223,0.196399355,0.166756036,0.258729185,0.193559363,0.261046001,0.212782333,0.237740314,0.109306894,0.235927581,0.179652545,0.151760726,0.278457595,0.170127588,0.230502268,0.113765786,0.219314734,0.261157595,0.153292618,0.123060908,0.197351784,0.18290479,0.530386527,0.331658798,0.263595354,0.328294595,0.248572456,0.342500808,0.50293347,0.226517216,0.133274231,0.139743897,0.39527426,0.410668764,0.153791624,0.151569432,0.136088222,0.398291289,0.240388537,0.253431054,0.264889929,0.345688854,0.105913777,0.002897765,0.037125473,0.00493894,0.006351598,0.105006788,0.057936215,0.136254902,0.192649425,0.079739478,0.073429525,0.007847927,0.159044729,0.029542281,0.005493983,0.009169613,0.020881601,0.02388542,0.021449747,0.024823097,0.016332615,0.018145824,0.0102223,0.075290413,0.011529292,0.107914555,0.03170554,0.044856257,0.006930926,0.208444006,0.008676369,0.037001735,0.015040428,0.018366492,0.019107944,0.064580808,0.071271618,0.006678617,0.025462883,0.051752072,0.003458213,0.008331163,0.017973614,0.098371634,0.041408219,0.053207826,0.049677519,0.046737898,0.022421026,0.0071848,0.06073827,0.010401444,0.007032758,0.034901997,0.017439196,0.027319972,0.02448335,0.061019614,0.237008307,0.022968208,0.134205164,0.004385469,0.001362382,0.010928507,0.032443679,0.002014678,0.000779785,0.009559929,0.006505507,0.132966668,0.058046234,0.088326317,0.135372535,0.007280574,0.061774604,0.009111295,0.005485505,0.00612279
Bacteroides_stercoris_ATCC_43183,0.135724602,0.006780653,0.169733809,0.129273945,0.267778386,0.094601893,0.229665439,0.130460631,0.360356567,0.090183218,0.206674319,0.180738163,0.181040644,0.233160645,0.086156194,0.042055936,0.285936294,0.049071288,0.303609232,0.298939809,0.18337866,0.262574553,0.264347749,0.151387024,1,0.342278491,0.315079262,0.282272003,0.194490476,0.238584428,0.080023772,0.241068258,0.113330517,0.130155527,0.018634834,0.056046407,0.152429519,0.251735485,0.056975317,0.093435076,0.205781787,0.190103222,0.035746432,0.064577632,0.056093354,0.168347996,0.130314743,0.238449008,0.208238711,0.026685993,0.050558848,0.263037622,0.233936942,0.037250089,0.140712347,0.288501583,0.149812386,0.218693158,0.123562826,0.212821273,0.101168078,0.097621918,0.241062768,0.130457864,0.296162807,0.112033526,0.09476439,0.191508266,0.240911033,0.219643639,0.108759931,0.159680393,0.206284681,0.224146079,0.142050819,0.074168209,0.074625715,0.000978897,0.012401545,0.001668429,0.002145641,0.034185028,0.018692864,0.061858424,0.184792825,0.02218956,0.085118406,0.002651117,0.055486004,0.009979712,0.001855929,0.003097597,0.007054038,0.005648177,0.006917667,0.008385519,0.005517339,0.004580844,0.003453207,0.014906122,0.003894723,0.025054847,0.010710485,0.042912721,0.002341344,0.099239635,0.002930974,0.004804222,0.00282623,0.006018229,0.006454876,0.019821349,0.053986503,0.002256111,0.020702599,0.014810211,0.001168223,0.002068134,0.005928181,0.008195474,0.003574207,0.016531977,0.012575544,0.008102546,0.006708141,0.002093941,0.060350726,0.003513724,0.002375744,0.008123335,0.002014941,0.008375139,0.008242362,0.093263811,0.084496439,0.006166491,0.028076225,0.00148146,0.000460228,0.003691772,0.009980792,0.000680581,0.00026342,0.00322945,0.001547624,0.029095908,0.040254364,0.020806282,0.024864762,0.002459459,0.016450269,0.003077897,0.001853065,0.002068347
Bacteroides_thetaiotaomicron_VPI_5482,0.134317866,0.004085539,0.1865188,0.139032915,0.388745474,0.098304559,0.278573619,0.204726403,0.243543622,0.052621635,0.189908238,0.167211237,0.224979007,0.181936336,0.079070895,0.084075113,0.398159323,0.051489396,0.222227775,0.306089807,0.250229948,0.237228995,0.30971167,0.180000345,0.342278491,1,0.375861264,0.277015708,0.200632207,0.280177363,0.093683391,0.303917122,0.119224668,0.137162493,0.011216547,0.044178276,0.088082775,0.317127236,0.038686928,0.085066068,0.29327737,0.188670674,0.021574369,0.079594598,0.037891162,0.136918112,0.135052384,0.376492035,0.231201913,0.026168898,0.081928867,0.312106282,0.362389606,0.024528223,0.072332147,0.38993287,0.179391548,0.201659249,0.141034028,0.293377148,0.083601618,0.089671122,0.214633886,0.253688584,0.336336917,0.141255962,0.082572524,0.240296825,0.265858076,0.284558605,0.233543826,0.175856951,0.345919302,0.271585963,0.202343689,0.067101532,0.218823948,0.000589814,0.007556555,0.001005277,0.001292811,0.02660568,0.011098633,0.065842408,0.212904942,0.025419587,0.059276437,0.001597375,0.043141874,0.006013065,0.001118251,0.001866392,0.004250262,0.004861662,0.004365902,0.005052517,0.003324356,0.003693419,0.002080657,0.025550715,0.002346683,0.037166108,0.006453377,0.025856155,0.001410728,0.097274942,0.001765997,0.009248814,0.003061343,0.003738334,0.00388925,0.012658858,0.032420137,0.001359372,0.012473914,0.010533667,0.000703888,0.002890803,0.003658367,0.03477461,0.004210513,0.012056945,0.010111411,0.018262002,0.003876324,0.001462401,0.030596516,0.00211712,0.001431454,0.008387196,0.002010789,0.004882461,0.005571643,0.043125757,0.087735386,0.004674972,0.026707569,0.000892623,0.000277301,0.002224399,0.005920849,0.000410069,0.000158718,0.001945837,0.001324137,0.026537614,0.024340473,0.019453583,0.028397287,0.001481895,0.011846547,0.001854522,0.001116525,0.001246239
Bacteroides_uniformis_ATCC_8492,0.050792629,0.002186084,0.135961805,0.230964728,0.493852434,0.057730778,0.419252798,0.130221288,0.333204134,0.081433441,0.121658146,0.102739847,0.205473966,0.137736167,0.062489314,0.046463582,0.241207718,0.067843772,0.24002676,0.232953522,0.14001623,0.173818862,0.208508257,0.103378106,0.315079262,0.375861264,1,0.206655646,0.123513549,0.376041354,0.070098846,0.249857492,0.091692979,0.044798996,0.006078532,0.040596072,0.097111421,0.259045884,0.020731833,0.052750713,0.091334475,0.109473691,0.011287465,0.026560333,0.022182157,0.189237918,0.077761833,0.442076833,0.259452271,0.007681105,0.083748667,0.311017923,0.476222609,0.013222968,0.094848464,0.412745518,0.124266712,0.168686943,0.134998156,0.258699706,0.054842977,0.052912889,0.166136009,0.133175785,0.416671196,0.205959368,0.045788005,0.191989003,0.345912189,0.087271819,0.197697758,0.135644781,0.356936756,0.291599146,0.188428924,0.040107326,0.043050959,0.000315597,0.00404335,0.000537902,0.000691755,0.010142698,0.006035779,0.062197495,0.161607366,0.013738837,0.031826374,0.000854721,0.026786554,0.003217461,0.000598352,0.000998666,0.002274223,0.00260137,0.002200284,0.002703493,0.001778791,0.001976269,0.001113315,0.003833233,0.00125566,0.024054932,0.003453063,0.013835071,0.00075485,0.061286539,0.000944947,0.004948841,0.001638059,0.001910063,0.002081054,0.005565441,0.017405261,0.000727371,0.006674523,0.005636338,0.000376635,0.011579142,0.001880974,0.018712579,0.004509785,0.007629566,0.005410398,0.009771603,0.002169654,0.000782499,0.019330854,0.001132825,0.00076594,0.007153699,0.009824345,0.002708772,0.002865095,0.04975207,0.069436602,0.002501477,0.031126672,0.000477623,0.000148378,0.001190228,0.003193652,0.000219419,8.49E-05,0.001041176,0.000708517,0.017680739,0.012948429,0.012906336,0.013498369,0.00079293,0.006477605,0.000992315,0.000597428,0.000666835
Bacteroides_vulgatus_ATCC_8482,0.179157637,0.010139184,0.581702396,0.160623566,0.216673261,0.225399502,0.248268178,0.227894456,0.247132166,0.126609239,0.554681161,0.48185723,0.301920961,0.280518282,0.193092615,0.098785935,0.395082896,0.089989929,0.28709067,0.57961011,0.477823396,0.690640759,0.576593397,0.42409114,0.282272003,0.277015708,0.206655646,1,0.479121726,0.29135594,0.179550233,0.380995696,0.205694582,0.087978057,0.028192582,0.111583416,0.220983299,0.463837433,0.099311584,0.234702557,0.223856484,0.209332422,0.055214484,0.127998868,0.102739369,0.178867738,0.275756906,0.315518486,0.423407868,0.047608006,0.179387922,0.491510371,0.263466488,0.062162087,0.249664096,0.301037207,0.50614483,0.454874514,0.256476949,0.553785458,0.178221148,0.226212879,0.579504231,0.242390026,0.236022525,0.233561732,0.213486663,0.50406031,0.179831025,0.158730416,0.166507093,0.436476881,0.378774591,0.412440588,0.308936093,0.188143209,0.10050002,0.001463756,0.01875329,0.00249482,0.0032084,0.058829333,0.029804355,0.111807493,0.274274683,0.047697799,0.05659308,0.003964244,0.134518423,0.014922772,0.00277519,0.004631871,0.010547979,0.012065306,0.010834968,0.012538957,0.008250138,0.009166049,0.005163618,0.027157843,0.005823822,0.06985793,0.016015504,0.039394478,0.003501037,0.204836296,0.004382717,0.022953011,0.007597412,0.009277516,0.009652047,0.030789509,0.05373635,0.003373588,0.030956822,0.026141663,0.001746856,0.025344867,0.00907906,0.027349997,0.020916645,0.035386368,0.025093738,0.043324235,0.012594737,0.003629277,0.02455325,0.005254109,0.003552476,0.037793605,0.011803828,0.01508599,0.013827284,0.071195508,0.222833593,0.011601993,0.133157411,0.002215244,0.000688184,0.005520346,0.016388363,0.00101768,0.000393895,0.004829032,0.003286144,0.074534004,0.037793959,0.059860333,0.077490325,0.003677656,0.031204371,0.004602413,0.002770908,0.003092821
Bacteroides_xylanisolvens_XB1A,0.242322376,0.016750499,0.534917223,0.107353414,0.146303329,0.354968481,0.185095783,0.199585847,0.144095211,0.109125724,0.553532667,0.561458312,0.19883241,0.223370195,0.249967552,0.156728637,0.378533806,0.137120528,0.150849472,0.436667707,0.594469031,0.471077064,0.472079922,0.760339514,0.194490476,0.200632207,0.123513549,0.479121726,1,0.171313109,0.163165173,0.263059765,0.22009555,0.122384899,0.046575718,0.172273835,0.167509048,0.28858508,0.162605909,0.241971599,0.227238531,0.22120404,0.09121741,0.21391201,0.151699265,0.147453984,0.252811976,0.185292475,0.25523914,0.095284212,0.19332183,0.295882181,0.181220101,0.102695236,0.208422316,0.211717423,0.551594481,0.360844968,0.254985329,0.34894488,0.221918589,0.31787826,0.562102907,0.258489045,0.163867897,0.180432571,0.348199487,0.422291312,0.152471761,0.148336296,0.135892142,0.404035213,0.254392183,0.306581181,0.298741903,0.301634754,0.108667778,0.002418206,0.030981481,0.004121582,0.005300456,0.093742619,0.049238458,0.128881037,0.187002299,0.079629529,0.061357095,0.006549153,0.140299605,0.024653252,0.004584769,0.007652109,0.01742585,0.01993256,0.017899972,0.020715058,0.013629688,0.015142824,0.008530585,0.060365303,0.009621279,0.103601369,0.026458507,0.034614479,0.005783909,0.198426531,0.007240494,0.029251748,0.012551348,0.015326973,0.01594572,0.053893162,0.064540661,0.005573355,0.023033497,0.043187486,0.002885904,0.012329321,0.014999113,0.071426724,0.034555464,0.046247825,0.041456256,0.037622731,0.020127938,0.005995768,0.048788231,0.008680082,0.005868888,0.030345483,0.021318468,0.024227942,0.022843444,0.136894005,0.288422047,0.01916714,0.112865006,0.003659706,0.001136918,0.00911992,0.02707449,0.001681263,0.000650736,0.007977831,0.005428893,0.118933027,0.049414565,0.075133718,0.121723768,0.006075692,0.051551363,0.007603443,0.004577694,0.005109513
Bifidobacterium_adolescentis_L2_32,0.051419712,0.004753574,0.238743745,0.123402624,0.306252122,0.08237755,0.266878503,0.125758722,0.34046429,0.113073756,0.190249055,0.158348593,0.195535588,0.179494647,0.079278112,0.035526535,0.244925387,0.0514555,0.278689293,0.286357686,0.215944514,0.257957734,0.294777962,0.150779959,0.238584428,0.280177363,0.376041354,0.29135594,0.171313109,1,0.166161921,0.425781193,0.167803885,0.038381007,0.011865488,0.071661638,0.164473223,0.493959132,0.031383415,0.117751234,0.100182292,0.127077714,0.020525392,0.072555863,0.028125118,0.209236989,0.194234027,0.517185086,0.475061628,0.013876695,0.095728401,0.445052626,0.433228316,0.024786875,0.154668919,0.488131491,0.219299774,0.263157001,0.229869441,0.408320147,0.071900498,0.096388025,0.252760924,0.09501597,0.295384323,0.257220588,0.080221659,0.322738349,0.342500941,0.10516056,0.112912724,0.204236941,0.467544308,0.45130722,0.193025467,0.074202203,0.063685411,0.000596913,0.008472632,0.001011278,0.001485683,0.018715836,0.014022025,0.10852393,0.402641942,0.036030249,0.015635343,0.001865054,0.037655369,0.006650222,0.001302204,0.002179152,0.004770148,0.004925214,0.00317643,0.005428427,0.003675667,0.004309806,0.00236337,0.006402013,0.002694506,0.033063556,0.006689609,0.007390855,0.001530207,0.088139673,0.001942365,0.010165395,0.00343412,0.003253436,0.004130986,0.005322454,0.035319572,0.001374972,0.001652267,0.007255786,0.000719861,0.038417876,0.003082007,0.037815051,0.009840633,0.008812176,0.005501999,0.019648733,0.002295715,0.001707462,0.001767624,0.002443024,0.000662174,0.017686176,0.016398488,0.003177524,0.005329826,0.021575064,0.090596607,0.004871882,0.061143901,0.000863694,0.000323769,0.002494415,0.002453211,0.000284316,0.000185315,0.001685126,0.001546029,0.031885652,0.026616973,0.019864049,0.025394308,0.001373281,0.011892121,0.001707235,0.001303626,0.000442558
Bifidobacterium_catenulatum_DSM_16992,0.079520279,0.026615789,0.167781269,0.076538466,0.082658427,0.212528757,0.103988441,0.090816239,0.117727734,0.057501586,0.172730198,0.184170084,0.147134871,0.114469675,0.083529789,0.07804852,0.073592824,0.08022726,0.084540374,0.134440116,0.15804366,0.174830311,0.123483075,0.184636363,0.080023772,0.093683391,0.070098846,0.179550233,0.163165173,0.166161921,1,0.18875749,0.190087736,0.075213012,0.061376092,0.168524017,0.040401305,0.123049241,0.136212822,0.246931916,0.108725412,0.107020024,0.099811609,0.117270107,0.127049551,0.048738685,0.214978515,0.13024598,0.131033218,0.069314108,0.05658205,0.151748776,0.069999468,0.1200831,0.053743666,0.119435997,0.161134501,0.125237985,0.189772982,0.142382751,0.175280661,0.237227806,0.15886829,0.059129655,0.087745609,0.033350968,0.159222914,0.151785652,0.085505917,0.113439165,0.082590193,0.170036898,0.135311045,0.149879357,0.09640864,0.169447106,0.043368143,0.003824034,0.046939098,0.004916252,0.008576301,0.05191934,0.082704536,0.072806658,0.179892292,0.092904612,0.065082265,0.011170648,0.146399943,0.038328974,0.007807176,0.012603751,0.026695378,0.00931963,0.013881189,0.029316015,0.021268699,0.014055712,0.013965563,0.02870924,0.01462363,0.079400859,0.036689865,0.036885688,0.005630273,0.115624883,0.010466464,0.009916373,0.006078251,0.017291395,0.021041698,0.024496372,0.089810665,0.007511229,0.008117825,0.025966934,0.004667937,0.006729389,0.012624932,0.219700968,0.013275882,0.017531718,0.010144208,0.016899785,0.010450761,0.007498808,0.00474904,0.014549173,0.004302713,0.08634409,0.005665683,0.013315772,0.030921245,0.014973566,0.091201762,0.01736309,0.074245426,0.005527157,0.001939199,0.013809115,0.013621928,0.001488321,0.001109937,0.007637735,0.009259863,0.06609493,0.043271687,0.079600598,0.068105079,0.008476899,0.043107473,0.010524497,0.00738467,0.005143767
Bifidobacterium_longum_longum_CCUG_52486,0.120412588,0.007213583,0.336481566,0.194147479,0.185493947,0.164467499,0.176600029,0.21100311,0.29800229,0.086874825,0.279713399,0.267698897,0.200941247,0.169982597,0.110904586,0.091206705,0.26549715,0.087759596,0.217831447,0.343559614,0.296865375,0.343727547,0.299967253,0.251251184,0.241068258,0.303917122,0.249857492,0.380995696,0.263059765,0.425781193,0.18875749,1,0.232533367,0.057337308,0.018976542,0.093288526,0.104404981,0.484435335,0.059748601,0.173247236,0.156978243,0.180320119,0.034113323,0.115302274,0.062363808,0.186277855,0.286250944,0.504403447,0.465725267,0.022777819,0.110922849,0.448249053,0.32606021,0.041682506,0.10168722,0.460557549,0.301006992,0.271973571,0.312273779,0.397657764,0.114669236,0.16404455,0.341317474,0.233316715,0.200332777,0.101302979,0.143005818,0.299539223,0.250666643,0.155311706,0.166476348,0.291650768,0.422712902,0.413075405,0.230788358,0.126351332,0.10766721,0.001041398,0.013096946,0.001774955,0.002282635,0.031209747,0.020678858,0.09197866,0.423611836,0.057030787,0.023892315,0.002820385,0.09501206,0.010581011,0.001974425,0.003295372,0.007504422,0.007666766,0.005619914,0.008920916,0.005869609,0.00652124,0.003673687,0.010537009,0.004143393,0.071182853,0.009500441,0.010498443,0.002490834,0.128055887,0.00311811,0.015935059,0.005405224,0.005449634,0.006447012,0.016786598,0.040244703,0.002400159,0.022024414,0.018363979,0.001242811,0.02954669,0.004563036,0.035677851,0.003061771,0.016191414,0.017853089,0.019303082,0.009135948,0.002582071,0.017447015,0.003309382,0.00252743,0.026413148,0.008110015,0.011497908,0.008787683,0.022895746,0.139398708,0.008254306,0.043499329,0.001576048,0.000489612,0.003927483,0.010702944,0.000724034,0.000280239,0.003435644,0.002337947,0.046138532,0.028262258,0.037591039,0.044172763,0.00261649,0.020597331,0.003274414,0.001971379,0.002200406
Bifidobacterium_pseudocatenulatum_DSM_20438,0.087196336,0.022761816,0.290363439,0.092013157,0.070361423,0.176545851,0.114688768,0.119645781,0.122781771,0.073362086,0.249293847,0.248100386,0.147232942,0.243303418,0.093917725,0.123452801,0.152158539,0.101586435,0.124563543,0.185158867,0.217201768,0.230630648,0.208211045,0.224706747,0.113330517,0.119224668,0.091692979,0.205694582,0.22009555,0.167803885,0.190087736,0.232533367,1,0.149519249,0.053914838,0.252685662,0.062717415,0.19255031,0.128855166,0.203060891,0.104169435,0.265961455,0.085025817,0.124349616,0.111736218,0.106512772,0.133740039,0.143878816,0.237081534,0.06174051,0.159000024,0.176329946,0.099184768,0.102326825,0.087411381,0.16233608,0.251146017,0.202139813,0.178331174,0.216167316,0.190823685,0.266327207,0.232124901,0.212281817,0.077279605,0.030149858,0.190189933,0.183420301,0.074568711,0.117294713,0.092542044,0.265246734,0.205256211,0.208289776,0.122585496,0.205491735,0.119675702,0.00320601,0.038720516,0.004608168,0.007399975,0.090571794,0.068627832,0.066074871,0.108974711,0.136950583,0.062391008,0.009219696,0.098902246,0.033382308,0.005714536,0.010198768,0.024129266,0.009217261,0.013277206,0.026511003,0.018546822,0.009081891,0.011736615,0.026753663,0.013374298,0.073792102,0.031044373,0.032161933,0.003788593,0.074043567,0.009775198,0.010445007,0.00442514,0.014893327,0.01915357,0.026108339,0.156955818,0.006458568,0.011276814,0.025461223,0.003953125,0.002936882,0.009989596,0.032975032,0.010632759,0.015224263,0.011363872,0.016552924,0.01583204,0.005930416,0.00684802,0.011635654,0.007413686,0.062698405,0.005270293,0.01898355,0.018757818,0.020308931,0.132892804,0.01987444,0.062094329,0.004672538,0.001600518,0.012516428,0.011556377,0.001460373,0.000916087,0.007224597,0.007642629,0.056208527,0.128184303,0.070438128,0.059461063,0.007218374,0.039460265,0.007879688,0.006444337,0.007193016
Blautia_hansenii_VPI_C7_24_DSM_20583,0.267534181,0.017208437,0.095409744,0.013255138,0.058381145,0.089419667,0.058200265,0.173372743,0.057151474,0.051173631,0.112746585,0.108924316,0.035520757,0.066698906,0.087824996,0.086459281,0.144246932,0.058460829,0.024404815,0.079390462,0.162658482,0.08757463,0.142517872,0.12755592,0.130155527,0.137162493,0.044798996,0.087978057,0.122384899,0.038381007,0.075213012,0.057337308,0.149519249,1,0.076984864,0.0791814,0.071408164,0.073881326,0.12836792,0.10132342,0.341515006,0.150149881,0.108981909,0.144600538,0.172905315,0.032287597,0.08231719,0.043171558,0.046242584,0.114418451,0.049065776,0.085081337,0.06906539,0.109309948,0.028794344,0.079391864,0.086769783,0.037095722,0.036022704,0.07879526,0.066827986,0.110301589,0.09739725,0.198966672,0.025157682,0.02007509,0.09979635,0.056966203,0.051010629,0.433732053,0.027659669,0.059735953,0.082775306,0.030724053,0.125708067,0.091321003,0.232134568,0.004096194,0.049938532,0.006722628,0.008978429,0.152527707,0.064725537,0.025892911,0.074651151,0.065093825,0.050877434,0.011093593,0.069741818,0.041760082,0.007766129,0.011329582,0.029517605,0.017313271,0.02626387,0.034992769,0.023087295,0.012326269,0.014449937,0.061139946,0.016297461,0.04494804,0.037191441,0.037059126,0.005786257,0.026024986,0.012264654,0.014345067,0.006493996,0.025962322,0.027010416,0.063836209,0.222056101,0.009049205,0.014804704,0.040638853,0.004888426,0.00296352,0.019822763,0.029555252,0.007917337,0.020118732,0.046523704,0.02640033,0.029558759,0.010156217,0.181200069,0.010253658,0.009941295,0.028029189,0.009219872,0.036440642,0.034794221,0.008245772,0.026434872,0.01338621,0.021285756,0.006199167,0.001925822,0.01544821,0.018475542,0.002847888,0.001102281,0.011971225,0.003732168,0.096338638,0.163706612,0.07266862,0.123619055,0.0102916,0.063054572,0.012828429,0.007754145,0.005080502
Bryantella_formatexigens_I_52_DSM_14469,0.050572375,0.159077731,0.042185325,0.012365667,0.008412564,0.104055075,0.011705506,0.030470818,0.014955598,0.058554951,0.048370761,0.057471575,0.023090769,0.04267124,0.075560761,0.10967544,0.021818394,0.068924251,0.021444739,0.025646192,0.040053706,0.034317474,0.026932341,0.05581223,0.018634834,0.011216547,0.006078532,0.028192582,0.046575718,0.011865488,0.061376092,0.018976542,0.053914838,0.076984864,1,0.139552811,0.037917499,0.019415408,0.281669428,0.074861567,0.032470156,0.04103805,0.505718009,0.103737789,0.25733043,0.025196838,0.058927482,0.011207718,0.018220792,0.354518255,0.062704856,0.016957232,0.00973242,0.45303302,0.042271389,0.011606873,0.046705521,0.035189073,0.037859684,0.022312979,0.097873136,0.107977021,0.034540051,0.03607901,0.009406579,0.01910701,0.114946721,0.03054563,0.012489123,0.034221861,0.021527163,0.043848599,0.015351701,0.018736954,0.028629869,0.145434099,0.036851997,0.051919893,0.473240331,0.088492077,0.113802984,0.16694882,0.459551962,0.039613204,0.018080121,0.220226624,0.117223853,0.140613024,0.176357267,0.526424735,0.092050752,0.130919374,0.374140241,0.142328836,0.197540039,0.431744452,0.290982528,0.117143941,0.183155203,0.103478218,0.206572859,0.123198224,0.37873139,0.169683763,0.062963073,0.042827078,0.154580695,0.088778154,0.064102875,0.254961138,0.322099442,0.202349182,0.201196791,0.119662243,0.072518268,0.229569013,0.061961565,0.007394878,0.163137172,0.032794037,0.044866613,0.11562015,0.078980758,0.090466047,0.063912004,0.118778389,0.018627153,0.09199398,0.060393474,0.13290146,0.048135134,0.077975961,0.153138439,0.014677375,0.038114505,0.088777181,0.047392889,0.078575407,0.024410098,0.179476639,0.106118814,0.036097425,0.013971581,0.13208451,0.040462901,0.18913262,0.157868535,0.122809773,0.246628957,0.130447637,0.37604999,0.150479681,0.098284991,0.048367375
Butyrivibrio_crossotus_DSM_2876,0.090473363,0.051965892,0.160876002,0.105019561,0.057810007,0.279635254,0.074531123,0.135813664,0.042426374,0.104576226,0.167899928,0.194108081,0.134196897,0.128688009,0.117009227,0.142434476,0.07693809,0.188633567,0.050598476,0.097914783,0.140881529,0.128929689,0.105804168,0.196399355,0.056046407,0.044178276,0.040596072,0.111583416,0.172273835,0.071661638,0.168524017,0.093288526,0.252685662,0.0791814,0.139552811,1,0.065445802,0.069737953,0.254967127,0.174330126,0.071789568,0.233927774,0.237210649,0.251880055,0.19612654,0.079824138,0.170969911,0.07306126,0.115211286,0.139202832,0.129715122,0.078946534,0.067355123,0.258335854,0.082683576,0.080853098,0.158701808,0.151631131,0.158980413,0.091063743,0.336184533,0.34200724,0.13461124,0.09766709,0.062164548,0.045954416,0.313231933,0.122365702,0.040921751,0.076458401,0.068276018,0.199715428,0.106244462,0.091784663,0.095948484,0.381189974,0.056334918,0.00750212,0.092936715,0.012786586,0.016443863,0.077794737,0.138389293,0.067415801,0.042900838,0.150168173,0.086650336,0.019505674,0.148466822,0.07648299,0.014223553,0.023739514,0.054061069,0.03954707,0.050852951,0.063651525,0.042284048,0.039606023,0.026464852,0.048031577,0.029394983,0.151263147,0.063378476,0.059500773,0.017943704,0.10277743,0.022462538,0.038569784,0.026107893,0.041563714,0.045109975,0.072841909,0.080984718,0.017290492,0.027456719,0.080960485,0.008953083,0.020820654,0.043511102,0.029036153,0.027494695,0.048123594,0.036168021,0.043868883,0.025874245,0.018600966,0.018376703,0.026928643,0.013369833,0.059916695,0.026470228,0.030824593,0.042813969,0.028358757,0.144289303,0.059463155,0.070910468,0.011353685,0.003527116,0.028293174,0.035845166,0.005215866,0.002018811,0.023969299,0.013626848,0.157124031,0.066283808,0.086380839,0.1680646,0.018848918,0.135305654,0.023588532,0.014201604,0.015851493
Catenibacterium_mitsuokai_DSM_15897,0.091658094,0.009874607,0.195163165,0.016388801,0.085795973,0.066543762,0.093439768,0.062536611,0.127971139,0.220424908,0.148851903,0.148700625,0.188420028,0.117969425,0.146081533,0.035684487,0.166882055,0.04792424,0.270849887,0.210740218,0.150320527,0.198317957,0.168279258,0.166756036,0.152429519,0.088082775,0.097111421,0.220983299,0.167509048,0.164473223,0.040401305,0.104404981,0.062717415,0.071408164,0.037917499,0.065445802,1,0.149911644,0.057043383,0.075103646,0.075867887,0.081724861,0.051354997,0.064040289,0.084390542,0.12283888,0.071630659,0.096811138,0.170423963,0.03568026,0.061336392,0.189410606,0.153077604,0.050744541,0.30596448,0.158668662,0.183116789,0.156297807,0.083376408,0.235231029,0.03381936,0.066540553,0.190448417,0.133407708,0.142312057,0.270211966,0.081285862,0.179742109,0.111974219,0.075977399,0.029003708,0.141720869,0.211482908,0.169919332,0.155595677,0.100647281,0.07411216,0.002346547,0.027444141,0.004766507,0.006129845,0.024375578,0.033593379,0.102895437,0.120783366,0.034189315,0.029038753,0.006374524,0.035316238,0.026100953,0.002931283,0.006966936,0.019822151,0.007277861,0.009672088,0.022459117,0.015239308,0.00800379,0.009830932,0.013052364,0.010746948,0.020238317,0.021990208,0.023216684,0.002521565,0.16957011,0.00837345,0.007785832,0.003029842,0.011244887,0.015751196,0.030082904,0.026381321,0.00626753,0.010243622,0.031663563,0.002695758,0.156013904,0.006902646,0.017695809,0.035684942,0.032193553,0.030288815,0.012455781,0.017486301,0.004861919,0.062927545,0.006668376,0.005671176,0.013716206,0.004580929,0.021159362,0.008100839,0.006516838,0.08686237,0.013356079,0.178051684,0.003361161,0.001201189,0.009089987,0.004575048,0.001489841,0.00075256,0.005665781,0.001338008,0.056546572,0.018484099,0.04185762,0.044090413,0.005541898,0.032834853,0.006224993,0.003768592,0.003320764
Clostridiales_sp_SS3_4,0.118111308,0.006048916,0.368228403,0.117344593,0.229617893,0.124511743,0.224924888,0.207147352,0.274294838,0.104074237,0.356433688,0.280180548,0.234680817,0.240950535,0.117049364,0.061964351,0.374598823,0.090245063,0.308426156,0.486470276,0.320434636,0.404341374,0.474922661,0.258729185,0.251735485,0.317127236,0.259045884,0.463837433,0.28858508,0.493959132,0.123049241,0.484435335,0.19255031,0.073881326,0.019415408,0.069737953,0.149911644,1,0.0572482,0.182742787,0.187297618,0.115233795,0.034894753,0.118668974,0.063662034,0.189836875,0.285876398,0.477801677,0.478887191,0.023436666,0.164722098,0.494458225,0.342874228,0.042346459,0.1742162,0.430114518,0.351683848,0.367211772,0.256150722,0.489076982,0.075833257,0.133783363,0.410790269,0.177122411,0.205815687,0.178807115,0.144992986,0.501913486,0.24739309,0.167274009,0.140889644,0.265896757,0.408187645,0.420724218,0.255361865,0.12795855,0.121759117,0.001008046,0.012914843,0.00171811,0.002209531,0.030989042,0.019986418,0.129953295,0.455617923,0.055204317,0.02312387,0.002730059,0.066793171,0.010276877,0.001911192,0.003189834,0.007264085,0.008036255,0.006387606,0.008635214,0.005681629,0.00631239,0.003556033,0.010906573,0.004010696,0.045870262,0.008929508,0.009972107,0.002411062,0.138509428,0.003018249,0.015807069,0.005232116,0.00546199,0.006647083,0.0164496,0.047576987,0.002323291,0.005116944,0.017778934,0.001203009,0.016421085,0.005369304,0.020074696,0.011589162,0.014697601,0.017281325,0.030415512,0.00884336,0.002499377,0.02701175,0.003618352,0.002446486,0.026027353,0.025125042,0.011129676,0.008509452,0.052665357,0.129644804,0.007989954,0.100644582,0.001525574,0.000473932,0.003801701,0.010046578,0.000700846,0.000271264,0.003325614,0.002263071,0.055674934,0.03549917,0.041224063,0.043339421,0.002532694,0.019957148,0.003169547,0.001908243,0.002129936
Clostridium_asparagiforme_DSM_15981,0.128791051,0.066718773,0.128686294,0.035323615,0.029172178,0.345055883,0.039340908,0.060688924,0.0332739,0.097166074,0.16862222,0.197436058,0.065549867,0.126851175,0.178862317,0.207444833,0.075518464,0.145187496,0.039860028,0.087764907,0.136962541,0.117582777,0.095536748,0.193559363,0.056975317,0.038686928,0.020731833,0.099311584,0.162605909,0.031383415,0.136212822,0.059748601,0.128855166,0.12836792,0.281669428,0.254967127,0.057043383,0.0572482,1,0.196268235,0.110072479,0.129153343,0.48506296,0.277767601,0.472612389,0.057833767,0.186786906,0.033293136,0.04874869,0.280945563,0.099824093,0.059208158,0.03069093,0.483285791,0.052105128,0.037286015,0.136930357,0.091627844,0.095667929,0.072697092,0.266533379,0.342376785,0.11096631,0.09626348,0.028053864,0.031950058,0.361916427,0.096965634,0.041160968,0.099246841,0.058733199,0.140495595,0.050402847,0.05345277,0.08432663,0.355486147,0.11004562,0.014636507,0.18350156,0.024946409,0.032081694,0.217900523,0.261060311,0.0826608,0.047422011,0.23385683,0.165203803,0.039639594,0.261749576,0.149216997,0.027749908,0.042807097,0.105472215,0.066438226,0.092688607,0.125380567,0.082495451,0.048210955,0.051632471,0.123622699,0.058234038,0.161185422,0.160143538,0.160648189,0.024474583,0.075354226,0.043824025,0.04928201,0.026241553,0.081914502,0.096513534,0.171276103,0.188302216,0.033733452,0.047338754,0.172282007,0.01746731,0.008806548,0.069405097,0.087686817,0.037140647,0.075944045,0.0694981,0.086016679,0.086192618,0.036290164,0.034743325,0.044245087,0.035522206,0.092820177,0.032059777,0.098504331,0.083465189,0.018616056,0.091067547,0.05853343,0.054122299,0.022150844,0.006881342,0.055199496,0.071062045,0.010176065,0.003938666,0.046740002,0.032859079,0.200416993,0.152830658,0.156910881,0.254970428,0.036773915,0.214345781,0.04602082,0.027707086,0.03092599
Clostridium_bartlettii_DSM_16795,0.148222402,0.016380221,0.306263475,0.048467343,0.066093968,0.186697825,0.071760084,0.120642306,0.083515264,0.075151442,0.29768048,0.298477354,0.135442221,0.131289133,0.152891289,0.119527613,0.130312889,0.137302438,0.068472666,0.18782556,0.2204834,0.254333712,0.215074016,0.261046001,0.093435076,0.085066068,0.052750713,0.234702557,0.241971599,0.117751234,0.246931916,0.173247236,0.203060891,0.10132342,0.074861567,0.174330126,0.075103646,0.182742787,0.196268235,1,0.122629317,0.139197968,0.130354202,0.21283364,0.187504311,0.125957642,0.269231214,0.10465351,0.150967091,0.08079305,0.118021283,0.172350027,0.073965582,0.162754812,0.097253953,0.104510768,0.283445059,0.197047923,0.172012415,0.211659923,0.162312592,0.27989351,0.213578457,0.115612395,0.0563912,0.049740971,0.327968445,0.201502672,0.087785007,0.121103255,0.092194855,0.265094877,0.116950818,0.143820058,0.160347062,0.286273059,0.06984181,0.004497037,0.05283982,0.008761656,0.011267705,0.106151449,0.076163919,0.16399702,0.130437686,0.133179892,0.066343389,0.013653429,0.188038069,0.04612054,0.006747155,0.013584721,0.034339218,0.018171453,0.020710259,0.040771087,0.027418096,0.020634811,0.01771887,0.039786664,0.019548739,0.089066328,0.050592538,0.059515121,0.009674042,0.065476488,0.015077625,0.01584959,0.010293569,0.02395201,0.028116753,0.043663369,0.150282181,0.010862967,0.01657471,0.035863009,0.0052797,0.01136261,0.022065515,0.027627439,0.037458741,0.058154526,0.013836918,0.022411432,0.016399977,0.007226526,0.007555173,0.010922525,0.004588824,0.11215136,0.005870302,0.022738908,0.042051908,0.008299077,0.158998123,0.03047193,0.177063917,0.006555479,0.002416859,0.019116128,0.024360216,0.003574029,0.001383335,0.014212948,0.001784314,0.091030708,0.09527763,0.07902373,0.085103375,0.011947398,0.062589715,0.014048533,0.009731259,0.003377618
Clostridium_bolteae_ATCC_BAA_613,0.332314177,0.009523944,0.165671211,0.047002477,0.101830339,0.156626354,0.09743896,0.16258781,0.110186447,0.043635203,0.210355057,0.206933865,0.205691735,0.121978329,0.219708508,0.088423124,0.254640889,0.062204441,0.068448117,0.228703406,0.25410142,0.200542643,0.231286847,0.212782333,0.205781787,0.29327737,0.091334475,0.223856484,0.227238531,0.100182292,0.108725412,0.156978243,0.104169435,0.341515006,0.032470156,0.071789568,0.075867887,0.187297618,0.110072479,0.122629317,1,0.285266417,0.060250402,0.227415966,0.102043641,0.039307384,0.224631709,0.136558049,0.115105883,0.07666726,0.05078612,0.173437793,0.114956289,0.065767159,0.068168833,0.127719656,0.151218805,0.119452049,0.107927417,0.142842567,0.116067243,0.140145647,0.217853137,0.211426947,0.135707421,0.059299737,0.167331083,0.152259028,0.12291234,0.660120383,0.171879743,0.126973093,0.141600526,0.088308479,0.165502501,0.11149925,0.454726978,0.001708082,0.020856726,0.002911249,0.003743937,0.077049181,0.031097672,0.096473026,0.157206354,0.056120578,0.053824707,0.004625945,0.07117033,0.017413639,0.003238417,0.004629875,0.012308619,0.011975708,0.012516017,0.014631926,0.009627228,0.010121049,0.006025515,0.073994038,0.006795918,0.043610663,0.018688768,0.043500829,0.004085421,0.063650943,0.005114268,0.010423462,0.007051235,0.010826093,0.01126314,0.03806703,0.094201268,0.003936697,0.010572189,0.027672849,0.002038437,0.001355473,0.010594511,0.025592156,0.024407993,0.026792688,0.02403241,0.016690826,0.014984618,0.004235066,0.105807456,0.006131111,0.004145445,0.013392097,0.007413581,0.018858663,0.015397589,0.043921913,0.053759029,0.006400484,0.024104434,0.002585006,0.000803053,0.006441787,0.019123863,0.001187548,0.000459643,0.005635081,0.003834658,0.054653553,0.06973747,0.047752651,0.065097609,0.00429152,0.032363143,0.005370635,0.00323342,0.00293047
Clostridium_leptum_DSM_753,0.166476934,0.015230554,0.227732676,0.137325,0.108973723,0.216306021,0.152793038,0.14954523,0.073003311,0.069587243,0.219780118,0.2655326,0.280827488,0.148358317,0.152920293,0.089996952,0.2423851,0.087294946,0.090411952,0.171657044,0.246780847,0.206212426,0.205353494,0.237740314,0.190103222,0.188670674,0.109473691,0.209332422,0.22120404,0.127077714,0.107020024,0.180320119,0.265961455,0.150149881,0.04103805,0.233927774,0.081724861,0.115233795,0.129153343,0.139197968,0.285266417,1,0.075886601,0.197992798,0.084058854,0.125957837,0.149817426,0.12890803,0.178365854,0.07743356,0.078714564,0.181981909,0.105578002,0.087527985,0.100368873,0.173576533,0.193494711,0.17797822,0.152066696,0.197466843,0.272984458,0.230569245,0.235835043,0.14381729,0.156373722,0.06046483,0.201645751,0.186920597,0.088784543,0.311527609,0.228945658,0.238276576,0.180449109,0.172562211,0.188422324,0.169201231,0.223658752,0.002198778,0.026214007,0.003747589,0.004819491,0.072095954,0.039979626,0.095076433,0.087088535,0.054583488,0.096893209,0.005954881,0.090484979,0.02206585,0.004168746,0.006957755,0.015687869,0.01123639,0.011859077,0.018265615,0.01212306,0.008048963,0.007721911,0.078208812,0.008739954,0.134398545,0.024057655,0.083365181,0.005259076,0.092288683,0.006528483,0.009747843,0.005888504,0.010676822,0.01395297,0.031003879,0.099374405,0.005067627,0.014491995,0.021519212,0.002624037,0.00539492,0.010451265,0.01223932,0.028740507,0.036916448,0.008999235,0.014262264,0.004763365,0.005451711,0.005897179,0.007892449,0.003466553,0.018204712,0.008643002,0.006330757,0.009903993,0.028721646,0.107192862,0.016406408,0.036985704,0.003309011,0.001033754,0.008292376,0.009283814,0.001083216,0.000591688,0.006322079,0.004936274,0.042545206,0.086952085,0.036108766,0.048565606,0.004822838,0.032575317,0.006054983,0.004162313,0.004645875
Clostridium_methylpentosum_R2_DSM_5476,0.094070047,0.10670214,0.079889112,0.019812142,0.016229223,0.193701304,0.022813877,0.044931864,0.026702371,0.094399074,0.094732958,0.111029303,0.043016541,0.081759694,0.124768061,0.163311293,0.041985662,0.120897758,0.034248903,0.048327667,0.076525019,0.065535048,0.052746333,0.109306894,0.035746432,0.021574369,0.011287465,0.055214484,0.09121741,0.020525392,0.099811609,0.034113323,0.085025817,0.108981909,0.505718009,0.237210649,0.051354997,0.034894753,0.48506296,0.130354202,0.060250402,0.075886601,1,0.203167932,0.385198712,0.046040706,0.114164964,0.019892116,0.032357049,0.387161938,0.094208946,0.031495134,0.017357086,0.65740162,0.055989552,0.020820757,0.086019064,0.061886899,0.062638098,0.041759475,0.17219797,0.206656108,0.063323885,0.062775267,0.017567789,0.030227445,0.225120353,0.059822872,0.022503967,0.065764308,0.042160423,0.085143457,0.02879699,0.036309597,0.054256386,0.269819436,0.060957597,0.026510359,0.321645108,0.04518416,0.05810794,0.208736997,0.418800463,0.054935482,0.031050493,0.284104431,0.142276288,0.071797178,0.219516668,0.27026915,0.046866766,0.08081504,0.191036454,0.114746227,0.148712164,0.227095438,0.14941981,0.073540412,0.093519266,0.134865495,0.105476349,0.153840863,0.264645384,0.164718352,0.042917225,0.064026339,0.079376225,0.078189692,0.044827907,0.143766748,0.174810051,0.245022436,0.187994017,0.061099684,0.069956987,0.207611322,0.031637649,0.012277343,0.112349613,0.043963328,0.041251015,0.113319452,0.066032465,0.094467488,0.067199416,0.063200408,0.022767725,0.065646224,0.042058276,0.131406466,0.035598231,0.081161446,0.121231583,0.01790494,0.062203704,0.117432376,0.063732349,0.040120697,0.012463825,0.099980037,0.108799769,0.018431388,0.007133906,0.083449098,0.019007312,0.207279947,0.144891329,0.122055919,0.268333797,0.066606719,0.309308961,0.083355168,0.050184434,0.040288336
Clostridium_nexile_DSM_1787,0.354686145,0.028697542,0.184257082,0.040526557,0.049163085,0.255722115,0.05044566,0.108282738,0.04729088,0.099058619,0.201970327,0.224493644,0.122210322,0.157158537,0.275646329,0.153083829,0.150696755,0.16622568,0.056237398,0.114088957,0.213187254,0.137429325,0.146253743,0.235927581,0.064577632,0.079594598,0.026560333,0.127998868,0.21391201,0.072555863,0.117270107,0.115302274,0.124349616,0.144600538,0.103737789,0.251880055,0.064040289,0.118668974,0.277767601,0.21283364,0.227415966,0.197992798,0.203167932,1,0.219356844,0.078121716,0.3197337,0.070466009,0.112109542,0.240885984,0.110118711,0.082894306,0.071489345,0.213311714,0.073596392,0.071971621,0.195907734,0.124690856,0.18113425,0.101115387,0.193918358,0.285066203,0.16347182,0.148003453,0.060276021,0.048180647,0.429446036,0.145125542,0.074658889,0.249359249,0.115605551,0.17950122,0.101134249,0.080534484,0.156596765,0.365029481,0.27468691,0.005386055,0.069004847,0.009179972,0.01180567,0.151176408,0.109668491,0.189766367,0.105333091,0.176155907,0.093469114,0.014586884,0.151827794,0.054910024,0.010211626,0.017043493,0.038812481,0.027933168,0.039868489,0.046138511,0.030357314,0.02222182,0.019000116,0.222859627,0.021429412,0.125067037,0.058930857,0.06618802,0.011775437,0.073897613,0.016126704,0.022573453,0.012622729,0.034137666,0.035515797,0.100405428,0.075695875,0.012413496,0.025512594,0.069668826,0.006427756,0.009944238,0.032159731,0.035250267,0.025716625,0.044908152,0.030557721,0.040155992,0.032269535,0.013354335,0.019910615,0.019333089,0.013071736,0.056781672,0.019715203,0.038916949,0.040391132,0.021873602,0.098645264,0.041607996,0.061846551,0.008151239,0.00253225,0.020312737,0.038544055,0.003744667,0.001449381,0.01776897,0.010286733,0.154337834,0.057860733,0.082390488,0.187278602,0.013532349,0.10784556,0.016935097,0.010195868,0.011380385
Clostridium_scindens_ATCC_35704,0.159543027,0.057367193,0.133989802,0.025912212,0.027180293,0.220369619,0.030303147,0.073769011,0.045086288,0.079662366,0.15745533,0.158348651,0.062441796,0.113633792,0.169944996,0.169666753,0.069027848,0.11869899,0.032007409,0.081808656,0.127652537,0.114790924,0.094756858,0.179652545,0.056093354,0.037891162,0.022182157,0.102739369,0.151699265,0.028125118,0.127049551,0.062363808,0.111736218,0.172905315,0.25733043,0.19612654,0.084390542,0.063662034,0.472612389,0.187504311,0.102043641,0.084058854,0.385198712,0.219356844,1,0.046695778,0.159006082,0.038755747,0.039083732,0.246990798,0.09064728,0.062222838,0.02198425,0.346380394,0.045264743,0.039155453,0.146574631,0.068643575,0.067937498,0.065457518,0.19473994,0.232859966,0.099417056,0.088961503,0.034302489,0.033087458,0.264389599,0.087401337,0.037086221,0.099322236,0.048835402,0.107657131,0.048275069,0.049578624,0.100396005,0.264117566,0.07910717,0.013870441,0.173892635,0.02364073,0.030402559,0.159530542,0.229630075,0.057878582,0.062206534,0.190790754,0.138044666,0.037564883,0.288259439,0.141407077,0.026297496,0.037870904,0.099951868,0.055658763,0.090404312,0.11881823,0.078177693,0.039185265,0.048930061,0.08910262,0.055186107,0.113421062,0.151761729,0.1431563,0.022798663,0.051337972,0.041530304,0.04670175,0.02453451,0.087913048,0.090979752,0.205456781,0.141196727,0.031967865,0.045488369,0.135366816,0.016553082,0.008527138,0.074810481,0.075531567,0.029009288,0.066386649,0.153228442,0.082277445,0.100630199,0.034390761,0.159728167,0.037723897,0.033662997,0.212208697,0.028632794,0.122981344,0.1104868,0.014602614,0.066038592,0.043841306,0.103952433,0.020991484,0.006521178,0.050290278,0.067332183,0.009643456,0.003732519,0.043877928,0.013750472,0.277399921,0.098281799,0.376713522,0.280330579,0.034849192,0.205650959,0.04361212,0.026256915,0.018577776
Clostridium_sp_L2_50,0.040453811,0.006093897,0.200028889,0.158313092,0.199132641,0.071455629,0.139593945,0.204955625,0.143231115,0.112881784,0.157703669,0.147865129,0.115622059,0.148781161,0.048713694,0.05585999,0.121883137,0.166183715,0.213843757,0.15255739,0.128271505,0.15856688,0.187785646,0.151760726,0.168347996,0.136918112,0.189237918,0.178867738,0.147453984,0.209236989,0.048738685,0.186277855,0.106512772,0.032287597,0.025196838,0.079824138,0.12283888,0.189836875,0.057833767,0.125957642,0.039307384,0.125957837,0.046040706,0.078121716,0.046695778,1,0.105402148,0.188843743,0.182276323,0.032298759,0.098597561,0.214095494,0.220044729,0.049940246,0.262256704,0.207465002,0.197924703,0.211745338,0.137117418,0.283124087,0.058020293,0.082404314,0.175496598,0.145030238,0.170212114,0.182378752,0.101266637,0.238148486,0.265108399,0.041339441,0.204414179,0.212158893,0.190807987,0.222965637,0.206638915,0.107352294,0.026639492,0.001326957,0.016996397,0.00226166,0.00290855,0.021900028,0.025439046,0.099052584,0.108486338,0.031708552,0.023766277,0.003399934,0.035129111,0.013528124,0.002515827,0.004198987,0.009562189,0.008391939,0.009822357,0.011367095,0.007479099,0.006948041,0.004681038,0.014464449,0.005279541,0.066075695,0.011319337,0.012581418,0.003173839,0.101230295,0.003973119,0.007221601,0.004567435,0.00841046,0.008749989,0.01692537,0.020630613,0.0030583,0.005666984,0.015489889,0.001583599,0.002135615,0.008230552,0.006582477,0.003393675,0.008544366,0.00752175,0.009478287,0.004963872,0.003290093,0.005052276,0.00390713,0.003140891,0.014971662,0.00401025,0.005917966,0.00905174,0.010500868,0.121220761,0.010137591,0.101723983,0.002008212,0.000623868,0.005004427,0.006916112,0.00092257,0.000357082,0.004377722,0.002729053,0.034032168,0.015862673,0.018167762,0.034349786,0.00333395,0.024049289,0.004172282,0.002511945,0.002803773
Clostridium_sp_M62_1,0.155078216,0.015686874,0.303330643,0.062517704,0.073353245,0.26675569,0.083930315,0.066316174,0.10952297,0.106098991,0.297109639,0.315108547,0.111547348,0.184254451,0.156544026,0.115159035,0.153031928,0.130869527,0.092097208,0.292604342,0.265048263,0.28197706,0.222003082,0.278457595,0.130314743,0.135052384,0.077761833,0.275756906,0.252811976,0.194234027,0.214978515,0.286250944,0.133740039,0.08231719,0.058927482,0.170969911,0.071630659,0.285876398,0.186786906,0.269231214,0.224631709,0.149817426,0.114164964,0.3197337,0.159006082,0.105402148,1,0.179989898,0.186359032,0.072309739,0.125723359,0.189773305,0.115351699,0.120596793,0.112637914,0.145806313,0.295613192,0.17514566,0.225582595,0.208633552,0.196652254,0.319633488,0.240392859,0.108738773,0.067541576,0.111951866,0.362558561,0.263694481,0.131894582,0.221036223,0.090433123,0.217560874,0.144455484,0.131660521,0.149515182,0.294940426,0.129582291,0.003059509,0.039197692,0.005214615,0.006706123,0.064065149,0.062296373,0.161348347,0.293309357,0.103455437,0.075246668,0.008285971,0.183250066,0.031191232,0.005800638,0.00968143,0.022047142,0.018544544,0.019553931,0.026208639,0.017244247,0.015251031,0.010792875,0.034945594,0.012172818,0.071716177,0.033475237,0.057523827,0.007317787,0.136636363,0.009160654,0.015645376,0.009764393,0.016755072,0.020174485,0.04355053,0.082260933,0.007051395,0.023407408,0.037570335,0.003651239,0.008697919,0.016475701,0.016214569,0.013467084,0.034085315,0.016666824,0.023856845,0.014730804,0.007585831,0.010983749,0.010691317,0.007425303,0.078730246,0.011223251,0.018576581,0.025984619,0.015457593,0.166600632,0.024250217,0.103225265,0.004630251,0.001438426,0.0115385,0.021196689,0.00212713,0.00082331,0.010093532,0.005137975,0.082797874,0.048319156,0.080045421,0.075931498,0.007686951,0.05706447,0.009619856,0.005791687,0.006464543
Clostridium_sp_SS2_1,0.091235639,0.004112922,0.245365929,0.251482897,0.340077473,0.102590501,0.284132237,0.193962276,0.382389792,0.050765214,0.201265675,0.175393083,0.237661509,0.184260574,0.078301882,0.085309601,0.277656186,0.104299801,0.235901641,0.364141335,0.223296263,0.282541275,0.304641797,0.170127588,0.238449008,0.376492035,0.442076833,0.315518486,0.185292475,0.517185086,0.13024598,0.504403447,0.143878816,0.043171558,0.011207718,0.07306126,0.096811138,0.477801677,0.033293136,0.10465351,0.136558049,0.12890803,0.019892116,0.070466009,0.038755747,0.188843743,0.179989898,1,0.403012799,0.012540952,0.131945422,0.51854587,0.491696213,0.023568198,0.10019319,0.624709039,0.218963967,0.266264043,0.244350916,0.364109453,0.079248394,0.091244363,0.276737761,0.191928541,0.282432468,0.12319574,0.08944973,0.304190901,0.381948911,0.122615857,0.267357388,0.245826676,0.522568776,0.489809681,0.288046949,0.076191478,0.078142537,0.000595523,0.00760359,0.001015008,0.001305325,0.008547181,0.011519816,0.094258918,0.317924184,0.032180063,0.013798784,0.001429186,0.053328771,0.006071272,0.001129075,0.001884459,0.004291405,0.00449888,0.003823869,0.005101427,0.003356537,0.003729172,0.002100798,0.00460327,0.0023694,0.047655559,0.004991795,0.00568843,0.001424384,0.10728065,0.001783092,0.009338345,0.003090978,0.00327659,0.003780594,0.00993362,0.012897462,0.001372531,0.012594664,0.010553175,0.000710702,0.005210526,0.003221756,0.032406955,0.008509857,0.014354813,0.010209291,0.017682413,0.005224393,0.001476557,0.036889813,0.002137614,0.001445311,0.015376183,0.018538304,0.006575081,0.004901744,0.016661657,0.11984759,0.004720226,0.044118049,0.000901263,0.000279985,0.002171037,0.005698571,0.000414039,0.000160255,0.001964673,0.001336955,0.032992654,0.006007799,0.024353947,0.02542929,0.00149624,0.011556347,0.001872474,0.001120009,0.001258302
Collinsella_aerofaciens_ATCC_25986,0.114935446,0.007500101,0.380481432,0.196296427,0.219378337,0.136988404,0.276435868,0.170663444,0.243799961,0.112650711,0.303251582,0.253945278,0.286817346,0.203774545,0.1531129,0.053016861,0.283447665,0.083997862,0.266933948,0.347642571,0.316414664,0.36504015,0.348564903,0.230502268,0.208238711,0.231201913,0.259452271,0.423407868,0.25523914,0.475061628,0.131033218,0.465725267,0.237081534,0.046242584,0.018220792,0.115211286,0.170423963,0.478887191,0.04874869,0.150967091,0.115105883,0.178365854,0.032357049,0.112109542,0.039083732,0.182276323,0.186359032,0.403012799,1,0.021238691,0.129323104,0.478227027,0.389545082,0.040397502,0.192124606,0.456636045,0.320964823,0.395772763,0.30213612,0.535083176,0.103049209,0.147485778,0.373991447,0.172675366,0.292529892,0.211874021,0.129509999,0.413936498,0.230055266,0.096261383,0.15609566,0.345010302,0.461543109,0.444055576,0.225021792,0.118733136,0.08388027,0.001026214,0.012159476,0.001847355,0.002336244,0.026179597,0.020182584,0.159580164,0.303757123,0.055169069,0.022259478,0.002935428,0.082796513,0.010428224,0.002054962,0.00342979,0.007574531,0.007244068,0.006170776,0.008597884,0.005783515,0.006787239,0.003742807,0.009448319,0.004231375,0.043075133,0.010133498,0.011136272,0.002565278,0.162963318,0.003097912,0.01641879,0.005608154,0.004369143,0.005684806,0.011538516,0.042544993,0.002477467,0.021756231,0.016675871,0.001264043,0.036152746,0.003963018,0.045400359,0.015488274,0.02588979,0.009154387,0.026542503,0.004136855,0.00266957,0.00324413,0.003615374,0.001576966,0.026983579,0.015498415,0.005521965,0.003042248,0.032980198,0.153107872,0.008590998,0.076394148,0.001567578,0.000480313,0.004054042,0.010574394,0.000470572,0.00029167,0.00297503,0.002433311,0.046846493,0.039320224,0.026612236,0.036825953,0.002314611,0.018904704,0.002922406,0.001855293,0.00229016
Coprobacillus_sp_D7,0.147792037,0.079176335,0.06086776,0.012448143,0.014463466,0.116135923,0.019441905,0.047706329,0.019450241,0.065363072,0.081357586,0.095620281,0.046195416,0.0737215,0.143098224,0.15001963,0.050969139,0.07351921,0.024186069,0.031531539,0.092791867,0.048088805,0.049996059,0.113765786,0.026685993,0.026168898,0.007681105,0.047608006,0.095284212,0.013876695,0.069314108,0.022777819,0.06174051,0.114418451,0.354518255,0.139202832,0.03568026,0.023436666,0.280945563,0.08079305,0.07666726,0.07743356,0.387161938,0.240885984,0.246990798,0.032298759,0.072309739,0.012540952,0.021238691,1,0.060256746,0.02055497,0.015499688,0.348161413,0.038725727,0.013973716,0.069132218,0.037718822,0.038928021,0.027639045,0.12030349,0.128296431,0.043521413,0.054069569,0.021811414,0.02038852,0.169500999,0.060075328,0.014226728,0.080009762,0.041162424,0.0587333,0.025310593,0.027540983,0.045575781,0.149566764,0.101105534,0.022207233,0.248302753,0.037849926,0.048675935,0.409944055,0.276162738,0.034732811,0.02158945,0.196179048,0.101100308,0.060143154,0.173914156,0.211294973,0.038634897,0.047585087,0.158169752,0.087667612,0.111399358,0.187311603,0.124811363,0.051148579,0.078339341,0.499679602,0.085578584,0.141503243,0.1796552,0.119816414,0.026256928,0.039133068,0.06649198,0.051366039,0.028754513,0.138274934,0.14399531,0.273003114,0.167346736,0.051182063,0.04949926,0.134928666,0.026502267,0.005337243,0.094613827,0.029977249,0.033601604,0.07602392,0.046165819,0.057126024,0.0433801,0.044254045,0.014835833,0.052216574,0.028478311,0.098984611,0.026836474,0.053367784,0.10397547,0.014829521,0.036314327,0.03751556,0.040340772,0.033549208,0.010440714,0.083751409,0.09412881,0.015439629,0.00597594,0.059684518,0.031576062,0.191291671,0.139865881,0.100549302,0.304960332,0.055795204,0.225678079,0.064689115,0.042038562,0.024169441
Coprococcus_eutactus_ATCC_27759,0.06004222,0.014288469,0.201597957,0.087263231,0.065175717,0.147628146,0.087397609,0.080126854,0.053018579,0.130125587,0.207057968,0.186144069,0.081813332,0.078387976,0.083814848,0.073796125,0.149179926,0.442993389,0.074662816,0.260655385,0.186663305,0.19335743,0.243926088,0.219314734,0.050558848,0.081928867,0.083748667,0.179387922,0.19332183,0.095728401,0.05658205,0.110922849,0.159000024,0.049065776,0.062704856,0.129715122,0.061336392,0.164722098,0.099824093,0.118021283,0.05078612,0.078714564,0.094208946,0.110118711,0.09064728,0.098597561,0.125723359,0.131945422,0.129323104,0.060256746,1,0.158181281,0.128114638,0.104259937,0.078220335,0.101507123,0.24754937,0.14964668,0.156810663,0.203677636,0.115346054,0.124279628,0.183866582,0.099509279,0.068864691,0.050273484,0.181883333,0.236236319,0.147682908,0.045519846,0.195225729,0.166684488,0.128400893,0.163187465,0.200373991,0.176302688,0.029700301,0.003363335,0.041730675,0.005732457,0.00737208,0.031777064,0.051700219,0.062657409,0.100309854,0.058562649,0.039684541,0.008273337,0.074750921,0.034288701,0.006376675,0.010185401,0.02423655,0.013432545,0.020834661,0.028811307,0.0189567,0.011803444,0.011864669,0.019542434,0.013381649,0.094067218,0.028206262,0.029598204,0.006402647,0.065975464,0.01007036,0.012670288,0.006980868,0.017082876,0.020742244,0.026722501,0.039791611,0.007751639,0.0109963,0.028333803,0.004013828,0.004519336,0.015730523,0.008963187,0.006077083,0.018837825,0.01106659,0.015320523,0.006557209,0.008339148,0.006336627,0.007927023,0.004719038,0.028316961,0.104698706,0.008922118,0.015629722,0.008829111,0.139710492,0.024628787,0.095664768,0.005090061,0.00158127,0.012038959,0.009503079,0.002338367,0.000905069,0.010997263,0.003388187,0.105988271,0.028115937,0.04692855,0.073003422,0.008450309,0.055293561,0.010575163,0.006366835,0.00710651
Dorea_formicigenerans_ATCC_27755,0.142684219,0.006137074,0.392622903,0.205107127,0.244697091,0.150692318,0.249940007,0.182188323,0.325802275,0.080239728,0.325523361,0.277281912,0.282067803,0.212383561,0.175996573,0.071028473,0.377634718,0.103715391,0.259424576,0.457829211,0.340025064,0.429292606,0.469620474,0.261157595,0.263037622,0.312106282,0.311017923,0.491510371,0.295882181,0.445052626,0.151748776,0.448249053,0.176329946,0.085081337,0.016957232,0.078946534,0.189410606,0.494458225,0.059208158,0.172350027,0.173437793,0.181981909,0.031495134,0.082894306,0.062222838,0.214095494,0.189773305,0.51854587,0.478227027,0.02055497,0.158181281,1,0.414172271,0.037033994,0.191412137,0.530467844,0.349017703,0.35818769,0.271467664,0.540777824,0.111516246,0.14914641,0.403336208,0.188672447,0.278031352,0.18955788,0.140708846,0.4357405,0.276753467,0.140103661,0.253399964,0.371309364,0.516452474,0.655553535,0.330795065,0.115399821,0.079797942,0.000885986,0.011212506,0.001510072,0.001941989,0.027184856,0.018040063,0.107806263,0.34075485,0.048519878,0.026732676,0.002399489,0.081365421,0.009032497,0.001679775,0.002803592,0.00638451,0.006592817,0.005988168,0.007589615,0.004993666,0.005548052,0.003125449,0.009528079,0.003525059,0.071015407,0.009693909,0.015190053,0.002119118,0.153856776,0.002652783,0.008388132,0.004598583,0.005081835,0.005554505,0.014966794,0.045857197,0.002041975,0.018737632,0.015823099,0.001057342,0.016674399,0.005092674,0.017438255,0.012660485,0.02141876,0.015188808,0.011723468,0.007772558,0.002196739,0.03973765,0.003180222,0.002150252,0.022875819,0.027580244,0.009782034,0.007853986,0.036144094,0.169379236,0.007022487,0.078593436,0.001340849,0.000416546,0.003341371,0.009534162,0.000615984,0.000238418,0.00292293,0.001989046,0.046437347,0.035853522,0.03623243,0.034003566,0.002226022,0.017987217,0.002785761,0.001677183,0.001872031
Dorea_longicatena_DSM_13814,0.074244562,0.003500169,0.208154622,0.238536244,0.454294299,0.088433295,0.36289269,0.200316903,0.263994222,0.118111402,0.169436049,0.145816153,0.212796338,0.162929586,0.095137925,0.080050638,0.297455647,0.10264858,0.314898085,0.29809493,0.200774789,0.237032106,0.295745362,0.153292618,0.233936942,0.362389606,0.476222609,0.263466488,0.181220101,0.433228316,0.069999468,0.32606021,0.099184768,0.06906539,0.00973242,0.067355123,0.153077604,0.342874228,0.03069093,0.073965582,0.114956289,0.105578002,0.017357086,0.071489345,0.02198425,0.220044729,0.115351699,0.491696213,0.389545082,0.015499688,0.128114638,0.414172271,1,0.021138281,0.133180116,0.536593307,0.18972464,0.242190908,0.233998339,0.365610979,0.068084643,0.07846808,0.236196633,0.203195584,0.36752931,0.247189552,0.076308926,0.275780575,0.426718954,0.108776268,0.215359044,0.210063567,0.479674657,0.410348174,0.244363706,0.063908128,0.116989812,0.000505306,0.006464386,0.000861242,0.001107578,0.019351875,0.010002598,0.092124847,0.203857027,0.027660941,0.012006363,0.001368505,0.037767545,0.005151521,0.000958029,0.001598978,0.00364129,0.003830189,0.003740362,0.0043286,0.002848047,0.003164231,0.001782543,0.008487847,0.002010454,0.040633662,0.004462186,0.005063506,0.0012086,0.098126711,0.001512967,0.007923657,0.002622718,0.00320271,0.003237233,0.007825795,0.015500261,0.001164603,0.010686669,0.008968326,0.000603036,0.028189562,0.003134201,0.017602117,0.007220678,0.012215802,0.005065511,0.00975481,0.002707438,0.00125287,0.002317548,0.001813782,0.001226358,0.006525084,0.015729893,0.003356587,0.003817067,0.039289746,0.109777832,0.004005148,0.044691049,0.000764729,0.000237569,0.00190569,0.005452207,0.000351315,0.000135977,0.00166704,0.001134417,0.026180559,0.013391288,0.011244185,0.025074742,0.001269571,0.010716099,0.001588808,0.000956551,0.001067679
Enterococcus_faecalis_TX0104,0.095656658,0.095547403,0.093014816,0.023649047,0.018484995,0.223941609,0.025606407,0.049979608,0.028667115,0.098281726,0.106653144,0.126040665,0.044850364,0.089795316,0.129578612,0.166245814,0.04787959,0.134096775,0.03450292,0.056547529,0.086974521,0.074608933,0.059383369,0.123060908,0.037250089,0.024528223,0.013222968,0.062162087,0.102695236,0.024786875,0.1200831,0.041682506,0.102326825,0.109309948,0.45303302,0.258335854,0.050744541,0.042346459,0.483285791,0.162754812,0.065767159,0.087527985,0.65740162,0.213311714,0.346380394,0.049940246,0.120596793,0.023568198,0.040397502,0.348161413,0.104259937,0.037033994,0.021138281,1,0.059783102,0.025540201,0.098225971,0.073457794,0.076491981,0.049198096,0.187460669,0.232124901,0.075744832,0.067693743,0.019498752,0.03252568,0.240454738,0.067350344,0.026884104,0.071577866,0.043104909,0.096682186,0.033849109,0.041048145,0.059053583,0.308904041,0.05543139,0.023547405,0.289475357,0.040134111,0.051613453,0.181662155,0.364790129,0.063707676,0.034202693,0.265893002,0.126669693,0.063772701,0.225704268,0.240062272,0.044265023,0.074512798,0.16968509,0.106697224,0.141363494,0.201713909,0.132719769,0.077728437,0.083067,0.121710464,0.093687688,0.136750458,0.201413793,0.135589458,0.046478375,0.081841591,0.070504669,0.073093527,0.047999746,0.124733321,0.155272246,0.201212293,0.195550353,0.054270822,0.076695002,0.167525875,0.028101639,0.014906281,0.100624602,0.069992654,0.038630423,0.124306337,0.062121211,0.080894675,0.049469967,0.058384095,0.022591681,0.059715404,0.031400637,0.122582647,0.036975592,0.062514531,0.100010793,0.017542736,0.074143886,0.11578089,0.060491043,0.035636571,0.011070795,0.088805677,0.083039055,0.016371387,0.006336578,0.077684529,0.019434227,0.202102019,0.156149343,0.114578104,0.260193613,0.059162359,0.279164686,0.074038902,0.044575525,0.033171166
Eubacterium_biforme_DSM_3989,0.094877149,0.011800196,0.238667399,0.016646574,0.098062138,0.058944814,0.098392045,0.101739489,0.114264254,0.092237853,0.219464157,0.197639189,0.154402252,0.156789454,0.139498346,0.036978959,0.110078576,0.054131644,0.193531587,0.193187891,0.169068716,0.209428251,0.208874494,0.197351784,0.140712347,0.072332147,0.094848464,0.249664096,0.208422316,0.154668919,0.053743666,0.10168722,0.087411381,0.028794344,0.042271389,0.082683576,0.30596448,0.1742162,0.052105128,0.097253953,0.068168833,0.100368873,0.055989552,0.073596392,0.045264743,0.262256704,0.112637914,0.10019319,0.192124606,0.038725727,0.078220335,0.191412137,0.133180116,0.059783102,1,0.142290225,0.238532898,0.299153458,0.079185616,0.253185871,0.033057365,0.106976543,0.240756336,0.115090455,0.110478279,0.223368946,0.101342577,0.260080124,0.121905986,0.029315918,0.032482767,0.197508229,0.140230109,0.184302551,0.164478618,0.11882986,0.019047707,0.003327378,0.030658741,0.005494089,0.007293266,0.020770862,0.037066995,0.115806514,0.090987576,0.034480428,0.027366185,0.007414315,0.054030946,0.032798431,0.005231954,0.007343212,0.023450849,0.021502387,0.013279204,0.026612609,0.018319915,0.018273948,0.011737825,0.015519562,0.013082211,0.02061681,0.025277451,0.026025227,0.007958483,0.177469906,0.009604713,0.045755175,0.017135288,0.014839051,0.017599727,0.022104408,0.031280672,0.007668767,0.007129207,0.030832222,0.003970917,0.013520088,0.013133941,0.00448217,0.04197414,0.038174921,0.026357604,0.044584662,0.003431633,0.005546419,0.007569869,0.006878398,0.003614961,0.030365954,0.004988469,0.004593617,0.008990041,0.073735254,0.145594906,0.016648063,0.256436002,0.004885096,0.001564364,0.011200747,0.024804131,0.001991212,0.000895393,0.009007095,0.001806398,0.067010173,0.02290948,0.023606913,0.069445731,0.007649943,0.03841027,0.009277559,0.005103268,0.002625185
Eubacterium_hallii_DSM_3353,0.086300061,0.004255045,0.248414025,0.22828663,0.357420751,0.105518469,0.308070207,0.184864634,0.298728727,0.059222756,0.19221461,0.166243077,0.224030989,0.140513714,0.090854806,0.092374012,0.315055862,0.062935232,0.242053349,0.296652974,0.244880076,0.266926421,0.300613714,0.18290479,0.288501583,0.38993287,0.412745518,0.301037207,0.211717423,0.488131491,0.119435997,0.460557549,0.16233608,0.079391864,0.011606873,0.080853098,0.158668662,0.430114518,0.037286015,0.104510768,0.127719656,0.173576533,0.020820757,0.071971621,0.039155453,0.207465002,0.145806313,0.624709039,0.456636045,0.013973716,0.101507123,0.530467844,0.536593307,0.025540201,0.142290225,1,0.219064037,0.252291433,0.243255394,0.408038239,0.082186529,0.095684824,0.293039266,0.191375371,0.345143864,0.143627442,0.086109882,0.307899084,0.349443983,0.117430626,0.209320673,0.236347901,0.558478233,0.474548042,0.257495447,0.075480902,0.08330164,0.000614285,0.007870071,0.001046985,0.001346448,0.018541385,0.01192375,0.088234197,0.333701396,0.033062619,0.014253175,0.001515033,0.051995207,0.006262542,0.001164646,0.001943827,0.004426602,0.004744606,0.003880366,0.005262143,0.003462282,0.003846656,0.002166982,0.006481618,0.002444046,0.045589986,0.005189735,0.005904139,0.001469258,0.106171401,0.001839266,0.009632541,0.003188356,0.003315895,0.004023984,0.009819127,0.029050555,0.001415772,0.012991448,0.010821242,0.000733092,0.00194033,0.003259338,0.037413901,0.008777952,0.014848408,0.010530926,0.014467609,0.005388983,0.001523075,0.038051993,0.002204958,0.001490844,0.015860596,0.007903456,0.006782222,0.003340154,0.037093969,0.122242296,0.004868933,0.055194132,0.000929657,0.000288806,0.002316688,0.00247521,0.000427083,0.000165303,0.002026569,0.001379075,0.031899094,0.024791158,0.025121196,0.026235954,0.001543378,0.011896837,0.001931465,0.001162849,0.001297944
Eubacterium_rectale_M104_1,0.190695352,0.016726777,0.691384806,0.120444098,0.144957536,0.304650652,0.157251957,0.195009762,0.157212755,0.137257967,0.647045574,0.607141996,0.198282867,0.24207454,0.190653352,0.144891027,0.306320352,0.145959006,0.187740671,0.43584966,0.478462846,0.535565348,0.494421624,0.530386527,0.149812386,0.179391548,0.124266712,0.50614483,0.551594481,0.219299774,0.161134501,0.301006992,0.251146017,0.086769783,0.046705521,0.158701808,0.183116789,0.351683848,0.136930357,0.283445059,0.151218805,0.193494711,0.086019064,0.195907734,0.146574631,0.197924703,0.295613192,0.218963967,0.320964823,0.069132218,0.24754937,0.349017703,0.18972464,0.098225971,0.238532898,0.219064037,1,0.405627564,0.29878287,0.457338054,0.201792838,0.31028629,0.51456086,0.22898969,0.156248691,0.179547318,0.344648642,0.529540089,0.163129212,0.124858351,0.15269672,0.463722227,0.294323835,0.336314181,0.291927502,0.303813915,0.091276017,0.002424946,0.031027454,0.004133069,0.005315228,0.051596017,0.049375681,0.149959557,0.219995703,0.108832774,0.054584278,0.006567405,0.158278246,0.024721958,0.004597546,0.007673435,0.017474415,0.018363806,0.017949858,0.020772789,0.013667673,0.015185026,0.008554359,0.032945693,0.009648093,0.104716769,0.026111614,0.027298978,0.005800028,0.211688995,0.007260672,0.029391593,0.012586328,0.015369688,0.015535907,0.045424926,0.050832572,0.005588887,0.024996217,0.035324238,0.002893947,0.035134564,0.015040915,0.050412713,0.018340387,0.040421621,0.041571791,0.037781843,0.021273503,0.006012478,0.027343205,0.008704273,0.005885244,0.048870027,0.033184198,0.026773443,0.022907107,0.051537043,0.267522736,0.019220557,0.15052919,0.003669905,0.001140086,0.009145337,0.027149944,0.001685949,0.00065255,0.008000065,0.005444023,0.137347089,0.026038179,0.090941043,0.11634735,0.006092625,0.051695032,0.007624633,0.004590452,0.005123753
Eubacterium_siraeum_70_3,0.161440743,0.01279487,0.468961576,0.13667542,0.194430166,0.221873398,0.238997218,0.27633854,0.190959286,0.115235608,0.420008858,0.372214833,0.267459023,0.238187659,0.195621027,0.06734457,0.303534515,0.106669169,0.310523905,0.360379798,0.343888602,0.427093682,0.461022833,0.331658798,0.218693158,0.201659249,0.168686943,0.454874514,0.360844968,0.263157001,0.125237985,0.271973571,0.202139813,0.037095722,0.035189073,0.151631131,0.156297807,0.367211772,0.091627844,0.197047923,0.119452049,0.17797822,0.061886899,0.124690856,0.068643575,0.211745338,0.17514566,0.266264043,0.395772763,0.037718822,0.14964668,0.35818769,0.242190908,0.073457794,0.299153458,0.252291433,0.405627564,1,0.290949129,0.423092205,0.17497841,0.214081484,0.438058724,0.161570398,0.217614854,0.191778026,0.211215444,0.437948414,0.203106064,0.076321801,0.161115539,0.496435092,0.279429713,0.389218384,0.284888369,0.21229732,0.045687831,0.001847147,0.022989319,0.003148271,0.004048754,0.023003081,0.036456489,0.136160462,0.175431443,0.053948706,0.038549544,0.005002571,0.119839217,0.018831389,0.003502076,0.005845065,0.013310738,0.014029991,0.010973173,0.015588413,0.010411039,0.010785537,0.006516089,0.012828494,0.007349215,0.070337991,0.020210334,0.021707158,0.00441804,0.208248431,0.005530652,0.028941586,0.009587349,0.00926289,0.011964225,0.023778289,0.023759433,0.004257208,0.039065127,0.023647068,0.002204398,0.036004111,0.009111508,0.044587948,0.026395196,0.044654873,0.017977849,0.05610092,0.009487284,0.004579868,0.007552076,0.006630282,0.004482951,0.020305954,0.016384537,0.01183341,0.008621233,0.068789593,0.221720247,0.014640822,0.080336665,0.002795467,0.000868435,0.006788087,0.018353912,0.001149106,0.000497065,0.005551841,0.004146861,0.066955752,0.017171326,0.031398561,0.070214339,0.004291771,0.034643161,0.005327327,0.003496672,0.003902902
Eubacterium_ventriosum_ATCC_27560,0.123377701,0.014082498,0.310022055,0.227215922,0.162469465,0.241905638,0.199029183,0.175862265,0.155070602,0.229614915,0.242429827,0.258771282,0.212622999,0.110503478,0.116788694,0.140518884,0.180465952,0.112017053,0.162399836,0.234594247,0.257010665,0.29001665,0.249357037,0.263595354,0.123562826,0.141034028,0.134998156,0.256476949,0.254985329,0.229869441,0.189772982,0.312273779,0.178331174,0.036022704,0.037859684,0.158980413,0.083376408,0.256150722,0.095667929,0.172012415,0.107927417,0.152066696,0.062638098,0.18113425,0.067937498,0.137117418,0.225582595,0.244350916,0.30213612,0.038928021,0.156810663,0.271467664,0.233998339,0.076491981,0.079185616,0.243255394,0.29878287,0.290949129,1,0.299152779,0.198520545,0.200874647,0.311421102,0.154642223,0.153440254,0.093909659,0.20483668,0.295666608,0.207767692,0.091730478,0.205884226,0.348276314,0.276637691,0.244648358,0.175253332,0.168229276,0.079112579,0.002033037,0.025038571,0.003465101,0.004456205,0.022109492,0.036088445,0.18461729,0.168016624,0.063281897,0.031204476,0.005053608,0.105572635,0.02072651,0.003854512,0.00643329,0.014650281,0.014557847,0.012151006,0.017415587,0.011458767,0.012730892,0.007171843,0.012220979,0.008088813,0.083905419,0.017157294,0.018697132,0.004862655,0.124598358,0.006087236,0.031813853,0.010552184,0.010078161,0.012535586,0.020445929,0.025672188,0.004685637,0.041689204,0.024673673,0.002426241,0.060802716,0.010309042,0.036318831,0.006357227,0.033061163,0.017382764,0.049734232,0.008061484,0.005040769,0.00609576,0.006913673,0.003294253,0.013850106,0.008658544,0.01063829,0.009405849,0.022793143,0.184666773,0.01611422,0.031378397,0.003076792,0.000955831,0.007450414,0.006883575,0.001413474,0.000547088,0.006392608,0.00344956,0.06248745,0.01873539,0.032604218,0.06873982,0.005005566,0.034677804,0.0061455,0.003848564,0.004295676
Faecalibacterium_prausnitzii_SL3_3,0.12488338,0.008024643,0.512894286,0.162386561,0.230257073,0.177638668,0.284495171,0.207376802,0.242731123,0.133002326,0.401484741,0.345541442,0.254748814,0.20135536,0.139448708,0.07326339,0.424767444,0.134284962,0.273508903,0.484238789,0.428679239,0.462366706,0.548861362,0.328294595,0.212821273,0.293377148,0.258699706,0.553785458,0.34894488,0.408320147,0.142382751,0.397657764,0.216167316,0.07879526,0.022312979,0.091063743,0.235231029,0.489076982,0.072697092,0.211659923,0.142842567,0.197466843,0.041759475,0.101115387,0.065457518,0.283124087,0.208633552,0.364109453,0.535083176,0.027639045,0.203677636,0.540777824,0.365610979,0.049198096,0.253185871,0.408038239,0.457338054,0.423092205,0.299152779,1,0.122600268,0.177349798,0.470699365,0.20333754,0.266037046,0.257094035,0.175356251,0.569593189,0.27722626,0.117145581,0.209253711,0.422709046,0.415508509,0.470737484,0.31013118,0.151603894,0.065328939,0.001158487,0.014842265,0.001974522,0.002539284,0.036342573,0.023588615,0.139813975,0.282896592,0.058995098,0.027071164,0.003137495,0.106464417,0.011810607,0.00219642,0.003665888,0.008348183,0.00954907,0.007393654,0.00992394,0.00652956,0.007254456,0.004086738,0.013244174,0.004609256,0.076165807,0.011093093,0.012210244,0.002770891,0.174054028,0.003468695,0.018166129,0.006012961,0.006330155,0.007639099,0.020467267,0.063890959,0.002670021,0.024500733,0.020486284,0.001382547,0.046466497,0.006223689,0.038043422,0.016554449,0.028006491,0.01816639,0.035579193,0.01016315,0.002872386,0.011331488,0.004158357,0.002811602,0.029911696,0.033001124,0.012790678,0.009832004,0.033954441,0.193847578,0.009182381,0.11800479,0.001753251,0.000544662,0.00436907,0.012028077,0.000805441,0.000311748,0.003821931,0.002600814,0.063825855,0.046814446,0.042896918,0.049984242,0.002910675,0.023071618,0.003642573,0.002193031,0.002447809
Gordonibacter_pamelaeae_7_10_1_bT_DSM_19378,0.130228374,0.036617083,0.210041474,0.11313405,0.071670272,0.395890241,0.089451653,0.154307699,0.051375508,0.104350065,0.201331483,0.254196418,0.159825923,0.183013564,0.193452077,0.150323009,0.123882723,0.123993857,0.068459071,0.124513549,0.206120045,0.183279067,0.151774621,0.248572456,0.101168078,0.083601618,0.054842977,0.178221148,0.221918589,0.071900498,0.175280661,0.114669236,0.190823685,0.066827986,0.097873136,0.336184533,0.03381936,0.075833257,0.266533379,0.162312592,0.116067243,0.272984458,0.17219797,0.193918358,0.19473994,0.058020293,0.196652254,0.079248394,0.103049209,0.12030349,0.115346054,0.111516246,0.068084643,0.187460669,0.033057365,0.082186529,0.201792838,0.17497841,0.198520545,0.122600268,1,0.364549029,0.171411203,0.091787856,0.080058541,0.039361842,0.332056401,0.148332185,0.077461433,0.080956924,0.141719264,0.263704603,0.107660988,0.120388867,0.134340369,0.297201632,0.108988516,0.005600806,0.069061166,0.008290698,0.012276381,0.083971693,0.102929249,0.158630007,0.048305332,0.118931456,0.25347272,0.015168487,0.245771499,0.053608089,0.01061878,0.017723044,0.039768814,0.02846957,0.029098913,0.046379966,0.031567708,0.019837164,0.019757681,0.050862953,0.022271031,0.184045748,0.060979637,0.245527084,0.013145279,0.11104742,0.016769701,0.024278027,0.014006886,0.028184314,0.036556986,0.077802809,0.066713175,0.011468302,0.0822097,0.052099759,0.006684041,0.006296872,0.026857218,0.038360382,0.017734359,0.088034148,0.026158686,0.038085927,0.026828721,0.013886794,0.016092076,0.019962445,0.013592927,0.0349925,0.031136942,0.031136123,0.029974877,0.016829509,0.12509334,0.022234405,0.021602554,0.008476242,0.002633214,0.021122639,0.02073513,0.003769534,0.00150717,0.017105228,0.012504128,0.104418674,0.049808759,0.08011489,0.134157336,0.013292829,0.084349437,0.016427074,0.010602393,0.010420805
Holdemania_filiformis_VPI_J1_31B_1_DSM_12042,0.15835417,0.039075048,0.308250407,0.092433792,0.066262571,0.435996532,0.089334199,0.141328307,0.080139189,0.115434559,0.323557115,0.398652397,0.131804408,0.223721962,0.181221914,0.198773647,0.145724885,0.162243447,0.093059953,0.19843916,0.27606114,0.260024651,0.210260157,0.342500808,0.097621918,0.089671122,0.052912889,0.226212879,0.31787826,0.096388025,0.237227806,0.16404455,0.266327207,0.110301589,0.107977021,0.34200724,0.066540553,0.133783363,0.342376785,0.27989351,0.140145647,0.230569245,0.206656108,0.285066203,0.232859966,0.082404314,0.319633488,0.091244363,0.147485778,0.128296431,0.124279628,0.14914641,0.07846808,0.232124901,0.106976543,0.095684824,0.31028629,0.214081484,0.200874647,0.177349798,0.364549029,1,0.248021331,0.137440695,0.060876024,0.073536263,0.458398029,0.216374388,0.069895736,0.121731182,0.09238486,0.28789744,0.125954764,0.140222392,0.152674165,0.431695466,0.12819798,0.005701358,0.071968746,0.009717373,0.012496781,0.121178868,0.116088549,0.096090045,0.09428566,0.218341389,0.129422986,0.015440809,0.232725623,0.057637826,0.01080942,0.018041229,0.041084587,0.044577688,0.031616565,0.04751107,0.031609681,0.03570194,0.020112394,0.060785912,0.022683902,0.164615126,0.062380704,0.094011144,0.013636609,0.131336158,0.01707077,0.06618168,0.029592068,0.027937316,0.036337669,0.074514792,0.140535702,0.01314019,0.030373575,0.077320334,0.00680404,0.009452673,0.025005831,0.034421876,0.01709157,0.043346681,0.047370848,0.073865014,0.022286384,0.014136106,0.014389588,0.019317504,0.009275898,0.088504642,0.022672928,0.029288797,0.045035819,0.024673957,0.1791288,0.040054888,0.072265739,0.008628417,0.002680489,0.021501857,0.034001711,0.002989775,0.001534228,0.016554084,0.012799595,0.166403701,0.093517796,0.104322975,0.17031669,0.012676243,0.097047131,0.015864248,0.01079274,0.012046599
Parabacteroides_distasonis_ATCC_8503,0.184999884,0.012490448,0.549936439,0.166871973,0.189410358,0.254460659,0.223747172,0.263747835,0.186171547,0.109104384,0.502623529,0.47255347,0.212481105,0.210645897,0.200334281,0.119296699,0.366099511,0.108283078,0.271528498,0.54661326,0.465787639,0.53837244,0.494733013,0.50293347,0.241062768,0.214633886,0.166136009,0.579504231,0.562102907,0.252760924,0.15886829,0.341317474,0.232124901,0.09739725,0.034540051,0.13461124,0.190448417,0.410790269,0.11096631,0.213578457,0.217853137,0.235835043,0.063323885,0.16347182,0.099417056,0.175496598,0.240392859,0.276737761,0.373991447,0.043521413,0.183866582,0.403336208,0.236196633,0.075744832,0.240756336,0.293039266,0.51456086,0.438058724,0.311421102,0.470699365,0.171411203,0.248021331,1,0.266704915,0.197722655,0.163671948,0.260723593,0.476269146,0.186174014,0.146654002,0.169686441,0.414386085,0.348291602,0.353488886,0.332608492,0.217031818,0.092889692,0.001803199,0.022193247,0.003073366,0.003952424,0.058328521,0.035017452,0.125676002,0.234221709,0.084042102,0.038306303,0.004883547,0.097949647,0.018383343,0.003418753,0.005705996,0.012994042,0.014863235,0.012971874,0.015446725,0.010163334,0.011291643,0.006361054,0.022308917,0.007174359,0.089791648,0.015662182,0.01711872,0.004312923,0.157498723,0.005399064,0.028126817,0.009359242,0.011316493,0.011890344,0.033981064,0.069969726,0.004155918,0.012472624,0.030935351,0.00215195,0.006146948,0.011151013,0.049406041,0.025767187,0.029627929,0.030912943,0.032787569,0.015819058,0.004470902,0.035422964,0.00647253,0.00437629,0.017561839,0.012657939,0.019908835,0.016771016,0.089103491,0.247862996,0.01429248,0.098287324,0.002728956,0.000847773,0.006800507,0.019226736,0.001253678,0.000485239,0.005948879,0.004048196,0.076832039,0.050401392,0.052936047,0.076366549,0.004530499,0.03560894,0.005669706,0.003413477,0.003810042
Parabacteroides_johnsonii_DSM_18315,0.140896604,0.008439105,0.212686893,0.128035754,0.169628671,0.160219725,0.140332775,0.288388187,0.174707925,0.054768434,0.238971621,0.234836919,0.130604013,0.201016732,0.11366576,0.241312295,0.260572852,0.098114162,0.200666356,0.241739424,0.213107315,0.24180393,0.24594803,0.226517216,0.130457864,0.253688584,0.133175785,0.242390026,0.258489045,0.09501597,0.059129655,0.233316715,0.212281817,0.198966672,0.03607901,0.09766709,0.133407708,0.177122411,0.09626348,0.115612395,0.211426947,0.14381729,0.062775267,0.148003453,0.088961503,0.145030238,0.108738773,0.191928541,0.172675366,0.054069569,0.099509279,0.188672447,0.203195584,0.067693743,0.115090455,0.191375371,0.22898969,0.161570398,0.154642223,0.20333754,0.091787856,0.137440695,0.266704915,1,0.124267975,0.110061603,0.169726144,0.170860638,0.112901883,0.163840103,0.145495667,0.179966639,0.223725267,0.223066218,0.220598808,0.144220621,0.232939074,0.001905158,0.023191781,0.003247144,0.004175907,0.04317681,0.034182663,0.029439495,0.081337061,0.075459316,0.041622221,0.00515968,0.066226169,0.019422801,0.003612061,0.006028633,0.01372877,0.008740313,0.01349371,0.016320136,0.010738004,0.006675817,0.00672073,0.027792687,0.007580022,0.089660145,0.020845052,0.02228531,0.002926889,0.042454336,0.005704345,0.007069699,0.003272819,0.012075192,0.012562665,0.034515449,0.026261602,0.004390908,0.009351646,0.022173523,0.002273629,0.005159675,0.010134302,0.016472249,0.008385559,0.017277181,0.02213009,0.013238782,0.012682679,0.004277416,0.020075973,0.005309069,0.004623741,0.014833482,0.004014501,0.015912238,0.012273678,0.04377845,0.182879094,0.011318662,0.046619638,0.00288326,0.000895709,0.007185031,0.01929545,0.001324565,0.000512676,0.005803275,0.004277095,0.059587749,0.019575088,0.042728557,0.064776672,0.004786669,0.031493931,0.005990291,0.003606487,0.004025475
Parabacteroides_merdae_ATCC_43184,0.087599352,0.003556179,0.170877132,0.308542619,0.411193181,0.064644327,0.416649838,0.158415401,0.249656778,0.077553516,0.150981742,0.12509482,0.311625217,0.175515964,0.088471866,0.024504842,0.257280583,0.068987975,0.275271519,0.198460615,0.163258849,0.201741531,0.223507747,0.133274231,0.296162807,0.336336917,0.416671196,0.236022525,0.163867897,0.295384323,0.087745609,0.200332777,0.077279605,0.025157682,0.009406579,0.062164548,0.142312057,0.205815687,0.028053864,0.0563912,0.135707421,0.156373722,0.017567789,0.060276021,0.034302489,0.170212114,0.067541576,0.282432468,0.292529892,0.021811414,0.068864691,0.278031352,0.36752931,0.019498752,0.110478279,0.345143864,0.156248691,0.217614854,0.153440254,0.266037046,0.080058541,0.060876024,0.197722655,0.124267975,1,0.189469705,0.062657251,0.198669746,0.253749705,0.104397274,0.30495663,0.178201062,0.332756625,0.320101871,0.163588956,0.053624403,0.105472935,0.000513392,0.006501843,0.000875024,0.001125302,0.014422881,0.00929414,0.065944524,0.153791112,0.011335167,0.048989283,0.001390404,0.035372679,0.005228614,0.00097336,0.001624565,0.003699558,0.002486515,0.003800216,0.004397866,0.002893622,0.001925167,0.001811068,0.020772971,0.002042625,0.015445513,0.005617217,0.022487314,0.000909006,0.096389371,0.001537178,0.002055241,0.001005382,0.003253961,0.003380438,0.010960705,0.007191813,0.001183239,0.010857678,0.007250808,0.000612686,0.014029069,0.002853838,0.030213517,0.007336225,0.012411281,0.006094146,0.003643907,0.003316482,0.000922081,0.010036354,0.001842806,0.001245982,0.011599881,0.000897099,0.004192547,0.003274503,0.085833962,0.099101134,0.003123196,0.03646822,0.000776966,0.000241371,0.001936185,0.005095853,0.000356937,0.000138153,0.00168386,0.000977068,0.018424178,0.00534776,0.017910055,0.018232426,0.001289887,0.008870569,0.001594526,0.000937053,0.001084764
Prevotella_copri_CB7_DSM_18205,0.061476771,0.005916933,0.184291563,0.051341567,0.175212316,0.062698859,0.263903309,0.088857198,0.207205187,0.219821114,0.149610557,0.131594844,0.160294081,0.137236509,0.120795114,0.02470484,0.206315039,0.040477261,0.294036069,0.196889929,0.148827974,0.186192535,0.196910976,0.139743897,0.112033526,0.141255962,0.205959368,0.233561732,0.180432571,0.257220588,0.033350968,0.101302979,0.030149858,0.02007509,0.01910701,0.045954416,0.270211966,0.178807115,0.031950058,0.049740971,0.059299737,0.06046483,0.030227445,0.048180647,0.033087458,0.182378752,0.111951866,0.12319574,0.211874021,0.02038852,0.050273484,0.18955788,0.247189552,0.03252568,0.223368946,0.143627442,0.179547318,0.191778026,0.093909659,0.257094035,0.039361842,0.073536263,0.163671948,0.110061603,0.189469705,1,0.072341999,0.195748909,0.131114609,0.035756184,0.028434812,0.137123028,0.174364904,0.217460232,0.196858781,0.078150856,0.014821307,0.001315311,0.015728086,0.002304746,0.002905251,0.011846761,0.01880719,0.061501577,0.110237552,0.022358833,0.015001462,0.003322602,0.052408012,0.012434606,0.002078427,0.003302456,0.009265755,0.009677981,0.005650455,0.010786288,0.007383085,0.008467711,0.004770215,0.008042542,0.005342866,0.014377153,0.010300698,0.011340038,0.003109761,0.128718213,0.003864234,0.019357073,0.006802835,0.006669041,0.0082932,0.012826575,0.01476287,0.003116563,0.010947456,0.013867771,0.001521522,0.075437316,0.00503752,0.001925711,0.018143944,0.024467837,0.01072998,0.035858127,0.001242371,0.002464383,0.003417324,0.004070947,0.001345622,0.020815804,0.001911405,0.001581005,0.006004366,0.096009062,0.113074844,0.007317766,0.09296467,0.001857821,0.000635753,0.004587671,0.01032911,0.000726486,0.000363885,0.003518229,0.000687558,0.034402052,0.010108162,0.017405285,0.035483513,0.002906796,0.017809533,0.003547249,0.002272811,0.001088667
Pseudoflavonifractor_capillosus_ATCC_29799,0.246174728,0.034063114,0.320220902,0.07783876,0.063319113,0.412161202,0.077288502,0.115141329,0.071181572,0.129465065,0.351779348,0.414755551,0.130319053,0.188196781,0.271622614,0.201833301,0.156899695,0.206560836,0.084504778,0.199995827,0.289393012,0.248770812,0.212302946,0.39527426,0.09476439,0.082572524,0.045788005,0.213486663,0.348199487,0.080221659,0.159222914,0.143005818,0.190189933,0.09979635,0.114946721,0.313231933,0.081285862,0.144992986,0.361916427,0.327968445,0.167331083,0.201645751,0.225120353,0.429446036,0.264389599,0.101266637,0.362558561,0.08944973,0.129509999,0.169500999,0.181883333,0.140708846,0.076308926,0.240454738,0.101342577,0.086109882,0.344648642,0.211215444,0.20483668,0.175356251,0.332056401,0.458398029,0.260723593,0.169726144,0.062657251,0.072341999,1,0.234995196,0.087285788,0.145100953,0.124589517,0.309299391,0.119921098,0.132105281,0.189686975,0.623234479,0.140587852,0.005968021,0.076460864,0.010171874,0.01308128,0.126795951,0.121518239,0.12968897,0.104371132,0.207480504,0.112984982,0.016163006,0.266442205,0.060843087,0.011314998,0.018885053,0.043006194,0.034961633,0.044176304,0.051123805,0.03363744,0.028652485,0.02105309,0.094113491,0.023744873,0.166357495,0.065298373,0.078740113,0.014274421,0.100816741,0.017869204,0.028710979,0.017964089,0.037826262,0.0393533,0.103414682,0.105140915,0.013754782,0.043522828,0.0780519,0.007122279,0.031709469,0.037017119,0.030746643,0.031344323,0.067889271,0.028612742,0.041093372,0.026385852,0.014797279,0.017218712,0.021422041,0.012824524,0.071349773,0.027078343,0.033703685,0.056376565,0.033095064,0.203693099,0.047303615,0.078760895,0.009031985,0.002805861,0.022507541,0.063870672,0.004149281,0.001605987,0.019688918,0.013398258,0.164782012,0.071347416,0.117338706,0.160207642,0.014994528,0.121808796,0.018764945,0.011297537,0.012610043
Roseburia_intestinalis_M50_1,0.148222808,0.010985435,0.500091789,0.142229324,0.202689355,0.222920787,0.203744848,0.209338583,0.175083155,0.127250009,0.498628351,0.464196216,0.235785296,0.233758685,0.163727971,0.082613965,0.367322896,0.124905697,0.219587163,0.492583018,0.431462948,0.510223337,0.540634812,0.410668764,0.191508266,0.240296825,0.191989003,0.50406031,0.422291312,0.322738349,0.151785652,0.299539223,0.183420301,0.056966203,0.03054563,0.122365702,0.179742109,0.501913486,0.096965634,0.201502672,0.152259028,0.186920597,0.059822872,0.145125542,0.087401337,0.238148486,0.263694481,0.304190901,0.413936498,0.060075328,0.236236319,0.4357405,0.275780575,0.067350344,0.260080124,0.307899084,0.529540089,0.437948414,0.295666608,0.569593189,0.148332185,0.216374388,0.476269146,0.170860638,0.198669746,0.195748909,0.234995196,1,0.194552052,0.127825867,0.199301114,0.397262432,0.319916951,0.384200712,0.288647144,0.208256162,0.084164862,0.001585926,0.020318502,0.002703046,0.003476184,0.040300312,0.032291927,0.149940158,0.251434808,0.053422987,0.037929581,0.004295113,0.096876822,0.016168277,0.003006817,0.005018463,0.011428349,0.013072318,0.011739291,0.013585501,0.008938722,0.009931078,0.005594591,0.039661974,0.006309898,0.106074857,0.017316682,0.018532095,0.003793246,0.198561037,0.004748514,0.024868747,0.008231517,0.010051848,0.010457639,0.035344609,0.038481338,0.003655159,0.014097981,0.028323535,0.001892655,0.014359953,0.009836829,0.041193613,0.021785174,0.029274002,0.022909508,0.049103927,0.013912971,0.003932189,0.013411532,0.005692635,0.003848977,0.028389059,0.045083871,0.017509957,0.014981356,0.047500711,0.209174105,0.012570334,0.124110045,0.002400135,0.000745622,0.005981093,0.017756191,0.001102619,0.000426771,0.00523208,0.003560417,0.089317937,0.021499388,0.0500886,0.072211063,0.003984605,0.033808793,0.004986546,0.003002177,0.003350959
Ruminococcus_bromii_L2_63,0.082737685,0.003137585,0.169069751,0.09414744,0.369739145,0.089052051,0.293173877,0.105117389,0.23195533,0.116751508,0.152647656,0.126289529,0.1554443,0.156986834,0.080239368,0.077878737,0.200014967,0.144183932,0.256678404,0.203307573,0.17418825,0.172224331,0.23442625,0.153791624,0.240911033,0.265858076,0.345912189,0.179831025,0.152471761,0.342500941,0.085505917,0.250666643,0.074568711,0.051010629,0.012489123,0.040921751,0.111974219,0.24739309,0.041160968,0.087785007,0.12291234,0.088784543,0.022503967,0.074658889,0.037086221,0.265108399,0.131894582,0.381948911,0.230055266,0.014226728,0.147682908,0.276753467,0.426718954,0.026884104,0.121905986,0.349443983,0.163129212,0.203106064,0.207767692,0.27722626,0.077461433,0.069895736,0.186174014,0.112901883,0.253749705,0.131114609,0.087285788,0.194552052,1,0.081396657,0.202830285,0.159718611,0.261990726,0.234301293,0.186193656,0.06886653,0.050591988,0.000668956,0.008366643,0.001140166,0.001466281,0.017432925,0.012572477,0.127530834,0.217015873,0.021793393,0.064065957,0.001811712,0.035084439,0.00681439,0.001162826,0.002116826,0.004820566,0.002875286,0.003964155,0.005579103,0.003759207,0.00287369,0.002359842,0.006046637,0.002661564,0.026642089,0.007319298,0.029325562,0.001550462,0.058906425,0.00200296,0.003012505,0.001674907,0.003199214,0.004127235,0.010716188,0.017727789,0.001541774,0.007552372,0.008356128,0.000798337,0.037319097,0.0032242,0.037920495,0.001552656,0.008791924,0.00834588,0.005596791,0.005868599,0.001658628,0.041113291,0.001888092,0.001623528,0.007329513,0.020824211,0.007385836,0.003021672,0.014786391,0.091116632,0.005302264,0.037632604,0.001012396,0.000314509,0.002522871,0.006640006,0.000399625,0.000180015,0.001994734,0.000474694,0.028369087,0.015412271,0.01628428,0.021323609,0.001538052,0.012440571,0.001913323,0.001232034,0.00141346
Ruminococcus_gnavus_ATCC_29149,0.291602782,0.008389726,0.137125193,0.03652065,0.087312143,0.115243561,0.083153429,0.137152603,0.113894174,0.049540755,0.162363539,0.155732059,0.168363541,0.11423371,0.153982153,0.063453828,0.209224297,0.065645107,0.057222463,0.19375721,0.188706332,0.155872047,0.182708352,0.151569432,0.219643639,0.284558605,0.087271819,0.158730416,0.148336296,0.10516056,0.113439165,0.155311706,0.117294713,0.433732053,0.034221861,0.076458401,0.075977399,0.167274009,0.099246841,0.121103255,0.660120383,0.311527609,0.065764308,0.249359249,0.099322236,0.041339441,0.221036223,0.122615857,0.096261383,0.080009762,0.045519846,0.140103661,0.108776268,0.071577866,0.029315918,0.117430626,0.124858351,0.076321801,0.091730478,0.117145581,0.080956924,0.121731182,0.146654002,0.163840103,0.104397274,0.035756184,0.145100953,0.127825867,0.081396657,1,0.142481937,0.101635512,0.130896706,0.072751725,0.142475523,0.11199716,0.473452416,0.001776795,0.021959318,0.003028364,0.00389455,0.080148751,0.033681864,0.072688537,0.155102819,0.05888653,0.033212849,0.004812039,0.062993471,0.018114163,0.003368694,0.005622445,0.012803775,0.009488896,0.01315214,0.015220545,0.010014516,0.007521105,0.006267912,0.076970705,0.007069308,0.041603878,0.019440588,0.020488125,0.004063042,0.076001483,0.005320008,0.007915702,0.004380994,0.01126161,0.011716238,0.039598408,0.09799084,0.004095065,0.011938388,0.026565459,0.00212044,0.001412108,0.010794492,0.025087865,0.005061471,0.01607813,0.02199923,0.014456431,0.015587426,0.004405436,0.094220507,0.005468633,0.00431221,0.016048409,0.004707371,0.019617318,0.015837977,0.01111275,0.032639765,0.010126708,0.017654039,0.002688997,0.000835359,0.00670093,0.016446538,0.001235321,0.000478133,0.005861772,0.003526843,0.055798112,0.073324889,0.041402019,0.063866961,0.004464161,0.031194267,0.005586687,0.003363495,0.002934319
Ruminococcus_lactaris_ATCC_29176,0.113536203,0.006009394,0.156856518,0.384917691,0.17856546,0.106713472,0.198616321,0.188070796,0.139152027,0.067737619,0.1470428,0.149144116,0.310036237,0.111706411,0.096977818,0.05110594,0.177442066,0.225545073,0.10831236,0.191745723,0.155466715,0.159903049,0.19619299,0.136088222,0.108759931,0.233543826,0.197697758,0.166507093,0.135892142,0.112912724,0.082590193,0.166476348,0.092542044,0.027659669,0.021527163,0.068276018,0.029003708,0.140889644,0.058733199,0.092194855,0.171879743,0.228945658,0.042160423,0.115605551,0.048835402,0.204414179,0.090433123,0.267357388,0.15609566,0.041162424,0.195225729,0.253399964,0.215359044,0.043104909,0.032482767,0.209320673,0.15269672,0.161115539,0.205884226,0.209253711,0.141719264,0.09238486,0.169686441,0.145495667,0.30495663,0.028434812,0.124589517,0.199301114,0.202830285,0.142481937,1,0.227684198,0.226151482,0.252241493,0.25137123,0.101672665,0.162308936,0.001117688,0.014319551,0.001904983,0.002449855,0.022666988,0.022549652,0.10548648,0.074088945,0.028242517,0.078950783,0.003026999,0.064192496,0.011394662,0.002119067,0.003536783,0.008054178,0.006282003,0.0079088,0.00957444,0.006299602,0.005064431,0.003942812,0.039226475,0.004446928,0.080458957,0.012229046,0.048997,0.002673306,0.052191644,0.003346535,0.005314179,0.003061619,0.006882012,0.007370066,0.0183542,0.016685107,0.002575989,0.023582632,0.012789351,0.001333857,0.001927786,0.00677924,0.005820888,0.005384291,0.020352898,0.005375764,0.008249436,0.004140898,0.002771227,0.00387836,0.004011909,0.002449347,0.011673459,0.034792988,0.004946984,0.007548199,0.006427629,0.112098056,0.008656499,0.014932422,0.001691506,0.00052548,0.004215201,0.006881845,0.000777075,0.000300768,0.00368733,0.002443971,0.042737913,0.012400016,0.019981547,0.032968779,0.002808167,0.021384623,0.003514289,0.002115797,0.002361602
Ruminococcus_obeum_A2_162,0.179617943,0.015769717,0.538383836,0.187678262,0.139268936,0.290658717,0.197382812,0.22925462,0.176264412,0.104896724,0.442753102,0.460899158,0.27125849,0.235240505,0.197945496,0.101403588,0.273236703,0.168335249,0.176021576,0.344753288,0.365279589,0.45869575,0.386983909,0.398291289,0.159680393,0.175856951,0.135644781,0.436476881,0.404035213,0.204236941,0.170036898,0.291650768,0.265246734,0.059735953,0.043848599,0.199715428,0.141720869,0.265896757,0.140495595,0.265094877,0.126973093,0.238276576,0.085143457,0.17950122,0.107657131,0.212158893,0.217560874,0.245826676,0.345010302,0.0587333,0.166684488,0.371309364,0.210063567,0.096682186,0.197508229,0.236347901,0.463722227,0.496435092,0.348276314,0.422709046,0.263704603,0.28789744,0.414386085,0.179966639,0.178201062,0.137123028,0.309299391,0.397262432,0.159718611,0.101635512,0.227684198,1,0.280247375,0.372687714,0.273172909,0.292356075,0.072323912,0.002276615,0.029167442,0.003880254,0.004990101,0.048397019,0.046355429,0.168643088,0.12625854,0.076392575,0.058507438,0.006165684,0.145269754,0.023209745,0.00431632,0.00720406,0.016405526,0.017553009,0.016851886,0.019502142,0.012831637,0.014256176,0.008031099,0.03050985,0.009057931,0.100889361,0.024909299,0.033682726,0.005445248,0.205679159,0.006816546,0.015388972,0.010985067,0.014429543,0.01501206,0.04035277,0.043291626,0.005247022,0.048147889,0.037542525,0.002716928,0.018869139,0.01412088,0.027027927,0.03253216,0.055037268,0.019662462,0.023537565,0.014527328,0.005644702,0.011640811,0.008171842,0.005525251,0.034492827,0.011133279,0.017410288,0.018783355,0.035343795,0.252900393,0.018044858,0.083051692,0.003445422,0.001070349,0.008585927,0.016913584,0.001582822,0.000612634,0.00751071,0.005111019,0.077046266,0.032851791,0.057291313,0.074243684,0.005719946,0.048532908,0.007158243,0.004309659,0.004810339
Ruminococcus_sp_SR1_5,0.120340932,0.005521088,0.316555184,0.264541376,0.311879249,0.131934451,0.288778836,0.197436015,0.238671496,0.095301586,0.251561652,0.228260956,0.260723485,0.20560932,0.129042149,0.067133252,0.349825405,0.073300457,0.288543224,0.356738515,0.325197945,0.343749845,0.344684922,0.240388537,0.206284681,0.345919302,0.356936756,0.378774591,0.254392183,0.467544308,0.135311045,0.422712902,0.205256211,0.082775306,0.015351701,0.106244462,0.211482908,0.408187645,0.050402847,0.116950818,0.141600526,0.180449109,0.02879699,0.101134249,0.048275069,0.190807987,0.144455484,0.522568776,0.461543109,0.025310593,0.128400893,0.516452474,0.479674657,0.033849109,0.140230109,0.558478233,0.294323835,0.279429713,0.276637691,0.415508509,0.107660988,0.125954764,0.348291602,0.223725267,0.332756625,0.174364904,0.119921098,0.319916951,0.261990726,0.130896706,0.226151482,0.280247375,1,0.48867814,0.287768959,0.102952247,0.11898099,0.000797059,0.010211725,0.001358504,0.001747069,0.031987586,0.01622936,0.100153807,0.292465937,0.043649877,0.01898712,0.002158649,0.052066067,0.008125894,0.001511174,0.002522192,0.005743689,0.006569919,0.005899963,0.006827836,0.004492446,0.004991187,0.002811744,0.014220281,0.003171245,0.06479777,0.007506402,0.008371695,0.001906419,0.126507897,0.00238652,0.012498599,0.004137017,0.005051884,0.005255827,0.015962143,0.031831132,0.001837019,0.014557734,0.014234915,0.000951215,0.027594032,0.004943819,0.048546003,0.011389736,0.019268932,0.013664288,0.017212602,0.006992417,0.00197625,0.038548744,0.002861019,0.001934429,0.010902876,0.014549389,0.008800199,0.006527961,0.010259791,0.123292336,0.006317631,0.055934364,0.001206266,0.000374737,0.003005993,0.006050901,0.000554157,0.000214488,0.002629552,0.001789403,0.046683995,0.027960593,0.025835249,0.042311703,0.002002593,0.01699171,0.002506151,0.001508842,0.001684133
Ruminococcus_torques_L2_14,0.098542775,0.006738561,0.354380524,0.223190196,0.27558007,0.143004044,0.272933257,0.192875054,0.352276674,0.069817631,0.291031249,0.260891774,0.303376164,0.275294615,0.152698731,0.065351806,0.360719296,0.09155058,0.325613319,0.357865404,0.291607149,0.381612093,0.405722043,0.253431054,0.224146079,0.271585963,0.291599146,0.412440588,0.306581181,0.45130722,0.149879357,0.413075405,0.208289776,0.030724053,0.018736954,0.091784663,0.169919332,0.420724218,0.05345277,0.143820058,0.088308479,0.172562211,0.036309597,0.080534484,0.049578624,0.222965637,0.131660521,0.489809681,0.444055576,0.027540983,0.163187465,0.655553535,0.410348174,0.041048145,0.184302551,0.474548042,0.336314181,0.389218384,0.244648358,0.470737484,0.120388867,0.140222392,0.353488886,0.223066218,0.320101871,0.217460232,0.132105281,0.384200712,0.234301293,0.072751725,0.252241493,0.372687714,0.48867814,1,0.330437491,0.126069084,0.090587562,0.000972821,0.012463545,0.001658072,0.002132321,0.020570246,0.019808147,0.113342013,0.248608942,0.044779154,0.023227331,0.00263466,0.084781207,0.009917761,0.001844408,0.003078368,0.007010248,0.008018673,0.007200983,0.008333464,0.005483089,0.006091809,0.003431771,0.014046039,0.003870546,0.078663383,0.009523245,0.010513783,0.00232681,0.179314093,0.002912779,0.012070069,0.005049284,0.006165891,0.006414806,0.01864345,0.01810909,0.002242106,0.020574084,0.017373901,0.001160971,0.005578257,0.006033996,0.026978613,0.013901323,0.023517986,0.010540881,0.015696954,0.00602414,0.002412039,0.00512735,0.003491912,0.002360996,0.02511785,0.03028335,0.007269211,0.009189693,0.050813781,0.172806005,0.007710752,0.072336204,0.001472264,0.000457371,0.003668854,0.010891801,0.000676356,0.000261785,0.003209403,0.00218399,0.051210577,0.011858723,0.031242524,0.040143036,0.002444191,0.020738606,0.00305879,0.001841561,0.002055507
Streptococcus_thermophilus_LMD_9,0.168946674,0.010383501,0.313756677,0.162259696,0.20875739,0.154290433,0.185286284,0.317631976,0.173699735,0.108238188,0.271103735,0.255956555,0.204773933,0.107600074,0.211464331,0.089795743,0.336563484,0.159613183,0.191732848,0.320022832,0.296763369,0.253307637,0.370344908,0.264889929,0.142050819,0.202343689,0.188428924,0.308936093,0.298741903,0.193025467,0.09640864,0.230788358,0.122585496,0.125708067,0.028629869,0.095948484,0.155595677,0.255361865,0.08432663,0.160347062,0.165502501,0.188422324,0.054256386,0.156596765,0.100396005,0.206638915,0.149515182,0.288046949,0.225021792,0.045575781,0.200373991,0.330795065,0.244363706,0.059053583,0.164478618,0.257495447,0.291927502,0.284888369,0.175253332,0.31013118,0.134340369,0.152674165,0.332608492,0.220598808,0.163588956,0.196858781,0.189686975,0.288647144,0.186193656,0.142475523,0.25137123,0.273172909,0.287768959,0.330437491,1,0.158250626,0.119406089,0.001499027,0.019205173,0.002554936,0.00328571,0.034543358,0.029389143,0.08285948,0.123817351,0.070570435,0.039910024,0.004059768,0.096624173,0.015282355,0.002842062,0.004743482,0.010802146,0.012356035,0.01109605,0.012733764,0.008448935,0.008725904,0.005288042,0.022383513,0.005964154,0.111337477,0.016401418,0.022138564,0.003585399,0.081080642,0.004488324,0.023506093,0.007780481,0.009263853,0.009884625,0.03042626,0.020354027,0.003454878,0.021071786,0.026771579,0.001788949,0.002453086,0.009297831,0.017095143,0.021420657,0.03560198,0.025698403,0.046413334,0.013150625,0.003716729,0.048559812,0.005380714,0.003638077,0.028085479,0.046663849,0.016550519,0.008864209,0.055703628,0.159027402,0.011518442,0.090077639,0.002268623,0.000704766,0.005653366,0.016783261,0.001042202,0.000403386,0.004945394,0.003365328,0.087466637,0.016667627,0.061302742,0.079575545,0.003766273,0.03195628,0.004713314,0.002767298,0.003167347
Subdoligranulum_variabile_DSM_15176,0.156085799,0.051046531,0.285149717,0.062977758,0.053129638,0.409389071,0.064466878,0.101771044,0.064280803,0.136251865,0.317773997,0.372119906,0.112664654,0.182525502,0.203583776,0.181774135,0.132074635,0.226617316,0.081049928,0.171623951,0.24980952,0.224972684,0.181575614,0.345688854,0.074168209,0.067101532,0.040107326,0.188143209,0.301634754,0.074202203,0.169447106,0.126351332,0.205491735,0.091321003,0.145434099,0.381189974,0.100647281,0.12795855,0.355486147,0.286273059,0.11149925,0.169201231,0.269819436,0.365029481,0.264117566,0.107352294,0.294940426,0.076191478,0.118733136,0.149566764,0.176302688,0.115399821,0.063908128,0.308904041,0.11882986,0.075480902,0.303813915,0.21229732,0.168229276,0.151603894,0.297201632,0.431695466,0.217031818,0.144220621,0.053624403,0.078150856,0.623234479,0.208256162,0.06886653,0.11199716,0.101672665,0.292356075,0.102952247,0.126069084,0.158250626,1,0.085841084,0.007615265,0.097332607,0.01297943,0.016691865,0.097108489,0.155058687,0.104778501,0.091016444,0.194548515,0.10927084,0.020624184,0.258972004,0.077636486,0.014438069,0.024097547,0.054876404,0.04880516,0.045267097,0.064632745,0.042921765,0.042864659,0.026863988,0.054487429,0.030298734,0.172584919,0.075469039,0.069183466,0.018214327,0.142677825,0.022801312,0.042017051,0.029112866,0.038376371,0.049699005,0.098664308,0.097143301,0.017551262,0.046671369,0.117730386,0.009088111,0.032508517,0.037692709,0.050670603,0.034583196,0.071454972,0.047643212,0.061830712,0.039579354,0.018881501,0.024845845,0.027334774,0.018481938,0.106658428,0.039731114,0.048799361,0.049264111,0.028776699,0.191882639,0.060359963,0.10708609,0.011524918,0.003580311,0.028719885,0.046194929,0.005125024,0.002049259,0.023246172,0.017096333,0.205211388,0.065186211,0.142822343,0.200790267,0.018068828,0.147017964,0.022326033,0.014415789,0.016090561
Clostridium_symbiosum_WAL_14163,0.216222317,0.013113481,0.090387134,0.031054959,0.085803169,0.102805486,0.034794892,0.129185862,0.049281292,0.033502163,0.096451044,0.113770035,0.190526611,0.195345436,0.178338687,0.110523949,0.184128775,0.045584627,0.093898579,0.106953757,0.130931806,0.091342367,0.121473978,0.105913777,0.074625715,0.218823948,0.043050959,0.10050002,0.108667778,0.063685411,0.043368143,0.10766721,0.119675702,0.232134568,0.036851997,0.056334918,0.07411216,0.121759117,0.11004562,0.06984181,0.454726978,0.223658752,0.060957597,0.27468691,0.07910717,0.026639492,0.129582291,0.078142537,0.08388027,0.101105534,0.029700301,0.079797942,0.116989812,0.05543139,0.019047707,0.08330164,0.091276017,0.045687831,0.079112579,0.065328939,0.108988516,0.12819798,0.092889692,0.232939074,0.105472935,0.014821307,0.140587852,0.084164862,0.050591988,0.473452416,0.162308936,0.072323912,0.11898099,0.090587562,0.119406089,0.085841084,1,0.002412142,0.025684143,0.004111246,0.005287164,0.073174991,0.037596996,0.113693774,0.061810145,0.110644194,0.083209394,0.006524031,0.063337096,0.022138571,0.003918624,0.005476022,0.017382151,0.009970272,0.011565728,0.02002207,0.013595509,0.005672102,0.008509193,0.1044939,0.008909056,0.055154422,0.025400195,0.068205565,0.002629081,0.072499383,0.007222337,0.007529656,0.003067694,0.014621397,0.015413275,0.041232671,0.037347576,0.005559378,0.009045026,0.028729267,0.002779735,0.000960795,0.009749854,0.015672049,0.009416443,0.012588903,0.011289497,0.015671279,0.014326647,0.005980733,0.007696836,0.008658315,0.005347637,0.014102685,0.010357801,0.017377149,0.014807596,0.010899139,0.029328903,0.002975197,0.010146108,0.003353976,0.001134067,0.008954101,0.015841936,0.001677047,0.000649105,0.006266104,0.005415279,0.043289954,0.027854229,0.029662689,0.066899703,0.005908734,0.034912348,0.006765558,0.004566214,0.001896078
Actinobacillus_pleuropneumoniae_sv_7_AP76,0.003787465,0.045468467,0.002190258,0.000692635,0.000436779,0.005443486,0.000619984,0.00200462,0.000792304,0.003163047,0.002511405,0.002983918,0.001223881,0.002215486,0.004086404,0.006066176,0.001161483,0.003607821,0.001205518,0.001331548,0.002082348,0.001787633,0.001398324,0.002897765,0.000978897,0.000589814,0.000315597,0.001463756,0.002418206,0.000596913,0.003824034,0.001041398,0.00320601,0.004096194,0.051919893,0.00750212,0.002346547,0.001008046,0.014636507,0.004497037,0.001708082,0.002198778,0.026510359,0.005386055,0.013870441,0.001326957,0.003059509,0.000595523,0.001026214,0.022207233,0.003363335,0.000885986,0.000505306,0.023547405,0.003327378,0.000614285,0.002424946,0.001847147,0.002033037,0.001158487,0.005600806,0.005701358,0.001803199,0.001905158,0.000513392,0.001315311,0.005968021,0.001585926,0.000668956,0.001776795,0.001117688,0.002276615,0.000797059,0.000972821,0.001499027,0.007615265,0.002412142,1,0.076329868,0.13237731,0.186877511,0.017559398,0.032528831,0.002295132,0.000984974,0.015408784,0.007445319,0.132599928,0.010881453,0.098088737,0.307690948,0.048117029,0.116218366,0.089334715,0.096527583,0.100326346,0.137506656,0.11151,0.186924245,0.012690814,0.124478692,0.008662042,0.052698433,0.014425739,0.246511721,0.003505867,0.150462375,0.048048952,0.11942938,0.154177831,0.099929262,0.035366161,0.017382867,0.131577841,0.029005203,0.055957389,0.765395163,0.000667924,0.133851932,0.005388479,0.018099272,0.027579361,0.042762294,0.02374414,0.05257377,0.123969206,0.010255825,0.11237378,0.211503678,0.032608302,0.018793936,0.035080444,0.07178863,0.002899602,0.001810806,0.006726442,0.005294614,0.650609287,0.169441802,0.188435003,0.016180414,0.135167507,0.134402049,0.198079713,0.051181631,0.016817599,0.024231818,0.023505568,0.018508535,0.375692134,0.046670014,0.303527887,0.06313047,0.095991878
Actinomyces_odontolyticus_ATCC_17982,0.035062571,0.183187386,0.028061056,0.007878769,0.005595914,0.069641696,0.007943089,0.021571528,0.0101295,0.037833838,0.032175517,0.038229244,0.015680066,0.028384279,0.047166281,0.069444302,0.014392294,0.045579775,0.01463159,0.017059469,0.026678542,0.022902728,0.017914996,0.037125473,0.012401545,0.007556555,0.00404335,0.01875329,0.030981481,0.008472632,0.046939098,0.013096946,0.038720516,0.049938532,0.473240331,0.092936715,0.027444141,0.012914843,0.18350156,0.05283982,0.020856726,0.026214007,0.321645108,0.069004847,0.173892635,0.016996397,0.039197692,0.00760359,0.012159476,0.248302753,0.041730675,0.011212506,0.006464386,0.289475357,0.030658741,0.007870071,0.031027454,0.022989319,0.025038571,0.014842265,0.069061166,0.071968746,0.022193247,0.023191781,0.006501843,0.015728086,0.076460864,0.020318502,0.008366643,0.021959318,0.014319551,0.029167442,0.010211725,0.012463545,0.019205173,0.097332607,0.025684143,0.076329868,1,0.090613015,0.161857156,0.152667673,0.384170755,0.024467394,0.012360548,0.18574355,0.087292937,0.170314932,0.125971697,0.481132919,0.106792067,0.161170235,0.433709349,0.141008068,0.149099372,0.459065881,0.377583366,0.136210385,0.254417608,0.086481489,0.27118393,0.100307497,0.409246027,0.158719403,0.072175452,0.027966543,0.198753352,0.08452503,0.069990399,0.284325318,0.418211542,0.175306608,0.153266968,0.133289762,0.072986545,0.212878277,0.085623808,0.019549841,0.12894511,0.019385452,0.066291027,0.107750443,0.07685826,0.069419229,0.060385682,0.137659674,0.014537896,0.152332126,0.057041278,0.157402681,0.03701908,0.06804493,0.15397003,0.011266239,0.026589358,0.089593098,0.041269545,0.098608245,0.029995727,0.224538115,0.066964746,0.043327437,0.021004045,0.140852267,0.049381789,0.156966915,0.139786083,0.117844227,0.198631506,0.165891488,0.315271807,0.184562331,0.117306256,0.052158402
Anaerococcus_hydrogenalis_DSM_7454,0.006307826,0.085629293,0.003733067,0.001331235,0.000744445,0.009277857,0.001056699,0.003416667,0.0013504,0.005391085,0.004280429,0.005085779,0.002085978,0.003776067,0.006964853,0.010339168,0.001979627,0.006149157,0.002054681,0.002269485,0.003549146,0.003046835,0.002383299,0.00493894,0.001668429,0.001005277,0.000537902,0.00249482,0.004121582,0.001011278,0.004916252,0.001774955,0.004608168,0.006722628,0.088492077,0.012786586,0.004766507,0.00171811,0.024946409,0.008761656,0.002911249,0.003747589,0.04518416,0.009179972,0.02364073,0.00226166,0.005214615,0.001015008,0.001847355,0.037849926,0.005732457,0.001510072,0.000861242,0.040134111,0.005494089,0.001046985,0.004133069,0.003148271,0.003465101,0.001974522,0.008290698,0.009717373,0.003073366,0.003247144,0.000875024,0.002304746,0.010171874,0.002703046,0.001140166,0.003028364,0.001904983,0.003880254,0.001358504,0.001658072,0.002554936,0.01297943,0.004111246,0.13237731,0.090613015,1,0.307716083,0.031127169,0.05788879,0.004394773,0.002146057,0.027840527,0.010414807,0.21911007,0.018546308,0.132071038,0.108604548,0.137164534,0.170755517,0.084673447,0.08130415,0.180460359,0.189351292,0.098526397,0.251617918,0.033472439,0.164555508,0.013238846,0.137095427,0.031278683,0.090122285,0.006715265,0.350380256,0.036480621,0.047120527,0.138032001,0.126513265,0.063865743,0.025677049,0.626845508,0.053598456,0.042375206,0.14024857,0.001913368,0.067594394,0.003077736,0.019239592,0.031741498,0.036210795,0.015297615,0.035733274,0.110415178,0.003884114,0.084894871,0.057236705,0.030442696,0.01773134,0.024878185,0.074505156,0.00690724,0.006216846,0.013113746,0.010431207,0.154586469,0.159229423,0.338818867,0.062722681,0.188491207,0.151197038,0.170155263,0.069968785,0.021179155,0.028533437,0.024596804,0.029576564,0.242512065,0.055479196,0.165786717,0.137537646,0.13244813
Anaerofustis_stercorihominis_DSM_17244,0.007686096,0.145516774,0.004800816,0.002180959,0.000957375,0.011931553,0.001358941,0.004393918,0.001736647,0.006933068,0.005504737,0.006540437,0.002682619,0.004856114,0.008956972,0.013296425,0.002545849,0.007907967,0.00264237,0.002918613,0.004564289,0.003918305,0.003064981,0.006351598,0.002145641,0.001292811,0.000691755,0.0032084,0.005300456,0.001485683,0.008576301,0.002282635,0.007399975,0.008978429,0.113802984,0.016443863,0.006129845,0.002209531,0.032081694,0.011267705,0.003743937,0.004819491,0.05810794,0.01180567,0.030402559,0.00290855,0.006706123,0.001305325,0.002336244,0.048675935,0.00737208,0.001941989,0.001107578,0.051613453,0.007293266,0.001346448,0.005315228,0.004048754,0.004456205,0.002539284,0.012276381,0.012496781,0.003952424,0.004175907,0.001125302,0.002905251,0.01308128,0.003476184,0.001466281,0.00389455,0.002449855,0.004990101,0.001747069,0.002132321,0.00328571,0.016691865,0.005287164,0.186877511,0.161857156,0.307716083,1,0.048097728,0.099447686,0.007830251,0.002690537,0.038405403,0.019471856,0.350908246,0.023851008,0.215000268,0.162521553,0.231817475,0.304171998,0.101817497,0.117244634,0.255874536,0.381682726,0.154941025,0.563230672,0.038044097,0.30951788,0.025905521,0.190178575,0.048915731,0.127654603,0.010655304,0.52938957,0.05650249,0.079830095,0.256998833,0.292666844,0.065580918,0.039744021,0.377266588,0.05251407,0.077654917,0.2048718,0.001939607,0.123003251,0.006209956,0.037269083,0.045778605,0.061695942,0.032868107,0.046619706,0.192453623,0.006888991,0.15371359,0.085068456,0.051588687,0.030174522,0.044579272,0.130244354,0.007910807,0.006737147,0.026804553,0.018582886,0.221867329,0.182506733,0.404035257,0.033998353,0.11725115,0.122769897,0.160627955,0.081432697,0.033594221,0.048110137,0.0355373,0.039143837,0.312198475,0.091842414,0.315722202,0.241144762,0.153596654
Anaerostipes_caccae_DSM_14662,0.113323891,0.048768608,0.074548894,0.008013459,0.012850163,0.087447593,0.023722878,0.042073013,0.014449623,0.04162297,0.093636547,0.096619361,0.031518084,0.063678273,0.076317781,0.107460091,0.051930899,0.042342825,0.015333357,0.04154887,0.093931792,0.062620467,0.062023449,0.105006788,0.034185028,0.02660568,0.010142698,0.058829333,0.093742619,0.018715836,0.05191934,0.031209747,0.090571794,0.152527707,0.16694882,0.077794737,0.024375578,0.030989042,0.217900523,0.106151449,0.077049181,0.072095954,0.208736997,0.151176408,0.159530542,0.021900028,0.064065149,0.008547181,0.026179597,0.409944055,0.031777064,0.027184856,0.019351875,0.181662155,0.020770862,0.018541385,0.051596017,0.023003081,0.022109492,0.036342573,0.083971693,0.121178868,0.058328521,0.04317681,0.014422881,0.011846761,0.126795951,0.040300312,0.017432925,0.080148751,0.022666988,0.048397019,0.031987586,0.020570246,0.034543358,0.097108489,0.073174991,0.017559398,0.152667673,0.031127169,0.048097728,1,0.144090267,0.01878933,0.033339134,0.117239172,0.064259058,0.050712963,0.100843309,0.1285568,0.020906474,0.034631276,0.118123377,0.079787065,0.081213499,0.137476273,0.111835725,0.036774644,0.076301009,0.312371545,0.058683095,0.099432965,0.115330129,0.076787697,0.018474354,0.029019885,0.064335503,0.044537597,0.020304057,0.121447847,0.115685061,0.241929232,0.350059347,0.043554337,0.06201999,0.101595994,0.020289844,0.003023137,0.075646913,0.036676876,0.024252612,0.047957491,0.067823103,0.058702697,0.065606935,0.034966592,0.028429536,0.038403088,0.043608984,0.053332791,0.021590799,0.076814095,0.111883558,0.01117787,0.020971274,0.01382344,0.021405778,0.025496374,0.010422608,0.076264906,0.052797443,0.015412855,0.005965576,0.051320516,0.011035127,0.131984177,0.37045403,0.0820603,0.239934316,0.048756298,0.167879517,0.05312288,0.041965662,0.016063483
Bifidobacterium_angulatum_DSM_20098,0.04757348,0.140092564,0.043925345,0.009774786,0.008684734,0.104529126,0.011450774,0.024500549,0.014846517,0.051333394,0.051136124,0.058012373,0.022712032,0.040312899,0.07097414,0.093753041,0.020021646,0.068776408,0.020360688,0.027112388,0.039561107,0.033907621,0.028472066,0.057936215,0.018692864,0.011098633,0.006035779,0.029804355,0.049238458,0.014022025,0.082704536,0.020678858,0.068627832,0.064725537,0.459551962,0.138389293,0.033593379,0.019986418,0.261060311,0.076163919,0.031097672,0.039979626,0.418800463,0.109668491,0.229630075,0.025439046,0.062296373,0.011519816,0.020182584,0.276162738,0.051700219,0.018040063,0.010002598,0.364790129,0.037066995,0.01192375,0.049375681,0.036456489,0.036088445,0.023588615,0.102929249,0.116088549,0.035017452,0.034182663,0.00929414,0.01880719,0.121518239,0.032291927,0.012572477,0.033681864,0.022549652,0.046355429,0.01622936,0.019808147,0.029389143,0.155058687,0.037596996,0.032528831,0.384170755,0.05788879,0.099447686,0.144090267,1,0.044774892,0.022829527,0.303199483,0.149854535,0.13300889,0.133404732,0.361091654,0.066679438,0.131901835,0.273619721,0.060353811,0.08060711,0.290637074,0.229668716,0.085513306,0.155681207,0.079197233,0.144200366,0.119472191,0.366982641,0.165884096,0.029909553,0.041801432,0.118653968,0.049486015,0.03174115,0.139604581,0.197865969,0.152485098,0.164546191,0.084435898,0.045980295,0.147373789,0.037707023,0.009132506,0.091245806,0.049008054,0.055571946,0.078996551,0.050265706,0.072950553,0.099841687,0.078207194,0.009303698,0.093724135,0.023143283,0.111430497,0.025529841,0.120452305,0.123254839,0.013160247,0.033185967,0.053585904,0.03867986,0.043435131,0.022976415,0.133027953,0.112498052,0.014626207,0.013216019,0.051948268,0.068130652,0.138298343,0.11267702,0.101176223,0.231868051,0.075723729,0.250434884,0.080336807,0.085937783,0.026366481
Bifidobacterium_animalis_lactis_AD011,0.076207339,0.011177793,0.147344489,0.008106023,0.075655269,0.100568972,0.089737448,0.042302897,0.049737342,0.026946042,0.079648722,0.107795072,0.190050025,0.141917503,0.194372074,0.028686014,0.086012955,0.052871204,0.011100423,0.088340253,0.11581397,0.094790562,0.092900185,0.136254902,0.061858424,0.065842408,0.062197495,0.111807493,0.128881037,0.10852393,0.072806658,0.09197866,0.066074871,0.025892911,0.039613204,0.067415801,0.102895437,0.129953295,0.0826608,0.16399702,0.096473026,0.095076433,0.054935482,0.189766367,0.057878582,0.099052584,0.161348347,0.094258918,0.159580164,0.034732811,0.062657409,0.107806263,0.092124847,0.063707676,0.115806514,0.088234197,0.149959557,0.136160462,0.18461729,0.139813975,0.158630007,0.096090045,0.125676002,0.029439495,0.065944524,0.061501577,0.12968897,0.149940158,0.127530834,0.072688537,0.10548648,0.168643088,0.100153807,0.113342013,0.08285948,0.104778501,0.113693774,0.002295132,0.024467394,0.004394773,0.007830251,0.01878933,0.044774892,1,0.080848549,0.069396827,0.244874986,0.011029243,0.03919883,0.026594453,0.004429198,0.005991185,0.020227546,0.005529208,0.007936265,0.022783357,0.016887394,0.00671044,0.011973838,0.012594779,0.01069304,0.056607,0.032996423,0.161967762,0.002292412,0.120552497,0.008705872,0.004662099,0.002609193,0.010901688,0.016883132,0.016484307,0.027539265,0.006074627,0.005882563,0.01614433,0.002742455,0.001277999,0.006700457,0.083044413,0.050362374,0.04158567,0.00669118,0.016121114,0.012851948,0.008186203,0.002119287,0.007005991,0.001703776,0.012545629,0.024838289,0.018085608,0.009253966,0.005581865,0.041105492,0.018090451,0.11821779,0.003257436,0.001903537,0.009808527,0.01226723,0.001288272,0.001095887,0.003875072,0.003165027,0.044673279,0.019040732,0.016438541,0.051308393,0.006153233,0.042169768,0.007148726,0.007068853,0.002337174
Bifidobacterium_bifidum_NCIMB_41171,0.099593231,0.003861342,0.229387799,0.05175225,0.146362099,0.090001977,0.127389056,0.104362897,0.160614695,0.103788448,0.226351425,0.188507495,0.105072204,0.079187664,0.093621669,0.025504629,0.191252603,0.039941961,0.156016238,0.262939126,0.259141973,0.251970768,0.251918531,0.192649425,0.184792825,0.212904942,0.161607366,0.274274683,0.187002299,0.402641942,0.179892292,0.423611836,0.108974711,0.074651151,0.018080121,0.042900838,0.120783366,0.455617923,0.047422011,0.130437686,0.157206354,0.087088535,0.031050493,0.105333091,0.062206534,0.108486338,0.293309357,0.317924184,0.303757123,0.02158945,0.100309854,0.34075485,0.203857027,0.034202693,0.090987576,0.333701396,0.219995703,0.175431443,0.168016624,0.282896592,0.048305332,0.09428566,0.234221709,0.081337061,0.153791112,0.110237552,0.104371132,0.251434808,0.217015873,0.155102819,0.074088945,0.12625854,0.292465937,0.248608942,0.123817351,0.091016444,0.061810145,0.000984974,0.012360548,0.002146057,0.002690537,0.033339134,0.022829527,0.080848549,1,0.037861444,0.021415249,0.003414059,0.059464981,0.01100187,0.001825931,0.0038907,0.008204571,0.003012695,0.004143691,0.009577367,0.00659613,0.003554447,0.00425927,0.011305765,0.004265756,0.02122086,0.01211964,0.012973178,0.001101773,0.097119927,0.003589823,0.003479357,0.001348121,0.004883752,0.006391923,0.015933248,0.056879216,0.002852154,0.004570698,0.015133062,0.001175346,0.036204594,0.004074038,0.076637239,0.001567387,0.004313502,0.0135868,0.007511895,0.011056402,0.001861627,0.024072245,0.002079999,0.002574935,0.029384576,0.001875961,0.013913266,0.008019216,0.026432786,0.055874907,0.006202661,0.049979536,0.001425258,0.000590697,0.004396715,0.012200958,0.000518089,0.000339227,0.002259775,0.001469225,0.032065871,0.042040149,0.039741053,0.025629268,0.002274029,0.01625693,0.002439021,0.002386342,0.000778852
Bifidobacterium_breve_DSM_20213,0.092319687,0.05444291,0.100903907,0.022779073,0.014018707,0.133693741,0.014647513,0.036233643,0.033335736,0.058779433,0.069768641,0.084784485,0.026442181,0.092978269,0.138819318,0.212593023,0.047442622,0.082226471,0.048371823,0.072005558,0.066834512,0.052010299,0.041459202,0.079739478,0.02218956,0.025419587,0.013738837,0.047697799,0.079629529,0.036030249,0.092904612,0.057030787,0.136950583,0.065093825,0.220226624,0.150168173,0.034189315,0.055204317,0.23385683,0.133179892,0.056120578,0.054583488,0.284104431,0.176155907,0.190790754,0.031708552,0.103455437,0.032180063,0.055169069,0.196179048,0.058562649,0.048519878,0.027660941,0.265893002,0.034480428,0.033062619,0.108832774,0.053948706,0.063281897,0.058995098,0.118931456,0.218341389,0.084042102,0.075459316,0.011335167,0.022358833,0.207480504,0.053422987,0.021793393,0.05888653,0.028242517,0.076392575,0.043649877,0.044779154,0.070570435,0.194548515,0.110644194,0.015408784,0.18574355,0.027840527,0.038405403,0.117239172,0.303199483,0.069396827,0.037861444,1,0.152580393,0.049453727,0.13768622,0.146685083,0.027453046,0.046748194,0.114706777,0.037380527,0.038627915,0.13286729,0.092430223,0.036316901,0.060271356,0.061738174,0.05984158,0.145514156,0.142000214,0.105013437,0.01628978,0.041158534,0.051396666,0.032654338,0.018408904,0.067057705,0.087273452,0.09931291,0.118928105,0.036743312,0.050565996,0.089316887,0.018146348,0.010258706,0.035913977,0.03774747,0.023219655,0.059164158,0.031674791,0.041675788,0.062190403,0.028823737,0.010799766,0.035705061,0.018170235,0.075190805,0.018483304,0.082411718,0.086749856,0.012087576,0.035042044,0.0319864,0.031671749,0.021709838,0.008585053,0.063508706,0.052079534,0.007541312,0.004913817,0.030650079,0.040624529,0.109573252,0.078366743,0.110728381,0.170324001,0.033335374,0.134963481,0.035336903,0.03241238,0.016847049
Bifidobacterium_dentium_ATCC_27678,0.042930338,0.024861119,0.046772252,0.014057788,0.042397194,0.111984518,0.058907957,0.029679377,0.017853604,0.042921132,0.061549908,0.083137323,0.109271502,0.192759373,0.121047338,0.084230583,0.047823398,0.055353404,0.022507575,0.034532772,0.061709795,0.048085816,0.044778278,0.073429525,0.085118406,0.059276437,0.031826374,0.05659308,0.061357095,0.015635343,0.065082265,0.023892315,0.062391008,0.050877434,0.117223853,0.086650336,0.029038753,0.02312387,0.165203803,0.066343389,0.053824707,0.096893209,0.142276288,0.093469114,0.138044666,0.023766277,0.075246668,0.013798784,0.022259478,0.101100308,0.039684541,0.026732676,0.012006363,0.126669693,0.027366185,0.014253175,0.054584278,0.038549544,0.031204476,0.027071164,0.25347272,0.129422986,0.038306303,0.041622221,0.048989283,0.015001462,0.112984982,0.037929581,0.064065957,0.033212849,0.078950783,0.058507438,0.01898712,0.023227331,0.039910024,0.10927084,0.083209394,0.007445319,0.087292937,0.010414807,0.019471856,0.064259058,0.149854535,0.244874986,0.021415249,0.152580393,1,0.026569579,0.069480839,0.076492844,0.013706491,0.024477804,0.055882384,0.017756605,0.017299163,0.062426381,0.047715152,0.018534145,0.031731299,0.031532623,0.032549948,0.073628277,0.089003159,0.397772906,0.008167431,0.026215525,0.02244112,0.019341391,0.009230979,0.034852173,0.048390814,0.057201445,0.062960368,0.016254796,0.026637698,0.064386288,0.008920602,0.003967695,0.022476719,0.030725407,0.011489731,0.024097774,0.03208566,0.048765971,0.040236947,0.022193329,0.015950722,0.017277789,0.019502841,0.039508651,0.017754767,0.046345305,0.033417553,0.007897972,0.02182332,0.008664707,0.024970266,0.010849599,0.004612418,0.025493636,0.030414178,0.002851435,0.002640005,0.013640742,0.021704439,0.087409792,0.054322174,0.082097883,0.112123614,0.016463477,0.09786864,0.020336713,0.017296478,0.005771258
Bifidobacterium_gallicum_DSM_20093,0.009336041,0.110856867,0.005931806,0.001695235,0.001182916,0.014742423,0.001679084,0.00536204,0.002145772,0.008566381,0.006801559,0.008081252,0.003314598,0.006000132,0.011067081,0.016428835,0.003145607,0.009770949,0.003256315,0.003606189,0.005639557,0.004841391,0.003787038,0.007847927,0.002651117,0.001597375,0.000854721,0.003964244,0.006549153,0.001865054,0.011170648,0.002820385,0.009219696,0.011093593,0.140613024,0.019505674,0.006374524,0.002730059,0.039639594,0.013653429,0.004625945,0.005954881,0.071797178,0.014586884,0.037564883,0.003399934,0.008285971,0.001429186,0.002935428,0.060143154,0.008273337,0.002399489,0.001368505,0.063772701,0.007414315,0.001515033,0.006567405,0.005002571,0.005053608,0.003137495,0.015168487,0.015440809,0.004883547,0.00515968,0.001390404,0.003322602,0.016163006,0.004295113,0.001811712,0.004812039,0.003026999,0.006165684,0.002158649,0.00263466,0.004059768,0.020624184,0.006524031,0.132599928,0.170314932,0.21911007,0.350908246,0.050712963,0.13300889,0.011029243,0.003414059,0.049453727,0.026569579,1,0.027312287,0.210064096,0.104533723,0.129784032,0.294093312,0.084052764,0.080570157,0.243917487,0.327335473,0.160022027,0.407374961,0.035747346,0.272718869,0.028172264,0.243085395,0.061271824,0.073789803,0.009350838,0.285766304,0.043776885,0.047350946,0.203700013,0.310038017,0.061547746,0.044253221,0.268488181,0.038772268,0.075075517,0.155797978,0.003335513,0.096629903,0.010828926,0.029777822,0.061798389,0.045989958,0.043016012,0.058891742,0.152074068,0.007634901,0.109393518,0.056229852,0.037252715,0.025315812,0.055686575,0.142185552,0.006361364,0.005411097,0.028836474,0.016232061,0.166545812,0.138034367,0.267234512,0.078834214,0.069378325,0.097552461,0.100311745,0.076425045,0.03746235,0.049346896,0.026748791,0.048825484,0.211644176,0.12213679,0.218361134,0.313504509,0.12052768
Blautia_hydrogenotrophica_DSM_10507,0.151807596,0.04422421,0.17477345,0.049623397,0.031297467,0.269491338,0.029854456,0.059184935,0.056784469,0.095952114,0.151519,0.170142246,0.074572846,0.084858185,0.140235017,0.122695593,0.067125108,0.102446211,0.062311719,0.0804815,0.132038563,0.144736837,0.096150355,0.159044729,0.055486004,0.043141874,0.026786554,0.134518423,0.140299605,0.037655369,0.146399943,0.09501206,0.098902246,0.069741818,0.176357267,0.148466822,0.035316238,0.066793171,0.261749576,0.188038069,0.07117033,0.090484979,0.219516668,0.151827794,0.288259439,0.035129111,0.183250066,0.053328771,0.082796513,0.173914156,0.074750921,0.081365421,0.037767545,0.225704268,0.054030946,0.051995207,0.158278246,0.119839217,0.105572635,0.106464417,0.245771499,0.232725623,0.097949647,0.066226169,0.035372679,0.052408012,0.266442205,0.096876822,0.035084439,0.062993471,0.064192496,0.145269754,0.052066067,0.084781207,0.096624173,0.258972004,0.063337096,0.010881453,0.125971697,0.018546308,0.023851008,0.100843309,0.133404732,0.03919883,0.059464981,0.13768622,0.069480839,0.027312287,1,0.1070346,0.01972097,0.024381426,0.078412897,0.033711187,0.051913079,0.093213682,0.061330914,0.028550582,0.038385954,0.06585944,0.043293863,0.100056707,0.085038567,0.070742785,0.013780441,0.122164874,0.032580796,0.02716397,0.015395884,0.055203088,0.068680096,0.096519254,0.105288144,0.025079,0.215976448,0.08395477,0.012986002,0.003650498,0.03270719,0.014420578,0.015991206,0.152597576,0.024230044,0.034911559,0.015156657,0.026979778,0.009182598,0.023096696,0.012342732,0.210403423,0.051085832,0.018609135,0.040902822,0.04067918,0.076474586,0.02907456,0.120365196,0.016467957,0.005115907,0.041037845,0.088654348,0.007565355,0.002928186,0.027317828,0.014086256,0.14495321,0.075946152,0.164984953,0.156148431,0.027219547,0.131824346,0.031630855,0.020598722,0.011101386
Butyrivibrio_fibrisolvens_16_4,0.030554275,0.185233892,0.022329348,0.006853984,0.004452901,0.055495524,0.006320646,0.018561836,0.00807742,0.032246789,0.025603396,0.030420598,0.01247728,0.022586551,0.041563079,0.061420142,0.011826888,0.036781195,0.012129018,0.013574928,0.021229224,0.018224652,0.014255707,0.029542281,0.009979712,0.006013065,0.003217461,0.014922772,0.024653252,0.006650222,0.038328974,0.010581011,0.033382308,0.041760082,0.526424735,0.07648299,0.026100953,0.010276877,0.149216997,0.04612054,0.017413639,0.02206585,0.27026915,0.054910024,0.141407077,0.013528124,0.031191232,0.006071272,0.010428224,0.211294973,0.034288701,0.009032497,0.005151521,0.240062272,0.032798431,0.006262542,0.024721958,0.018831389,0.02072651,0.011810607,0.053608089,0.057637826,0.018383343,0.019422801,0.005228614,0.012434606,0.060843087,0.016168277,0.00681439,0.018114163,0.011394662,0.023209745,0.008125894,0.009917761,0.015282355,0.077636486,0.022138571,0.098088737,0.481132919,0.132071038,0.215000268,0.1285568,0.361091654,0.026594453,0.01100187,0.146685083,0.076492844,0.210064096,0.1070346,1,0.121457256,0.180037792,0.64964807,0.135587999,0.19530216,0.647488532,0.502900919,0.163556984,0.345859593,0.073398395,0.344999491,0.080383285,0.469703797,0.160007062,0.093216343,0.03099882,0.282369121,0.090606114,0.083805488,0.305242467,0.401843882,0.159248216,0.16472746,0.187750474,0.077666965,0.214028778,0.112350008,0.008604829,0.184283958,0.024154105,0.04463419,0.09922976,0.087988164,0.064062698,0.058747671,0.139007584,0.014383103,0.107825745,0.073608907,0.110717977,0.039838983,0.06850529,0.156469433,0.012952707,0.023873995,0.098197087,0.040749574,0.128026358,0.046116345,0.30293919,0.066584071,0.058886119,0.026395561,0.152545495,0.046605711,0.121294715,0.136241572,0.091371757,0.154784533,0.210465654,0.291149779,0.221222788,0.126299418,0.068815509
Campylobacter_concisus_13826,0.006024899,0.042091813,0.004152592,0.001549593,0.000828107,0.010320511,0.001175452,0.003800636,0.001502159,0.00599694,0.004761468,0.005657323,0.002320402,0.004200424,0.006532393,0.011501093,0.002202099,0.006840204,0.002193304,0.002524532,0.003948002,0.003389241,0.002651136,0.005493983,0.001855929,0.001118251,0.000598352,0.00277519,0.004584769,0.001302204,0.007807176,0.001974425,0.005714536,0.007766129,0.092050752,0.014223553,0.002931283,0.001911192,0.027749908,0.006747155,0.003238417,0.004168746,0.046866766,0.010211626,0.026297496,0.002515827,0.005800638,0.001129075,0.002054962,0.038634897,0.006376675,0.001679775,0.000958029,0.044265023,0.005231954,0.001164646,0.004597546,0.003502076,0.003854512,0.00219642,0.01061878,0.01080942,0.003418753,0.003612061,0.00097336,0.002078427,0.011314998,0.003006817,0.001162826,0.003368694,0.002119067,0.00431632,0.001511174,0.001844408,0.002842062,0.014438069,0.003918624,0.307690948,0.106792067,0.108604548,0.162521553,0.020906474,0.066679438,0.004429198,0.001825931,0.027453046,0.013706491,0.104533723,0.01972097,0.121457256,1,0.06869118,0.134156108,0.104764487,0.115507861,0.115485901,0.137740504,0.174490285,0.180017422,0.024614543,0.129120981,0.015461059,0.086283072,0.023051947,0.258654268,0.003451978,0.11649523,0.058492189,0.141670229,0.200881163,0.093348715,0.041632146,0.027210079,0.101281847,0.036128412,0.092300802,0.345392335,0.001222559,0.130135209,0.00558686,0.018694382,0.0343411,0.052421424,0.028843439,0.042163858,0.076035132,0.014107138,0.066469679,0.22207654,0.034397962,0.012966371,0.027253559,0.053977959,0.003038387,0.002823912,0.014870494,0.006149414,0.375087463,0.107104642,0.201120719,0.023119654,0.061031226,0.090999751,0.216011166,0.21958829,0.031887168,0.039079088,0.043963226,0.031796224,0.254565329,0.075201333,0.301215698,0.060887256,0.062683851
Campylobacter_hominis_ATCC_BAA_381,0.012332229,0.090096476,0.006930794,0.003193459,0.001382134,0.017225226,0.001961862,0.006343368,0.002507146,0.010009063,0.007947024,0.009442233,0.003872816,0.007010627,0.011859748,0.019195651,0.003675366,0.011416495,0.00381471,0.004213515,0.006589327,0.00565674,0.004424821,0.009169613,0.003097597,0.001866392,0.000998666,0.004631871,0.007652109,0.002179152,0.012603751,0.003295372,0.010198768,0.011329582,0.130919374,0.023739514,0.006966936,0.003189834,0.042807097,0.013584721,0.004629875,0.006957755,0.08081504,0.017043493,0.037870904,0.004198987,0.00968143,0.001884459,0.00342979,0.047585087,0.010185401,0.002803592,0.001598978,0.074512798,0.007343212,0.001943827,0.007673435,0.005845065,0.00643329,0.003665888,0.017723044,0.018041229,0.005705996,0.006028633,0.001624565,0.003302456,0.018885053,0.005018463,0.002116826,0.005622445,0.003536783,0.00720406,0.002522192,0.003078368,0.004743482,0.024097547,0.005476022,0.048117029,0.161170235,0.137164534,0.231817475,0.034631276,0.131901835,0.005991185,0.0038907,0.046748194,0.024477804,0.129784032,0.024381426,0.180037792,0.06869118,1,0.216973458,0.046992735,0.062478152,0.171860215,0.221093957,0.08030105,0.230544476,0.021979817,0.159824409,0.0337039,0.167568276,0.046701845,0.054321348,0.007868853,0.203363736,0.050573098,0.042948967,0.103503698,0.141286257,0.068394574,0.039403803,0.218613636,0.021431505,0.0643042,0.056325357,0.000743254,0.079917289,0.003292975,0.021957089,0.030349503,0.019236501,0.014503023,0.016119752,0.043719952,0.002476957,0.088109225,0.0228214,0.023662649,0.012854706,0.018406459,0.054101205,0.003811344,0.00456521,0.013583676,0.010785687,0.059692175,0.042459291,0.167868968,0.017818083,0.035866906,0.043575022,0.065346248,0.038702091,0.043680941,0.049861196,0.0250399,0.058623315,0.124017397,0.105937619,0.11942379,0.056929909,0.06177975
Candidatus_Sulcia_muelleri_GWSS,0.023818382,0.19080764,0.015783228,0.005345607,0.003147479,0.039226335,0.004467672,0.014094581,0.005709426,0.02279325,0.018097448,0.021502429,0.008819413,0.015965028,0.029447063,0.043713507,0.008369767,0.025998339,0.00861436,0.009595273,0.015005618,0.012881873,0.010076472,0.020881601,0.007054038,0.004250262,0.002274223,0.010547979,0.01742585,0.004770148,0.026695378,0.007504422,0.024129266,0.029517605,0.374140241,0.054061069,0.019822151,0.007264085,0.105472215,0.034339218,0.012308619,0.015687869,0.191036454,0.038812481,0.099951868,0.009562189,0.022047142,0.004291405,0.007574531,0.158169752,0.02423655,0.00638451,0.00364129,0.16968509,0.023450849,0.004426602,0.017474415,0.013310738,0.014650281,0.008348183,0.039768814,0.041084587,0.012994042,0.01372877,0.003699558,0.009265755,0.043006194,0.011428349,0.004820566,0.012803775,0.008054178,0.016405526,0.005743689,0.007010248,0.010802146,0.054876404,0.017382151,0.116218366,0.433709349,0.170755517,0.304171998,0.118123377,0.273619721,0.020227546,0.008204571,0.114706777,0.055882384,0.294093312,0.078412897,0.64964807,0.134156108,0.216973458,1,0.154533838,0.180579526,0.709767536,0.641943084,0.193189481,0.489536231,0.074596295,0.390917797,0.065452634,0.463924218,0.138602455,0.097895425,0.026767197,0.406503477,0.091748735,0.088121194,0.338905013,0.458966964,0.14588489,0.130606895,0.229694129,0.070958141,0.179204369,0.125812859,0.00721726,0.177353689,0.016245924,0.051033695,0.101814228,0.085108427,0.05522513,0.056042658,0.164214866,0.013071113,0.135593453,0.071455901,0.095666012,0.039672663,0.058924581,0.163431362,0.01128027,0.017176146,0.071255696,0.034121237,0.142462833,0.063400576,0.385547213,0.056690394,0.063334976,0.037343165,0.178503765,0.050458007,0.096298673,0.114487933,0.072228009,0.117169857,0.237480557,0.240207868,0.24574815,0.177291066,0.08399229
Citrobacter_koseri_ATCC_BAA_895,0.018554776,0.066585773,0.018053645,0.001585758,0.003600244,0.02583509,0.005110346,0.015780222,0.006530727,0.015652343,0.020700767,0.024595554,0.010088086,0.013645988,0.016674849,0.026404969,0.009573759,0.017948087,0.004477015,0.010907494,0.017164177,0.014734931,0.011525973,0.02388542,0.005648177,0.004861662,0.00260137,0.012065306,0.01993256,0.004925214,0.00931963,0.007666766,0.009217261,0.017313271,0.142328836,0.03954707,0.007277861,0.008036255,0.066438226,0.018171453,0.011975708,0.01123639,0.114746227,0.027933168,0.055658763,0.008391939,0.018544544,0.00449888,0.007244068,0.087667612,0.013432545,0.006592817,0.003830189,0.106697224,0.021502387,0.004744606,0.018363806,0.014029991,0.014557847,0.00954907,0.02846957,0.044577688,0.014863235,0.008740313,0.002486515,0.009677981,0.034961633,0.013072318,0.002875286,0.009488896,0.006282003,0.017553009,0.006569919,0.008018673,0.012356035,0.04880516,0.009970272,0.089334715,0.141008068,0.084673447,0.101817497,0.079787065,0.060353811,0.005529208,0.003012695,0.037380527,0.017756605,0.084052764,0.033711187,0.135587999,0.104764487,0.046992735,0.154533838,1,0.270170604,0.171068237,0.158241665,0.394926005,0.122419097,0.070110385,0.103214757,0.037566201,0.096691001,0.035622216,0.283585879,0.009527407,0.134807979,0.354312869,0.613193656,0.216447361,0.187218534,0.159026186,0.060967225,0.089493312,0.050230808,0.307503279,0.102134039,0.001890548,0.303880323,0.011588409,0.022802278,0.044634174,0.275343594,0.167634592,0.059786675,0.043003685,0.044284427,0.047772078,0.14032989,0.043855846,0.023048389,0.045169102,0.1117522,0.005517526,0.005015764,0.016158626,0.010556495,0.130831362,0.031050386,0.156454522,0.06152274,0.080967364,0.026002392,0.372284578,0.022544377,0.111261528,0.080130731,0.116529039,0.128088662,0.196701552,0.179880814,0.226954244,0.081527405,0.031457961
Citrobacter_sp_30_2,0.022539364,0.120661745,0.016212657,0.003894057,0.003233115,0.032515066,0.004589228,0.014838538,0.005126616,0.019780443,0.018589843,0.022087466,0.009059371,0.016090396,0.023123313,0.042595204,0.008597491,0.02204435,0.007365684,0.008926619,0.01541389,0.013232363,0.010350632,0.021449747,0.006917667,0.004365902,0.002200284,0.010834968,0.017899972,0.00317643,0.013881189,0.005619914,0.013277206,0.02626387,0.197540039,0.050852951,0.009672088,0.006387606,0.092688607,0.020710259,0.012516017,0.011859077,0.148712164,0.039868489,0.090404312,0.009822357,0.019553931,0.003823869,0.006170776,0.111399358,0.020834661,0.005988168,0.003740362,0.141363494,0.013279204,0.003880366,0.017949858,0.010973173,0.012151006,0.007393654,0.029098913,0.031616565,0.012971874,0.01349371,0.003800216,0.005650455,0.044176304,0.011739291,0.003964155,0.01315214,0.0079088,0.016851886,0.005899963,0.007200983,0.01109605,0.045267097,0.011565728,0.096527583,0.149099372,0.08130415,0.117244634,0.081213499,0.08060711,0.007936265,0.004143691,0.038627915,0.017299163,0.080570157,0.051913079,0.19530216,0.115507861,0.062478152,0.180579526,0.270170604,1,0.191677193,0.186682563,0.177590071,0.156009306,0.070801356,0.153399393,0.0367585,0.104637219,0.038489369,0.21496846,0.011720479,0.133712625,0.150168538,0.176797258,0.320063531,0.158612798,0.15356065,0.062630012,0.094226174,0.046289022,0.144590235,0.108382064,0.001780084,0.394229133,0.01768185,0.021397929,0.080061674,0.091711473,0.053774973,0.063281106,0.065627622,0.026632747,0.042400533,0.149030699,0.043584788,0.023817529,0.047783722,0.192581066,0.008032376,0.015985894,0.096470167,0.010892983,0.142298062,0.035793833,0.151818033,0.109031929,0.081568655,0.029298864,0.387204664,0.024900395,0.093213479,0.102431752,0.057866217,0.106558107,0.203047102,0.218965581,0.246263387,0.07347455,0.035598631
Clostridium_difficile_630,0.02750729,0.196544718,0.018762382,0.005567543,0.003741579,0.046269282,0.005310965,0.016008518,0.006787105,0.027095578,0.021513423,0.025561109,0.010484117,0.018978498,0.035005327,0.050844168,0.009949598,0.030905642,0.010271746,0.011406423,0.017837996,0.015313385,0.011978452,0.024823097,0.008385519,0.005052517,0.002703493,0.012538957,0.020715058,0.005428427,0.029316015,0.008920916,0.026511003,0.034992769,0.431744452,0.063651525,0.022459117,0.008635214,0.125380567,0.040771087,0.014631926,0.018265615,0.227095438,0.046138511,0.11881823,0.011367095,0.026208639,0.005101427,0.008597884,0.187311603,0.028811307,0.007589615,0.0043286,0.201713909,0.026612609,0.005262143,0.020772789,0.015588413,0.017415587,0.00992394,0.046379966,0.04751107,0.015446725,0.016320136,0.004397866,0.010786288,0.051123805,0.013585501,0.005579103,0.015220545,0.00957444,0.019502142,0.006827836,0.008333464,0.012733764,0.064632745,0.02002207,0.100326346,0.459065881,0.180460359,0.255874536,0.137476273,0.290637074,0.022783357,0.009577367,0.13286729,0.062426381,0.243917487,0.093213682,0.647488532,0.115485901,0.171860215,0.709767536,0.171068237,0.191677193,1,0.604243753,0.166568436,0.411806008,0.09336266,0.404136839,0.074632486,0.469591788,0.146562371,0.086633511,0.027862938,0.344863444,0.094696656,0.080233419,0.384989762,0.503638847,0.170424485,0.145787357,0.230359298,0.084830986,0.203059624,0.108654858,0.005380224,0.173110807,0.017986959,0.045093622,0.102289027,0.082892265,0.066622183,0.051355033,0.156984134,0.013075326,0.114128506,0.063899578,0.118112349,0.038522318,0.058789568,0.190380326,0.012743699,0.018144549,0.065057005,0.036327542,0.125473253,0.054883645,0.358826018,0.083312556,0.08116142,0.03141369,0.198434837,0.045129781,0.102996796,0.122612425,0.090951255,0.135564918,0.243613081,0.258719991,0.245476195,0.168388594,0.06891775
Clostridium_hylemonae_DSM_15053,0.019254283,0.179569105,0.012344905,0.004305637,0.002461811,0.030681011,0.003494404,0.011249335,0.004465647,0.017827818,0.014154981,0.016818198,0.006898134,0.012487101,0.02303212,0.034190668,0.006546442,0.020334689,0.006794638,0.007504975,0.011736695,0.010075601,0.007881347,0.016332615,0.005517339,0.003324356,0.001778791,0.008250138,0.013629688,0.003675667,0.021268699,0.005869609,0.018546822,0.023087295,0.290982528,0.042284048,0.015239308,0.005681629,0.082495451,0.027418096,0.009627228,0.01212306,0.14941981,0.030357314,0.078177693,0.007479099,0.017244247,0.003356537,0.005783515,0.124811363,0.0189567,0.004993666,0.002848047,0.132719769,0.018319915,0.003462282,0.013667673,0.010411039,0.011458767,0.00652956,0.031567708,0.031609681,0.010163334,0.010738004,0.002893622,0.007383085,0.03363744,0.008938722,0.003759207,0.010014516,0.006299602,0.012831637,0.004492446,0.005483089,0.008448935,0.042921765,0.013595509,0.137506656,0.377583366,0.189351292,0.381682726,0.111835725,0.229668716,0.016887394,0.00659613,0.092430223,0.047715152,0.327335473,0.061330914,0.502900919,0.137740504,0.221093957,0.641943084,0.158241665,0.186682563,0.604243753,1,0.191468322,0.621066728,0.069083392,0.419143209,0.058694993,0.39461417,0.109145019,0.113007866,0.022051249,0.430906563,0.092321515,0.097657411,0.383260909,0.493032512,0.126167154,0.098286533,0.265870678,0.071696849,0.151464625,0.151386479,0.006112663,0.185261532,0.012839498,0.05144776,0.086849617,0.086241638,0.055224158,0.058752125,0.19358935,0.012048843,0.148504533,0.080646556,0.093841762,0.038460649,0.067293487,0.190381497,0.010662475,0.014266196,0.052409361,0.030486222,0.175069192,0.083414812,0.409998382,0.055921467,0.095204196,0.047744043,0.203930455,0.0556366,0.080191064,0.102027997,0.069886296,0.099898037,0.294094659,0.212048206,0.29207268,0.208024498,0.092940341
Clostridium_perfringens_ATCC_13124,0.013377963,0.068894104,0.013715407,0.002287733,0.002735116,0.021420774,0.003882345,0.011462719,0.004961412,0.012688317,0.015726433,0.018685315,0.007663949,0.011248506,0.012056668,0.020812414,0.007273212,0.017498263,0.003928931,0.00833816,0.013039676,0.011194171,0.008756316,0.018145824,0.004580844,0.003693419,0.001976269,0.009166049,0.015142824,0.004309806,0.014055712,0.00652124,0.009081891,0.012326269,0.117143941,0.039606023,0.00800379,0.00631239,0.048210955,0.020634811,0.010121049,0.008048963,0.073540412,0.02222182,0.039185265,0.006948041,0.015251031,0.003729172,0.006787239,0.051148579,0.011803444,0.005548052,0.003164231,0.077728437,0.018273948,0.003846656,0.015185026,0.010785537,0.012730892,0.007254456,0.019837164,0.03570194,0.011291643,0.006675817,0.001925167,0.008467711,0.028652485,0.009931078,0.00287369,0.007521105,0.005064431,0.014256176,0.004991187,0.006091809,0.008725904,0.042864659,0.005672102,0.11151,0.136210385,0.098526397,0.154941025,0.036774644,0.085513306,0.00671044,0.003554447,0.036316901,0.018534145,0.160022027,0.028550582,0.163556984,0.174490285,0.08030105,0.193189481,0.394926005,0.177590071,0.166568436,0.191468322,1,0.227671965,0.022201563,0.235272679,0.022599819,0.135793065,0.043477207,0.299942784,0.008115236,0.135448266,0.241882312,0.518309401,0.178406724,0.135205575,0.049574632,0.055491595,0.101451521,0.030373905,0.28082073,0.129908727,0.004520972,0.242638855,0.006824576,0.020590594,0.039594838,0.215172195,0.123410146,0.033715186,0.08209779,0.034338392,0.067003453,0.100263102,0.04833084,0.021453065,0.024130046,0.068771874,0.005807802,0.006082652,0.026908406,0.01570064,0.154860806,0.047819996,0.190939219,0.019224241,0.027835251,0.041399904,0.185771634,0.035854098,0.102510161,0.07025807,0.105142512,0.105738123,0.15789975,0.179355254,0.197111736,0.06944277,0.069341905
Clostridium_phytofermentans_ISDg,0.012345028,0.159817612,0.007726462,0.002959609,0.001540805,0.019202712,0.002187087,0.007071598,0.002794971,0.011158122,0.008859357,0.010526218,0.004317422,0.00781546,0.014415404,0.021399345,0.004097304,0.012727129,0.004252646,0.004697234,0.007345794,0.006306144,0.004932798,0.0102223,0.003453207,0.002080657,0.001113315,0.005163618,0.008530585,0.00236337,0.013965563,0.003673687,0.011736615,0.014449937,0.183155203,0.026464852,0.009830932,0.003556033,0.051632471,0.01771887,0.006025515,0.007721911,0.093519266,0.019000116,0.048930061,0.004681038,0.010792875,0.002100798,0.003742807,0.078339341,0.011864669,0.003125449,0.001782543,0.083067,0.011737825,0.002166982,0.008554359,0.006516089,0.007171843,0.004086738,0.019757681,0.020112394,0.006361054,0.00672073,0.001811068,0.004770215,0.02105309,0.005594591,0.002359842,0.006267912,0.003942812,0.008031099,0.002811744,0.003431771,0.005288042,0.026863988,0.008509193,0.186924245,0.254417608,0.251617918,0.563230672,0.076301009,0.155681207,0.011973838,0.00425927,0.060271356,0.031731299,0.407374961,0.038385954,0.345859593,0.180017422,0.230544476,0.489536231,0.122419097,0.156009306,0.411806008,0.621066728,0.227671965,1,0.051082325,0.442428124,0.039313436,0.288478916,0.075443912,0.136327535,0.015752417,0.503577461,0.074367863,0.094256425,0.344851306,0.405375348,0.08534166,0.063964265,0.322222831,0.061925279,0.125254029,0.203201076,0.004567109,0.177029041,0.010076986,0.045168552,0.067596321,0.074280899,0.041038856,0.055554705,0.220225743,0.008912655,0.161184516,0.091880456,0.073804436,0.033768775,0.050213844,0.165931151,0.009882306,0.009814293,0.047579621,0.026774792,0.229841522,0.124232889,0.485253061,0.037172097,0.097213385,0.076282739,0.18871392,0.071473496,0.054050776,0.075136102,0.050170503,0.063435672,0.309824799,0.149915961,0.32506222,0.212541094,0.120254123
Clostridium_ramosum_VPI_0427_DSM_1402,0.165951245,0.029524218,0.033495224,0.003389508,0.008271728,0.05200187,0.011663224,0.02728882,0.009007254,0.02692977,0.046112342,0.056720364,0.046583474,0.046070343,0.121505673,0.079262322,0.050315384,0.026079709,0.009847848,0.015020712,0.064737057,0.026606097,0.030308258,0.075290413,0.014906122,0.025550715,0.003833233,0.027157843,0.060365303,0.006402013,0.02870924,0.010537009,0.026753663,0.061139946,0.103478218,0.048031577,0.013052364,0.010906573,0.123622699,0.039786664,0.073994038,0.078208812,0.134865495,0.222859627,0.08910262,0.014464449,0.034945594,0.00460327,0.009448319,0.499679602,0.019542434,0.009528079,0.008487847,0.121710464,0.015519562,0.006481618,0.032945693,0.012828494,0.012220979,0.013244174,0.050862953,0.060785912,0.022308917,0.027792687,0.020772971,0.008042542,0.094113491,0.039661974,0.006046637,0.076970705,0.039226475,0.03050985,0.014220281,0.014046039,0.022383513,0.054487429,0.1044939,0.012690814,0.086481489,0.033472439,0.038044097,0.312371545,0.079197233,0.012594779,0.011305765,0.061738174,0.031532623,0.035747346,0.06585944,0.073398395,0.024614543,0.021979817,0.074596295,0.070110385,0.070801356,0.09336266,0.069083392,0.022201563,0.051082325,1,0.039163926,0.074077707,0.073140351,0.046413071,0.015273798,0.013260871,0.046833586,0.031470165,0.016034639,0.093855244,0.079065529,0.197679457,0.095255337,0.041061776,0.036200557,0.047855427,0.01415939,0.002225298,0.058878215,0.008861521,0.017010079,0.037991161,0.023146351,0.020308798,0.017816093,0.012924156,0.009200115,0.024078972,0.014977536,0.036597737,0.015283922,0.019316219,0.082681085,0.010650918,0.012076569,0.006508349,0.017095593,0.01888299,0.009265105,0.055173549,0.061258063,0.01558889,0.005644637,0.046457174,0.026104688,0.09353851,0.100584504,0.042163107,0.135216466,0.038525949,0.08938992,0.04177255,0.027583531,0.012602319
Clostridium_sp_7_2_43FAA,0.012488992,0.162972487,0.008714343,0.002689509,0.001737807,0.021657911,0.002466721,0.007546352,0.003152327,0.012511664,0.009992087,0.011872068,0.004869435,0.00881472,0.016258513,0.024135399,0.004621173,0.01435438,0.004796376,0.005297807,0.008285004,0.007112428,0.005563491,0.011529292,0.003894723,0.002346683,0.00125566,0.005823822,0.009621279,0.002694506,0.01462363,0.004143393,0.013374298,0.016297461,0.206572859,0.029394983,0.010746948,0.004010696,0.058234038,0.019548739,0.006795918,0.008739954,0.105476349,0.021429412,0.055186107,0.005279541,0.012172818,0.0023694,0.004231375,0.085578584,0.013381649,0.003525059,0.002010454,0.093687688,0.013082211,0.002444046,0.009648093,0.007349215,0.008088813,0.004609256,0.022271031,0.022683902,0.007174359,0.007580022,0.002042625,0.005342866,0.023744873,0.006309898,0.002661564,0.007069308,0.004446928,0.009057931,0.003171245,0.003870546,0.005964154,0.030298734,0.008909056,0.124478692,0.27118393,0.164555508,0.30951788,0.058683095,0.144200366,0.01069304,0.004265756,0.05984158,0.032549948,0.272718869,0.043293863,0.344999491,0.129120981,0.159824409,0.390917797,0.103214757,0.153399393,0.404136839,0.419143209,0.235272679,0.442428124,0.039163926,1,0.037192943,0.273995501,0.076852913,0.095074163,0.013743066,0.303503852,0.071656838,0.074661702,0.269579256,0.308348944,0.059469218,0.06677629,0.176523579,0.043833578,0.126129719,0.129913796,0.00538673,0.107424693,0.010348119,0.029713609,0.050136311,0.043173647,0.02680324,0.034044265,0.165521157,0.00485875,0.112098616,0.055069005,0.077908789,0.025673472,0.033799765,0.114187406,0.007596243,0.012093643,0.052918371,0.024832446,0.152456544,0.074088584,0.274060819,0.037528317,0.058224095,0.06519995,0.149083462,0.051575369,0.050921757,0.057473935,0.039987443,0.064933282,0.182934195,0.136289329,0.188678202,0.138166039,0.108399135
Clostridium_spiroforme_DSM_1552,0.066215808,0.062438241,0.104051438,0.060345998,0.031112844,0.189057727,0.018538741,0.108445796,0.016437411,0.046187068,0.104413576,0.119909313,0.031234309,0.061446545,0.117842219,0.110332364,0.076340118,0.106664396,0.018580943,0.081918837,0.092978249,0.06484899,0.082413986,0.107914555,0.025054847,0.037166108,0.024054932,0.06985793,0.103601369,0.033063556,0.079400859,0.071182853,0.073792102,0.04494804,0.123198224,0.151263147,0.020238317,0.045870262,0.161185422,0.089066328,0.043610663,0.134398545,0.153840863,0.125067037,0.113421062,0.066075695,0.071716177,0.047655559,0.043075133,0.141503243,0.094067218,0.071015407,0.040633662,0.136750458,0.02061681,0.045589986,0.104716769,0.070337991,0.083905419,0.076165807,0.184045748,0.164615126,0.089791648,0.089660145,0.015445513,0.014377153,0.166357495,0.106074857,0.026642089,0.041603878,0.080458957,0.100889361,0.06479777,0.078663383,0.111337477,0.172584919,0.055154422,0.008662042,0.100307497,0.013238846,0.025905521,0.099432965,0.119472191,0.056607,0.02122086,0.145514156,0.073628277,0.028172264,0.100056707,0.080383285,0.015461059,0.0337039,0.065452634,0.037566201,0.0367585,0.074632486,0.058694993,0.022599819,0.039313436,0.074077707,0.037192943,1,0.071253781,0.056701917,0.008538367,0.053152656,0.030156896,0.024846663,0.009954089,0.050728492,0.068932801,0.09430637,0.069391467,0.019235831,0.020944354,0.059642058,0.009645744,0.002492872,0.029221582,0.025962604,0.02754236,0.027153339,0.019128257,0.03211576,0.036991851,0.028901612,0.005295982,0.033218235,0.006039282,0.041658454,0.189416071,0.045938889,0.050647868,0.020649442,0.037077864,0.019585525,0.021716865,0.011599079,0.004783033,0.030840205,0.036057445,0.007222337,0.003191181,0.022093579,0.02662304,0.204265486,0.05822187,0.069664219,0.163494095,0.023547896,0.117539224,0.027911022,0.019782675,0.008514437
Collinsella_intestinalis_DSM_13280,0.036232406,0.158303735,0.019867042,0.005692209,0.004778968,0.059559231,0.006783481,0.016289073,0.006878006,0.027968791,0.027478226,0.032648172,0.013390939,0.02424047,0.044233787,0.056989449,0.012659147,0.032135979,0.010326704,0.014568964,0.022783752,0.019559168,0.015299593,0.03170554,0.010710485,0.006453377,0.003453063,0.016015504,0.026458507,0.006689609,0.036689865,0.009500441,0.031044373,0.037191441,0.37873139,0.063378476,0.021990208,0.008929508,0.160143538,0.050592538,0.018688768,0.024057655,0.264645384,0.058930857,0.151761729,0.011319337,0.033475237,0.004991795,0.010133498,0.1796552,0.028206262,0.009693909,0.004462186,0.201413793,0.025277451,0.005189735,0.026111614,0.020210334,0.017157294,0.011093093,0.060979637,0.062380704,0.015662182,0.020845052,0.005617217,0.010300698,0.065298373,0.017316682,0.007319298,0.019440588,0.012229046,0.024909299,0.007506402,0.009523245,0.016401418,0.075469039,0.025400195,0.052698433,0.409246027,0.137095427,0.190178575,0.115330129,0.366982641,0.032996423,0.01211964,0.142000214,0.089003159,0.243085395,0.085038567,0.469703797,0.086283072,0.167568276,0.463924218,0.096691001,0.104637219,0.469591788,0.39461417,0.135793065,0.288478916,0.073140351,0.273995501,0.071253781,1,0.242836165,0.04937525,0.025439063,0.24381863,0.070846241,0.050518339,0.201225951,0.291259415,0.161136466,0.131330713,0.178037447,0.063534017,0.129410895,0.061964693,0.010346089,0.092687952,0.016613539,0.062206386,0.094304557,0.057762897,0.082911192,0.046319555,0.123165415,0.009466528,0.129735627,0.035409139,0.090576504,0.027989983,0.058188976,0.123425006,0.012039196,0.020804909,0.06580247,0.035122236,0.071897518,0.03463517,0.258678605,0.110221295,0.036061642,0.024260534,0.094996057,0.043827058,0.098290687,0.102654027,0.070924358,0.148962614,0.132134417,0.235850194,0.130557654,0.128304129,0.060595413
Collinsella_stercoris_DSM_13279,0.038263924,0.054089317,0.021345345,0.006164098,0.019147457,0.073523541,0.027178753,0.017128857,0.007707139,0.029308985,0.037048021,0.054960098,0.053652255,0.097122078,0.095812642,0.053934237,0.036420697,0.033221497,0.011527155,0.017895633,0.040657414,0.029026736,0.029564703,0.044856257,0.042912721,0.025856155,0.013835071,0.039394478,0.034614479,0.007390855,0.036885688,0.010498443,0.032161933,0.037059126,0.169683763,0.059500773,0.023216684,0.009972107,0.160648189,0.059515121,0.043500829,0.083365181,0.164718352,0.06618802,0.1431563,0.012581418,0.057523827,0.00568843,0.011136272,0.119816414,0.029598204,0.015190053,0.005063506,0.135589458,0.026025227,0.005904139,0.027298978,0.021707158,0.018697132,0.012210244,0.245527084,0.094011144,0.01711872,0.02228531,0.022487314,0.011340038,0.078740113,0.018532095,0.029325562,0.020488125,0.048997,0.033682726,0.008371695,0.010513783,0.022138564,0.069183466,0.068205565,0.014425739,0.158719403,0.031278683,0.048915731,0.076787697,0.165884096,0.161967762,0.012973178,0.105013437,0.397772906,0.061271824,0.070742785,0.160007062,0.023051947,0.046701845,0.138602455,0.035622216,0.038489369,0.146562371,0.109145019,0.043477207,0.075443912,0.046413071,0.076852913,0.056701917,0.242836165,1,0.014643315,0.024778509,0.064036651,0.032016971,0.01709792,0.066457286,0.091328518,0.082368568,0.093542958,0.043104674,0.031979682,0.062564002,0.016888633,0.010577373,0.032397748,0.013460136,0.027238261,0.051958583,0.026936585,0.046000762,0.019124941,0.033468877,0.006885073,0.038573333,0.010673551,0.05051435,0.015969697,0.025474821,0.045897241,0.010109424,0.021042969,0.032474705,0.029024521,0.019678827,0.009309758,0.069997556,0.042002163,0.009623556,0.006138508,0.02836884,0.011792222,0.075211325,0.064183194,0.046611125,0.100557549,0.036277437,0.112930199,0.037061267,0.036447631,0.01671451
Cronobacter_sakazakii_ATCC_BAA_894,0.006716173,0.042872315,0.005238697,0.000726649,0.001044697,0.010865716,0.001482889,0.004794687,0.001895047,0.006496484,0.006006823,0.007136989,0.0029273,0.00529904,0.004341806,0.009081023,0.002778055,0.008629251,0.001549805,0.003184819,0.004980597,0.004275693,0.003344537,0.006930926,0.002341344,0.001410728,0.00075485,0.003501037,0.005783909,0.001530207,0.005630273,0.002490834,0.003788593,0.005786257,0.062963073,0.017943704,0.002521565,0.002411062,0.024474583,0.009674042,0.004085421,0.005259076,0.042917225,0.011775437,0.022798663,0.003173839,0.007317787,0.001424384,0.002565278,0.026256928,0.006402647,0.002119118,0.0012086,0.046478375,0.007958483,0.001469258,0.005800028,0.00441804,0.004862655,0.002770891,0.013145279,0.013636609,0.004312923,0.002926889,0.000909006,0.003109761,0.014274421,0.003793246,0.001550462,0.004063042,0.002673306,0.005445248,0.001906419,0.00232681,0.003585399,0.018214327,0.002629081,0.246511721,0.072175452,0.090122285,0.127654603,0.018474354,0.029909553,0.002292412,0.001101773,0.01628978,0.008167431,0.073789803,0.013780441,0.093216343,0.258654268,0.054321348,0.097895425,0.283585879,0.21496846,0.086633511,0.113007866,0.299942784,0.136327535,0.015273798,0.095074163,0.008538367,0.04937525,0.014643315,1,0.003608843,0.123734089,0.149859885,0.436225277,0.150864521,0.078913464,0.052463533,0.026181637,0.092594579,0.026859962,0.122200346,0.279811416,0.00094942,0.374155066,0.006397621,0.018794663,0.029125136,0.121017087,0.06677033,0.053563382,0.068850898,0.032289669,0.069899283,0.243716893,0.033270146,0.018122833,0.033325752,0.065288836,0.002811508,0.001927304,0.006871222,0.005397983,0.313040606,0.077211487,0.175170017,0.0142443,0.073515277,0.06928967,0.43992417,0.04010018,0.039718093,0.05116824,0.055133831,0.045056547,0.251181729,0.111570242,0.29899033,0.067189595,0.051983883
Desulfovibrio_piger_ATCC_29098,0.090503666,0.027472842,0.224018181,0.084837778,0.06986647,0.185775227,0.071577109,0.059889604,0.058725004,0.093943211,0.14958004,0.16252874,0.116388876,0.202126882,0.085003276,0.03734161,0.119365472,0.050310037,0.135190861,0.173139942,0.17017723,0.209674186,0.160473927,0.208444006,0.099239635,0.097274942,0.061286539,0.204836296,0.198426531,0.088139673,0.115624883,0.128055887,0.074043567,0.026024986,0.042827078,0.10277743,0.16957011,0.138509428,0.075354226,0.065476488,0.063650943,0.092288683,0.064026339,0.073897613,0.051337972,0.101230295,0.136636363,0.10728065,0.162963318,0.039133068,0.065975464,0.153856776,0.098126711,0.081841591,0.177469906,0.106171401,0.211688995,0.208248431,0.124598358,0.174054028,0.11104742,0.131336158,0.157498723,0.042454336,0.096389371,0.128718213,0.100816741,0.198561037,0.058906425,0.076001483,0.052191644,0.205679159,0.126507897,0.179314093,0.081080642,0.142677825,0.072499383,0.003505867,0.027966543,0.006715265,0.010655304,0.029019885,0.041801432,0.120552497,0.097119927,0.041158534,0.026215525,0.009350838,0.122164874,0.03099882,0.003451978,0.007868853,0.026767197,0.009527407,0.011720479,0.027862938,0.022051249,0.008115236,0.015752417,0.013260871,0.013743066,0.053152656,0.025439063,0.024778509,0.003608843,1,0.015418503,0.007713193,0.004179624,0.014463764,0.018536909,0.024391639,0.030487643,0.009181335,0.097661748,0.038274577,0.003719419,0.001032668,0.008093748,0.100016337,0.011924545,0.063089578,0.008555361,0.008933439,0.002897297,0.008329132,0.002586023,0.012206623,0.002516301,0.036553585,0.006983942,0.006796633,0.011370444,0.037362444,0.167123676,0.017188113,0.162365225,0.004396965,0.002053221,0.01430914,0.003635804,0.002832817,0.001385732,0.007267898,0.001612365,0.027871863,0.018512731,0.018215648,0.031520311,0.008490872,0.033300721,0.009564799,0.005134439,0.005276656
Desulfovibrio_vulgaris_Miyazaki_F,0.009945656,0.141080605,0.006557979,0.002781408,0.001307787,0.016298661,0.001856331,0.006002151,0.002372284,0.009470664,0.007519545,0.008934324,0.003664493,0.006633517,0.012235344,0.018163095,0.003477664,0.010802389,0.003609513,0.003986865,0.00623488,0.005352457,0.004186805,0.008676369,0.002930974,0.001765997,0.000944947,0.004382717,0.007240494,0.001942365,0.010466464,0.00311811,0.009775198,0.012264654,0.154580695,0.022462538,0.00837345,0.003018249,0.043824025,0.015077625,0.005114268,0.006528483,0.079376225,0.016126704,0.041530304,0.003973119,0.009160654,0.001783092,0.003097912,0.06649198,0.01007036,0.002652783,0.001512967,0.070504669,0.009604713,0.001839266,0.007260672,0.005530652,0.006087236,0.003468695,0.016769701,0.01707077,0.005399064,0.005704345,0.001537178,0.003864234,0.017869204,0.004748514,0.00200296,0.005320008,0.003346535,0.006816546,0.00238652,0.002912779,0.004488324,0.022801312,0.007222337,0.150462375,0.198753352,0.350380256,0.52938957,0.064335503,0.118653968,0.008705872,0.003589823,0.051396666,0.02244112,0.285766304,0.032580796,0.282369121,0.11649523,0.203363736,0.406503477,0.134807979,0.133712625,0.344863444,0.430906563,0.135448266,0.503577461,0.046833586,0.303503852,0.030156896,0.24381863,0.064036651,0.123734089,0.015418503,1,0.066997063,0.083186122,0.255446701,0.285494485,0.080545903,0.053727209,0.353666777,0.063719934,0.087959041,0.151305968,0.002315358,0.121860484,0.008428786,0.03144033,0.055752975,0.052906652,0.03525353,0.040005285,0.147374405,0.0064321,0.121781831,0.074117723,0.053078599,0.028099575,0.04991925,0.128544941,0.008107485,0.008426352,0.031535997,0.019905489,0.17461798,0.10953747,0.476172255,0.034653295,0.122648179,0.089874591,0.203903687,0.061361757,0.04119028,0.055235574,0.040538095,0.049524313,0.269300792,0.104913118,0.247206576,0.167950063,0.127468731
Enterobacter_cancerogenus_ATCC_35316,0.014799221,0.028858731,0.025372319,0.002106289,0.006849095,0.021813145,0.009721911,0.031434254,0.01242404,0.01316595,0.039381092,0.045089808,0.019191552,0.011615862,0.012931487,0.021277021,0.018213096,0.017889075,0.004209985,0.020879867,0.032653091,0.0280317,0.021926985,0.037001735,0.004804222,0.009248814,0.004948841,0.022953011,0.029251748,0.010165395,0.009916373,0.015935059,0.010445007,0.014345067,0.088778154,0.038569784,0.007785832,0.015807069,0.04928201,0.01584959,0.010423462,0.009747843,0.078189692,0.022573453,0.04670175,0.007221601,0.015645376,0.009338345,0.01641879,0.051366039,0.012670288,0.008388132,0.007923657,0.073093527,0.045755175,0.009632541,0.029391593,0.028941586,0.031813853,0.018166129,0.024278027,0.06618168,0.028126817,0.007069699,0.002055241,0.019357073,0.028710979,0.024868747,0.003012505,0.007915702,0.005314179,0.015388972,0.012498599,0.012070069,0.023506093,0.042017051,0.007529656,0.048048952,0.08452503,0.036480621,0.05650249,0.044537597,0.049486015,0.004662099,0.003479357,0.032654338,0.019341391,0.043776885,0.02716397,0.090606114,0.058492189,0.050573098,0.091748735,0.354312869,0.150168538,0.094696656,0.092321515,0.241882312,0.074367863,0.031470165,0.071656838,0.024846663,0.070846241,0.032016971,0.149859885,0.007713193,0.066997063,1,0.330661706,0.093352118,0.077373461,0.084183488,0.043635228,0.04300681,0.043570133,0.221684924,0.054288011,0.001796203,0.16178093,0.015577766,0.016296779,0.031038369,0.295693625,0.424632286,0.055634844,0.032391637,0.041155266,0.026650215,0.096005681,0.035049475,0.020051284,0.04456394,0.047968071,0.004510414,0.004617399,0.010063474,0.009338333,0.07008139,0.018373123,0.075214834,0.018396461,0.029307634,0.014821019,0.164626572,0.013153028,0.18718249,0.063576291,0.098541337,0.263439187,0.083921609,0.128982754,0.107204253,0.035072838,0.020460192
Enterobacter_sp_638,0.007385039,0.033755826,0.011368213,0.000872925,0.00226704,0.011733752,0.003217938,0.01040469,0.004112338,0.007040092,0.013035081,0.015487593,0.006352375,0.007274462,0.005062036,0.010071389,0.006028507,0.011032499,0.001773469,0.006911204,0.010808124,0.00927845,0.007257799,0.015040428,0.00282623,0.003061343,0.001638059,0.007597412,0.012551348,0.00343412,0.006078251,0.005405224,0.00442514,0.006493996,0.064102875,0.026107893,0.003029842,0.005232116,0.026241553,0.010293569,0.007051235,0.005888504,0.044827907,0.012622729,0.02453451,0.004567435,0.009764393,0.003090978,0.005608154,0.028754513,0.006980868,0.004598583,0.002622718,0.047999746,0.017135288,0.003188356,0.012586328,0.009587349,0.010552184,0.006012961,0.014006886,0.029592068,0.009359242,0.003272819,0.001005382,0.006802835,0.017964089,0.008231517,0.001674907,0.004380994,0.003061619,0.010985067,0.004137017,0.005049284,0.007780481,0.029112866,0.003067694,0.11942938,0.069990399,0.047120527,0.079830095,0.020304057,0.03174115,0.002609193,0.001348121,0.018408904,0.009230979,0.047350946,0.015395884,0.083805488,0.141670229,0.042948967,0.088121194,0.613193656,0.176797258,0.080233419,0.097657411,0.518309401,0.094256425,0.016034639,0.074661702,0.009954089,0.050518339,0.01709792,0.436225277,0.004179624,0.083186122,0.330661706,1,0.110680399,0.065427733,0.053874921,0.027522113,0.053332089,0.025999867,0.267674192,0.138118663,0.000882454,0.27732972,0.006977366,0.016271436,0.026368499,0.270395549,0.149431611,0.044430157,0.048383835,0.037730894,0.044401098,0.145567952,0.031937024,0.017676213,0.029079123,0.050322633,0.002796674,0.002280574,0.006792515,0.005732563,0.167273812,0.033890879,0.117615713,0.010539484,0.03390968,0.032799734,0.284735288,0.025485956,0.085463967,0.048996913,0.095840551,0.097488262,0.145432104,0.124338585,0.190458713,0.052732154,0.032703838
Enterococcus_faecalis_TX1322,0.022729691,0.137713646,0.013882198,0.003250266,0.002768377,0.027565982,0.003929558,0.0127056,0.004398737,0.018045185,0.01591768,0.018912544,0.007757149,0.014042101,0.024786552,0.038448382,0.007361661,0.018312624,0.006807117,0.007704206,0.013198249,0.011330301,0.0088628,0.018366492,0.006018229,0.003738334,0.001910063,0.009277516,0.015326973,0.003253436,0.017291395,0.005449634,0.014893327,0.025962322,0.254961138,0.041563714,0.011244887,0.00546199,0.081914502,0.02395201,0.010826093,0.010676822,0.143766748,0.034137666,0.087913048,0.00841046,0.016755072,0.00327659,0.004369143,0.138274934,0.017082876,0.005081835,0.00320271,0.124733321,0.014839051,0.003315895,0.015369688,0.00926289,0.010078161,0.006330155,0.028184314,0.027937316,0.011316493,0.012075192,0.003253961,0.006669041,0.037826262,0.010051848,0.003199214,0.01126161,0.006882012,0.014429543,0.005051884,0.006165891,0.009263853,0.038376371,0.014621397,0.154177831,0.284325318,0.138032001,0.256998833,0.121447847,0.139604581,0.010901688,0.004883752,0.067057705,0.034852173,0.203700013,0.055203088,0.305242467,0.200881163,0.103503698,0.338905013,0.216447361,0.320063531,0.384989762,0.383260909,0.178406724,0.344851306,0.093855244,0.269579256,0.050728492,0.201225951,0.066457286,0.150864521,0.014463764,0.255446701,0.093352118,0.110680399,1,0.424364307,0.168907113,0.089410385,0.1753319,0.073755114,0.178573126,0.176297064,0.001601528,0.326488011,0.008092775,0.046312349,0.081187662,0.092064429,0.054491106,0.053492312,0.157986751,0.017437241,0.154812376,0.128321,0.114899085,0.029094334,0.043643857,0.338778843,0.009379909,0.010533404,0.018275529,0.021313595,0.210420196,0.073564803,0.286474154,0.141475799,0.090636636,0.041287768,0.28987637,0.05466678,0.087238217,0.117341381,0.069039092,0.103703194,0.304711075,0.233963854,0.346259187,0.164246047,0.066064982
Enterococcus_sp_7L76,0.020783603,0.221328105,0.014442619,0.004114551,0.002880136,0.035591371,0.004088193,0.012222885,0.005224474,0.020570244,0.016560273,0.019676039,0.008070303,0.014608978,0.026945865,0.038867377,0.007619078,0.022540543,0.007586217,0.008780262,0.01373106,0.011787703,0.009220589,0.019107944,0.006454876,0.00388925,0.002081054,0.009652047,0.01594572,0.004130986,0.021041698,0.006447012,0.01915357,0.027010416,0.322099442,0.045109975,0.015751196,0.006647083,0.096513534,0.028116753,0.01126314,0.01395297,0.174810051,0.035515797,0.090979752,0.008749989,0.020174485,0.003780594,0.005684806,0.14399531,0.020742244,0.005554505,0.003237233,0.155272246,0.017599727,0.004023984,0.015535907,0.011964225,0.012535586,0.007639099,0.036556986,0.036337669,0.011890344,0.012562665,0.003380438,0.0082932,0.0393533,0.010457639,0.004127235,0.011716238,0.007370066,0.01501206,0.005255827,0.006414806,0.009884625,0.049699005,0.015413275,0.099929262,0.418211542,0.126513265,0.292666844,0.115685061,0.197865969,0.016883132,0.006391923,0.087273452,0.048390814,0.310038017,0.068680096,0.401843882,0.093348715,0.141286257,0.458966964,0.187218534,0.158612798,0.503638847,0.493032512,0.135205575,0.405375348,0.079065529,0.308348944,0.068932801,0.291259415,0.091328518,0.078913464,0.018536909,0.285494485,0.077373461,0.065427733,0.424364307,1,0.141890325,0.109647214,0.179120355,0.070970964,0.159622719,0.110389583,0.002182517,0.154595421,0.013417883,0.049579196,0.101114771,0.074972398,0.063673146,0.06186921,0.17468444,0.010393639,0.162117478,0.055946511,0.115724295,0.039669832,0.06083599,0.224012785,0.009041859,0.011888018,0.026867799,0.028254782,0.130127121,0.071299249,0.284653477,0.070543862,0.07749382,0.040809471,0.172080739,0.056177663,0.083754321,0.106194643,0.067228187,0.104325649,0.236113594,0.21413847,0.272077935,0.237183728,0.070756675
Escherichia_fergusonii_UMN026_ATCC_35469,0.08732923,0.0500576,0.045357124,0.005709005,0.009295931,0.082030638,0.010850582,0.030880298,0.01449247,0.037746751,0.053426664,0.065658692,0.021372549,0.039770975,0.084567104,0.070667123,0.024649538,0.03779545,0.013472384,0.023378671,0.045107556,0.035910257,0.031163641,0.064580808,0.019821349,0.012658858,0.005565441,0.030789509,0.053893162,0.005322454,0.024496372,0.016786598,0.026108339,0.063836209,0.202349182,0.072841909,0.030082904,0.0164496,0.171276103,0.043663369,0.03806703,0.031003879,0.245022436,0.100405428,0.205456781,0.01692537,0.04355053,0.00993362,0.011538516,0.273003114,0.026722501,0.014966794,0.007825795,0.201212293,0.022104408,0.009819127,0.045424926,0.023778289,0.020445929,0.020467267,0.077802809,0.074514792,0.033981064,0.034515449,0.010960705,0.012826575,0.103414682,0.035344609,0.010716188,0.039598408,0.0183542,0.04035277,0.015962143,0.01864345,0.03042626,0.098664308,0.041232671,0.035366161,0.175306608,0.063865743,0.065580918,0.241929232,0.152485098,0.016484307,0.015933248,0.09931291,0.057201445,0.061547746,0.096519254,0.159248216,0.041632146,0.068394574,0.14588489,0.159026186,0.15356065,0.170424485,0.126167154,0.049574632,0.08534166,0.197679457,0.059469218,0.09430637,0.161136466,0.082368568,0.052463533,0.024391639,0.080545903,0.084183488,0.053874921,0.168907113,0.141890325,1,0.091014801,0.087768542,0.123263237,0.135291933,0.040609524,0.006135422,0.132860021,0.092641618,0.033590141,0.111723874,0.207269513,0.07988235,0.305066128,0.020603297,0.083386837,0.049457719,0.103679177,0.054700172,0.021954868,0.275575953,0.115600751,0.013639766,0.014768945,0.020236859,0.020008566,0.052305464,0.019334081,0.111082044,0.179859544,0.030918377,0.010323392,0.119813046,0.010824745,0.177292737,0.091987494,0.14534452,0.237532965,0.089394237,0.20705992,0.093407663,0.071588189,0.018617747
Eubacterium_dolichum_DSM_3991,0.07728214,0.055756167,0.066648198,0.007497508,0.008351516,0.083208661,0.031332652,0.023292107,0.018622128,0.04268205,0.083378045,0.087439835,0.024500273,0.046603155,0.051857347,0.076151914,0.054595079,0.047271844,0.01645717,0.05662899,0.103454496,0.067809352,0.077118034,0.071271618,0.053986503,0.032420137,0.017405261,0.05373635,0.064540661,0.035319572,0.089810665,0.040244703,0.156955818,0.222056101,0.201196791,0.080984718,0.026381321,0.047576987,0.188302216,0.150282181,0.094201268,0.099374405,0.187994017,0.075695875,0.141196727,0.020630613,0.082260933,0.012897462,0.042544993,0.167346736,0.039791611,0.045857197,0.015500261,0.195550353,0.031280672,0.029050555,0.050832572,0.023759433,0.025672188,0.063890959,0.066713175,0.140535702,0.069969726,0.026261602,0.007191813,0.01476287,0.105140915,0.038481338,0.017727789,0.09799084,0.016685107,0.043291626,0.031831132,0.01810909,0.020354027,0.097143301,0.037347576,0.017382867,0.153266968,0.025677049,0.039744021,0.350059347,0.164546191,0.027539265,0.056879216,0.118928105,0.062960368,0.044253221,0.105288144,0.16472746,0.027210079,0.039403803,0.130606895,0.060967225,0.062630012,0.145787357,0.098286533,0.055491595,0.063964265,0.095255337,0.06677629,0.069391467,0.131330713,0.093542958,0.026181637,0.030487643,0.053727209,0.043635228,0.027522113,0.089410385,0.109647214,0.091014801,1,0.035910842,0.029139771,0.084892048,0.02013226,0.004981714,0.053835986,0.021957922,0.022385566,0.047485571,0.038518154,0.038989639,0.021575314,0.033339569,0.013015887,0.032367315,0.017381474,0.059386193,0.018206034,0.031664892,0.112359883,0.011685227,0.020507995,0.023101295,0.028670659,0.024606189,0.008524868,0.068126038,0.032907245,0.012606495,0.004879369,0.047740733,0.008486645,0.084862175,0.634748993,0.05669352,0.111049046,0.043624342,0.123413267,0.052581902,0.034324589,0.014429941
Finegoldia_magna_ATCC_29328,0.008566798,0.099665105,0.005047991,0.001650381,0.001006666,0.01254586,0.001428907,0.004620144,0.00182606,0.007290024,0.005788154,0.006877178,0.002820736,0.005106136,0.00941813,0.013981004,0.002676924,0.008315116,0.002778415,0.003068881,0.004799286,0.004120043,0.003222784,0.006678617,0.002256111,0.001359372,0.000727371,0.003373588,0.005573355,0.001374972,0.007511229,0.002400159,0.006458568,0.009049205,0.119662243,0.017290492,0.00626753,0.002323291,0.033733452,0.010862967,0.003936697,0.005067627,0.061099684,0.012413496,0.031967865,0.0030583,0.007051395,0.001372531,0.002477467,0.051182063,0.007751639,0.002041975,0.001164603,0.054270822,0.007668767,0.001415772,0.005588887,0.004257208,0.004685637,0.002670021,0.011468302,0.01314019,0.004155918,0.004390908,0.001183239,0.003116563,0.013754782,0.003655159,0.001541774,0.004095065,0.002575989,0.005247022,0.001837019,0.002242106,0.003454878,0.017551262,0.005559378,0.131577841,0.133289762,0.626845508,0.377266588,0.043554337,0.084435898,0.006074627,0.002852154,0.036743312,0.016254796,0.268488181,0.025079,0.187750474,0.101281847,0.218613636,0.229694129,0.089493312,0.094226174,0.230359298,0.265870678,0.101451521,0.322222831,0.041061776,0.176523579,0.019235831,0.178037447,0.043104674,0.092594579,0.009181335,0.353666777,0.04300681,0.053332089,0.1753319,0.179120355,0.087768542,0.035910842,1,0.052028725,0.056778919,0.144277184,0.002001044,0.090160778,0.005242908,0.027322923,0.036082003,0.041718454,0.020734124,0.045272073,0.118332856,0.005966903,0.101757673,0.058394266,0.035284199,0.020740777,0.036894261,0.098554942,0.008187025,0.007342024,0.014455182,0.013579251,0.153190378,0.134363245,0.362093743,0.074128268,0.169143266,0.116758472,0.166613229,0.067350991,0.030020569,0.038135065,0.028869076,0.040279964,0.288895479,0.081142628,0.220390151,0.158060883,0.122550235
Fusobacterium_nucleatum_nucleatum_ATCC_25586,0.081227384,0.024907704,0.035588476,0.021819547,0.003681861,0.072039962,0.0031752,0.007625947,0.016756354,0.052436596,0.017509266,0.022453078,0.008994902,0.011430632,0.047880634,0.021939375,0.011731102,0.017134067,0.023321483,0.013093536,0.031213434,0.028979305,0.0140795,0.025462883,0.020702599,0.012473914,0.006674523,0.030956822,0.023033497,0.001652267,0.008117825,0.022024414,0.011276814,0.014804704,0.072518268,0.027456719,0.010243622,0.005116944,0.047338754,0.01657471,0.010572189,0.014491995,0.069956987,0.025512594,0.045488369,0.005666984,0.023407408,0.012594664,0.021756231,0.04949926,0.0109963,0.018737632,0.010686669,0.076695002,0.007129207,0.012991448,0.024996217,0.039065127,0.041689204,0.024500733,0.0822097,0.030373575,0.012472624,0.009351646,0.010857678,0.010947456,0.043522828,0.014097981,0.007552372,0.011938388,0.023582632,0.048147889,0.014557734,0.020574084,0.021071786,0.046671369,0.009045026,0.029005203,0.072986545,0.053598456,0.05251407,0.06201999,0.045980295,0.005882563,0.004570698,0.050565996,0.026637698,0.038772268,0.215976448,0.077666965,0.036128412,0.021431505,0.070958141,0.050230808,0.046289022,0.084830986,0.071696849,0.030373905,0.061925279,0.036200557,0.043833578,0.020944354,0.063534017,0.031979682,0.026859962,0.097661748,0.063719934,0.043570133,0.025999867,0.073755114,0.070970964,0.123263237,0.029139771,0.052028725,1,0.07780965,0.033081221,0.001274478,0.039742094,0.019838675,0.015015185,0.377407235,0.061764153,0.040762635,0.061158726,0.031036028,0.019909182,0.037210746,0.072184959,0.030137397,0.022965127,0.055249795,0.05184001,0.00649488,0.006197093,0.005264645,0.00991848,0.041948357,0.013786222,0.065570302,0.017619779,0.020890667,0.011321146,0.055923859,0.025904742,0.045092636,0.049274773,0.056457247,0.052914049,0.058749129,0.084315377,0.059457704,0.019620296,0.020920152
Haemophilus_influenzae_NTHi_86_028NP,0.031839139,0.070294145,0.039116479,0.009484556,0.007800578,0.075766093,0.009481843,0.024465542,0.011541584,0.030199654,0.044851946,0.053290705,0.021759158,0.034949915,0.055504804,0.048341588,0.020336508,0.040455195,0.014564537,0.023780515,0.037189286,0.031925887,0.0249731,0.051752072,0.014810211,0.010533667,0.005636338,0.026141663,0.043187486,0.007255786,0.025966934,0.018363979,0.025461223,0.040638853,0.229569013,0.080960485,0.031663563,0.017778934,0.172282007,0.035863009,0.027672849,0.021519212,0.207611322,0.069668826,0.135366816,0.015489889,0.037570335,0.010553175,0.016675871,0.134928666,0.028333803,0.015823099,0.008968326,0.167525875,0.030832222,0.010821242,0.035324238,0.023647068,0.024673673,0.020486284,0.052099759,0.077320334,0.030935351,0.022173523,0.007250808,0.013867771,0.0780519,0.028323535,0.008356128,0.026565459,0.012789351,0.037542525,0.014234915,0.017373901,0.026771579,0.117730386,0.028729267,0.055957389,0.212878277,0.042375206,0.077654917,0.101595994,0.147373789,0.01614433,0.015133062,0.089316887,0.064386288,0.075075517,0.08395477,0.214028778,0.092300802,0.0643042,0.179204369,0.307503279,0.144590235,0.203059624,0.151464625,0.28082073,0.125254029,0.047855427,0.126129719,0.059642058,0.129410895,0.062564002,0.122200346,0.038274577,0.087959041,0.221684924,0.267674192,0.178573126,0.159622719,0.135291933,0.084892048,0.056778919,0.07780965,1,0.0668227,0.004325855,0.19096818,0.039594973,0.021191967,0.041472125,0.282960378,0.218263041,0.119010234,0.07457001,0.062486168,0.043092366,0.132786075,0.091082506,0.038934657,0.106572464,0.092653927,0.007859305,0.010106583,0.023925185,0.033175607,0.084739964,0.018961092,0.110930501,0.051725465,0.028062406,0.013907475,0.134494435,0.029821137,0.204139798,0.137681023,0.195206279,0.230225628,0.115110073,0.364819628,0.161070225,0.043768715,0.024841322
Haemophilus_parasuis_SH0165,0.004501675,0.051316281,0.002613869,0.000789862,0.000521256,0.006496294,0.000739893,0.002392328,0.000945541,0.003774802,0.002997128,0.003561029,0.001460588,0.002643977,0.004605784,0.007239417,0.001386122,0.004305599,0.001438674,0.001589078,0.002485089,0.002133374,0.00166877,0.003458213,0.001168223,0.000703888,0.000376635,0.001746856,0.002885904,0.000719861,0.004667937,0.001242811,0.003953125,0.004888426,0.061961565,0.008953083,0.002695758,0.001203009,0.01746731,0.0052797,0.002038437,0.002624037,0.031637649,0.006427756,0.016553082,0.001583599,0.003651239,0.000710702,0.001264043,0.026502267,0.004013828,0.001057342,0.000603036,0.028101639,0.003970917,0.000733092,0.002893947,0.002204398,0.002426241,0.001382547,0.006684041,0.00680404,0.00215195,0.002273629,0.000612686,0.001521522,0.007122279,0.001892655,0.000798337,0.00212044,0.001333857,0.002716928,0.000951215,0.001160971,0.001788949,0.009088111,0.002779735,0.765395163,0.085623808,0.14024857,0.2048718,0.020289844,0.037707023,0.002742455,0.001175346,0.018146348,0.008920602,0.155797978,0.012986002,0.112350008,0.345392335,0.056325357,0.125812859,0.102134039,0.108382064,0.108654858,0.151386479,0.129908727,0.203201076,0.01415939,0.129913796,0.009645744,0.061964693,0.016888633,0.279811416,0.003719419,0.151305968,0.054288011,0.138118663,0.176297064,0.110389583,0.040609524,0.02013226,0.144277184,0.033081221,0.0668227,1,0.000758811,0.148700917,0.006063463,0.019386169,0.028993172,0.050294804,0.029171035,0.056408909,0.141018666,0.012281982,0.11409403,0.245610703,0.03810449,0.020637502,0.039107781,0.0750061,0.003117331,0.001952258,0.005653121,0.006351792,0.761410066,0.147008791,0.221902248,0.014927729,0.104309094,0.115131571,0.217759773,0.056239679,0.020051987,0.028918422,0.027907447,0.022130007,0.448830097,0.055687145,0.358139033,0.072054536,0.093605018
Helicobacter_pullorum_MIT_98_5489,0.022155048,0.000993545,0.041571825,0.00013499,0.006035289,0.010198327,0.027992434,0.001940523,0.04420033,0.176457178,0.031311239,0.024083933,0.030397487,0.003426098,0.002175133,0.004084181,0.006685155,0.007220806,0.067252347,0.010288747,0.007651201,0.022064441,0.023693786,0.008331163,0.002068134,0.002890803,0.011579142,0.025344867,0.012329321,0.038417876,0.006729389,0.02954669,0.002936882,0.00296352,0.007394878,0.020820654,0.156013904,0.016421085,0.008806548,0.01136261,0.001355473,0.00539492,0.012277343,0.009944238,0.008527138,0.002135615,0.008697919,0.005210526,0.036152746,0.005337243,0.004519336,0.016674399,0.028189562,0.014906281,0.013520088,0.00194033,0.035134564,0.036004111,0.060802716,0.046466497,0.006296872,0.009452673,0.006146948,0.005159675,0.014029069,0.075437316,0.031709469,0.014359953,0.037319097,0.001412108,0.001927786,0.018869139,0.027594032,0.005578257,0.002453086,0.032508517,0.000960795,0.000667924,0.019549841,0.001913368,0.001939607,0.003023137,0.009132506,0.001277999,0.036204594,0.010258706,0.003967695,0.003335513,0.003650498,0.008604829,0.001222559,0.000743254,0.00721726,0.001890548,0.001780084,0.005380224,0.006112663,0.004520972,0.004567109,0.002225298,0.00538673,0.002492872,0.010346089,0.010577373,0.00094942,0.001032668,0.002315358,0.001796203,0.000882454,0.001601528,0.002182517,0.006135422,0.004981714,0.002001044,0.001274478,0.004325855,0.000758811,1,0.000922373,0.000225236,0.000808743,0.001674458,0.002050676,0.000414194,0.00086575,0.000926893,0.000185325,0.00044283,0.000463032,0.001088036,0.000836528,0.000681096,0.000821559,0.000592792,0.035725083,0.029218084,0.002276382,0.00083016,0.000644458,0.003292068,0.000224557,0.000403956,0.00106665,0.001251103,0.000560721,0.012396492,0.002092826,0.00127711,0.006282203,0.001604348,0.00408196,0.001539425,0.00071058,0.001286369
Klebsiella_pneumoniae_342,0.017578538,0.064252326,0.013585243,0.00286337,0.002709159,0.024785813,0.0038455,0.010537204,0.003837334,0.014525452,0.015577184,0.018507984,0.007380462,0.013741726,0.01702555,0.029824086,0.007204187,0.018421279,0.004615162,0.00758188,0.012915925,0.011087934,0.008673215,0.017973614,0.005928181,0.003658367,0.001880974,0.00907906,0.014999113,0.003082007,0.012624932,0.004563036,0.009989596,0.019822763,0.163137172,0.043511102,0.006902646,0.005369304,0.069405097,0.022065515,0.010594511,0.010451265,0.112349613,0.032159731,0.074810481,0.008230552,0.016475701,0.003221756,0.003963018,0.094613827,0.015730523,0.005092674,0.003134201,0.100624602,0.013133941,0.003259338,0.015040915,0.009111508,0.010309042,0.006223689,0.026857218,0.025005831,0.011151013,0.010134302,0.002853838,0.00503752,0.037017119,0.009836829,0.0032242,0.010794492,0.00677924,0.01412088,0.004943819,0.006033996,0.009297831,0.037692709,0.009749854,0.133851932,0.12894511,0.067594394,0.123003251,0.075646913,0.091245806,0.006700457,0.004074038,0.035913977,0.022476719,0.096629903,0.03270719,0.184283958,0.130135209,0.079917289,0.177353689,0.303880323,0.394229133,0.173110807,0.185261532,0.242638855,0.177029041,0.058878215,0.107424693,0.029221582,0.092687952,0.032397748,0.374155066,0.008093748,0.121860484,0.16178093,0.27732972,0.326488011,0.154595421,0.132860021,0.053835986,0.090160778,0.039742094,0.19096818,0.148700917,0.000922373,1,0.009722718,0.030678036,0.03956317,0.122348111,0.07447476,0.059378996,0.059729211,0.034574333,0.086487082,0.156161461,0.043382733,0.026308773,0.044073314,0.18603743,0.005379641,0.004212914,0.020521847,0.011276125,0.184163455,0.044820205,0.164351857,0.106352563,0.074666183,0.032826515,0.370390369,0.028984483,0.100374515,0.108952718,0.10166278,0.09484442,0.229656215,0.227037621,0.304978945,0.070000129,0.045018902
Lactobacillus_acidophilus_NCFM,0.029682211,0.002392844,0.03865195,0.001106289,0.026602678,0.090823047,0.034216253,0.013372787,0.006935933,0.009997036,0.036350269,0.045302188,0.005693058,0.013718541,0.066694635,0.015181297,0.032246581,0.0176771,0.003025032,0.026819742,0.077986936,0.023003677,0.028725671,0.098371634,0.008195474,0.03477461,0.018712579,0.027349997,0.071426724,0.037815051,0.219700968,0.035677851,0.032975032,0.029555252,0.032794037,0.029036153,0.017695809,0.020074696,0.087686817,0.027627439,0.025592156,0.01223932,0.043963328,0.035250267,0.075531567,0.006582477,0.016214569,0.032406955,0.045400359,0.029977249,0.008963187,0.017438255,0.017602117,0.069992654,0.00448217,0.037413901,0.050412713,0.044587948,0.036318831,0.038043422,0.038360382,0.034421876,0.049406041,0.016472249,0.030213517,0.001925711,0.030746643,0.041193613,0.037920495,0.025087865,0.005820888,0.027027927,0.048546003,0.026978613,0.017095143,0.050670603,0.015672049,0.005388479,0.019385452,0.003077736,0.006209956,0.036676876,0.049008054,0.083044413,0.076637239,0.03774747,0.030725407,0.010828926,0.014420578,0.024154105,0.00558686,0.003292975,0.016245924,0.011588409,0.01768185,0.017986959,0.012839498,0.006824576,0.010076986,0.008861521,0.010348119,0.025962604,0.016613539,0.013460136,0.006397621,0.100016337,0.008428786,0.015577766,0.006977366,0.008092775,0.013417883,0.092641618,0.021957922,0.005242908,0.019838675,0.039594973,0.006063463,0.000225236,0.009722718,1,0.003913249,0.008637008,0.084815113,0.032462218,0.132526723,0.005761343,0.052532129,0.003664855,0.028338653,0.004933971,0.007517729,0.144278298,0.006995387,0.001518593,0.003553425,0.012365655,0.00477979,0.007766199,0.003289231,0.005810082,0.025953438,0.002367879,0.002129188,0.011544201,0.001685182,0.061941454,0.019311225,0.064709558,0.080079934,0.007602576,0.040574373,0.00968172,0.010677374,0.002652131
Lactobacillus_casei_casei_BL23,0.040612935,0.120254923,0.031298143,0.002799573,0.002528309,0.021995658,0.008859393,0.005708576,0.001950145,0.005478865,0.019595564,0.035245077,0.017488898,0.008624805,0.051978293,0.013167974,0.01659725,0.011691465,0.00188015,0.019027427,0.029756144,0.025544757,0.019981646,0.041408219,0.003574207,0.004210513,0.004509785,0.020916645,0.034555464,0.009840633,0.013275882,0.003061771,0.010632759,0.007917337,0.044866613,0.027494695,0.035684942,0.011589162,0.037140647,0.037458741,0.024407993,0.028740507,0.041251015,0.025716625,0.029009288,0.003393675,0.013467084,0.008509857,0.015488274,0.033601604,0.006077083,0.012660485,0.007220678,0.038630423,0.04197414,0.008777952,0.018340387,0.026395196,0.006357227,0.016554449,0.017734359,0.01709157,0.025767187,0.008385559,0.007336225,0.018143944,0.031344323,0.021785174,0.001552656,0.005061471,0.005384291,0.03253216,0.011389736,0.013901323,0.021420657,0.034583196,0.009416443,0.018099272,0.066291027,0.019239592,0.037269083,0.024252612,0.055571946,0.050362374,0.001567387,0.023219655,0.011489731,0.029777822,0.015991206,0.04463419,0.018694382,0.021957089,0.051033695,0.022802278,0.021397929,0.045093622,0.05144776,0.020590594,0.045168552,0.017010079,0.029713609,0.02754236,0.062206386,0.027238261,0.018794663,0.011924545,0.03144033,0.016296779,0.016271436,0.046312349,0.049579196,0.033590141,0.022385566,0.027322923,0.015015185,0.021191967,0.019386169,0.000808743,0.030678036,0.003913249,1,0.303948213,0.025083232,0.014241564,0.01874768,0.056432468,0.003879168,0.19745067,0.017055755,0.062383688,0.007721125,0.013849064,0.032252605,0.010781617,0.025239829,0.00270142,0.094631852,0.020593162,0.014906452,0.034481395,0.006419155,0.00970003,0.009807281,0.02456805,0.007543778,0.023933569,0.020819558,0.034039591,0.027399004,0.034091154,0.037123352,0.038970354,0.013660961,0.013199164
Lactobacillus_delbrueckii_bulgaricus_ATCC_11842,0.090734671,0.071920417,0.052949582,0.015846022,0.005646271,0.087530162,0.009081372,0.010729356,0.012764838,0.050922224,0.033896677,0.050845929,0.020666772,0.0171673,0.087023381,0.032853943,0.022868745,0.026150755,0.019609028,0.025860076,0.050340859,0.043216118,0.027495639,0.053207826,0.016531977,0.012056945,0.007629566,0.035386368,0.046247825,0.008812176,0.017531718,0.016191414,0.015224263,0.020118732,0.11562015,0.048123594,0.032193553,0.014697601,0.075944045,0.058154526,0.026792688,0.036916448,0.113319452,0.044908152,0.066386649,0.008544366,0.034085315,0.014354813,0.02588979,0.07602392,0.018837825,0.02141876,0.012215802,0.124306337,0.038174921,0.014848408,0.040421621,0.044654873,0.033061163,0.028006491,0.088034148,0.043346681,0.029627929,0.017277181,0.012411281,0.024467837,0.067889271,0.029274002,0.008791924,0.01607813,0.020352898,0.055037268,0.019268932,0.023517986,0.03560198,0.071454972,0.012588903,0.027579361,0.107750443,0.031741498,0.045778605,0.047957491,0.078996551,0.04158567,0.004313502,0.059164158,0.024097774,0.061798389,0.152597576,0.09922976,0.0343411,0.030349503,0.101814228,0.044634174,0.080061674,0.102289027,0.086849617,0.039594838,0.067596321,0.037991161,0.050136311,0.027153339,0.094304557,0.051958583,0.029125136,0.063089578,0.055752975,0.031038369,0.026368499,0.081187662,0.101114771,0.111723874,0.047485571,0.036082003,0.377407235,0.041472125,0.028993172,0.001674458,0.03956317,0.008637008,0.303948213,1,0.031249991,0.026641833,0.023908068,0.032796277,0.010562813,0.064166659,0.027158964,0.050108493,0.014003915,0.018511946,0.058740856,0.005172681,0.025632455,0.0129553,0.082833013,0.031590107,0.01326609,0.064781428,0.020020592,0.010556542,0.009415345,0.041570868,0.016222169,0.059466821,0.051232362,0.031191816,0.064279408,0.043033982,0.07919399,0.047233045,0.0319181,0.016750921
Lactobacillus_fermentum_IFO_3956,0.043612139,0.031473918,0.037548441,0.00193502,0.007487881,0.035801516,0.005892106,0.033987047,0.013582776,0.013689158,0.04217199,0.042158172,0.012544687,0.013696197,0.044953541,0.01890305,0.019911752,0.018409565,0.003488971,0.02282724,0.035698502,0.030646093,0.023972019,0.049677519,0.012575544,0.010111411,0.005410398,0.025093738,0.041456256,0.005501999,0.010144208,0.017853089,0.011363872,0.046523704,0.078980758,0.036168021,0.030288815,0.017281325,0.0694981,0.013836918,0.02403241,0.008999235,0.066032465,0.030557721,0.153228442,0.00752175,0.016666824,0.010209291,0.009154387,0.046165819,0.01106659,0.015188808,0.005065511,0.062121211,0.026357604,0.010530926,0.041571791,0.017977849,0.017382764,0.01816639,0.026158686,0.047370848,0.030912943,0.02213009,0.006094146,0.01072998,0.028612742,0.022909508,0.00834588,0.02199923,0.005375764,0.019662462,0.013664288,0.010540881,0.025698403,0.047643212,0.011289497,0.042762294,0.07685826,0.036210795,0.061695942,0.067823103,0.050265706,0.00669118,0.0135868,0.031674791,0.03208566,0.045989958,0.024230044,0.087988164,0.052421424,0.019236501,0.085108427,0.275343594,0.091711473,0.082892265,0.086241638,0.215172195,0.074280899,0.023146351,0.043173647,0.019128257,0.057762897,0.026936585,0.121017087,0.008555361,0.052906652,0.295693625,0.270395549,0.092064429,0.074972398,0.207269513,0.038518154,0.041718454,0.061764153,0.282960378,0.050294804,0.002050676,0.122348111,0.084815113,0.025083232,0.031249991,1,0.255862908,0.303328756,0.059620285,0.170033804,0.041538655,0.136662066,0.042676273,0.029328049,0.334626278,0.054347875,0.005292055,0.005033497,0.007285656,0.01017969,0.06202451,0.023549917,0.076957398,0.010105169,0.015309737,0.012085772,0.10523686,0.010756036,0.260099867,0.072927749,0.317938767,0.232346663,0.076510798,0.182905556,0.105644275,0.031078216,0.020215461
Lactobacillus_gasseri_ATCC_33323,0.021788807,0.037538729,0.031892557,0.002613287,0.0135237,0.039588279,0.018281668,0.057002258,0.023562046,0.016980974,0.050148248,0.054904151,0.037174229,0.019074931,0.026981036,0.026895998,0.035962188,0.024422643,0.004669212,0.033119027,0.053672196,0.052100142,0.043295349,0.046737898,0.008102546,0.018262002,0.009771603,0.043324235,0.037622731,0.019648733,0.016899785,0.019303082,0.016552924,0.02640033,0.090466047,0.043868883,0.012455781,0.030415512,0.086016679,0.022411432,0.016690826,0.014262264,0.094467488,0.040155992,0.082277445,0.009478287,0.023856845,0.017682413,0.026542503,0.057126024,0.015320523,0.011723468,0.00975481,0.080894675,0.044584662,0.014467609,0.037781843,0.05610092,0.049734232,0.035579193,0.038085927,0.073865014,0.032787569,0.013238782,0.003643907,0.035858127,0.041093372,0.049103927,0.005596791,0.014456431,0.008249436,0.023537565,0.017212602,0.015696954,0.046413334,0.061830712,0.015671279,0.02374414,0.069419229,0.015297615,0.032868107,0.058702697,0.072950553,0.016121114,0.007511895,0.041675788,0.048765971,0.043016012,0.034911559,0.064062698,0.028843439,0.014503023,0.05522513,0.167634592,0.053774973,0.066622183,0.055224158,0.123410146,0.041038856,0.020308798,0.02680324,0.03211576,0.082911192,0.046000762,0.06677033,0.008933439,0.03525353,0.424632286,0.149431611,0.054491106,0.063673146,0.07988235,0.038989639,0.020734124,0.040762635,0.218263041,0.029171035,0.000414194,0.07447476,0.032462218,0.014241564,0.026641833,0.255862908,1,0.081040656,0.050209312,0.056333519,0.022039968,0.075351807,0.036232896,0.033536459,0.083182887,0.04334264,0.004148814,0.002813001,0.002737185,0.013501169,0.03633918,0.009246172,0.040914141,0.033664929,0.007710342,0.006086041,0.058314737,0.00429756,0.203077108,0.066762862,0.134405649,0.270492749,0.045739929,0.176044739,0.064582243,0.022526075,0.010473338
Lactobacillus_helveticus_DPC_4571,0.034272232,0.021905602,0.019214637,0.000589279,0.003831768,0.032389632,0.002029406,0.012713224,0.006001382,0.008618983,0.021635847,0.021500959,0.004362527,0.007990455,0.035849107,0.011638718,0.007361626,0.013818988,0.002169268,0.011681367,0.014095053,0.01204121,0.012267184,0.022421026,0.006708141,0.003876324,0.002169654,0.012594737,0.020127938,0.002295715,0.010450761,0.009135948,0.01583204,0.029558759,0.063912004,0.025874245,0.017486301,0.00884336,0.086192618,0.016399977,0.014984618,0.004763365,0.067199416,0.032269535,0.100630199,0.004963872,0.014730804,0.005224393,0.004136855,0.0433801,0.006557209,0.007772558,0.002707438,0.049469967,0.003431633,0.005388983,0.021273503,0.009487284,0.008061484,0.01016315,0.026828721,0.022286384,0.015819058,0.012682679,0.003316482,0.001242371,0.026385852,0.013912971,0.005868599,0.015587426,0.004140898,0.014527328,0.006992417,0.00602414,0.013150625,0.039579354,0.014326647,0.05257377,0.060385682,0.035733274,0.046619706,0.065606935,0.099841687,0.012851948,0.011056402,0.062190403,0.040236947,0.058891742,0.015156657,0.058747671,0.042163858,0.016119752,0.056042658,0.059786675,0.063281106,0.051355033,0.058752125,0.033715186,0.055554705,0.017816093,0.034044265,0.036991851,0.046319555,0.019124941,0.053563382,0.002897297,0.040005285,0.055634844,0.044430157,0.053492312,0.06186921,0.305066128,0.021575314,0.045272073,0.061158726,0.119010234,0.056408909,0.00086575,0.059378996,0.132526723,0.01874768,0.023908068,0.303328756,0.081040656,1,0.033684157,0.091561936,0.035990565,0.203292049,0.020738855,0.019894601,0.759689068,0.041508126,0.002419367,0.001616393,0.003373843,0.004679442,0.068443278,0.031215921,0.044129877,0.101519491,0.019018887,0.02363751,0.081493898,0.015346872,0.100952972,0.038149085,0.138531121,0.147425862,0.069320825,0.107035384,0.076622582,0.073440672,0.026285048
Lactobacillus_hilgardii_ATCC_8290,0.004341681,0.111369253,0.005430586,0.002612601,0.001082963,0.013496731,0.001229589,0.003361349,0.00172748,0.005993192,0.006226847,0.00739841,0.002542318,0.005493138,0.009847876,0.013010433,0.002879813,0.008945332,0.00195512,0.003301476,0.005163031,0.004432308,0.003467044,0.0071848,0.002093941,0.001462401,0.000782499,0.003629277,0.005995768,0.001707462,0.007498808,0.002582071,0.005930416,0.010156217,0.118778389,0.018600966,0.004861919,0.002499377,0.036290164,0.007226526,0.004235066,0.005451711,0.063200408,0.013354335,0.034390761,0.003290093,0.007585831,0.001476557,0.00266957,0.044254045,0.008339148,0.002196739,0.00125287,0.058384095,0.005546419,0.001523075,0.006012478,0.004579868,0.005040769,0.002872386,0.013886794,0.014136106,0.004470902,0.004277416,0.000922081,0.002464383,0.014797279,0.003932189,0.001658628,0.004405436,0.002771227,0.005644702,0.00197625,0.002412039,0.003716729,0.018881501,0.005980733,0.123969206,0.137659674,0.110415178,0.192453623,0.034966592,0.078207194,0.008186203,0.001861627,0.028823737,0.022193329,0.152074068,0.026979778,0.139007584,0.076035132,0.043719952,0.164214866,0.043003685,0.065627622,0.156984134,0.19358935,0.08209779,0.220225743,0.012924156,0.165521157,0.028901612,0.123165415,0.033468877,0.068850898,0.008329132,0.147374405,0.032391637,0.048383835,0.157986751,0.17468444,0.020603297,0.033339569,0.118332856,0.031036028,0.07457001,0.141018666,0.000926893,0.059729211,0.005761343,0.056432468,0.032796277,0.059620285,0.050209312,0.033684157,1,0.004428819,0.211805305,0.062250182,0.051709639,0.041062123,0.023129721,0.076891657,0.004694762,0.00546172,0.022844699,0.008935313,0.139908705,0.069706441,0.127938237,0.007752793,0.038809819,0.058886396,0.06571857,0.023417688,0.038831574,0.040899638,0.049425617,0.046430757,0.178078193,0.111973108,0.212597337,0.108991153,0.067598819
Lactobacillus_johnsonii_NCC_533,0.178812864,0.006583865,0.03012128,0.000623641,0.005081372,0.024021131,0.002518086,0.02937768,0.049079416,0.008861676,0.025553511,0.022951402,0.005713643,0.009495781,0.049298065,0.009780215,0.033866345,0.012040774,0.002146386,0.024603721,0.043195876,0.021620295,0.020525901,0.06073827,0.060350726,0.030596516,0.019330854,0.02455325,0.048788231,0.001767624,0.00474904,0.017447015,0.00684802,0.181200069,0.018627153,0.018376703,0.062927545,0.02701175,0.034743325,0.007555173,0.105807456,0.005897179,0.022767725,0.019910615,0.159728167,0.005052276,0.010983749,0.036889813,0.00324413,0.014835833,0.006336627,0.03973765,0.002317548,0.022591681,0.007569869,0.038051993,0.027343205,0.007552076,0.00609576,0.011331488,0.016092076,0.014389588,0.035422964,0.020075973,0.010036354,0.003417324,0.017218712,0.013411532,0.041113291,0.094220507,0.00387836,0.011640811,0.038548744,0.00512735,0.048559812,0.024845845,0.007696836,0.010255825,0.014537896,0.003884114,0.006888991,0.028429536,0.009303698,0.002119287,0.024072245,0.010799766,0.015950722,0.007634901,0.009182598,0.014383103,0.014107138,0.002476957,0.013071113,0.044284427,0.026632747,0.013075326,0.012048843,0.034338392,0.008912655,0.009200115,0.00485875,0.005295982,0.009466528,0.006885073,0.032289669,0.002586023,0.0064321,0.041155266,0.037730894,0.017437241,0.010393639,0.083386837,0.013015887,0.005966903,0.019909182,0.062486168,0.012281982,0.000185325,0.034574333,0.052532129,0.003879168,0.010562813,0.170033804,0.056333519,0.091561936,0.004428819,1,0.005017704,0.036879229,0.009500831,0.007214692,0.103832328,0.011253334,0.001716558,0.001002951,0.000198959,0.003052992,0.015058036,0.003246024,0.011262818,0.006778437,0.003277733,0.001944359,0.02745871,0.001506464,0.094771939,0.028068466,0.155120697,0.073735744,0.014161937,0.059640485,0.020531837,0.007512906,0.00218569
Lactobacillus_paracasei_ATCC_25302,0.007236031,0.260707065,0.007861866,0.00303305,0.001567807,0.019539235,0.002225415,0.006242769,0.002350961,0.00719754,0.009014615,0.010710688,0.004393084,0.007952424,0.009665428,0.01698141,0.004169109,0.01184705,0.002488246,0.004779552,0.007474527,0.006416658,0.005019245,0.010401444,0.003513724,0.00211712,0.001132825,0.005254109,0.008680082,0.002443024,0.014549173,0.003309382,0.011635654,0.010253658,0.09199398,0.026928643,0.006668376,0.003618352,0.044245087,0.010922525,0.006131111,0.007892449,0.065646224,0.019333089,0.037723897,0.00390713,0.010691317,0.002137614,0.003615374,0.052216574,0.007927023,0.003180222,0.001813782,0.059715404,0.006878398,0.002204958,0.008704273,0.006630282,0.006913673,0.004158357,0.019962445,0.019317504,0.00647253,0.005309069,0.001842806,0.004070947,0.021422041,0.005692635,0.001888092,0.005468633,0.004011909,0.008171842,0.002861019,0.003491912,0.005380714,0.027334774,0.008658315,0.11237378,0.152332126,0.084894871,0.15371359,0.038403088,0.093724135,0.007005991,0.002079999,0.035705061,0.017277789,0.109393518,0.023096696,0.107825745,0.066469679,0.088109225,0.135593453,0.047772078,0.042400533,0.114128506,0.148504533,0.067003453,0.161184516,0.024078972,0.112098616,0.033218235,0.129735627,0.038573333,0.069899283,0.012206623,0.121781831,0.026650215,0.044401098,0.154812376,0.162117478,0.049457719,0.032367315,0.101757673,0.037210746,0.043092366,0.11409403,0.00044283,0.086487082,0.003664855,0.19745067,0.064166659,0.041538655,0.022039968,0.035990565,0.211805305,0.005017704,1,0.053490297,0.103224254,0.015878797,0.025347017,0.096418116,0.010740054,0.014222559,0.003050531,0.015250896,0.112422139,0.060543759,0.121026848,0.010974232,0.043161418,0.0455587,0.065143652,0.029361323,0.036084571,0.035662024,0.048119233,0.041937036,0.136544486,0.069839392,0.138742315,0.049916079,0.058771211
Lactobacillus_reuteri_SD2112_ATCC_55730,0.009490388,0.026751857,0.005315666,0.000561728,0.001060046,0.013211119,0.001504676,0.004865132,0.001922889,0.007327893,0.006095077,0.007241848,0.002970308,0.005376895,0.008952842,0.010535762,0.002818871,0.008302206,0.001998756,0.003231612,0.005053773,0.004338513,0.003393676,0.007032758,0.002375744,0.001431454,0.00076594,0.003552476,0.005868888,0.000662174,0.004302713,0.00252743,0.007413686,0.009941295,0.060393474,0.013369833,0.005671176,0.002446486,0.035522206,0.004588824,0.004145445,0.003466553,0.042058276,0.013071736,0.033662997,0.003140891,0.007425303,0.001445311,0.001576966,0.028478311,0.004719038,0.002150252,0.001226358,0.031400637,0.003614961,0.001490844,0.005885244,0.004482951,0.003294253,0.002811602,0.013592927,0.009275898,0.00437629,0.004623741,0.001245982,0.001345622,0.012824524,0.003848977,0.001623528,0.00431221,0.002449347,0.005525251,0.001934429,0.002360996,0.003638077,0.018481938,0.005347637,0.211503678,0.057041278,0.057236705,0.085068456,0.043608984,0.023143283,0.001703776,0.002574935,0.018170235,0.019502841,0.056229852,0.012342732,0.073608907,0.22207654,0.0228214,0.071455901,0.14032989,0.149030699,0.063899578,0.080646556,0.100263102,0.091880456,0.014977536,0.055069005,0.006039282,0.035409139,0.010673551,0.243716893,0.002516301,0.074117723,0.096005681,0.145567952,0.128321,0.055946511,0.103679177,0.017381474,0.058394266,0.072184959,0.132786075,0.245610703,0.000463032,0.156161461,0.028338653,0.017055755,0.027158964,0.136662066,0.075351807,0.203292049,0.062250182,0.036879229,0.053490297,1,0.031185121,0.021268035,0.161377306,0.047886024,0.00197321,0.001167361,0.002018096,0.00377087,0.290984272,0.086106998,0.13174354,0.011750897,0.057752676,0.061564433,0.272942729,0.02577621,0.040818245,0.042187828,0.059346075,0.045718533,0.212863549,0.113845454,0.24496873,0.053676019,0.038865229
Lactobacillus_sakei_sakei_23K,0.014385961,0.09655436,0.056551597,0.008951809,0.011277475,0.046313237,0.009248588,0.010692247,0.020033135,0.022544034,0.052674455,0.044792871,0.029231929,0.044611024,0.026660587,0.034667154,0.011387157,0.038026597,0.012840656,0.017479542,0.024486767,0.046155991,0.029322192,0.034901997,0.008123335,0.008387196,0.007153699,0.037793605,0.030345483,0.017686176,0.08634409,0.026413148,0.062698405,0.028029189,0.13290146,0.059916695,0.013716206,0.026027353,0.092820177,0.11215136,0.013392097,0.018204712,0.131406466,0.056781672,0.212208697,0.014971662,0.078730246,0.015376183,0.026983579,0.098984611,0.028316961,0.022875819,0.006525084,0.122582647,0.030365954,0.015860596,0.048870027,0.020305954,0.013850106,0.029911696,0.0349925,0.088504642,0.017561839,0.014833482,0.011599881,0.020815804,0.071349773,0.028389059,0.007329513,0.016048409,0.011673459,0.034492827,0.010902876,0.02511785,0.028085479,0.106658428,0.014102685,0.032608302,0.157402681,0.030442696,0.051588687,0.053332791,0.111430497,0.012545629,0.029384576,0.075190805,0.039508651,0.037252715,0.210403423,0.110717977,0.034397962,0.023662649,0.095666012,0.043855846,0.043584788,0.118112349,0.093841762,0.04833084,0.073804436,0.036597737,0.077908789,0.041658454,0.090576504,0.05051435,0.033270146,0.036553585,0.053078599,0.035049475,0.031937024,0.114899085,0.115724295,0.054700172,0.059386193,0.035284199,0.030137397,0.091082506,0.03810449,0.001088036,0.043382733,0.004933971,0.062383688,0.050108493,0.042676273,0.036232896,0.020738855,0.051709639,0.009500831,0.103224254,0.031185121,1,0.019170472,0.017696403,0.077941472,0.010047361,0.037237795,0.003509046,0.163773129,0.041791205,0.017160274,0.060739176,0.012402418,0.007920239,0.00970612,0.047697429,0.008825537,0.112727086,0.05080892,0.276824015,0.086551904,0.054459151,0.113291336,0.056358275,0.037051669,0.016281028
Lactobacillus_salivarius_HO66_ATCC_11741,0.004805474,0.013758231,0.017019981,0.002478368,0.00356693,0.071663012,0.00119414,0.003112948,0.001671337,0.005429221,0.031847633,0.026737372,0.002429038,0.007010632,0.038664337,0.010967618,0.036156293,0.112309402,0.001972126,0.041450314,0.031511963,0.010147689,0.043529034,0.017439196,0.002014941,0.002010789,0.009824345,0.011803828,0.021318468,0.016398488,0.005665683,0.008110015,0.005270293,0.009219872,0.048135134,0.026470228,0.004580929,0.025125042,0.032059777,0.005870302,0.007413581,0.008643002,0.035598231,0.019715203,0.028632794,0.00401025,0.011223251,0.018538304,0.015498415,0.026836474,0.104698706,0.027580244,0.015729893,0.036975592,0.004988469,0.007903456,0.033184198,0.016384537,0.008658544,0.033001124,0.031136942,0.022672928,0.012657939,0.004014501,0.000897099,0.001911405,0.027078343,0.045083871,0.020824211,0.004707371,0.034792988,0.011133279,0.014549389,0.03028335,0.046663849,0.039731114,0.010357801,0.018793936,0.03701908,0.01773134,0.030174522,0.021590799,0.025529841,0.024838289,0.001875961,0.018483304,0.017754767,0.025315812,0.051085832,0.039838983,0.012966371,0.012854706,0.039672663,0.023048389,0.023817529,0.038522318,0.038460649,0.021453065,0.033768775,0.015283922,0.025673472,0.189416071,0.027989983,0.015969697,0.018122833,0.006983942,0.028099575,0.020051284,0.017676213,0.029094334,0.039669832,0.021954868,0.018206034,0.020740777,0.022965127,0.038934657,0.020637502,0.000836528,0.026308773,0.007517729,0.007721125,0.014003915,0.029328049,0.033536459,0.019894601,0.041062123,0.007214692,0.015878797,0.021268035,0.019170472,1,0.021101289,0.023914333,0.003891321,0.003087338,0.00279268,0.00741868,0.02486905,0.010528757,0.028308402,0.005144619,0.007156105,0.008074266,0.026058312,0.007115732,0.217813943,0.028611012,0.038142617,0.085429504,0.032187156,0.098047702,0.039570782,0.01564284,0.014386787
Lactobacillus_ultunensis_DSM_16047,0.040981381,0.013313178,0.024182288,0.000773816,0.004822413,0.036023878,0.002479881,0.015564891,0.007352319,0.010433442,0.025894417,0.025949776,0.005244027,0.00956373,0.045117348,0.015767896,0.00933708,0.016328482,0.002781801,0.014701407,0.017622528,0.015073531,0.015438678,0.027319972,0.008375139,0.004882461,0.002708772,0.01508599,0.024227942,0.003177524,0.013315772,0.011497908,0.01898355,0.036440642,0.077975961,0.030824593,0.021159362,0.011129676,0.098504331,0.022738908,0.018858663,0.006330757,0.081161446,0.038916949,0.122981344,0.005917966,0.018576581,0.006575081,0.005521965,0.053367784,0.008922118,0.009782034,0.003356587,0.062514531,0.004593617,0.006782222,0.026773443,0.01183341,0.01063829,0.012790678,0.031136123,0.029288797,0.019908835,0.015912238,0.004192547,0.001581005,0.033703685,0.017509957,0.007385836,0.019617318,0.004946984,0.017410288,0.008800199,0.007269211,0.016550519,0.048799361,0.017377149,0.035080444,0.06804493,0.024878185,0.044579272,0.076814095,0.120452305,0.018085608,0.013913266,0.082411718,0.046345305,0.055686575,0.018609135,0.06850529,0.027253559,0.018406459,0.058924581,0.045169102,0.047783722,0.058789568,0.067293487,0.024130046,0.050213844,0.019316219,0.033799765,0.045938889,0.058188976,0.025474821,0.033325752,0.006796633,0.04991925,0.04456394,0.029079123,0.043643857,0.06083599,0.275575953,0.031664892,0.036894261,0.055249795,0.106572464,0.039107781,0.000681096,0.044073314,0.144278298,0.013849064,0.018511946,0.334626278,0.083182887,0.759689068,0.023129721,0.103832328,0.025347017,0.161377306,0.017696403,0.021101289,1,0.035872551,0.002663367,0.002141751,0.002797773,0.005198154,0.04744693,0.021892162,0.042623903,0.090710386,0.015868427,0.014287792,0.058771102,0.00891973,0.118787216,0.039964074,0.160316629,0.145634636,0.04818741,0.106726887,0.055623742,0.061225275,0.015623596
Lactococcus_lactis_cremoris_MG1363,0.030645713,0.099879476,0.020139564,0.003414824,0.002706371,0.028823032,0.005856644,0.012892696,0.006338053,0.015967664,0.023723838,0.028187407,0.009798276,0.020928461,0.027114654,0.043202827,0.008094321,0.019407992,0.006730674,0.011730082,0.019670777,0.016886772,0.013209188,0.02448335,0.008242362,0.005571643,0.002865095,0.013827284,0.022843444,0.005329826,0.030921245,0.008787683,0.018757818,0.034794221,0.153138439,0.042813969,0.008100839,0.008509452,0.083465189,0.042051908,0.015397589,0.009903993,0.121231583,0.040391132,0.1104868,0.00905174,0.025984619,0.004901744,0.003042248,0.10397547,0.015629722,0.007853986,0.003817067,0.100010793,0.008990041,0.003340154,0.022907107,0.008621233,0.009405849,0.009832004,0.029974877,0.045035819,0.016771016,0.012273678,0.003274503,0.006004366,0.056376565,0.014981356,0.003021672,0.015837977,0.007548199,0.018783355,0.006527961,0.009189693,0.008864209,0.049264111,0.014807596,0.07178863,0.15397003,0.074505156,0.130244354,0.111883558,0.123254839,0.009253966,0.008019216,0.086749856,0.033417553,0.142185552,0.040902822,0.156469433,0.053977959,0.054101205,0.163431362,0.1117522,0.192581066,0.190380326,0.190381497,0.068771874,0.165931151,0.082681085,0.114187406,0.050647868,0.123425006,0.045897241,0.065288836,0.011370444,0.128544941,0.047968071,0.050322633,0.338778843,0.224012785,0.115600751,0.112359883,0.098554942,0.05184001,0.092653927,0.0750061,0.000821559,0.18603743,0.006995387,0.032252605,0.058740856,0.054347875,0.04334264,0.041508126,0.076891657,0.011253334,0.096418116,0.047886024,0.077941472,0.023914333,0.035872551,1,0.007137711,0.008474667,0.010368791,0.016143381,0.085652461,0.046008534,0.125518089,0.129123794,0.066959154,0.025909616,0.128498159,0.028132542,0.068788103,0.078501541,0.036570203,0.104305062,0.15591153,0.168641373,0.15516636,0.095529845,0.041858639
Megamonas_hypermegale_ART12_1,0.04895245,0.022054686,0.05027323,0.005064386,0.065990747,0.024897027,0.103595464,0.072017442,0.053459199,0.008475208,0.07708563,0.054304294,0.037839392,0.016074292,0.046147273,0.01457272,0.05577036,0.012763102,0.047500799,0.06121369,0.042802648,0.043236457,0.06508844,0.061019614,0.093263811,0.043125757,0.04975207,0.071195508,0.136894005,0.021575064,0.014973566,0.022895746,0.020308931,0.008245772,0.014677375,0.028358757,0.006516838,0.052665357,0.018616056,0.008299077,0.043921913,0.028721646,0.01790494,0.021873602,0.014602614,0.010500868,0.015457593,0.016661657,0.032980198,0.014829521,0.008829111,0.036144094,0.039289746,0.017542736,0.073735254,0.037093969,0.051537043,0.068789593,0.022793143,0.033954441,0.016829509,0.024673957,0.089103491,0.04377845,0.085833962,0.096009062,0.033095064,0.047500711,0.014786391,0.01111275,0.006427629,0.035343795,0.010259791,0.050813781,0.055703628,0.028776699,0.010899139,0.002899602,0.011266239,0.00690724,0.007910807,0.01117787,0.013160247,0.005581865,0.026432786,0.012087576,0.007897972,0.006361364,0.04067918,0.012952707,0.003038387,0.003811344,0.01128027,0.005517526,0.008032376,0.012743699,0.010662475,0.005807802,0.009882306,0.010650918,0.007596243,0.020649442,0.012039196,0.010109424,0.002811508,0.037362444,0.008107485,0.004510414,0.002796674,0.009379909,0.009041859,0.013639766,0.011685227,0.008187025,0.00649488,0.007859305,0.003117331,0.000592792,0.005379641,0.001518593,0.010781617,0.005172681,0.005292055,0.004148814,0.002419367,0.004694762,0.001716558,0.010740054,0.00197321,0.010047361,0.003891321,0.002663367,0.007137711,1,0.104959716,0.006772826,0.006810659,0.003871325,0.001877908,0.009140749,0.032898678,0.002463852,0.001318519,0.004568869,0.001743124,0.007960284,0.008676078,0.010740103,0.010099042,0.005978873,0.009775698,0.005970262,0.003113226,0.002507556
Methanobrevibacter_smithii_DSM_2375,0.044923426,0.024394144,0.2808845,0.108205609,0.081623985,0.1697351,0.126259804,0.110184099,0.111947503,0.062270104,0.264456885,0.250912098,0.1427134,0.139703172,0.045871697,0.120617136,0.136504212,0.091728571,0.118163273,0.208528342,0.167739967,0.260193139,0.21983523,0.237008307,0.084496439,0.087735386,0.069436602,0.222833593,0.288422047,0.090596607,0.091201762,0.139398708,0.132892804,0.026434872,0.038114505,0.144289303,0.08686237,0.129644804,0.091067547,0.158998123,0.053759029,0.107192862,0.062203704,0.098645264,0.066038592,0.121220761,0.166600632,0.11984759,0.153107872,0.036314327,0.139710492,0.169379236,0.109777832,0.074143886,0.145594906,0.122242296,0.267522736,0.221720247,0.184666773,0.193847578,0.12509334,0.1791288,0.247862996,0.182879094,0.099101134,0.113074844,0.203693099,0.209174105,0.091116632,0.032639765,0.112098056,0.252900393,0.123292336,0.172806005,0.159027402,0.191882639,0.029328903,0.001810806,0.026589358,0.006216846,0.006737147,0.020971274,0.033185967,0.041105492,0.055874907,0.035042044,0.02182332,0.005411097,0.076474586,0.023873995,0.002823912,0.00456521,0.017176146,0.005015764,0.015985894,0.018144549,0.014266196,0.006082652,0.009814293,0.012076569,0.012093643,0.037077864,0.020804909,0.021042969,0.001927304,0.167123676,0.008426352,0.004617399,0.002280574,0.010533404,0.011888018,0.014768945,0.020507995,0.007342024,0.006197093,0.010106583,0.001952258,0.035725083,0.004212914,0.003553425,0.025239829,0.025632455,0.005033497,0.002813001,0.001616393,0.00546172,0.001002951,0.014222559,0.001167361,0.037237795,0.003087338,0.002141751,0.008474667,0.104959716,1,0.03602533,0.084869966,0.002360374,0.001372875,0.008513518,0.007832384,0.001741459,0.001108253,0.003615377,0.001183071,0.038319009,0.014230607,0.010968913,0.034096477,0.003996279,0.02810028,0.003866104,0.002407688,0.009089155
Methanosphaera_stadtmanae_DSM_3091,0.012232473,0.038583656,0.017360376,0.005580316,0.003461993,0.038720792,0.004914106,0.010430268,0.006279944,0.022646383,0.019905847,0.023651073,0.009700699,0.013703172,0.010042796,0.018135965,0.009206121,0.028596239,0.00740506,0.010554086,0.016505064,0.014169103,0.01108337,0.022968208,0.006166491,0.004674972,0.002501477,0.011601993,0.01916714,0.004871882,0.01736309,0.008254306,0.01987444,0.01338621,0.088777181,0.059463155,0.013356079,0.007989954,0.05853343,0.03047193,0.006400484,0.016406408,0.117432376,0.041607996,0.043841306,0.010137591,0.024250217,0.004720226,0.008590998,0.03751556,0.024628787,0.007022487,0.004005148,0.11578089,0.016648063,0.004868933,0.019220557,0.014640822,0.01611422,0.009182381,0.022234405,0.040054888,0.01429248,0.011318662,0.003123196,0.007317766,0.047303615,0.012570334,0.005302264,0.010126708,0.008656499,0.018044858,0.006317631,0.007710752,0.011518442,0.060359963,0.002975197,0.006726442,0.089593098,0.013113746,0.026804553,0.01382344,0.053585904,0.018090451,0.006202661,0.0319864,0.008664707,0.028836474,0.02907456,0.098197087,0.014870494,0.013583676,0.071255696,0.016158626,0.096470167,0.065057005,0.052409361,0.026908406,0.047579621,0.006508349,0.052918371,0.019585525,0.06580247,0.032474705,0.006871222,0.017188113,0.031535997,0.010063474,0.006792515,0.018275529,0.026867799,0.020236859,0.023101295,0.014455182,0.005264645,0.023925185,0.005653121,0.029218084,0.020521847,0.012365655,0.00270142,0.0129553,0.007285656,0.002737185,0.003373843,0.022844699,0.000198959,0.003050531,0.002018096,0.003509046,0.00279268,0.002797773,0.010368791,0.006772826,0.03602533,1,0.025667984,0.009004091,0.006255606,0.032945266,0.000973832,0.003214988,0.006512815,0.009357049,0.005451815,0.047598189,0.014100717,0.004335645,0.028334746,0.011978452,0.068434709,0.013870215,0.011708902,0.121024765
Mitsuokella_multacida_DSM_20544,0.038223759,0.020473009,0.152254922,0.005302558,0.038534492,0.036827788,0.035964698,0.049059065,0.032724486,0.10424465,0.101321234,0.09479526,0.071329284,0.097520911,0.046890544,0.025873171,0.0421798,0.043935638,0.066312144,0.082214764,0.068961279,0.125019802,0.094693095,0.134205164,0.028076225,0.026707569,0.031126672,0.133157411,0.112865006,0.061143901,0.074245426,0.043499329,0.062094329,0.021285756,0.047392889,0.070910468,0.178051684,0.100644582,0.054122299,0.177063917,0.024104434,0.036985704,0.063732349,0.061846551,0.103952433,0.101723983,0.103225265,0.044118049,0.076394148,0.040340772,0.095664768,0.078593436,0.044691049,0.060491043,0.256436002,0.055194132,0.15052919,0.080336665,0.031378397,0.11800479,0.021602554,0.072265739,0.098287324,0.046619638,0.03646822,0.09296467,0.078760895,0.124110045,0.037632604,0.017654039,0.014932422,0.083051692,0.055934364,0.072336204,0.090077639,0.10708609,0.010146108,0.005294614,0.041269545,0.010431207,0.018582886,0.021405778,0.03867986,0.11821779,0.049979536,0.031671749,0.024970266,0.016232061,0.120365196,0.040749574,0.006149414,0.010785687,0.034121237,0.010556495,0.010892983,0.036327542,0.030486222,0.01570064,0.026774792,0.017095593,0.024832446,0.021716865,0.035122236,0.029024521,0.005397983,0.162365225,0.019905489,0.009338333,0.005732563,0.021313595,0.028254782,0.020008566,0.028670659,0.013579251,0.00991848,0.033175607,0.006351792,0.002276382,0.011276125,0.00477979,0.094631852,0.082833013,0.01017969,0.013501169,0.004679442,0.008935313,0.003052992,0.015250896,0.00377087,0.163773129,0.00741868,0.005198154,0.016143381,0.006810659,0.084869966,0.025667984,1,0.007460632,0.003824905,0.021616544,0.00414163,0.002980153,0.002610695,0.008838684,0.003195017,0.073839025,0.023801009,0.101706827,0.039381536,0.01164938,0.056898456,0.013030642,0.008864046,0.015576004
Pasteurella_multocida_multocida_Pm70,0.00576462,0.060066522,0.003314729,0.000904251,0.000661021,0.008238155,0.000938282,0.003033786,0.00119907,0.004786945,0.003800752,0.004515852,0.001852217,0.00335291,0.005577696,0.009180532,0.001757784,0.005460065,0.001824427,0.00201516,0.003151419,0.002705399,0.00211622,0.004385469,0.00148146,0.000892623,0.000477623,0.002215244,0.003659706,0.000863694,0.005527157,0.001576048,0.004672538,0.006199167,0.078575407,0.011353685,0.003361161,0.001525574,0.022150844,0.006555479,0.002585006,0.003309011,0.040120697,0.008151239,0.020991484,0.002008212,0.004630251,0.000901263,0.001567578,0.033549208,0.005090061,0.001340849,0.000764729,0.035636571,0.004885096,0.000929657,0.003669905,0.002795467,0.003076792,0.001753251,0.008476242,0.008628417,0.002728956,0.00288326,0.000776966,0.001857821,0.009031985,0.002400135,0.001012396,0.002688997,0.001691506,0.003445422,0.001206266,0.001472264,0.002268623,0.011524918,0.003353976,0.650609287,0.098608245,0.154586469,0.221867329,0.025496374,0.043435131,0.003257436,0.001425258,0.021709838,0.010849599,0.166545812,0.016467957,0.128026358,0.375087463,0.059692175,0.142462833,0.130831362,0.142298062,0.125473253,0.175069192,0.154860806,0.229841522,0.01888299,0.152456544,0.011599079,0.071897518,0.019678827,0.313040606,0.004396965,0.17461798,0.07008139,0.167273812,0.210420196,0.130127121,0.052305464,0.024606189,0.153190378,0.041948357,0.084739964,0.761410066,0.00083016,0.184163455,0.007766199,0.020593162,0.031590107,0.06202451,0.03633918,0.068443278,0.139908705,0.015058036,0.112422139,0.290984272,0.041791205,0.02486905,0.04744693,0.085652461,0.003871325,0.002360374,0.009004091,0.007460632,1,0.144792875,0.241913212,0.01900441,0.118446903,0.114756736,0.284251123,0.0613182,0.025401211,0.03667236,0.035071093,0.028119373,0.483952355,0.070598711,0.449319182,0.078144746,0.103217057
Pediococcus_pentosaceus_ATCC_25745,0.001773032,0.035884487,0.001029748,0.000474463,0.000205352,0.002559251,0.000291485,0.000942471,0.000372501,0.001487104,0.001180735,0.001402887,0.000575407,0.001041609,0.00192122,0.002852008,0.00054607,0.001696214,0.000566773,0.000626026,0.000979014,0.000840454,0.000657421,0.001362382,0.000460228,0.000277301,0.000148378,0.000688184,0.001136918,0.000323769,0.001939199,0.000489612,0.001600518,0.001925822,0.024410098,0.003527116,0.001201189,0.000473932,0.006881342,0.002416859,0.000803053,0.001033754,0.012463825,0.00253225,0.006521178,0.000623868,0.001438426,0.000279985,0.000480313,0.010440714,0.00158127,0.000416546,0.000237569,0.011070795,0.001564364,0.000288806,0.001140086,0.000868435,0.000955831,0.000544662,0.002633214,0.002680489,0.000847773,0.000895709,0.000241371,0.000635753,0.002805861,0.000745622,0.000314509,0.000835359,0.00052548,0.001070349,0.000374737,0.000457371,0.000704766,0.003580311,0.001134067,0.169441802,0.029995727,0.159229423,0.182506733,0.010422608,0.022976415,0.001903537,0.000590697,0.008585053,0.004612418,0.138034367,0.005115907,0.046116345,0.107104642,0.042459291,0.063400576,0.031050386,0.035793833,0.054883645,0.083414812,0.047819996,0.124232889,0.009265105,0.074088584,0.004783033,0.03463517,0.009309758,0.077211487,0.002053221,0.10953747,0.018373123,0.033890879,0.073564803,0.071299249,0.019334081,0.008524868,0.134363245,0.013786222,0.018961092,0.147008791,0.000644458,0.044820205,0.003289231,0.014906452,0.01326609,0.023549917,0.009246172,0.031215921,0.069706441,0.003246024,0.060543759,0.086106998,0.017160274,0.010528757,0.021892162,0.046008534,0.001877908,0.001372875,0.006255606,0.003824905,0.144792875,1,0.106222963,0.013649494,0.17129152,0.32992687,0.073262163,0.067667709,0.006872804,0.009225918,0.008693709,0.008856569,0.124820763,0.02205408,0.105125082,0.145757222,0.099340082
Porphyromonas_gingivalis_ATCC_33277,0.014156178,0.115971899,0.008260244,0.002888963,0.001647251,0.02052933,0.002338182,0.007560139,0.002988061,0.01192898,0.009471405,0.011253421,0.004615691,0.00835539,0.015063529,0.022877718,0.004380366,0.013606382,0.00454644,0.005021742,0.007853278,0.006741803,0.00527358,0.010928507,0.003691772,0.002224399,0.001190228,0.005520346,0.00911992,0.002494415,0.013809115,0.003927483,0.012516428,0.01544821,0.179476639,0.028293174,0.009089987,0.003801701,0.055199496,0.019116128,0.006441787,0.008292376,0.099980037,0.020312737,0.050290278,0.005004427,0.0115385,0.002171037,0.004054042,0.083751409,0.012038959,0.003341371,0.00190569,0.088805677,0.011200747,0.002316688,0.009145337,0.006788087,0.007450414,0.00436907,0.021122639,0.021501857,0.006800507,0.007185031,0.001936185,0.004587671,0.022507541,0.005981093,0.002522871,0.00670093,0.004215201,0.008585927,0.003005993,0.003668854,0.005653366,0.028719885,0.008954101,0.188435003,0.224538115,0.338818867,0.404035257,0.076264906,0.133027953,0.009808527,0.004396715,0.063508706,0.025493636,0.267234512,0.041037845,0.30293919,0.201120719,0.167868968,0.385547213,0.156454522,0.151818033,0.358826018,0.409998382,0.190939219,0.485253061,0.055173549,0.274060819,0.030840205,0.258678605,0.069997556,0.175170017,0.01430914,0.476172255,0.075214834,0.117615713,0.286474154,0.284653477,0.111082044,0.068126038,0.362093743,0.065570302,0.110930501,0.221902248,0.003292068,0.164351857,0.005810082,0.034481395,0.064781428,0.076957398,0.040914141,0.044129877,0.127938237,0.011262818,0.121026848,0.13174354,0.060739176,0.028308402,0.042623903,0.125518089,0.009140749,0.008513518,0.032945266,0.021616544,0.241913212,0.106222963,1,0.038148905,0.115408669,0.071353302,0.25071865,0.063479422,0.048013695,0.076899429,0.054146619,0.066713231,0.352741001,0.131901958,0.296184261,0.158451195,0.100096371
Proteus_mirabilis_HI4320,0.043871881,0.026633034,0.024215147,0.000721693,0.004890228,0.032551228,0.006611094,0.018496629,0.007088999,0.012575149,0.028117949,0.031890887,0.012446791,0.014572482,0.04575181,0.030071456,0.011388292,0.015993098,0.010639301,0.014255309,0.021326263,0.018246472,0.015655784,0.032443679,0.009980792,0.005920849,0.003193652,0.016388363,0.02707449,0.002453211,0.013621928,0.010702944,0.011556377,0.018475542,0.106118814,0.035845166,0.004575048,0.010046578,0.071062045,0.024360216,0.019123863,0.009283814,0.108799769,0.038544055,0.067332183,0.006916112,0.021196689,0.005698571,0.010574394,0.09412881,0.009503079,0.009534162,0.005452207,0.083039055,0.024804131,0.00247521,0.027149944,0.018353912,0.006883575,0.012028077,0.02073513,0.034001711,0.019226736,0.01929545,0.005095853,0.01032911,0.063870672,0.017756191,0.006640006,0.016446538,0.006881845,0.016913584,0.006050901,0.010891801,0.016783261,0.046194929,0.015841936,0.016180414,0.066964746,0.062722681,0.033998353,0.052797443,0.112498052,0.01226723,0.012200958,0.052079534,0.030414178,0.078834214,0.088654348,0.066584071,0.023119654,0.017818083,0.056690394,0.06152274,0.109031929,0.083312556,0.055921467,0.019224241,0.037172097,0.061258063,0.037528317,0.036057445,0.110221295,0.042002163,0.0142443,0.003635804,0.034653295,0.018396461,0.010539484,0.141475799,0.070543862,0.179859544,0.032907245,0.074128268,0.017619779,0.051725465,0.014927729,0.000224557,0.106352563,0.025953438,0.006419155,0.020020592,0.010105169,0.033664929,0.101519491,0.007752793,0.006778437,0.010974232,0.011750897,0.012402418,0.005144619,0.090710386,0.129123794,0.032898678,0.007832384,0.000973832,0.00414163,0.01900441,0.013649494,0.038148905,1,0.058962504,0.0103347,0.065049746,0.006956761,0.036838296,0.047665905,0.017423578,0.083021957,0.059211904,0.106645202,0.0551855,0.079172175,0.008833376
Proteus_penneri_ATCC_35198,0.002724343,0.026938329,0.001522782,0.000293491,0.000303672,0.00372267,0.000431045,0.001393717,0.000550851,0.002199116,0.00174606,0.002074576,0.000850906,0.001540322,0.002841082,0.004217523,0.000807524,0.002508346,0.000838139,0.000925761,0.001447757,0.001242856,0.000972188,0.002014678,0.000680581,0.000410069,0.000219419,0.00101768,0.001681263,0.000284316,0.001488321,0.000724034,0.001460373,0.002847888,0.036097425,0.005215866,0.001489841,0.000700846,0.010176065,0.003574029,0.001187548,0.001083216,0.018431388,0.003744667,0.009643456,0.00092257,0.00212713,0.000414039,0.000470572,0.015439629,0.002338367,0.000615984,0.000351315,0.016371387,0.001991212,0.000427083,0.001685949,0.001149106,0.001413474,0.000805441,0.003769534,0.002989775,0.001253678,0.001324565,0.000356937,0.000726486,0.004149281,0.001102619,0.000399625,0.001235321,0.000777075,0.001582822,0.000554157,0.000676356,0.001042202,0.005125024,0.001677047,0.135167507,0.043327437,0.188491207,0.11725115,0.015412855,0.014626207,0.001288272,0.000518089,0.007541312,0.002851435,0.069378325,0.007565355,0.058886119,0.061031226,0.035866906,0.063334976,0.080967364,0.081568655,0.08116142,0.095204196,0.027835251,0.097213385,0.01558889,0.058224095,0.007222337,0.036061642,0.009623556,0.073515277,0.002832817,0.122648179,0.029307634,0.03390968,0.090636636,0.07749382,0.030918377,0.012606495,0.169143266,0.020890667,0.028062406,0.104309094,0.000403956,0.074666183,0.002367879,0.00970003,0.010556542,0.015309737,0.007710342,0.019018887,0.038809819,0.003277733,0.043161418,0.057752676,0.007920239,0.007156105,0.015868427,0.066959154,0.002463852,0.001741459,0.003214988,0.002980153,0.118446903,0.17129152,0.115408669,0.058962504,1,0.157282569,0.181456756,0.037173446,0.010395046,0.01502718,0.015344232,0.013097012,0.249195484,0.028025947,0.150652441,0.070131781,0.04686347
Pseudomonas_aeruginosa_LESB58,0.001013747,0.033726483,0.000589396,0.000302826,0.000117537,0.001464835,0.000166837,0.000539441,0.000213208,0.000851172,0.000675816,0.000802969,0.000329345,0.000596185,0.001099647,0.001632401,0.000312554,0.00097086,0.000324403,0.000358318,0.000560357,0.00048105,0.000376287,0.000779785,0.00026342,0.000158718,8.49E-05,0.000393895,0.000650736,0.000185315,0.001109937,0.000280239,0.000916087,0.001102281,0.013971581,0.002018811,0.00075256,0.000271264,0.003938666,0.001383335,0.000459643,0.000591688,0.007133906,0.001449381,0.003732519,0.000357082,0.00082331,0.000160255,0.00029167,0.00597594,0.000905069,0.000238418,0.000135977,0.006336578,0.000895393,0.000165303,0.00065255,0.000497065,0.000547088,0.000311748,0.00150717,0.001534228,0.000485239,0.000512676,0.000138153,0.000363885,0.001605987,0.000426771,0.000180015,0.000478133,0.000300768,0.000612634,0.000214488,0.000261785,0.000403386,0.002049259,0.000649105,0.134402049,0.021004045,0.151197038,0.122769897,0.005965576,0.013216019,0.001095887,0.000339227,0.004913817,0.002640005,0.097552461,0.002928186,0.026395561,0.090999751,0.043575022,0.037343165,0.026002392,0.029298864,0.03141369,0.047744043,0.041399904,0.076282739,0.005644637,0.06519995,0.003191181,0.024260534,0.006138508,0.06928967,0.001385732,0.089874591,0.014821019,0.032799734,0.041287768,0.040809471,0.010323392,0.004879369,0.116758472,0.011321146,0.013907475,0.115131571,0.00106665,0.032826515,0.002129188,0.009807281,0.009415345,0.012085772,0.006086041,0.02363751,0.058886396,0.001944359,0.0455587,0.061564433,0.00970612,0.008074266,0.014287792,0.025909616,0.001318519,0.001108253,0.006512815,0.002610695,0.114756736,0.32992687,0.071353302,0.0103347,0.157282569,1,0.057763347,0.066587161,0.004497551,0.006520753,0.006445173,0.005069225,0.099249704,0.012623069,0.081159843,0.087472231,0.111527917
Salmonella_enterica_sv_Heidelberg_SL476_CVM30485,0.012642371,0.051590047,0.007225812,0.001181325,0.001440966,0.016685089,0.002045371,0.006613382,0.002613866,0.010435112,0.008285299,0.009844153,0.004037667,0.007309043,0.010499677,0.018250642,0.003831812,0.011500059,0.003368653,0.004392868,0.00686981,0.005897526,0.004613169,0.009559929,0.00322945,0.001945837,0.001041176,0.004829032,0.007977831,0.001685126,0.007637735,0.003435644,0.007224597,0.011971225,0.13208451,0.023969299,0.005665781,0.003325614,0.046740002,0.014212948,0.005635081,0.006322079,0.083449098,0.01776897,0.043877928,0.004377722,0.010093532,0.001964673,0.00297503,0.059684518,0.010997263,0.00292293,0.00166704,0.077684529,0.009007095,0.002026569,0.008000065,0.005551841,0.006392608,0.003821931,0.017105228,0.016554084,0.005948879,0.005803275,0.00168386,0.003518229,0.019688918,0.00523208,0.001994734,0.005861772,0.00368733,0.00751071,0.002629552,0.003209403,0.004945394,0.023246172,0.006266104,0.198079713,0.140852267,0.170155263,0.160627955,0.051320516,0.051948268,0.003875072,0.002259775,0.030650079,0.013640742,0.100311745,0.027317828,0.152545495,0.216011166,0.065346248,0.178503765,0.372284578,0.387204664,0.198434837,0.203930455,0.185771634,0.18871392,0.046457174,0.149083462,0.022093579,0.094996057,0.02836884,0.43992417,0.007267898,0.203903687,0.164626572,0.284735288,0.28987637,0.172080739,0.119813046,0.047740733,0.166613229,0.055923859,0.134494435,0.217759773,0.001251103,0.370390369,0.011544201,0.02456805,0.041570868,0.10523686,0.058314737,0.081493898,0.06571857,0.02745871,0.065143652,0.272942729,0.047697429,0.026058312,0.058771102,0.128498159,0.004568869,0.003615377,0.009357049,0.008838684,0.284251123,0.073262163,0.25071865,0.065049746,0.181456756,0.057763347,1,0.036203736,0.049212362,0.068400451,0.060970045,0.058225361,0.378651434,0.135693026,0.428261442,0.118744424,0.055682552
Staphylococcus_saprophyticus_saprophyticus_ATCC_15305,0.002045239,0.027974148,0.004917146,0.002526382,0.00066755,0.012220671,0.001245798,0.004500389,0.001778729,0.006700079,0.005638125,0.006698921,0.001792271,0.004973785,0.009174012,0.013618616,0.002607538,0.007363604,0.002706398,0.002989335,0.004674888,0.004013251,0.00313925,0.006505507,0.001547624,0.001324137,0.000708517,0.003286144,0.005428893,0.001546029,0.009259863,0.002337947,0.007642629,0.003732168,0.040462901,0.013626848,0.001338008,0.002263071,0.032859079,0.001784314,0.003834658,0.004936274,0.019007312,0.010286733,0.013750472,0.002729053,0.005137975,0.001336955,0.002433311,0.031576062,0.003388187,0.001989046,0.001134417,0.019434227,0.001806398,0.001379075,0.005444023,0.004146861,0.00344956,0.002600814,0.012504128,0.012799595,0.004048196,0.004277095,0.000977068,0.000687558,0.013398258,0.003560417,0.000474694,0.003526843,0.002443971,0.005111019,0.001789403,0.00218399,0.003365328,0.017096333,0.005415279,0.051181631,0.049381789,0.069968785,0.081432697,0.011035127,0.068130652,0.003165027,0.001469225,0.040624529,0.021704439,0.076425045,0.014086256,0.046605711,0.21958829,0.038702091,0.050458007,0.022544377,0.024900395,0.045129781,0.0556366,0.035854098,0.071473496,0.026104688,0.051575369,0.02662304,0.043827058,0.011792222,0.04010018,0.001612365,0.061361757,0.013153028,0.025485956,0.05466678,0.056177663,0.010824745,0.008486645,0.067350991,0.025904742,0.029821137,0.056239679,0.000560721,0.028984483,0.001685182,0.007543778,0.016222169,0.010756036,0.00429756,0.015346872,0.023417688,0.001506464,0.029361323,0.02577621,0.008825537,0.007115732,0.00891973,0.028132542,0.001743124,0.001183071,0.005451815,0.003195017,0.0613182,0.067667709,0.063479422,0.006956761,0.037173446,0.066587161,0.036203736,1,0.025277483,0.013935004,0.053820183,0.012187016,0.068138846,0.025927954,0.068176468,0.037445124,0.051876932
Streptococcus_gordonii_Challis_CH1,0.077555428,0.046324158,0.107018814,0.014376934,0.022383664,0.177149864,0.023113574,0.068552103,0.030645533,0.058536226,0.140647331,0.148821478,0.042506637,0.069971328,0.115561749,0.104228515,0.065010485,0.132762691,0.024167081,0.072104606,0.116327183,0.084149922,0.083141155,0.132966668,0.029095908,0.026537614,0.017680739,0.074534004,0.118933027,0.031885652,0.06609493,0.046138532,0.056208527,0.096338638,0.18913262,0.157124031,0.056546572,0.055674934,0.200416993,0.091030708,0.054653553,0.042545206,0.207279947,0.154337834,0.277399921,0.034032168,0.082797874,0.032992654,0.046846493,0.191291671,0.105988271,0.046437347,0.026180559,0.202102019,0.067010173,0.031899094,0.137347089,0.066955752,0.06248745,0.063825855,0.104418674,0.166403701,0.076832039,0.059587749,0.018424178,0.034402052,0.164782012,0.089317937,0.028369087,0.055798112,0.042737913,0.077046266,0.046683995,0.051210577,0.087466637,0.205211388,0.043289954,0.016817599,0.156966915,0.021179155,0.033594221,0.131984177,0.138298343,0.044673279,0.032065871,0.109573252,0.087409792,0.03746235,0.14495321,0.121294715,0.031887168,0.043680941,0.096298673,0.111261528,0.093213479,0.102996796,0.080191064,0.102510161,0.054050776,0.09353851,0.050921757,0.204265486,0.098290687,0.075211325,0.039718093,0.027871863,0.04119028,0.18718249,0.085463967,0.087238217,0.083754321,0.177292737,0.084862175,0.030020569,0.045092636,0.204139798,0.020051987,0.012396492,0.100374515,0.061941454,0.023933569,0.059466821,0.260099867,0.203077108,0.100952972,0.038831574,0.094771939,0.036084571,0.040818245,0.112727086,0.217813943,0.118787216,0.068788103,0.007960284,0.038319009,0.047598189,0.073839025,0.025401211,0.006872804,0.048013695,0.036838296,0.010395046,0.004497551,0.049212362,0.025277483,1,0.115159365,0.287955866,0.478160358,0.040649346,0.323996512,0.052882107,0.020122546,0.009196117
Streptococcus_infantarius_infantarius_ATCC_BAA_102,0.0459333,0.050915175,0.054690808,0.005846134,0.007023235,0.063459296,0.025503989,0.019768836,0.00954918,0.031511781,0.056801705,0.056451534,0.018420494,0.031839333,0.037479249,0.056094575,0.047818826,0.03461609,0.010963124,0.041318633,0.085934443,0.048448613,0.057706121,0.058046234,0.040254364,0.024340473,0.012948429,0.037793959,0.049414565,0.026616973,0.043271687,0.028262258,0.128184303,0.163706612,0.157868535,0.066283808,0.018484099,0.03549917,0.152830658,0.09527763,0.06973747,0.086952085,0.144891329,0.057860733,0.098281799,0.015862673,0.048319156,0.006007799,0.039320224,0.139865881,0.028115937,0.035853522,0.013391288,0.156149343,0.02290948,0.024791158,0.026038179,0.017171326,0.01873539,0.046814446,0.049808759,0.093517796,0.050401392,0.019575088,0.00534776,0.010108162,0.071347416,0.021499388,0.015412271,0.073324889,0.012400016,0.032851791,0.027960593,0.011858723,0.016667627,0.065186211,0.027854229,0.024231818,0.139786083,0.028533437,0.048110137,0.37045403,0.11267702,0.019040732,0.042040149,0.078366743,0.054322174,0.049346896,0.075946152,0.136241572,0.039079088,0.049861196,0.114487933,0.080130731,0.102431752,0.122612425,0.102027997,0.07025807,0.075136102,0.100584504,0.057473935,0.05822187,0.102654027,0.064183194,0.05116824,0.018512731,0.055235574,0.063576291,0.048996913,0.117341381,0.106194643,0.091987494,0.634748993,0.038135065,0.049274773,0.137681023,0.028918422,0.002092826,0.108952718,0.019311225,0.020819558,0.051232362,0.072927749,0.066762862,0.038149085,0.040899638,0.028068466,0.035662024,0.042187828,0.05080892,0.028611012,0.039964074,0.078501541,0.008676078,0.014230607,0.014100717,0.023801009,0.03667236,0.009225918,0.076899429,0.047665905,0.01502718,0.006520753,0.068400451,0.013935004,0.115159365,1,0.082962409,0.131771156,0.059779375,0.195941907,0.076190868,0.029063732,0.013505506
Streptococcus_mutans_UA159,0.056933742,0.054288107,0.089570639,0.015316099,0.015637069,0.102832528,0.011064122,0.045602177,0.028326675,0.027704292,0.093177767,0.08396552,0.029101394,0.057491671,0.085536853,0.059142372,0.034648396,0.054544177,0.012786808,0.042333377,0.063059294,0.069600152,0.055752033,0.088326317,0.020806282,0.019453583,0.012906336,0.059860333,0.075133718,0.019864049,0.079600598,0.037591039,0.070438128,0.07266862,0.122809773,0.086380839,0.04185762,0.041224063,0.156910881,0.07902373,0.047752651,0.036108766,0.122055919,0.082390488,0.376713522,0.018167762,0.080045421,0.024353947,0.026612236,0.100549302,0.04692855,0.03623243,0.011244185,0.114578104,0.023606913,0.025121196,0.090941043,0.031398561,0.032604218,0.042896918,0.08011489,0.104322975,0.052936047,0.042728557,0.017910055,0.017405285,0.117338706,0.0500886,0.01628428,0.041402019,0.019981547,0.057291313,0.025835249,0.031242524,0.061302742,0.142822343,0.029662689,0.023505568,0.117844227,0.024596804,0.0355373,0.0820603,0.101176223,0.016438541,0.039741053,0.110728381,0.082097883,0.026748791,0.164984953,0.091371757,0.043963226,0.0250399,0.072228009,0.116529039,0.057866217,0.090951255,0.069886296,0.105142512,0.050170503,0.042163107,0.039987443,0.069664219,0.070924358,0.046611125,0.055133831,0.018215648,0.040538095,0.098541337,0.095840551,0.069039092,0.067228187,0.14534452,0.05669352,0.028869076,0.056457247,0.195206279,0.027907447,0.00127711,0.10166278,0.064709558,0.034039591,0.031191816,0.317938767,0.134405649,0.138531121,0.049425617,0.155120697,0.048119233,0.059346075,0.276824015,0.038142617,0.160316629,0.036570203,0.010740103,0.010968913,0.004335645,0.101706827,0.035071093,0.008693709,0.054146619,0.017423578,0.015344232,0.006445173,0.060970045,0.053820183,0.287955866,0.082962409,1,0.196773739,0.057011463,0.201952061,0.068946793,0.016174029,0.011727047
Streptococcus_pneumoniae_Hungary19A_6,0.104596236,0.055445382,0.094820502,0.014687302,0.02318635,0.148539664,0.023821968,0.082415598,0.028447037,0.056285792,0.130803788,0.145017053,0.041046964,0.068011797,0.114199167,0.135427042,0.057973766,0.094601488,0.021770821,0.057803946,0.107316825,0.07805397,0.074229767,0.135372535,0.024864762,0.028397287,0.013498369,0.077490325,0.121723768,0.025394308,0.068105079,0.044172763,0.059461063,0.123619055,0.246628957,0.1680646,0.044090413,0.043339421,0.254970428,0.085103375,0.065097609,0.048565606,0.268333797,0.187278602,0.280330579,0.034349786,0.075931498,0.02542929,0.036825953,0.304960332,0.073003422,0.034003566,0.025074742,0.260193613,0.069445731,0.026235954,0.11634735,0.070214339,0.06873982,0.049984242,0.134157336,0.17031669,0.076366549,0.064776672,0.018232426,0.035483513,0.160207642,0.072211063,0.021323609,0.063866961,0.032968779,0.074243684,0.042311703,0.040143036,0.079575545,0.200790267,0.066899703,0.018508535,0.198631506,0.029576564,0.039143837,0.239934316,0.231868051,0.051308393,0.025629268,0.170324001,0.112123614,0.048825484,0.156148431,0.154784533,0.031796224,0.058623315,0.117169857,0.128088662,0.106558107,0.135564918,0.099898037,0.105738123,0.063435672,0.135216466,0.064933282,0.163494095,0.148962614,0.100557549,0.045056547,0.031520311,0.049524313,0.263439187,0.097488262,0.103703194,0.104325649,0.237532965,0.111049046,0.040279964,0.052914049,0.230225628,0.022130007,0.006282203,0.09484442,0.080079934,0.027399004,0.064279408,0.232346663,0.270492749,0.147425862,0.046430757,0.073735744,0.041937036,0.045718533,0.086551904,0.085429504,0.145634636,0.104305062,0.010099042,0.034096477,0.028334746,0.039381536,0.028119373,0.008856569,0.066713231,0.083021957,0.013097012,0.005069225,0.058225361,0.012187016,0.478160358,0.131771156,0.196773739,1,0.047329533,0.353344248,0.059230678,0.033597089,0.012399055
Streptococcus_pyogenes_M4_MGAS10750,0.008971305,0.0858858,0.005502976,0.001505089,0.001097399,0.012979241,0.001557697,0.00503417,0.001990647,0.007947089,0.006309852,0.007497031,0.003074974,0.005566362,0.009905354,0.01524114,0.002918201,0.009040336,0.003028839,0.003345485,0.005231855,0.004491391,0.00351326,0.007280574,0.002459459,0.001481895,0.00079293,0.003677656,0.006075692,0.001373281,0.008476899,0.00261649,0.007218374,0.0102916,0.130447637,0.018848918,0.005541898,0.002532694,0.036773915,0.011947398,0.00429152,0.004822838,0.066606719,0.013532349,0.034849192,0.00333395,0.007686951,0.00149624,0.002314611,0.055795204,0.008450309,0.002226022,0.001269571,0.059162359,0.007649943,0.001543378,0.006092625,0.004291771,0.005005566,0.002910675,0.013292829,0.012676243,0.004530499,0.004786669,0.001289887,0.002906796,0.014994528,0.003984605,0.001538052,0.004464161,0.002808167,0.005719946,0.002002593,0.002444191,0.003766273,0.018068828,0.005908734,0.375692134,0.165891488,0.242512065,0.312198475,0.048756298,0.075723729,0.006153233,0.002274029,0.033335374,0.016463477,0.211644176,0.027219547,0.210465654,0.254565329,0.124017397,0.237480557,0.196701552,0.203047102,0.243613081,0.294094659,0.15789975,0.309824799,0.038525949,0.182934195,0.023547896,0.132134417,0.036277437,0.251181729,0.008490872,0.269300792,0.083921609,0.145432104,0.304711075,0.236113594,0.089394237,0.043624342,0.288895479,0.058749129,0.115110073,0.448830097,0.001604348,0.229656215,0.007602576,0.034091154,0.043033982,0.076510798,0.045739929,0.069320825,0.178078193,0.014161937,0.136544486,0.212863549,0.054459151,0.032187156,0.04818741,0.15591153,0.005978873,0.003996279,0.011978452,0.01164938,0.483952355,0.124820763,0.352741001,0.059211904,0.249195484,0.099249704,0.378651434,0.068138846,0.040649346,0.059779375,0.057011463,0.047329533,1,0.113775875,0.677676835,0.122451217,0.118315783
Streptococcus_sanguinis_SK36,0.046282248,0.11469559,0.046691947,0.010282963,0.009311271,0.095976789,0.011209577,0.029071391,0.013289475,0.047402895,0.053538169,0.063611215,0.022553096,0.042776472,0.068515785,0.078763537,0.024215572,0.068146853,0.016734736,0.026949306,0.044391525,0.038108793,0.0298095,0.061774604,0.016450269,0.011846547,0.006477605,0.031204371,0.051551363,0.011892121,0.043107473,0.020597331,0.039460265,0.063054572,0.37604999,0.135305654,0.032834853,0.019957148,0.214345781,0.062589715,0.032363143,0.032575317,0.309308961,0.10784556,0.205650959,0.024049289,0.05706447,0.011556347,0.018904704,0.225678079,0.055293561,0.017987217,0.010716099,0.279164686,0.03841027,0.011896837,0.051695032,0.034643161,0.034677804,0.023071618,0.084349437,0.097047131,0.03560894,0.031493931,0.008870569,0.017809533,0.121808796,0.033808793,0.012440571,0.031194267,0.021384623,0.048532908,0.01699171,0.020738606,0.03195628,0.147017964,0.034912348,0.046670014,0.315271807,0.055479196,0.091842414,0.167879517,0.250434884,0.042169768,0.01625693,0.134963481,0.09786864,0.12213679,0.131824346,0.291149779,0.075201333,0.105937619,0.240207868,0.179880814,0.218965581,0.258719991,0.212048206,0.179355254,0.149915961,0.08938992,0.136289329,0.117539224,0.235850194,0.112930199,0.111570242,0.033300721,0.104913118,0.128982754,0.124338585,0.233963854,0.21413847,0.20705992,0.123413267,0.081142628,0.084315377,0.364819628,0.055687145,0.00408196,0.227037621,0.040574373,0.037123352,0.07919399,0.182905556,0.176044739,0.107035384,0.111973108,0.059640485,0.069839392,0.113845454,0.113291336,0.098047702,0.106726887,0.168641373,0.009775698,0.02810028,0.068434709,0.056898456,0.070598711,0.02205408,0.131901958,0.106645202,0.028025947,0.012623069,0.135693026,0.025927954,0.323996512,0.195941907,0.201952061,0.353344248,0.113775875,1,0.147492561,0.06701696,0.024197363
Streptococcus_suis_05ZYH33,0.010803003,0.084884215,0.006886715,0.001896703,0.001373343,0.016025848,0.001949385,0.005989397,0.002491201,0.009945407,0.007896482,0.009382181,0.003848185,0.00696604,0.011351451,0.019073568,0.003651991,0.011062164,0.00347434,0.004186717,0.00654742,0.005620764,0.004396679,0.009111295,0.003077897,0.001854522,0.000992315,0.004602413,0.007603443,0.001707235,0.010524497,0.003274414,0.007879688,0.012828429,0.150479681,0.023588532,0.006224993,0.003169547,0.04602082,0.014048533,0.005370635,0.006054983,0.083355168,0.016935097,0.04361212,0.004172282,0.009619856,0.001872474,0.002922406,0.064689115,0.010575163,0.002785761,0.001588808,0.074038902,0.009277559,0.001931465,0.007624633,0.005327327,0.0061455,0.003642573,0.016427074,0.015864248,0.005669706,0.005990291,0.001594526,0.003547249,0.018764945,0.004986546,0.001913323,0.005586687,0.003514289,0.007158243,0.002506151,0.00305879,0.004713314,0.022326033,0.006765558,0.303527887,0.184562331,0.165786717,0.315722202,0.05312288,0.080336807,0.007148726,0.002439021,0.035336903,0.020336713,0.218361134,0.031630855,0.221222788,0.301215698,0.11942379,0.24574815,0.226954244,0.246263387,0.245476195,0.29207268,0.197111736,0.32506222,0.04177255,0.188678202,0.027911022,0.130557654,0.037061267,0.29899033,0.009564799,0.247206576,0.107204253,0.190458713,0.346259187,0.272077935,0.093407663,0.052581902,0.220390151,0.059457704,0.161070225,0.358139033,0.001539425,0.304978945,0.00968172,0.038970354,0.047233045,0.105644275,0.064582243,0.076622582,0.212597337,0.020531837,0.138742315,0.24496873,0.056358275,0.039570782,0.055623742,0.15516636,0.005970262,0.003866104,0.013870215,0.013030642,0.449319182,0.105125082,0.296184261,0.0551855,0.150652441,0.081159843,0.428261442,0.068176468,0.052882107,0.076190868,0.068946793,0.059230678,0.677676835,0.147492561,1,0.125495774,0.105964936
Thermoanaerobacter_sp_X514,0.007010528,0.084555519,0.004146184,0.001056873,0.000826829,0.010304585,0.001173638,0.003467214,0.001499841,0.005987686,0.00475412,0.005648593,0.002316821,0.004193942,0.007735613,0.011483345,0.001989925,0.006829649,0.002278271,0.002520636,0.00394191,0.003384011,0.002647045,0.005485505,0.001853065,0.001116525,0.000597428,0.002770908,0.004577694,0.001303626,0.00738467,0.001971379,0.006444337,0.007754145,0.098284991,0.014201604,0.003768592,0.001908243,0.027707086,0.009731259,0.00323342,0.004162313,0.050184434,0.010195868,0.026256915,0.002511945,0.005791687,0.001120009,0.001855293,0.042038562,0.006366835,0.001677183,0.000956551,0.044575525,0.005103268,0.001162849,0.004590452,0.003496672,0.003848564,0.002193031,0.010602393,0.01079274,0.003413477,0.003606487,0.000937053,0.002272811,0.011297537,0.003002177,0.001232034,0.003363495,0.002115797,0.004309659,0.001508842,0.001841561,0.002767298,0.014415789,0.004566214,0.06313047,0.117306256,0.137537646,0.241144762,0.041965662,0.085937783,0.007068853,0.002386342,0.03241238,0.017296478,0.313504509,0.020598722,0.126299418,0.060887256,0.056929909,0.177291066,0.081527405,0.07347455,0.168388594,0.208024498,0.06944277,0.212541094,0.027583531,0.138166039,0.019782675,0.128304129,0.036447631,0.067189595,0.005134439,0.167950063,0.035072838,0.052732154,0.164246047,0.237183728,0.071588189,0.034324589,0.158060883,0.019620296,0.043768715,0.072054536,0.00071058,0.070000129,0.010677374,0.013660961,0.0319181,0.031078216,0.022526075,0.073440672,0.108991153,0.007512906,0.049916079,0.053676019,0.037051669,0.01564284,0.061225275,0.095529845,0.003113226,0.002407688,0.011708902,0.008864046,0.078144746,0.145757222,0.158451195,0.079172175,0.070131781,0.087472231,0.118744424,0.037445124,0.020122546,0.029063732,0.016174029,0.033597089,0.122451217,0.06701696,0.125495774,1,0.081431955
Tropheryma_whipplei_Twist,0.004547946,0.049810903,0.004627872,0.002346873,0.000922887,0.011501733,0.001309986,0.002110877,0.001674087,0.004653896,0.005306436,0.006304825,0.00258598,0.004681179,0.003469747,0.007533771,0.002454138,0.007623092,0.001929015,0.002813474,0.004399866,0.003777153,0.002954569,0.00612279,0.002068347,0.001246239,0.000666835,0.003092821,0.005109513,0.000442558,0.005143767,0.002200406,0.007193016,0.005080502,0.048367375,0.015851493,0.003320764,0.002129936,0.03092599,0.003377618,0.00293047,0.004645875,0.040288336,0.011380385,0.018577776,0.002803773,0.006464543,0.001258302,0.00229016,0.024169441,0.00710651,0.001872031,0.001067679,0.033171166,0.002625185,0.001297944,0.005123753,0.003902902,0.004295676,0.002447809,0.010420805,0.012046599,0.003810042,0.004025475,0.001084764,0.001088667,0.012610043,0.003350959,0.00141346,0.002934319,0.002361602,0.004810339,0.001684133,0.002055507,0.003167347,0.016090561,0.001896078,0.095991878,0.052158402,0.13244813,0.153596654,0.016063483,0.026366481,0.002337174,0.000778852,0.016847049,0.005771258,0.12052768,0.011101386,0.068815509,0.062683851,0.06177975,0.08399229,0.031457961,0.035598631,0.06891775,0.092940341,0.069341905,0.120254123,0.012602319,0.108399135,0.008514437,0.060595413,0.01671451,0.051983883,0.005276656,0.127468731,0.020460192,0.032703838,0.066064982,0.070756675,0.018617747,0.014429941,0.122550235,0.020920152,0.024841322,0.093605018,0.001286369,0.045018902,0.002652131,0.013199164,0.016750921,0.020215461,0.010473338,0.026285048,0.067598819,0.00218569,0.058771211,0.038865229,0.016281028,0.014386787,0.015623596,0.041858639,0.002507556,0.009089155,0.121024765,0.015576004,0.103217057,0.099340082,0.100096371,0.008833376,0.04686347,0.111527917,0.055682552,0.051876932,0.009196117,0.013505506,0.011727047,0.012399055,0.118315783,0.024197363,0.105964936,0.081431955,1
