,,,,,,,,,,,,,,,,,,,,,,,,,,,,,,,,,,,,,,,,,,,,,,,,,,,,,,,,,,,,,,,,,,,,,,,,,,,,,,,,,,,,,,,,,,,,,,,,,,,,,,,,,,,,,,,,,,,,,,,,,,,,,,,,,,,,,,,,,,,,,,,,,,,,,,,,,,
Jaccard Similarity,Escherichia_coli_O157_H7_EC4115,Leuconostoc_mesenteroides_mesenteroides_ATCC_8293,Coprococcus_comes_ATCC_27758,Akkermansia_muciniphila_ATCC_BAA_835,Alistipes_putredinis_DSM_17216,Anaerotruncus_colihominis_DSM_17241,Bacteroides_caccae_ATCC_43185,Bacteroides_cellulosilyticus_DSM_14838,Bacteroides_coprocola_M16_DSM_17136,Bacteroides_coprophilus_DSM_18228,Bacteroides_dorei_5_1_36_D4,Bacteroides_dorei_DSM_17855,Bacteroides_eggerthii_DSM_20697,Bacteroides_finegoldii_DSM_17565,Bacteroides_fragilis_3_1_12,Bacteroides_intestinalis_341_DSM_17393,Bacteroides_ovatus_ATCC_8483,Bacteroides_pectinophilus_ATCC_43243,Bacteroides_plebeius_M12_DSM_17135,Bacteroides_sp_2_1_7,Bacteroides_sp_2_2_4,Bacteroides_sp_4_3_47FAA,Bacteroides_sp_9_1_42FAA,Bacteroides_sp_D1,Bacteroides_stercoris_ATCC_43183,Bacteroides_thetaiotaomicron_VPI_5482,Bacteroides_uniformis_ATCC_8492,Bacteroides_vulgatus_ATCC_8482,Bacteroides_xylanisolvens_XB1A,Bifidobacterium_adolescentis_L2_32,Bifidobacterium_catenulatum_DSM_16992,Bifidobacterium_longum_longum_CCUG_52486,Bifidobacterium_pseudocatenulatum_DSM_20438,Blautia_hansenii_VPI_C7_24_DSM_20583,Bryantella_formatexigens_I_52_DSM_14469,Butyrivibrio_crossotus_DSM_2876,Catenibacterium_mitsuokai_DSM_15897,Clostridiales_sp_SS3_4,Clostridium_asparagiforme_DSM_15981,Clostridium_bartlettii_DSM_16795,Clostridium_bolteae_ATCC_BAA_613,Clostridium_leptum_DSM_753,Clostridium_methylpentosum_R2_DSM_5476,Clostridium_nexile_DSM_1787,Clostridium_scindens_ATCC_35704,Clostridium_sp_L2_50,Clostridium_sp_M62_1,Clostridium_sp_SS2_1,Collinsella_aerofaciens_ATCC_25986,Coprobacillus_sp_D7,Coprococcus_eutactus_ATCC_27759,Dorea_formicigenerans_ATCC_27755,Dorea_longicatena_DSM_13814,Enterococcus_faecalis_TX0104,Eubacterium_biforme_DSM_3989,Eubacterium_hallii_DSM_3353,Eubacterium_rectale_M104_1,Eubacterium_siraeum_70_3,Eubacterium_ventriosum_ATCC_27560,Faecalibacterium_prausnitzii_SL3_3,Gordonibacter_pamelaeae_7_10_1_bT_DSM_19378,Holdemania_filiformis_VPI_J1_31B_1_DSM_12042,Parabacteroides_distasonis_ATCC_8503,Parabacteroides_johnsonii_DSM_18315,Parabacteroides_merdae_ATCC_43184,Prevotella_copri_CB7_DSM_18205,Pseudoflavonifractor_capillosus_ATCC_29799,Roseburia_intestinalis_M50_1,Ruminococcus_bromii_L2_63,Ruminococcus_gnavus_ATCC_29149,Ruminococcus_lactaris_ATCC_29176,Ruminococcus_obeum_A2_162,Ruminococcus_sp_SR1_5,Ruminococcus_torques_L2_14,Streptococcus_thermophilus_LMD_9,Subdoligranulum_variabile_DSM_15176,Clostridium_symbiosum_WAL_14163,Actinobacillus_pleuropneumoniae_sv_7_AP76,Actinomyces_odontolyticus_ATCC_17982,Anaerococcus_hydrogenalis_DSM_7454,Anaerofustis_stercorihominis_DSM_17244,Anaerostipes_caccae_DSM_14662,Bifidobacterium_angulatum_DSM_20098,Bifidobacterium_animalis_lactis_AD011,Bifidobacterium_bifidum_NCIMB_41171,Bifidobacterium_breve_DSM_20213,Bifidobacterium_dentium_ATCC_27678,Bifidobacterium_gallicum_DSM_20093,Blautia_hydrogenotrophica_DSM_10507,Butyrivibrio_fibrisolvens_16_4,Campylobacter_concisus_13826,Campylobacter_hominis_ATCC_BAA_381,Candidatus_Sulcia_muelleri_GWSS,Citrobacter_koseri_ATCC_BAA_895,Citrobacter_sp_30_2,Clostridium_difficile_630,Clostridium_hylemonae_DSM_15053,Clostridium_perfringens_ATCC_13124,Clostridium_phytofermentans_ISDg,Clostridium_ramosum_VPI_0427_DSM_1402,Clostridium_sp_7_2_43FAA,Clostridium_spiroforme_DSM_1552,Collinsella_intestinalis_DSM_13280,Collinsella_stercoris_DSM_13279,Cronobacter_sakazakii_ATCC_BAA_894,Desulfovibrio_piger_ATCC_29098,Desulfovibrio_vulgaris_Miyazaki_F,Enterobacter_cancerogenus_ATCC_35316,Enterobacter_sp_638,Enterococcus_faecalis_TX1322,Enterococcus_sp_7L76,Escherichia_fergusonii_UMN026_ATCC_35469,Eubacterium_dolichum_DSM_3991,Finegoldia_magna_ATCC_29328,Fusobacterium_nucleatum_nucleatum_ATCC_25586,Haemophilus_influenzae_NTHi_86_028NP,Haemophilus_parasuis_SH0165,Helicobacter_pullorum_MIT_98_5489,Klebsiella_pneumoniae_342,Lactobacillus_acidophilus_NCFM,Lactobacillus_casei_casei_BL23,Lactobacillus_delbrueckii_bulgaricus_ATCC_11842,Lactobacillus_fermentum_IFO_3956,Lactobacillus_gasseri_ATCC_33323,Lactobacillus_helveticus_DPC_4571,Lactobacillus_hilgardii_ATCC_8290,Lactobacillus_johnsonii_NCC_533,Lactobacillus_paracasei_ATCC_25302,Lactobacillus_reuteri_SD2112_ATCC_55730,Lactobacillus_sakei_sakei_23K,Lactobacillus_salivarius_HO66_ATCC_11741,Lactobacillus_ultunensis_DSM_16047,Lactococcus_lactis_cremoris_MG1363,Megamonas_hypermegale_ART12_1,Methanobrevibacter_smithii_DSM_2375,Methanosphaera_stadtmanae_DSM_3091,Mitsuokella_multacida_DSM_20544,Pasteurella_multocida_multocida_Pm70,Pediococcus_pentosaceus_ATCC_25745,Porphyromonas_gingivalis_ATCC_33277,Proteus_mirabilis_HI4320,Proteus_penneri_ATCC_35198,Pseudomonas_aeruginosa_LESB58,Salmonella_enterica_sv_Heidelberg_SL476_CVM30485,Staphylococcus_saprophyticus_saprophyticus_ATCC_15305,Streptococcus_gordonii_Challis_CH1,Streptococcus_infantarius_infantarius_ATCC_BAA_102,Streptococcus_mutans_UA159,Streptococcus_pneumoniae_Hungary19A_6,Streptococcus_pyogenes_M4_MGAS10750,Streptococcus_sanguinis_SK36,Streptococcus_suis_05ZYH33,Thermoanaerobacter_sp_X514,Tropheryma_whipplei_Twist
Escherichia_coli_O157_H7_EC4115,1,0.009693971,0.230886658,0.078987494,0.087546112,0.155029769,0.081082143,0.17453226,0.074989832,0.122345724,0.231220587,0.239393576,0.186279054,0.115818835,0.293741116,0.118227465,0.219286903,0.047075573,0.105434746,0.144478613,0.262971186,0.18759973,0.219106247,0.255590516,0.102607366,0.142484212,0.048633337,0.209004689,0.291346143,0.06203034,0.087963496,0.131742172,0.085038009,0.16712016,0.039519449,0.099760484,0.048255056,0.11735763,0.119475154,0.191611412,0.307549947,0.192853973,0.088052133,0.434246428,0.090142465,0.046518418,0.158339839,0.096802552,0.154526318,0.173795616,0.036945811,0.144159614,0.117969616,0.086757811,0.115543028,0.084807915,0.219355679,0.20293895,0.181069631,0.151490323,0.135234825,0.169548891,0.214679206,0.197345197,0.125041977,0.080419492,0.297710249,0.187249793,0.085115412,0.230670548,0.181806926,0.239461696,0.131380312,0.147644367,0.207429371,0.154296953,0.258396337,0.003573039,0.029172311,0.006710905,0.005641591,0.1246376,0.04024207,0.100118752,0.084545239,0.104693594,0.032872338,0.009138821,0.166433756,0.021296249,0.005551219,0.003833307,0.018453658,0.019366128,0.020611106,0.023025726,0.013772159,0.014952704,0.00928816,0.222681078,0.010654666,0.065776224,0.034974572,0.036139908,0.006954075,0.111768436,0.007444011,0.010163776,0.00686642,0.024971292,0.019163558,0.08197385,0.085099045,0.008139977,0.101339732,0.023955659,0.004113188,0.029007401,0.017181363,0.011190676,0.054368143,0.117266562,0.008804462,0.014780897,0.016885279,0.002590758,0.007939983,0.00647157,0.004151711,0.014950258,0.002331222,0.01962854,0.037173212,0.082803175,0.066885009,0.009886089,0.047385813,0.005263658,0.001684129,0.013565842,0.060952055,0.003494911,0.000941824,0.013228267,0.000682466,0.050208346,0.042458551,0.014228972,0.090942804,0.008749254,0.033996655,0.010018751,0.007843196,0.001694856
Leuconostoc_mesenteroides_mesenteroides_ATCC_8293,0.009693971,1,0.009575755,0.002499222,0.002197953,0.026337024,0.002953421,0.007935974,0.003036051,0.01839441,0.010057738,0.011900472,0.004525138,0.009108395,0.011004442,0.070340473,0.00414512,0.009410412,0.005346188,0.004844802,0.007853642,0.007396196,0.005288684,0.012908445,0.003239396,0.002116497,0.001262406,0.005697106,0.011013368,0.002655411,0.01375966,0.003901627,0.019289207,0.012119103,0.188825102,0.057808109,0.006445457,0.003926004,0.059333787,0.018499674,0.005189772,0.007993826,0.09953445,0.015593552,0.065554728,0.005973034,0.009892624,0.002752472,0.004174469,0.058372252,0.015119991,0.003581294,0.002268348,0.087258703,0.008723015,0.00286145,0.010842616,0.007449931,0.011645696,0.004554611,0.02643636,0.025443695,0.008171526,0.008813894,0.002267978,0.004878789,0.023289309,0.006763621,0.003125847,0.004841412,0.005449479,0.009971238,0.003884093,0.004682256,0.006878294,0.03061376,0.005192726,0.078834957,0.199926325,0.113086052,0.197372502,0.027846465,0.146263721,0.010313013,0.003000861,0.069616013,0.020272033,0.19551057,0.030611551,0.232259947,0.07633143,0.158462575,0.248634206,0.060689324,0.057213131,0.259959489,0.241743167,0.070142309,0.217260982,0.022172731,0.222687336,0.047384145,0.162086334,0.03747436,0.054659432,0.009760808,0.174083002,0.017762487,0.029933554,0.145229049,0.335639612,0.059670514,0.036395223,0.143282418,0.018921641,0.088284515,0.092333586,0.000853729,0.065942324,0.001321797,0.021880056,0.056909286,0.037683472,0.036364393,0.03588227,0.095751765,0.081138359,0.129267121,0.05614842,0.072256146,0.0095449,0.022102969,0.118980356,0.005760811,0.016776869,0.006791375,0.022910112,0.111976508,0.056070031,0.14264369,0.032444389,0.052427046,0.064562356,0.060298676,0.051315558,0.044156174,0.033253385,0.046669824,0.049061576,0.122802049,0.120860461,0.114287791,0.150953908,0.114035223
Coprococcus_comes_ATCC_27758,0.230886658,0.009575755,1,0.065982995,0.157160497,0.282546904,0.163793597,0.138233301,0.152622724,0.175852255,0.538705874,0.523588824,0.241731134,0.257532948,0.264394908,0.107544742,0.24306475,0.110961033,0.194434771,0.354602047,0.430334645,0.555904783,0.403598443,0.457137308,0.146617808,0.116892937,0.117953988,0.537904217,0.49271601,0.230747081,0.190001192,0.305803471,0.296221994,0.095341567,0.04434383,0.165647256,0.230729108,0.326860915,0.137455196,0.341131453,0.158832725,0.164072753,0.090976133,0.190251939,0.127067961,0.167584288,0.262325959,0.237898771,0.408371354,0.076209963,0.09135303,0.356448189,0.205459942,0.109739824,0.274975418,0.247430472,0.624758467,0.422500343,0.323733071,0.463062024,0.172947791,0.313319252,0.514907156,0.189629371,0.157199533,0.196157595,0.342537505,0.45806402,0.173305635,0.120384976,0.117886846,0.492860432,0.351512401,0.340065316,0.28825284,0.308036436,0.082063995,0.002852769,0.03187142,0.005289935,0.004974041,0.10753207,0.052331272,0.194667995,0.199968076,0.106919937,0.036732716,0.00817663,0.245819651,0.02334242,0.004309226,0.002982402,0.017187918,0.02928825,0.01584487,0.022582979,0.012533051,0.023118528,0.008185581,0.051573475,0.01126427,0.075665871,0.023349612,0.02433651,0.008097834,0.176552183,0.006718402,0.039681384,0.018937121,0.019775631,0.017985904,0.055646389,0.102928907,0.006398991,0.056965278,0.055922208,0.003309268,0.074012779,0.015989782,0.044252785,0.049898441,0.089965134,0.030204271,0.046506518,0.012854038,0.006027534,0.010495025,0.005082355,0.00316242,0.077571186,0.027606584,0.017267979,0.027843052,0.031086504,0.184360838,0.007509042,0.241532669,0.004173491,0.001307216,0.010718467,0.045701793,0.002654582,0.000727163,0.010349869,0.000528237,0.127288247,0.0831122,0.075428902,0.115062975,0.007477947,0.054898699,0.009088247,0.006366063,0.001344715
Akkermansia_muciniphila_ATCC_BAA_835,0.078987494,0.002499222,0.065982995,1,0.019430927,0.064677713,0.072505896,0.116256228,0.079694703,0.047280415,0.05425232,0.051847965,0.027528116,0.035781311,0.063067905,0.032605682,0.054540482,0.235347427,0.04534813,0.049384181,0.072474816,0.060444462,0.055503086,0.059781401,0.12002529,0.106254184,0.105313148,0.070478724,0.060046286,0.008170478,0.007201796,0.142479658,0.033692082,0.009740713,0.012568868,0.032326203,0.023600984,0.037881926,0.024907236,0.044807329,0.025824511,0.019144865,0.019036358,0.024244361,0.01715459,0.192728358,0.025132855,0.096500293,0.115900085,0.011175789,0.033198924,0.098513515,0.119652016,0.025788367,0.004513114,0.107323275,0.047740581,0.075250851,0.110952561,0.109513837,0.061171124,0.032290621,0.045862964,0.051128366,0.147563245,0.011999642,0.053205114,0.04737138,0.09383742,0.024775676,0.22983643,0.174074723,0.06306544,0.083275375,0.044834699,0.052845455,0.023319415,0.001862635,0.008601499,0.003137487,0.004015385,0.007201797,0.006511823,0.005706982,0.015488571,0.012423851,0.007363034,0.003195124,0.08604201,0.00818186,0.002504441,0.00163704,0.007930607,0.003295354,0.004088673,0.008660429,0.005903899,0.005528059,0.004883158,0.004215485,0.00467845,0.010197129,0.006734646,0.006973608,0.001715253,0.134631668,0.004783971,0.002782179,0.001640446,0.006323759,0.006403323,0.013247422,0.008781082,0.002929393,0.076532186,0.025704319,0.002045096,0.000388841,0.002905123,0.000518912,0.001080165,0.047747275,0.004345552,0.006553714,0.001496384,0.005450595,0.002097513,0.001466898,0.0015895,0.004710255,0.006682146,0.00124204,0.003249639,0.002613047,0.041024808,0.000225661,0.003442445,0.002298667,0.001113329,0.005734387,0.002401218,0.000853896,0.000731119,0.002819061,0.000531111,0.011983887,0.006859466,0.010786661,0.01290397,0.003463027,0.012992521,0.004211308,0.00241236,0.001237562
Alistipes_putredinis_DSM_17216,0.087546112,0.002197953,0.157160497,0.019430927,1,0.064087654,0.388906124,0.176186396,0.343927558,0.035009593,0.170853656,0.143636396,0.266401259,0.233349993,0.08163629,0.0271081,0.315213869,0.036971942,0.301809709,0.202048758,0.157946357,0.215393308,0.269460092,0.132439729,0.33702329,0.418458186,0.391403153,0.24536102,0.156164956,0.220386248,0.107560849,0.163331636,0.068456029,0.106763962,0.010178377,0.037696454,0.1479357,0.212069437,0.036497402,0.077192959,0.151844665,0.087699647,0.021541362,0.070466615,0.031652121,0.151814644,0.071164286,0.231584438,0.204413163,0.022712872,0.027034606,0.188359876,0.293023622,0.025048461,0.15492739,0.2445456,0.14799405,0.210195428,0.091787132,0.20912951,0.070097469,0.074641724,0.192397813,0.235644979,0.375337094,0.14922776,0.077858166,0.181662534,0.308678327,0.138321122,0.083126108,0.122598815,0.24879587,0.217694447,0.184185931,0.065902981,0.160929234,0.000654805,0.007315546,0.001214215,0.001141707,0.020492705,0.011849381,0.102070101,0.124159624,0.021410228,0.084381025,0.001876807,0.045860712,0.005357858,0.00098911,0.00068456,0.003945196,0.006722623,0.003636922,0.005183541,0.00287675,0.005306468,0.001878862,0.015610809,0.002585523,0.018626469,0.007148906,0.038180173,0.001858721,0.072849916,0.001542096,0.013067963,0.004346696,0.004539162,0.00412836,0.013331143,0.013472503,0.00146878,0.00569398,0.012835998,0.000759587,0.012887342,0.003670184,0.051617387,0.003342872,0.009882478,0.00693288,0.026530924,0.002950427,0.001383519,0.002408956,0.001166569,0.00072588,0.017805155,0.006873464,0.003963573,0.003531441,0.081559892,0.041058383,0.001723574,0.051557267,0.000957954,0.000300049,0.002460243,0.010626584,0.000609314,0.000166908,0.002375638,0.000121248,0.031605495,0.010927616,0.01731343,0.035918564,0.001716437,0.012601069,0.002086054,0.001461222,0.000308657
Anaerotruncus_colihominis_DSM_17241,0.155029769,0.026337024,0.282546904,0.064677713,0.064087654,1,0.067016785,0.054421442,0.050062474,0.180070394,0.298594463,0.341737486,0.080624918,0.161501374,0.23450335,0.191247548,0.145116733,0.14092993,0.086396125,0.165609766,0.294583467,0.215409192,0.18715447,0.381211804,0.070488333,0.068652267,0.047509817,0.188806822,0.357565952,0.073257553,0.188906613,0.122119009,0.160523121,0.078314557,0.120283001,0.283035717,0.060683172,0.117183552,0.386309164,0.18515486,0.099653795,0.128751061,0.239789662,0.205378979,0.222156644,0.064332345,0.201296434,0.091803173,0.14390764,0.134310567,0.14151685,0.129563512,0.079583129,0.286517777,0.059996035,0.095700175,0.313937483,0.193366454,0.210989336,0.162276773,0.363666969,0.38623448,0.218038956,0.105773297,0.058290125,0.069815566,0.365996528,0.225605518,0.091814995,0.083510244,0.122691398,0.275552315,0.138264927,0.16035348,0.173290771,0.437526487,0.079237156,0.007846216,0.087447642,0.014549365,0.013680533,0.092737598,0.13387266,0.140826123,0.085351802,0.148120776,0.102645872,0.02248889,0.30527717,0.064200672,0.011852037,0.008202757,0.047273415,0.040059596,0.027338968,0.061343062,0.03447073,0.036610686,0.02251351,0.073867437,0.030981094,0.1949144,0.085661952,0.101883977,0.017721362,0.215309581,0.0184782,0.023078806,0.017230987,0.0396655,0.04882398,0.106136111,0.108915568,0.017599696,0.119405747,0.107469139,0.009101766,0.017067417,0.025132743,0.12314365,0.020358256,0.149685787,0.02515325,0.045715958,0.021855337,0.016578047,0.019726686,0.01397844,0.008697875,0.04580982,0.129287183,0.027382438,0.03190946,0.023732198,0.08530899,0.020652765,0.045149319,0.011478712,0.003595348,0.029479923,0.065830136,0.007170735,0.00199998,0.025770281,0.001452856,0.214603275,0.077183511,0.057378479,0.152510489,0.01909499,0.117098431,0.022694305,0.017509133,0.003698485
Bacteroides_caccae_ATCC_43185,0.081082143,0.002953421,0.163793597,0.072505896,0.388906124,0.067016785,1,0.179315009,0.221937787,0.081790078,0.172392734,0.15644455,0.260582211,0.21543605,0.141000955,0.035620928,0.354382367,0.101360723,0.211441358,0.202496924,0.230595215,0.218730446,0.269021406,0.175966726,0.286453344,0.298902849,0.398765191,0.240877872,0.19048949,0.231385151,0.117503606,0.147258613,0.111722114,0.101659022,0.013189227,0.044729329,0.149741683,0.191570713,0.045804356,0.0879686,0.128431647,0.165706693,0.028482747,0.058591959,0.035559755,0.101819773,0.066839719,0.176715321,0.249297138,0.028244289,0.03008693,0.205154191,0.238646546,0.03234617,0.124589706,0.236876439,0.138056963,0.259174594,0.142526923,0.294647147,0.081954585,0.090493324,0.204867455,0.13753881,0.393203093,0.232581924,0.085653215,0.149475046,0.296916886,0.115985228,0.143767608,0.188042678,0.282941511,0.210400318,0.161446219,0.069274103,0.044979511,0.000879871,0.009830004,0.001631558,0.001534128,0.039778162,0.014106388,0.128071214,0.141965619,0.017517479,0.111273138,0.002521893,0.031781546,0.007199431,0.001329081,0.000919853,0.005301217,0.009033285,0.004886984,0.006965199,0.00386553,0.007130377,0.002524654,0.020760285,0.003474204,0.012141261,0.009606088,0.051303246,0.00249759,0.04363073,0.002072136,0.017559609,0.005840718,0.006099337,0.005547337,0.018059795,0.058425141,0.001973621,0.003440849,0.014753078,0.001020667,0.057427309,0.004931679,0.067634738,0.015390023,0.015466763,0.00931581,0.034889099,0.001948734,0.001223506,0.003236948,0.001567535,0.000975375,0.009950575,0.001334276,0.002593126,0.008911969,0.109593196,0.041634877,0.002315991,0.031085636,0.001287217,0.00040318,0.003305864,0.013591917,0.000818745,0.000224277,0.003192178,0.000162923,0.034114905,0.046901013,0.012938864,0.034546941,0.0023064,0.013398521,0.00280306,0.001963465,0.000414746
Bacteroides_cellulosilyticus_DSM_14838,0.17453226,0.007935974,0.138233301,0.116256228,0.176186396,0.054421442,0.179315009,1,0.069284629,0.044361668,0.170571138,0.139797863,0.169919092,0.087460358,0.084268021,0.0955829,0.204774984,0.154387257,0.089775396,0.134616623,0.178231954,0.149698745,0.256578484,0.170001994,0.066606845,0.179662303,0.086985059,0.191409475,0.219862497,0.070030314,0.031614388,0.106316368,0.067898805,0.258411617,0.034071402,0.092489132,0.060208378,0.174823308,0.052536973,0.100150471,0.212115,0.034360058,0.050773642,0.122302838,0.050715768,0.159979699,0.053277822,0.122565763,0.137728719,0.064679429,0.053499527,0.102687,0.174113572,0.056022985,0.164452539,0.092777374,0.182762211,0.205794841,0.1477449,0.176010745,0.044858801,0.097413168,0.186318854,0.379472668,0.117538072,0.148845713,0.105017315,0.164287221,0.089508113,0.155254468,0.109644216,0.16955881,0.120011936,0.108576162,0.243650659,0.097232226,0.174310809,0.002840776,0.023555139,0.005267696,0.00495313,0.054573043,0.02444561,0.063296831,0.029593074,0.028383664,0.018473421,0.008003647,0.055038485,0.021172538,0.00429111,0.002969864,0.016706761,0.027613865,0.015778257,0.020487239,0.01237861,0.020751504,0.008151169,0.044391567,0.010328603,0.017839834,0.019859167,0.020147536,0.008063791,0.07456789,0.006690158,0.056693455,0.018857509,0.019692494,0.015848898,0.034907016,0.028630594,0.006372089,0.005808584,0.033266523,0.003295356,0.003579887,0.01592256,0.002648726,0.002519139,0.011670991,0.029299066,0.104183946,0.00284507,0.002685082,0.010450903,0.00310155,0.003149125,0.011417233,0.002861287,0.00380269,0.016263298,0.14454415,0.077039869,0.003599909,0.092626263,0.004155946,0.00130172,0.010673406,0.037804072,0.002643422,0.000724106,0.010306358,0.000526016,0.078740691,0.021944721,0.021331243,0.108648851,0.007441554,0.034189853,0.008401462,0.00566206,0.001339062
Bacteroides_coprocola_M16_DSM_17136,0.074989832,0.003036051,0.152622724,0.079694703,0.343927558,0.050062474,0.221937787,0.069284629,1,0.124967414,0.161473959,0.131195961,0.16482166,0.147487803,0.034725232,0.024773899,0.206302875,0.029916069,0.346741594,0.205420405,0.098462953,0.231115806,0.206072774,0.082428538,0.417763676,0.244757759,0.320721328,0.23948925,0.091981087,0.375213858,0.120245673,0.32184178,0.073291391,0.027002138,0.013793263,0.037527244,0.166319515,0.255577268,0.028657475,0.091244871,0.074429002,0.063780897,0.026554655,0.040945845,0.035562403,0.163554578,0.12977668,0.372521822,0.237521296,0.020255804,0.021758143,0.294601851,0.226952017,0.028797772,0.160163774,0.27376586,0.131744355,0.211201774,0.121619307,0.249215132,0.037356247,0.071032469,0.153606549,0.137863605,0.217480948,0.214127771,0.064783809,0.172363641,0.261489503,0.091205167,0.064613302,0.136738895,0.14837628,0.284463904,0.146773271,0.058006517,0.016497851,0.000904488,0.010069617,0.001677206,0.00157705,0.013761644,0.015016548,0.009074783,0.217602122,0.018542439,0.012964036,0.00259245,0.071440209,0.007400856,0.001366266,0.000945589,0.005449534,0.009286018,0.003798577,0.007160071,0.00397368,0.00732987,0.002595288,0.011716797,0.003571405,0.011163968,0.006898451,0.007818725,0.002567468,0.04924872,0.00213011,0.018050891,0.00600413,0.005233724,0.00570254,0.014480907,0.024386284,0.002028839,0.024646958,0.013387561,0.001049224,0.073441175,0.004091845,0.00290282,0.000804437,0.017852331,0.009576448,0.0350181,0.00250323,0.001517304,0.003327511,0.000965511,0.001002664,0.023887356,0.001620402,0.003165525,0.00801379,0.00814734,0.042980236,0.002380787,0.050303667,0.001323231,0.000414461,0.003398355,0.011703931,0.000841651,0.000230552,0.003281489,0.000167481,0.02961398,0.00990659,0.02297177,0.029231967,0.002370929,0.01216014,0.002881484,0.002018399,0.00042635
Bacteroides_coprophilus_DSM_18228,0.122345724,0.01839441,0.175852255,0.047280415,0.035009593,0.180070394,0.081790078,0.044361668,0.124967414,1,0.123180344,0.122831341,0.085014684,0.070608185,0.078486135,0.125279151,0.051861798,0.066022278,0.276576754,0.063849295,0.097110296,0.121720846,0.089172802,0.110703322,0.046118666,0.033120102,0.038083564,0.111007046,0.110825044,0.111250808,0.067316758,0.095743879,0.070791115,0.052053463,0.080951492,0.162789202,0.28194623,0.05872668,0.126968973,0.088852383,0.039850317,0.058243813,0.137359646,0.097378014,0.106885701,0.04733065,0.087780182,0.04557122,0.108003551,0.089485187,0.060394467,0.074700315,0.122674093,0.143130928,0.049268312,0.040751549,0.147752398,0.133369328,0.238493148,0.13527054,0.148140807,0.134821351,0.074984671,0.06420578,0.055195174,0.206351687,0.167490722,0.085353554,0.157261794,0.04072981,0.068557222,0.14026487,0.107664156,0.070541062,0.071508344,0.174639458,0.029742441,0.005479986,0.057962202,0.010161626,0.009554813,0.052552867,0.073073347,0.024428355,0.067130684,0.085993875,0.042709203,0.015706781,0.151011124,0.04483929,0.008277747,0.005729002,0.033016887,0.02961906,0.024178654,0.043380451,0.024075185,0.026214742,0.015723976,0.044223469,0.021451939,0.042943599,0.042840606,0.040674456,0.012842343,0.088022594,0.012905618,0.017114381,0.012595436,0.032863014,0.034549767,0.068763028,0.06310505,0.01229205,0.110837457,0.046565586,0.006356892,0.444955279,0.023078462,0.007849985,0.00683554,0.105358286,0.018290925,0.02472942,0.009220182,0.006909851,0.014262505,0.008334615,0.006074805,0.027634541,0.006435495,0.012097822,0.028967408,0.011634942,0.101678071,0.014424387,0.030536092,0.008017008,0.002511077,0.020589486,0.030320001,0.005099281,0.001396834,0.019881433,0.00101471,0.070855609,0.041106937,0.030514637,0.069001401,0.014364657,0.059730576,0.017457939,0.012228798,0.002583111
Bacteroides_dorei_5_1_36_D4,0.231220587,0.010057738,0.538705874,0.05425232,0.170853656,0.298594463,0.172392734,0.170571138,0.161473959,0.123180344,1,0.721026785,0.216674918,0.300736348,0.220429831,0.128585088,0.264430736,0.12595381,0.217613909,0.3981943,0.449697863,0.591101062,0.498942217,0.484913421,0.200355665,0.154577647,0.118582983,0.542842209,0.565919555,0.193112264,0.222357857,0.258165893,0.273033439,0.121148997,0.046575819,0.173984895,0.167510379,0.339698103,0.167370388,0.33934334,0.212874036,0.155838126,0.101047807,0.190349285,0.153425058,0.137995776,0.265652019,0.203449102,0.311351399,0.100257736,0.108780245,0.308880777,0.171353757,0.115263435,0.251920815,0.184679123,0.570185457,0.369347498,0.235487339,0.35704981,0.170242461,0.352374501,0.483691812,0.263922814,0.14537882,0.160555225,0.329442502,0.487270095,0.168095228,0.151155132,0.122558385,0.358744559,0.273254079,0.291457496,0.249442168,0.309209376,0.093010721,0.002996359,0.033475627,0.005556197,0.005224403,0.12753696,0.056313863,0.088529695,0.195575689,0.068762266,0.056516157,0.00858819,0.17623678,0.02451733,0.004526126,0.003132517,0.01805305,0.030762436,0.016642401,0.023719663,0.013163885,0.024282169,0.008597592,0.067469653,0.011831243,0.089937975,0.032713091,0.046659231,0.008505428,0.105163976,0.007056564,0.05979844,0.019890297,0.020771012,0.018891201,0.06094823,0.120574745,0.006721076,0.019676439,0.05873698,0.003475836,0.050765152,0.016794607,0.034096632,0.023990723,0.04731076,0.031724563,0.07242943,0.0128189,0.006330922,0.011023278,0.005338169,0.003321596,0.060188143,0.050056507,0.014986179,0.0303493,0.079582449,0.190671741,0.007887,0.145780397,0.004383558,0.001373013,0.011257967,0.048626796,0.002788197,0.000763764,0.010870816,0.000554825,0.165369725,0.07736624,0.075185269,0.159883557,0.00785434,0.057661954,0.009545692,0.006686491,0.001412399
Bacteroides_dorei_DSM_17855,0.239393576,0.011900472,0.523588824,0.051847965,0.143636396,0.341737486,0.15644455,0.139797863,0.131195961,0.122831341,0.721026785,1,0.211161956,0.292737792,0.251890846,0.149528433,0.263891418,0.114896176,0.176503138,0.343666509,0.489226115,0.549304621,0.426123741,0.58362538,0.170055642,0.139174949,0.100839691,0.470337459,0.58167608,0.163257388,0.216148958,0.243188833,0.249062676,0.115269433,0.055109235,0.200002202,0.167139766,0.270296647,0.189516098,0.315004162,0.202702962,0.191814706,0.116905448,0.203141076,0.147479115,0.128776966,0.278231342,0.184081901,0.263557073,0.116671912,0.09612868,0.266791474,0.149398985,0.135197558,0.227290228,0.164088672,0.566493926,0.324475325,0.231126077,0.315304314,0.216853488,0.418486315,0.460639104,0.22722338,0.128870875,0.152369837,0.368394099,0.485448478,0.139484588,0.141654784,0.125659243,0.398488178,0.249304823,0.280416361,0.243593637,0.355054344,0.103676047,0.003545339,0.039608883,0.006574179,0.006181595,0.125133625,0.061866338,0.129614228,0.17380797,0.073487986,0.077305333,0.01016168,0.177212796,0.029009287,0.005355382,0.003706443,0.02136065,0.036398594,0.019691548,0.028065475,0.015575714,0.028731041,0.010172804,0.082716298,0.01399891,0.083068501,0.038706638,0.073250422,0.010063755,0.136124185,0.008349436,0.067748917,0.023534509,0.024576585,0.022352364,0.075908906,0.122184602,0.007952481,0.026043532,0.06949851,0.004112663,0.038198327,0.01987164,0.043813108,0.049051882,0.074162701,0.037536997,0.077425447,0.00799298,0.007490846,0.013042914,0.006316205,0.003930164,0.040830425,0.040203499,0.01055156,0.035909764,0.053104921,0.200283047,0.009332021,0.130053453,0.005186694,0.00162457,0.013320601,0.054852969,0.003299038,0.000903698,0.012862519,0.000656478,0.173068267,0.072563635,0.0576934,0.170804281,0.009293378,0.068226522,0.011294612,0.00791156,0.001671173
Bacteroides_eggerthii_DSM_20697,0.186279054,0.004525138,0.241731134,0.027528116,0.266401259,0.080624918,0.260582211,0.169919092,0.16482166,0.085014684,0.216674918,0.211161956,1,0.268771996,0.201538133,0.045863167,0.306241425,0.04733873,0.200873074,0.221361798,0.211616158,0.263719108,0.254359195,0.181889175,0.231094597,0.294904044,0.189303793,0.329759378,0.215219815,0.180315173,0.1020688,0.177666345,0.104146083,0.033990929,0.020184947,0.065338135,0.264578628,0.259884089,0.061017708,0.133700282,0.268954205,0.298364256,0.041248023,0.136409219,0.06381634,0.089538841,0.107106432,0.194172182,0.264764802,0.055907634,0.034311557,0.251277473,0.169395126,0.042678118,0.21172824,0.214386485,0.193508668,0.254703482,0.122825085,0.240771888,0.119711101,0.118220178,0.183524297,0.114377337,0.374351295,0.223901858,0.128561031,0.239245626,0.15620331,0.199359922,0.280197947,0.197556281,0.249952456,0.271899587,0.236422497,0.107759644,0.267889738,0.00134811,0.015061224,0.002499823,0.002350543,0.035092882,0.022014314,0.179948976,0.136568743,0.025479965,0.158820993,0.003863965,0.078820818,0.011030742,0.002036377,0.00140937,0.008122358,0.013840516,0.007487684,0.010671859,0.005922644,0.010924939,0.003868195,0.069791576,0.005323067,0.018337886,0.014718147,0.078605224,0.003826729,0.113435787,0.003174862,0.026904282,0.008948965,0.009345213,0.008499456,0.026094474,0.029520492,0.00302392,0.009635858,0.026268064,0.001563835,0.047699664,0.007556164,0.00301103,0.02358011,0.028105032,0.014273392,0.053630099,0.002033173,0.002059477,0.00495955,0.002401728,0.00149444,0.036657199,0.002181529,0.003018041,0.011636534,0.049716359,0.064325852,0.003548488,0.099404989,0.001972234,0.00061774,0.005065141,0.019849321,0.001254455,0.00034363,0.004890955,0.000249625,0.0463976,0.02056229,0.034015383,0.044496238,0.003533794,0.020282822,0.004294761,0.00300836,0.000635461
Bacteroides_finegoldii_DSM_17565,0.115818835,0.009108395,0.257532948,0.035781311,0.233349993,0.161501374,0.21543605,0.087460358,0.147487803,0.070608185,0.300736348,0.292737792,0.268771996,1,0.131385633,0.104798658,0.247767532,0.075063961,0.257139055,0.202571788,0.211110236,0.372797905,0.314002536,0.243638291,0.303526213,0.161026011,0.132653097,0.296710274,0.247771772,0.125033876,0.125792281,0.110023899,0.138354044,0.073224984,0.042179558,0.126209266,0.156165103,0.203533509,0.135266928,0.180084512,0.119804361,0.141515008,0.08826162,0.155214429,0.133831825,0.145661242,0.15564818,0.15972572,0.139467448,0.094256257,0.058168821,0.217084601,0.156470379,0.097345509,0.180525574,0.150478676,0.244974863,0.241623585,0.108770047,0.181565732,0.235124262,0.229961302,0.210037601,0.131762393,0.213965788,0.06588018,0.202520653,0.274079759,0.224941547,0.106753729,0.159482664,0.254203639,0.175427465,0.251096658,0.116100865,0.180201717,0.151329351,0.002713535,0.030315885,0.005031751,0.004731275,0.081839884,0.042426133,0.231786473,0.072008942,0.053000556,0.286593221,0.007777556,0.096556459,0.022203156,0.004098908,0.002836841,0.016349034,0.019580648,0.015071535,0.02148078,0.011921355,0.017281914,0.007786071,0.070637644,0.010714499,0.041229635,0.029625324,0.158220002,0.007702607,0.160676796,0.006390499,0.012869571,0.010456139,0.01881045,0.017108073,0.055329399,0.062118535,0.006086678,0.010816853,0.044883642,0.003147754,0.005595527,0.015209375,0.012587882,0.006479453,0.020473491,0.013358841,0.022379915,0.004965341,0.005733351,0.009982798,0.004834303,0.003008073,0.0511914,0.008823878,0.006932886,0.02748465,0.011980731,0.077973757,0.006042451,0.165423868,0.003969797,0.001243415,0.010195335,0.02559378,0.002525021,0.000691673,0.009844727,0.000502456,0.077612679,0.038260484,0.060325702,0.075044203,0.007112974,0.046744043,0.008644681,0.006055357,0.001279084
Bacteroides_fragilis_3_1_12,0.293741116,0.011004442,0.264394908,0.063067905,0.08163629,0.23450335,0.141000955,0.084268021,0.034725232,0.078486135,0.220429831,0.251890846,0.201538133,0.131385633,1,0.097306528,0.194084597,0.084885671,0.078443103,0.181225644,0.30333389,0.185571387,0.189670267,0.291248981,0.089042396,0.089752918,0.088516914,0.2303069,0.299119334,0.109593249,0.070245048,0.120070161,0.094826675,0.044368714,0.049298703,0.110634779,0.124129499,0.134395695,0.14948306,0.161864359,0.231129501,0.169657394,0.097062733,0.268881086,0.099074636,0.04958421,0.162908969,0.111749986,0.221423388,0.128365621,0.085947102,0.249417443,0.16032288,0.101335196,0.156237631,0.135018075,0.210894507,0.266806702,0.176123035,0.174143507,0.218980864,0.179437526,0.249596495,0.113020824,0.138727637,0.168287316,0.282664877,0.209527613,0.118700164,0.136848271,0.150041676,0.254507542,0.204166123,0.258003447,0.294628599,0.182042854,0.177738714,0.003278397,0.033355902,0.006079185,0.00571616,0.059953105,0.052039539,0.241472978,0.092504098,0.105798861,0.092430862,0.00939657,0.132413927,0.026713163,0.003537121,0.003427372,0.019752329,0.013848619,0.014037818,0.025952324,0.014402962,0.010782548,0.009406857,0.130038629,0.012944882,0.106125395,0.035638564,0.094330318,0.002970254,0.101745769,0.007720777,0.006093447,0.00294248,0.021429617,0.020669373,0.064100197,0.040432393,0.00735371,0.044466488,0.044076237,0.003486892,0.00241633,0.011880556,0.049141138,0.057343212,0.090554192,0.006473365,0.017629179,0.01477184,0.006926833,0.003836232,0.005840635,0.002514727,0.021108361,0.040748712,0.019844335,0.019883874,0.066466894,0.059789729,0.002142648,0.050900805,0.004088678,0.00150225,0.011912738,0.05320389,0.003050641,0.000835655,0.008418814,0.000607049,0.072112248,0.02497814,0.022255805,0.071621345,0.008171982,0.049195604,0.008700112,0.00731587,0.001545344
Bacteroides_intestinalis_341_DSM_17393,0.118227465,0.070340473,0.107544742,0.032605682,0.0271081,0.191247548,0.035620928,0.0955829,0.024773899,0.125279151,0.128585088,0.149528433,0.045863167,0.104798658,0.097306528,1,0.052012526,0.081818989,0.036362409,0.048658984,0.100406399,0.082522496,0.067614197,0.164531071,0.033173787,0.026997526,0.012942558,0.072835744,0.14080252,0.022758868,0.080467215,0.036670614,0.134586543,0.110829757,0.325465231,0.397527687,0.032884578,0.037594449,0.347917823,0.14699486,0.056198389,0.057838731,0.461950487,0.179371691,0.360636564,0.057446384,0.087375785,0.024851387,0.035903471,0.386012668,0.105822328,0.035113304,0.027821631,0.439887045,0.04086503,0.025308999,0.134598561,0.063160406,0.087984071,0.045124891,0.181357488,0.201585026,0.08035603,0.108590744,0.027184108,0.026479876,0.241159442,0.074101821,0.02743728,0.054002422,0.054741989,0.105680428,0.049570227,0.051948337,0.081947167,0.277260026,0.057355985,0.02330254,0.208069276,0.043210277,0.040629926,0.275501464,0.259933959,0.039764783,0.022348141,0.226195685,0.078749081,0.066789936,0.142999288,0.189473636,0.03519946,0.024361434,0.140397695,0.098065024,0.119621412,0.177445836,0.102374899,0.086608606,0.066863055,0.224375625,0.092011,0.110238863,0.195081057,0.11005616,0.035010352,0.052503727,0.054878556,0.043210842,0.032296183,0.161535152,0.13996233,0.276922564,0.155851055,0.052269479,0.04461511,0.143337165,0.027031408,0.010486816,0.096823167,0.019698084,0.019729248,0.073465886,0.052440406,0.067083923,0.030624119,0.037606048,0.040548339,0.030767477,0.02583189,0.072902642,0.021301853,0.045811558,0.149158966,0.024978827,0.154996596,0.022788897,0.047894772,0.034090721,0.010677852,0.087552661,0.143264145,0.021683672,0.005939757,0.074146711,0.004314849,0.203049179,0.108220433,0.078759701,0.296634367,0.061082824,0.238194402,0.074236387,0.052000514,0.01098416
Bacteroides_ovatus_ATCC_8483,0.219286903,0.00414512,0.24306475,0.054540482,0.315213869,0.145116733,0.354382367,0.204774984,0.206302875,0.051861798,0.264430736,0.263891418,0.306241425,0.247767532,0.194084597,0.052012526,1,0.113535925,0.265254955,0.411390391,0.457501873,0.363466469,0.504158505,0.285967039,0.268131835,0.37703049,0.251194277,0.348083223,0.304118617,0.213061154,0.078576992,0.189141909,0.144980048,0.156247631,0.018343494,0.065761966,0.181650176,0.308058418,0.063986169,0.112372357,0.260839188,0.226235476,0.038826181,0.164119904,0.041058536,0.080451754,0.1220196,0.261555616,0.277802018,0.062346103,0.083953351,0.307209261,0.309687953,0.045271683,0.126053241,0.288980727,0.222019311,0.286713031,0.158998166,0.374604383,0.109680616,0.126166316,0.278137115,0.257618197,0.280633274,0.235192826,0.125275562,0.330325218,0.190146618,0.216633382,0.181366831,0.235033345,0.351331037,0.321076733,0.277400662,0.11011247,0.209768425,0.001234897,0.01304153,0.002289889,0.002153146,0.066339146,0.017606648,0.115187096,0.143281717,0.021874222,0.049923731,0.003539472,0.06374157,0.010082362,0.001865363,0.001291012,0.007440248,0.012678199,0.006858874,0.009775643,0.005425265,0.01000747,0.003543347,0.073592519,0.004876039,0.046332687,0.013406114,0.049288004,0.003505363,0.112727432,0.002908239,0.024644879,0.008197437,0.008560408,0.007724112,0.025039076,0.075574261,0.002769973,0.013747771,0.023575816,0.001432505,0.010026066,0.006921603,0.037460711,0.021599869,0.030816764,0.013074722,0.050034685,0.001214001,0.002609179,0.004543051,0.002200033,0.001368937,0.007435175,0.054380749,0.00211678,0.008054172,0.025515997,0.059609459,0.003250489,0.0426383,0.001806607,0.000565863,0.004639774,0.017524559,0.001149106,0.000314772,0.004480216,0.000228662,0.068213401,0.065888496,0.013174035,0.062015955,0.003237029,0.022921966,0.00393409,0.00243243,0.000582096
Bacteroides_pectinophilus_ATCC_43243,0.047075573,0.009410412,0.110961033,0.235347427,0.036971942,0.14092993,0.101360723,0.154387257,0.029916069,0.066022278,0.12595381,0.114896176,0.04733873,0.075063961,0.084885671,0.081818989,0.113535925,1,0.03801908,0.217079799,0.117567513,0.083004225,0.166085952,0.127853391,0.039671024,0.051061892,0.099094702,0.078206912,0.126798015,0.055979271,0.061552801,0.093423138,0.092119618,0.03879573,0.042955664,0.142964761,0.036688263,0.09599383,0.086833843,0.118195845,0.041958021,0.058949783,0.078014458,0.099879417,0.075481061,0.224089384,0.087357286,0.165408512,0.092881225,0.0480461,0.614815672,0.126696,0.164149516,0.087113186,0.041968889,0.083119259,0.138479292,0.09204774,0.125165108,0.158614159,0.094458409,0.125266731,0.102715006,0.096216464,0.100223401,0.037410409,0.147149119,0.132676568,0.245219426,0.040831172,0.381256861,0.175386152,0.094563426,0.117100456,0.207043669,0.156593327,0.031882961,0.002803511,0.030604391,0.005198595,0.004888155,0.02411179,0.047495659,0.043384193,0.028725225,0.05793055,0.035273275,0.008035446,0.077024438,0.022939371,0.00423482,0.002930905,0.016891138,0.015477318,0.01035841,0.022193043,0.012316645,0.01695987,0.008044243,0.02056312,0.011069772,0.092146388,0.022384331,0.023465078,0.007958011,0.034092994,0.006602397,0.012422508,0.009916602,0.014302381,0.016270481,0.030275331,0.035754071,0.006288501,0.009935157,0.031411194,0.003252128,0.007956383,0.01126931,0.012021687,0.006561169,0.019758235,0.012915685,0.01966538,0.009397179,0.005923458,0.010313809,0.004994599,0.003107815,0.025146665,0.123457277,0.01142792,0.011918984,0.007455869,0.085987806,0.007379385,0.038843445,0.004101428,0.001284644,0.010533393,0.017843798,0.002608746,0.000714608,0.009716754,0.000519116,0.111186396,0.022261243,0.033174948,0.068846152,0.007321455,0.04701652,0.008613395,0.006256142,0.001321496
Bacteroides_plebeius_M12_DSM_17135,0.105434746,0.005346188,0.194434771,0.04534813,0.301809709,0.086396125,0.211441358,0.089775396,0.346741594,0.276576754,0.217613909,0.176503138,0.200873074,0.257139055,0.078443103,0.036362409,0.265254955,0.03801908,1,0.258642505,0.134558665,0.290997017,0.261893118,0.123405875,0.372934539,0.182925126,0.201832893,0.287310018,0.16604614,0.205002786,0.05138205,0.163687416,0.086523357,0.024130135,0.021966745,0.057381977,0.443746712,0.213834979,0.041491413,0.051353177,0.073436019,0.088651584,0.037544586,0.054859584,0.034305922,0.167532247,0.057039864,0.177046122,0.225336021,0.026082069,0.026868285,0.227273957,0.302718077,0.037412775,0.239863067,0.219781551,0.165673685,0.306932711,0.143620413,0.264500341,0.054985866,0.073598299,0.260426089,0.243742448,0.297581081,0.256314758,0.088030967,0.192279218,0.308902586,0.054543053,0.059907435,0.169527266,0.265447955,0.272340774,0.120932733,0.087917329,0.068349138,0.001592714,0.017412961,0.002953395,0.00277703,0.015822676,0.023344164,0.009661694,0.113772714,0.03122814,0.016848692,0.004548581,0.081550697,0.012722222,0.002228358,0.001665089,0.009456089,0.005836422,0.005854577,0.012502024,0.00699726,0.005930584,0.004570048,0.013146353,0.006288894,0.011946485,0.012118735,0.013462305,0.001955042,0.112596711,0.003750915,0.003543115,0.0019475,0.009433219,0.009456724,0.019848541,0.020474865,0.003572586,0.040514528,0.021105546,0.00184758,0.129322696,0.004860694,0.002052753,0.001865839,0.031672599,0.003358736,0.005569559,0.001971008,0.001594377,0.002378653,0.002176289,0.001730933,0.010237231,0.001766009,0.002635013,0.009621807,0.092839146,0.07170304,0.004192333,0.050500029,0.002330079,0.000729825,0.00598417,0.020298369,0.001482065,0.000405979,0.00460668,0.000294917,0.024126784,0.010868089,0.009190569,0.02205731,0.004174973,0.016538426,0.00446541,0.003546904,0.00075076
Bacteroides_sp_2_1_7,0.144478613,0.004844802,0.354602047,0.049384181,0.202048758,0.165609766,0.202496924,0.134616623,0.205420405,0.063849295,0.3981943,0.343666509,0.221361798,0.202571788,0.181225644,0.048658984,0.411390391,0.217079799,0.258642505,1,0.388737709,0.446493696,0.506339675,0.283371532,0.322143182,0.274269262,0.253406334,0.506972563,0.349186968,0.297717375,0.159477375,0.309722316,0.143399189,0.072899697,0.022435525,0.083537933,0.238604038,0.472629779,0.076640448,0.197877803,0.229902197,0.112727901,0.045684283,0.102745037,0.052266284,0.110300621,0.27537196,0.417805708,0.334081377,0.030491424,0.206285663,0.402864161,0.325674075,0.055522279,0.200847057,0.287737436,0.321378491,0.309867422,0.182047684,0.43032479,0.087702866,0.166534574,0.431096957,0.21002987,0.189193183,0.198521616,0.172385506,0.440018356,0.228133419,0.204187257,0.172403266,0.268949485,0.368034496,0.317819774,0.273990341,0.153241001,0.097222043,0.001443343,0.016125175,0.002676415,0.002516589,0.048958469,0.02712633,0.109355899,0.241318653,0.052677856,0.027646626,0.004136922,0.078263134,0.011809973,0.00218023,0.00150893,0.008696136,0.014710431,0.006552951,0.011425738,0.00634103,0.011696696,0.004141451,0.018464573,0.005699097,0.059314808,0.015757862,0.020143847,0.004097056,0.125847789,0.00339914,0.028804848,0.009581136,0.008843654,0.009099872,0.021582984,0.078712204,0.003237535,0.015497624,0.028293543,0.001674307,0.015671234,0.007021979,0.028021041,0.02524585,0.035434982,0.01528169,0.045530774,0.006503432,0.003049599,0.005309902,0.002571391,0.001600009,0.012702461,0.063560029,0.008736642,0.013278529,0.057951065,0.095109189,0.00379916,0.085171862,0.002111556,0.000661379,0.005422951,0.022385027,0.001343072,0.000367904,0.005236461,0.000267259,0.075883985,0.05541624,0.019456447,0.058826681,0.003783428,0.025511806,0.00459815,0.003220876,0.000680351
Bacteroides_sp_2_2_4,0.262971186,0.007853642,0.430334645,0.072474816,0.157946357,0.294583467,0.230595215,0.178231954,0.098462953,0.097110296,0.449697863,0.489226115,0.211616158,0.211110236,0.30333389,0.100406399,0.457501873,0.117567513,0.134558665,0.388737709,1,0.430762397,0.465817806,0.571891225,0.168754133,0.225069317,0.140705942,0.454816528,0.562049578,0.220860092,0.182914434,0.261420341,0.23467173,0.171186429,0.036282241,0.130512419,0.133958583,0.291975233,0.123781454,0.202208668,0.248114779,0.220619586,0.075596799,0.218675619,0.084446782,0.098071248,0.214268834,0.22905816,0.391219049,0.120437868,0.096847561,0.311777809,0.226903399,0.087618389,0.182658892,0.262247652,0.392174834,0.338705304,0.241853357,0.424156738,0.178950692,0.259250432,0.429589626,0.204902568,0.166284222,0.181158961,0.24756828,0.453086514,0.158193573,0.177900576,0.152232257,0.342933993,0.37634979,0.30553709,0.283291883,0.218837978,0.131309023,0.002339724,0.026139634,0.004338588,0.004079505,0.1270642,0.039330587,0.156513681,0.202495844,0.047856464,0.056829547,0.006706137,0.136380061,0.019144497,0.003534251,0.002446044,0.014096827,0.024021024,0.012995313,0.018521635,0.010279095,0.01896087,0.006713479,0.096527231,0.009238493,0.077508501,0.025544204,0.052654838,0.006641512,0.162726298,0.005510158,0.046693953,0.015531452,0.016219163,0.014751302,0.048931092,0.152038609,0.00524819,0.042546217,0.045865106,0.002714126,0.01175004,0.013114165,0.102713033,0.040924659,0.07378572,0.024772306,0.076743017,0.003785951,0.004943537,0.00860759,0.00416834,0.002593687,0.016119684,0.047692041,0.005486013,0.023698424,0.040272336,0.107612845,0.006158609,0.067305989,0.003422927,0.001072125,0.008790847,0.034676293,0.002177179,0.00059639,0.008488539,0.000433238,0.128771648,0.125175078,0.026944571,0.122994254,0.006133106,0.045025666,0.007453808,0.005221184,0.00110288
Bacteroides_sp_4_3_47FAA,0.18759973,0.007396196,0.555904783,0.060444462,0.215393308,0.215409192,0.218730446,0.149698745,0.231115806,0.121720846,0.591101062,0.549304621,0.263719108,0.372797905,0.185571387,0.082522496,0.363466469,0.083004225,0.290997017,0.446493696,0.430762397,1,0.542680623,0.396012311,0.2686766,0.204239379,0.165986253,0.658466819,0.426535404,0.260364115,0.208685611,0.291974658,0.226334809,0.094159728,0.034047688,0.122812983,0.235125057,0.393038637,0.116492954,0.281726774,0.196224975,0.159544405,0.070887772,0.12818381,0.110567212,0.130436665,0.270682554,0.285632271,0.345473057,0.056351917,0.064379353,0.400748452,0.22863477,0.082398622,0.24076286,0.254599401,0.45075303,0.415626696,0.2234122,0.431689671,0.151310412,0.257477955,0.454113511,0.213978698,0.200211641,0.21095881,0.236752473,0.501519294,0.171739137,0.155280604,0.106510983,0.421057779,0.336413363,0.408605053,0.239361805,0.224077099,0.091737431,0.002203444,0.024617096,0.004085881,0.003841888,0.086603027,0.036928071,0.10833676,0.224171233,0.045046874,0.044501465,0.006315529,0.183906143,0.0180294,0.003328394,0.002303571,0.013275738,0.022621887,0.012238384,0.017442817,0.009680375,0.017856469,0.006322443,0.038993429,0.008700385,0.035652145,0.024056347,0.039077441,0.006254668,0.177457153,0.005189212,0.043974201,0.014626801,0.015274456,0.013892093,0.04100555,0.104375205,0.004942502,0.043972534,0.043193631,0.002556038,0.0374539,0.012350312,0.020044429,0.038540947,0.069487971,0.02332941,0.083274542,0.003449737,0.004655594,0.008106229,0.003925549,0.002442614,0.059915036,0.014993674,0.005051984,0.022318077,0.041888739,0.134134581,0.005799892,0.166034976,0.003223554,0.001009677,0.008278813,0.032541682,0.002050367,0.000561652,0.007994112,0.000408004,0.09288301,0.071446125,0.058260363,0.090301938,0.005775875,0.042403085,0.007019651,0.004917069,0.001038641
Bacteroides_sp_9_1_42FAA,0.219106247,0.005288684,0.403598443,0.055503086,0.269460092,0.18715447,0.269021406,0.256578484,0.206072774,0.089172802,0.498942217,0.426123741,0.254359195,0.314002536,0.189670267,0.067614197,0.504158505,0.166085952,0.261893118,0.506339675,0.465817806,0.542680623,1,0.347048041,0.262033028,0.258274317,0.208871728,0.539818371,0.422033036,0.280635599,0.135381071,0.238310646,0.207830777,0.180793515,0.024491072,0.091486884,0.191932845,0.447879089,0.089134438,0.207563415,0.26489711,0.165870136,0.053134205,0.152229976,0.080675857,0.146237952,0.177425505,0.308538066,0.347781227,0.060712839,0.14405217,0.431347438,0.313496447,0.060609242,0.236223814,0.275215277,0.395077396,0.414044629,0.211589024,0.475549502,0.120460685,0.199230077,0.434579842,0.287621983,0.200591693,0.212813278,0.191614773,0.489946876,0.245773245,0.199316962,0.17142693,0.321032995,0.347443836,0.360061362,0.373385693,0.169434094,0.144601533,0.001575583,0.017602567,0.002921628,0.00274716,0.083802996,0.02961165,0.110648523,0.187806454,0.039386162,0.045869991,0.004515948,0.103987714,0.012892005,0.002379983,0.001647179,0.009492877,0.016175884,0.008751112,0.012472566,0.006921997,0.01276835,0.004520892,0.043606066,0.00622125,0.067058003,0.017201601,0.039319388,0.004472429,0.120384468,0.003710569,0.031443954,0.010458961,0.01092207,0.009933605,0.034388238,0.11547955,0.003534159,0.01743522,0.030885804,0.001827707,0.03762444,0.008831147,0.031379043,0.027558881,0.03922079,0.016681801,0.063838347,0.007099278,0.003329004,0.005796396,0.002806982,0.001746603,0.03169209,0.069383412,0.009537095,0.015958643,0.050049186,0.109275892,0.004147239,0.117035172,0.002305017,0.000721974,0.005919803,0.025569542,0.001466124,0.000401612,0.005716227,0.000291745,0.09505163,0.084293556,0.039346102,0.086426759,0.004130066,0.03032052,0.005019434,0.003515973,0.000742685
Bacteroides_sp_D1,0.255590516,0.012908445,0.457137308,0.059781401,0.132439729,0.381211804,0.175966726,0.170001994,0.082428538,0.110703322,0.484913421,0.58362538,0.181889175,0.243638291,0.291248981,0.164531071,0.285967039,0.127853391,0.123405875,0.283371532,0.571891225,0.396012311,0.347048041,1,0.126053217,0.138657838,0.088330143,0.343880789,0.777228601,0.142179295,0.226834651,0.211476141,0.224727621,0.104907825,0.059776999,0.216698251,0.126738048,0.209665532,0.20890201,0.300004794,0.180959055,0.191126399,0.12968821,0.241532536,0.142169434,0.119966304,0.208639802,0.160197678,0.264123214,0.166803356,0.10259377,0.209365641,0.155722419,0.147933033,0.191781602,0.167841834,0.467583645,0.328534189,0.249527897,0.287357744,0.225473993,0.393710617,0.463635415,0.222164471,0.136197924,0.143635398,0.381568144,0.398348554,0.142395506,0.121609552,0.133337047,0.366565957,0.247642028,0.280708178,0.212875108,0.353947201,0.10149387,0.00384563,0.042963764,0.007131013,0.006705177,0.156849286,0.070190195,0.187565792,0.142051722,0.08234093,0.071093146,0.011022376,0.180482954,0.03146638,0.005808984,0.00402038,0.023169902,0.039481563,0.021359426,0.030442627,0.016894981,0.031164566,0.011034443,0.127407383,0.015184621,0.077840619,0.041985099,0.062748498,0.010916158,0.192463079,0.009056635,0.060082656,0.025527887,0.026658227,0.024245614,0.083933675,0.10535513,0.008626058,0.034944751,0.075385048,0.004461007,0.014277689,0.021554772,0.145711412,0.067264805,0.087665273,0.040716389,0.070856832,0.011592285,0.008125322,0.014147652,0.006851189,0.00426305,0.027965648,0.027389103,0.014361962,0.033319277,0.057395973,0.176299843,0.010122445,0.131181649,0.005626009,0.001762171,0.014448859,0.062409293,0.003578467,0.000980241,0.013951977,0.000712082,0.154568948,0.08393845,0.045662763,0.174077582,0.010080529,0.074005323,0.012251268,0.008581671,0.001812721
Bacteroides_stercoris_ATCC_43183,0.102607366,0.003239396,0.146617808,0.12002529,0.33702329,0.070488333,0.286453344,0.066606845,0.417763676,0.046118666,0.200355665,0.170055642,0.231094597,0.303526213,0.089042396,0.033173787,0.268131835,0.039671024,0.372934539,0.322143182,0.168754133,0.2686766,0.262033028,0.126053217,1,0.402533604,0.378949673,0.292133504,0.152508544,0.225907027,0.09266245,0.262791221,0.133539463,0.109646176,0.014687815,0.044575813,0.173768735,0.234467801,0.044957819,0.093533195,0.179350909,0.208665792,0.030861813,0.054138161,0.031938142,0.167086969,0.142854037,0.265907148,0.212190276,0.02541913,0.029354436,0.261891348,0.254951791,0.031550884,0.184913966,0.300269392,0.121365689,0.209396592,0.075366085,0.224568035,0.10011261,0.087199404,0.223971797,0.153810432,0.322017659,0.079987136,0.085395728,0.182042107,0.293105605,0.20662047,0.134221995,0.155327668,0.204014851,0.236956036,0.103889791,0.066380452,0.081112526,0.000965067,0.01058147,0.00178954,0.001682676,0.038598897,0.016363362,0.083882402,0.140005302,0.019260278,0.110025645,0.002766084,0.054724185,0.007896542,0.001457775,0.001008921,0.005814527,0.006431157,0.004889952,0.00763963,0.004239824,0.005595354,0.002769113,0.017926373,0.003810607,0.013571526,0.010536233,0.056270872,0.002739429,0.096713021,0.002272778,0.004134326,0.00316929,0.006422613,0.006084478,0.01820488,0.070732918,0.002164724,0.026297733,0.015081727,0.001119497,0.002888659,0.00520339,0.002671498,0.001957837,0.020160499,0.004230895,0.007257303,0.001664398,0.001561149,0.003435217,0.001719318,0.00106982,0.005963556,0.001669179,0.002370889,0.00939099,0.043332273,0.04823983,0.002540245,0.036138174,0.001411857,0.00044222,0.003625966,0.014250622,0.000898023,0.000245993,0.003501273,0.000178698,0.01770884,0.051423853,0.007430086,0.017228703,0.002529726,0.013174679,0.003074477,0.002153585,0.000454906
Bacteroides_thetaiotaomicron_VPI_5482,0.142484212,0.002116497,0.116892937,0.106254184,0.418458186,0.068652267,0.298902849,0.179662303,0.244757759,0.033120102,0.154577647,0.139174949,0.294904044,0.161026011,0.089752918,0.026997526,0.37703049,0.051061892,0.182925126,0.274269262,0.225069317,0.204239379,0.258274317,0.138657838,0.402533604,1,0.347014066,0.242241923,0.153779891,0.207818684,0.117000272,0.229666238,0.078783703,0.160982343,0.009578156,0.032270766,0.091447728,0.234742571,0.03333936,0.069294287,0.364593667,0.190674321,0.020216308,0.089765588,0.025165605,0.052090451,0.125606633,0.256142249,0.207787944,0.032287101,0.023372202,0.214184737,0.290438684,0.023447443,0.061008229,0.260973185,0.112308495,0.152694267,0.095040108,0.213635753,0.074971872,0.070616162,0.159043315,0.208571627,0.434368293,0.134680545,0.069227631,0.177003504,0.160453471,0.362986279,0.239101428,0.141624476,0.241859159,0.161676199,0.117888748,0.055626657,0.275565723,0.000630538,0.007044435,0.001169217,0.001099396,0.034242847,0.010433675,0.078237631,0.174216862,0.013052593,0.080034513,0.001807254,0.045748087,0.005159298,0.000952454,0.00065919,0.003798989,0.006473485,0.003502139,0.004991441,0.002770139,0.005109812,0.001809232,0.037576323,0.002489704,0.009924955,0.006883971,0.036765231,0.001789838,0.081692598,0.001484946,0.012583669,0.004185609,0.004370942,0.003975365,0.013005351,0.046043418,0.001414348,0.017181931,0.012360301,0.000731437,0.004416297,0.003534169,0.047893817,0.004463066,0.01644309,0.00667595,0.025547699,0.00082715,0.001332246,0.002319681,0.001123336,0.000698979,0.006517385,0.002313643,0.001289604,0.006386547,0.040760153,0.024941866,0.001659699,0.01267557,0.000922453,0.00028893,0.002369067,0.009166732,0.000586733,0.000160723,0.002287597,0.000116755,0.024784206,0.033733742,0.00947972,0.030046814,0.001652826,0.011003397,0.002008745,0.00140707,0.000297218
Bacteroides_uniformis_ATCC_8492,0.048633337,0.001262406,0.117953988,0.105313148,0.391403153,0.047509817,0.398765191,0.086985059,0.320721328,0.038083564,0.118582983,0.100839691,0.189303793,0.132653097,0.088516914,0.012942558,0.251194277,0.099094702,0.201832893,0.253406334,0.140705942,0.165986253,0.208871728,0.088330143,0.378949673,0.347014066,1,0.20606481,0.102714205,0.333661211,0.078692886,0.232553601,0.063515605,0.046457676,0.005846008,0.021107859,0.140525335,0.229976925,0.019836879,0.053239821,0.093776538,0.099373092,0.011612032,0.025441827,0.018270433,0.161697711,0.083333672,0.336250491,0.247549811,0.008286787,0.066277277,0.276182546,0.38028091,0.014155456,0.132763813,0.309903085,0.106392705,0.165698227,0.075146001,0.253465088,0.045164843,0.045409763,0.139428232,0.089077232,0.367102652,0.228818067,0.041944814,0.174662997,0.295778315,0.101899911,0.127018045,0.12149818,0.282359019,0.216017292,0.1474199,0.038922626,0.037798091,0.000376091,0.004201725,0.000697391,0.000655746,0.013300799,0.006391,0.072409758,0.157654381,0.007981547,0.047932273,0.001077955,0.033709524,0.003077316,0.000568101,0.000393181,0.002265946,0.003861176,0.001853348,0.002977196,0.001652277,0.003047799,0.001079135,0.005319337,0.00148501,0.012892849,0.004106014,0.021928995,0.001067567,0.060637787,0.000885711,0.007505657,0.002496549,0.002450458,0.002371147,0.005661313,0.027564916,0.000843602,0.010248337,0.007372427,0.000436273,0.019994161,0.001975193,0.028754479,0.006578292,0.011860429,0.003981938,0.015238184,0.000656978,0.000794632,0.001383597,0.000670025,0.000416913,0.008498208,0.016561789,0.00093319,0.003607632,0.046844379,0.026084106,0.000989944,0.035400326,0.000550206,0.000172335,0.001413054,0.005512569,0.000349963,9.59E-05,0.001364461,6.96E-05,0.020802573,0.019988708,0.009944065,0.014974822,0.000985845,0.006803135,0.001198137,0.000839261,0.000177279
Bacteroides_vulgatus_ATCC_8482,0.209004689,0.005697106,0.537904217,0.070478724,0.24536102,0.188806822,0.240877872,0.191409475,0.23948925,0.111007046,0.542842209,0.470337459,0.329759378,0.296710274,0.2303069,0.072835744,0.348083223,0.078206912,0.287310018,0.506972563,0.454816528,0.658466819,0.539818371,0.343880789,0.292133504,0.242241923,0.20606481,1,0.429618173,0.302509539,0.220177047,0.345864253,0.196225603,0.089276073,0.02638241,0.098552013,0.262245074,0.472024696,0.094848468,0.25124272,0.237474503,0.163290578,0.057237525,0.12360798,0.086906098,0.145556963,0.274942814,0.326169911,0.44892607,0.057367295,0.059972663,0.462806868,0.256160673,0.065289826,0.293416227,0.312979593,0.422383974,0.465987484,0.22503299,0.528346844,0.153574893,0.211072431,0.505102014,0.232741645,0.243287537,0.247526148,0.193246156,0.505144224,0.177402418,0.158542074,0.131346094,0.38415674,0.382667464,0.404903478,0.264027452,0.179276911,0.107087784,0.001697258,0.018961936,0.003147253,0.002959311,0.07978155,0.031898428,0.148959942,0.255572107,0.039592287,0.061922572,0.004864695,0.169598906,0.013887598,0.002563779,0.001774383,0.010225971,0.017425076,0.009426922,0.013435767,0.007456552,0.013754393,0.00487002,0.039232487,0.00670169,0.038907778,0.018530005,0.056458357,0.004817815,0.18467535,0.00399712,0.033872232,0.011266661,0.011765533,0.010700733,0.033941332,0.077796738,0.003807086,0.046249654,0.033270978,0.001968853,0.041274761,0.009513138,0.029273095,0.029687131,0.053524853,0.017970063,0.065326162,0.007233688,0.003586088,0.006244026,0.003023753,0.001881485,0.04615106,0.017432999,0.008470611,0.017191059,0.07912706,0.105941158,0.004467512,0.158023508,0.002483023,0.000777729,0.006376963,0.027544165,0.001579346,0.000432627,0.006157666,0.000314275,0.081165533,0.052106256,0.044876507,0.09273671,0.004449013,0.03266204,0.005407062,0.003787496,0.000800039
Bacteroides_xylanisolvens_XB1A,0.291346143,0.011013368,0.49271601,0.060046286,0.156164956,0.357565952,0.19048949,0.219862497,0.091981087,0.110825044,0.565919555,0.58167608,0.215219815,0.247771772,0.299119334,0.14080252,0.304118617,0.126798015,0.16604614,0.349186968,0.562049578,0.426535404,0.422033036,0.777228601,0.152508544,0.153779891,0.102714205,0.429618173,1,0.15370201,0.195548133,0.21795808,0.212366136,0.115240672,0.051001192,0.190515962,0.153565938,0.260077062,0.180379819,0.276711153,0.21689541,0.174462393,0.110648802,0.234205477,0.124339229,0.1259805,0.197084514,0.171809972,0.29726504,0.143136384,0.103951941,0.240609914,0.172428206,0.126215119,0.245623664,0.176805467,0.503201593,0.388815859,0.237338559,0.314183444,0.196863276,0.34673977,0.532620665,0.275883115,0.15836193,0.172325214,0.359381505,0.419275312,0.148868806,0.12901419,0.131117552,0.375476248,0.270939855,0.313026312,0.233462483,0.327691822,0.104001134,0.003281056,0.036656293,0.006084116,0.005720796,0.14642704,0.06166449,0.186674265,0.149978683,0.07361257,0.058674127,0.009404191,0.162826258,0.026846829,0.004956173,0.003430151,0.019768349,0.03368531,0.018223668,0.025973373,0.014414644,0.026589325,0.009414487,0.104220951,0.012955381,0.083588407,0.035821305,0.048408735,0.009313566,0.199247579,0.007727039,0.048046209,0.021780161,0.022744556,0.020686137,0.071611448,0.10000519,0.007359674,0.033326784,0.064317838,0.00380609,0.021983786,0.018390336,0.104217611,0.05738972,0.078603028,0.034738853,0.057920994,0.012653548,0.006932451,0.012070648,0.005845372,0.003637195,0.026089693,0.036337051,0.015023264,0.03323292,0.105698475,0.179566116,0.008636378,0.138901008,0.004800059,0.001503468,0.012327635,0.053247041,0.003053116,0.000836333,0.0119037,0.000607542,0.147600825,0.073718228,0.041300125,0.16632853,0.008600616,0.063140669,0.01045267,0.007321803,0.001546597
Bifidobacterium_adolescentis_L2_32,0.06203034,0.002655411,0.230747081,0.008170478,0.220386248,0.073257553,0.231385151,0.070030314,0.375213858,0.111250808,0.193112264,0.163257388,0.180315173,0.125033876,0.109593249,0.022758868,0.213061154,0.055979271,0.205002786,0.297717375,0.220860092,0.260364115,0.280635599,0.142179295,0.225907027,0.207818684,0.333661211,0.302509539,0.15370201,1,0.191118997,0.478909307,0.114455962,0.052714938,0.011322529,0.041924926,0.246878563,0.517548935,0.03377928,0.128757894,0.127909703,0.100625793,0.021153061,0.087957863,0.032052049,0.188525819,0.2431435,0.582151609,0.479127904,0.014524975,0.046574976,0.444051248,0.378560163,0.026780684,0.202573799,0.52602359,0.20518076,0.250214541,0.181730823,0.417470682,0.038680587,0.084082681,0.251385953,0.07833145,0.217243041,0.298767047,0.082947711,0.308633128,0.322672312,0.137235427,0.054784562,0.171717819,0.443562007,0.363596573,0.199440751,0.074180523,0.046363034,0.000712679,0.008593266,0.001207788,0.001353705,0.025822173,0.015024528,0.135729823,0.449014033,0.028688233,0.0132867,0.002291327,0.04509156,0.006219863,0.001201762,0.000835755,0.004607924,0.007442287,0.00250932,0.005638236,0.003264723,0.006474183,0.002182399,0.008341458,0.003079782,0.031884399,0.007418759,0.008185564,0.002215207,0.055177318,0.001680676,0.015692352,0.005262926,0.003711583,0.004382175,0.006767747,0.054331138,0.001434552,0.001453092,0.00963211,0.000870872,0.064910708,0.002768054,0.063017839,0.013982982,0.012451135,0.008464108,0.032390666,0.003601794,0.001689089,0.002909982,0.001375482,0.000882552,0.021723152,0.026972555,0.004836633,0.006232168,0.001606259,0.048048811,0.00210425,0.080427354,0.001066587,0.00036632,0.002829942,0.004075006,0.000415195,0.000203772,0.002315841,0.000148027,0.042645558,0.040670356,0.02061439,0.031557584,0.00163222,0.01301037,0.002001003,0.001783954,0.000376828
Bifidobacterium_catenulatum_DSM_16992,0.087963496,0.01375966,0.190001192,0.007201796,0.107560849,0.188906613,0.117503606,0.031614388,0.120245673,0.067316758,0.222357857,0.216148958,0.1020688,0.125792281,0.070245048,0.080467215,0.078576992,0.061552801,0.05138205,0.159477375,0.182914434,0.208685611,0.135381071,0.226834651,0.09266245,0.117000272,0.078692886,0.220177047,0.195548133,0.191118997,1,0.205020351,0.216573421,0.075442769,0.050281206,0.113799055,0.038135764,0.17901735,0.134500333,0.320094603,0.120645047,0.062875884,0.091726124,0.099355906,0.142945307,0.060327553,0.260012548,0.168241079,0.167070926,0.059044044,0.055523924,0.145163795,0.060258153,0.11550199,0.058846981,0.142963509,0.200063403,0.11391091,0.12931063,0.174980951,0.081450719,0.192521759,0.163826834,0.062689262,0.093590284,0.038301072,0.152805407,0.19926392,0.097792069,0.116756206,0.049401255,0.13763461,0.152363062,0.153456881,0.077084272,0.165599974,0.03021057,0.003739058,0.040121514,0.0046365,0.007093287,0.048379391,0.077056879,0.093450085,0.253140201,0.078157774,0.048079353,0.011988846,0.140559773,0.031032309,0.006299321,0.004372897,0.022500093,0.00930622,0.010168176,0.025333127,0.016302027,0.016475014,0.011289231,0.030173535,0.014813927,0.029390987,0.03415756,0.033497074,0.005855234,0.126048391,0.007740239,0.007475288,0.005638461,0.016061764,0.018274515,0.02519796,0.103596571,0.006440199,0.004842367,0.024837545,0.004567058,0.009085639,0.008566925,0.325505278,0.006216857,0.016880812,0.010341395,0.019707059,0.013706494,0.004821099,0.00714488,0.007076579,0.004629191,0.111608003,0.004586821,0.016712081,0.032366772,0.005405002,0.057561056,0.010918078,0.103000311,0.005589758,0.001916683,0.013139208,0.019534528,0.00185511,0.001066191,0.007984762,0.000774519,0.063377221,0.043285787,0.081686171,0.057540246,0.008397708,0.040096422,0.010401892,0.008708328,0.001971665
Bifidobacterium_longum_longum_CCUG_52486,0.131742172,0.003901627,0.305803471,0.142479658,0.163331636,0.122119009,0.147258613,0.106316368,0.32184178,0.095743879,0.258165893,0.243188833,0.177666345,0.110023899,0.120070161,0.036670614,0.189141909,0.093423138,0.163687416,0.309722316,0.261420341,0.291974658,0.238310646,0.211476141,0.262791221,0.229666238,0.232553601,0.345864253,0.21795808,0.478909307,0.205020351,1,0.147748622,0.054440133,0.017728894,0.064856694,0.117410844,0.542171026,0.052378816,0.185232531,0.166707298,0.111157713,0.032894096,0.129375341,0.047439737,0.139523145,0.363268888,0.59072556,0.553842799,0.022328,0.04662689,0.426745735,0.321861527,0.042809293,0.115241913,0.496565679,0.256433161,0.223809166,0.309084054,0.388737997,0.072683149,0.132332188,0.298981039,0.105404678,0.187396845,0.119037423,0.138411435,0.294415789,0.286935861,0.175752523,0.121544726,0.257912726,0.374380785,0.330548362,0.173828262,0.120394967,0.074548226,0.001162356,0.01258775,0.002155376,0.002026665,0.037589451,0.021438359,0.126388577,0.531059342,0.043564367,0.017598588,0.003331555,0.115890994,0.009510834,0.001755788,0.001215175,0.007003191,0.010439053,0.004651116,0.009201401,0.005106573,0.009419609,0.003335203,0.012952449,0.00458961,0.0274873,0.009612455,0.010644334,0.00329945,0.131655256,0.002737403,0.022551177,0.007715902,0.006186077,0.00664575,0.014952339,0.056818047,0.002607259,0.031673784,0.022402607,0.001348356,0.047193563,0.005028074,0.04608322,0.001161995,0.02301057,0.012306685,0.025931066,0.005237358,0.00245591,0.004276182,0.001375573,0.001288523,0.030830569,0.011553327,0.007035812,0.010065184,0.021060872,0.064582771,0.003059548,0.052367247,0.001700483,0.000532623,0.004367223,0.017298843,0.001081605,0.000296282,0.004217038,0.000215229,0.04770965,0.038049409,0.030733393,0.046451817,0.003046878,0.019917274,0.003702993,0.002593843,0.000547902
Bifidobacterium_pseudocatenulatum_DSM_20438,0.085038009,0.019289207,0.296221994,0.033692082,0.068456029,0.160523121,0.111722114,0.067898805,0.073291391,0.070791115,0.273033439,0.249062676,0.104146083,0.138354044,0.094826675,0.134586543,0.144980048,0.092119618,0.086523357,0.143399189,0.23467173,0.226334809,0.207830777,0.224727621,0.133539463,0.078783703,0.063515605,0.196225603,0.212366136,0.114455962,0.216573421,0.147748622,1,0.239391176,0.072155216,0.174510451,0.077674639,0.14184386,0.190299834,0.318270751,0.129764755,0.242492709,0.120520183,0.122795161,0.191128795,0.123204035,0.143634435,0.083969653,0.174235362,0.080803198,0.093481525,0.158649267,0.061799672,0.157572363,0.121644974,0.144384115,0.24598559,0.156428054,0.149114062,0.219648774,0.117717382,0.256146266,0.245229989,0.135847796,0.064838609,0.033072029,0.207662429,0.165053094,0.093839494,0.135279524,0.079637324,0.233584457,0.14281681,0.142027129,0.138251012,0.238072298,0.03614196,0.005275949,0.054800153,0.007738279,0.009900326,0.160870967,0.108363416,0.056276053,0.118358716,0.113629773,0.057868328,0.016526048,0.137853304,0.044422075,0.006883373,0.006027828,0.033737771,0.012579186,0.012860515,0.039026891,0.023743286,0.016339143,0.015869542,0.041637177,0.022343094,0.04755722,0.047411298,0.044166097,0.005612126,0.070928528,0.012545916,0.009317222,0.005580601,0.023352327,0.02815734,0.036663571,0.335638805,0.009501888,0.007900023,0.031999724,0.006417659,0.0058128,0.009301922,0.054595499,0.007420101,0.022745636,0.010858479,0.022055409,0.025979707,0.005992579,0.00728251,0.008836381,0.005087304,0.13274518,0.005539069,0.032069331,0.033600243,0.006975491,0.1835648,0.006852959,0.123461708,0.007249885,0.002642055,0.020862154,0.02708187,0.003126497,0.001469693,0.01100298,0.001067637,0.077306171,0.277925662,0.109047333,0.076414457,0.011807722,0.052013557,0.011380742,0.012866653,0.002717846
Blautia_hansenii_VPI_C7_24_DSM_20583,0.16712016,0.012119103,0.095341567,0.009740713,0.106763962,0.078314557,0.101659022,0.258411617,0.027002138,0.052053463,0.121148997,0.115269433,0.033990929,0.073224984,0.044368714,0.110829757,0.156247631,0.03879573,0.024130135,0.072899697,0.171186429,0.094159728,0.180793515,0.104907825,0.109646176,0.160982343,0.046457676,0.089276073,0.115240672,0.052714938,0.075442769,0.054440133,0.239391176,1,0.056488756,0.073527015,0.019600847,0.067111659,0.105297718,0.118056873,0.324012519,0.200132497,0.084172956,0.136532923,0.092710617,0.033333556,0.078490731,0.022779071,0.059706106,0.106519871,0.042578701,0.068838868,0.121380015,0.087389096,0.021538686,0.088528162,0.08456437,0.031050916,0.037509511,0.098010695,0.058043797,0.120722721,0.096172491,0.310927319,0.02060516,0.018183066,0.095108824,0.058870852,0.0312452,0.39301857,0.030583392,0.06121782,0.079701892,0.036198459,0.128268872,0.07412343,0.272257288,0.003669506,0.038614741,0.006466852,0.006398091,0.163693603,0.051161715,0.02388057,0.063283188,0.056355671,0.036695525,0.01051757,0.053197925,0.030025271,0.005542942,0.003836253,0.022108758,0.016242031,0.018504149,0.028923401,0.016121218,0.012359976,0.010529084,0.067588361,0.01448919,0.035225248,0.030183239,0.02946714,0.005188238,0.018497489,0.008641856,0.008544206,0.005126839,0.025437323,0.023135204,0.044922833,0.26375726,0.007721111,0.007038265,0.030620954,0.0042567,0.003608003,0.015172228,0.008348286,0.005045772,0.014440627,0.009051219,0.018689615,0.008389494,0.007753195,0.00615376,0.005946214,0.004067809,0.022033424,0.007573057,0.011035836,0.037167422,0.006562476,0.021827701,0.00364184,0.019348844,0.005368347,0.001681467,0.013787125,0.023654026,0.003414579,0.000935348,0.011302794,0.00067947,0.058398738,0.191445823,0.023126017,0.10014781,0.009618857,0.049067363,0.011623717,0.008188644,0.001729702
Bryantella_formatexigens_I_52_DSM_14469,0.039519449,0.188825102,0.04434383,0.012568868,0.010178377,0.120283001,0.013189227,0.034071402,0.013793263,0.080951492,0.046575819,0.055109235,0.020184947,0.042179558,0.049298703,0.325465231,0.018343494,0.042955664,0.021966745,0.022435525,0.036282241,0.034047688,0.024491072,0.059776999,0.014687815,0.009578156,0.005846008,0.02638241,0.051001192,0.011322529,0.050281206,0.017728894,0.072155216,0.056488756,1,0.24959208,0.024436833,0.018180713,0.274765538,0.068967084,0.024013687,0.03496249,0.458945948,0.072211315,0.299899281,0.026954362,0.045811201,0.012328929,0.017517869,0.257239038,0.065961264,0.016396495,0.010504366,0.404081479,0.030655686,0.012796794,0.050210468,0.033822024,0.050666147,0.021091693,0.109538512,0.114256635,0.037465883,0.039577281,0.00957981,0.017857753,0.107849167,0.031321278,0.013846391,0.022419825,0.025235691,0.046175252,0.017986629,0.0216828,0.031369335,0.139617865,0.025919561,0.064332936,0.49456671,0.119293602,0.112169849,0.114647926,0.42685313,0.03577728,0.01355892,0.251320548,0.082752618,0.184391599,0.135841037,0.524678871,0.088901994,0.067256297,0.387605633,0.155042916,0.163877947,0.484918136,0.282633469,0.138882983,0.184593463,0.080482391,0.254021135,0.155818933,0.387510751,0.12226965,0.0713152,0.037342228,0.149933733,0.068638912,0.058520206,0.306750673,0.379261028,0.237523267,0.147727562,0.144303967,0.045778508,0.221518854,0.074627479,0.008165066,0.128496585,0.020048323,0.029058331,0.075740505,0.098441565,0.08846796,0.090550768,0.123318659,0.084128552,0.067680079,0.069344285,0.12418389,0.036895911,0.106182921,0.159209522,0.01987926,0.066593316,0.028885824,0.044204905,0.094116611,0.029479085,0.211453729,0.15161779,0.059863614,0.016398298,0.167095593,0.011912303,0.133917211,0.103240167,0.133707881,0.199012241,0.168635579,0.350445007,0.181298374,0.143561417,0.030324732
Butyrivibrio_crossotus_DSM_2876,0.099760484,0.057808109,0.165647256,0.032326203,0.037696454,0.283035717,0.044729329,0.092489132,0.037527244,0.162789202,0.173984895,0.200002202,0.065338135,0.126209266,0.110634779,0.397527687,0.065761966,0.142964761,0.057381977,0.083537933,0.130512419,0.122812983,0.091486884,0.216698251,0.044575813,0.032270766,0.021107859,0.098552013,0.190515962,0.041924926,0.113799055,0.064856694,0.174510451,0.073527015,0.24959208,1,0.064171177,0.067032312,0.375040502,0.220281208,0.057283774,0.091721508,0.409885036,0.214255499,0.314788209,0.08670539,0.150102101,0.047056905,0.068974483,0.199595718,0.138156696,0.061842064,0.039239267,0.442802527,0.088238826,0.047485574,0.187562197,0.118063808,0.16637645,0.077853218,0.237488631,0.354138187,0.13725113,0.113755246,0.031464809,0.050826978,0.380491802,0.117001253,0.044133577,0.053764305,0.07779418,0.172488568,0.06718941,0.080996527,0.105438478,0.508244617,0.046441235,0.01722195,0.180927233,0.03193494,0.030027909,0.090904157,0.270106957,0.071236663,0.034530603,0.280577769,0.093360272,0.046575695,0.184406055,0.140916431,0.026014475,0.018004535,0.103762168,0.098119202,0.079589642,0.134144457,0.075661082,0.113183195,0.049415737,0.076019998,0.066431158,0.149034055,0.122061468,0.083521192,0.048886016,0.077038625,0.040558486,0.071158305,0.06962366,0.09828987,0.093338973,0.165916688,0.115094534,0.038630224,0.038009652,0.182475926,0.019977803,0.041864401,0.086020457,0.040643311,0.033336707,0.083008551,0.084124192,0.085444619,0.061940174,0.036387769,0.063357673,0.030681795,0.019091289,0.088739976,0.050315288,0.073419561,0.077556409,0.021084615,0.275083454,0.045331519,0.11426364,0.025195051,0.007891562,0.064706575,0.107451964,0.016025511,0.00438983,0.05978101,0.003188928,0.242949948,0.090080972,0.143706729,0.272545025,0.045143805,0.276133818,0.054865063,0.038431443,0.008117942
Catenibacterium_mitsuokai_DSM_15897,0.048255056,0.006445457,0.230729108,0.023600984,0.1479357,0.060683172,0.149741683,0.060208378,0.166319515,0.28194623,0.167510379,0.167139766,0.264578628,0.156165103,0.124129499,0.032884578,0.181650176,0.036688263,0.443746712,0.238604038,0.133958583,0.235125057,0.191932845,0.126738048,0.173768735,0.091447728,0.140525335,0.262245074,0.153565938,0.246878563,0.038135764,0.117410844,0.077674639,0.019600847,0.024436833,0.064171177,1,0.16499804,0.040530304,0.07190192,0.049738975,0.099050794,0.035751726,0.049752455,0.031317143,0.15872239,0.049383917,0.139086357,0.262567597,0.023679651,0.02759541,0.246227896,0.27177909,0.036741603,0.310565494,0.249948145,0.200725912,0.20729143,0.112936016,0.324875252,0.026553834,0.067732386,0.21498481,0.174510647,0.233508301,0.366418086,0.076882546,0.22546011,0.151282879,0.045483833,0.037560426,0.186794595,0.346922564,0.281266697,0.160221977,0.092428826,0.074896721,0.001705266,0.01922587,0.004128762,0.003882208,0.011237876,0.025270973,0.116161014,0.10180405,0.025839339,0.01810733,0.004993524,0.025363455,0.016579217,0.001875038,0.002327746,0.013034647,0.004624739,0.004575487,0.015946054,0.009179297,0.007033479,0.006348973,0.010062489,0.008352499,0.011397081,0.015273945,0.016431226,0.001494981,0.163051548,0.005243672,0.00338712,0.001488324,0.007948057,0.010935206,0.013245084,0.017427478,0.004994373,0.004797855,0.023492212,0.001839704,0.180789424,0.003195137,0.001671641,0.038945428,0.031969534,0.00364097,0.004927975,0.001988279,0.00248196,0.001992005,0.003966747,0.001180452,0.01004304,0.002640676,0.002421105,0.004596462,0.005155096,0.114558492,0.005860761,0.148637892,0.002248728,0.000888612,0.006681,0.005128351,0.001545062,0.000567547,0.003958295,0.000412286,0.026604648,0.00966886,0.0077751,0.020581074,0.004118306,0.014892224,0.004122825,0.003201634,0.001049542
Clostridiales_sp_SS3_4,0.11735763,0.003926004,0.326860915,0.037881926,0.212069437,0.117183552,0.191570713,0.174823308,0.255577268,0.05872668,0.339698103,0.270296647,0.259884089,0.203533509,0.134395695,0.037594449,0.308058418,0.09599383,0.213834979,0.472629779,0.291975233,0.393038637,0.447879089,0.209665532,0.234467801,0.234742571,0.229976925,0.472024696,0.260077062,0.517548935,0.17901735,0.542171026,0.14184386,0.067111659,0.018180713,0.067032312,0.16499804,1,0.054657785,0.20349242,0.211143022,0.091055541,0.034160658,0.134450409,0.048860589,0.12641456,0.344598569,0.549113159,0.480633028,0.023921148,0.073065435,0.498148943,0.332545124,0.044209635,0.192114306,0.465485564,0.300021096,0.298098292,0.250227944,0.417750473,0.057408113,0.131753581,0.372727676,0.142155091,0.160990591,0.179374373,0.139346139,0.4334932,0.233069721,0.180768422,0.083410068,0.203966341,0.413398832,0.351864328,0.186080051,0.12217932,0.105540648,0.001169619,0.013067098,0.002168843,0.002039328,0.038868917,0.021070559,0.143769859,0.500770718,0.043836554,0.017218801,0.003352371,0.084106701,0.009570257,0.001766758,0.001222767,0.007046947,0.011545663,0.004685032,0.00925889,0.005138478,0.009478463,0.003356041,0.014183387,0.004618285,0.047369447,0.009221385,0.010374957,0.003320065,0.113346924,0.002754506,0.023342119,0.00776411,0.006540102,0.007374116,0.015376404,0.071869148,0.002623549,0.004520255,0.022547528,0.001356781,0.027014952,0.005064355,0.022252114,0.015683012,0.020455174,0.012383576,0.046025004,0.005270081,0.002471254,0.004302899,0.002083736,0.001296574,0.031803736,0.040779443,0.007079771,0.0101329,0.060533198,0.078228845,0.003078664,0.113986962,0.001711107,0.000535951,0.004394509,0.016873277,0.001088363,0.000298133,0.004243386,0.000216574,0.063310893,0.05210394,0.030925413,0.046916378,0.003065915,0.019919816,0.003726129,0.002610049,0.000551325
Clostridium_asparagiforme_DSM_15981,0.119475154,0.059333787,0.137455196,0.024907236,0.036497402,0.386309164,0.045804356,0.052536973,0.028657475,0.126968973,0.167370388,0.189516098,0.061017708,0.135266928,0.14948306,0.347917823,0.063986169,0.086833843,0.041491413,0.076640448,0.123781454,0.116492954,0.089134438,0.20890201,0.044957819,0.03333936,0.019836879,0.094848468,0.180379819,0.03377928,0.134500333,0.052378816,0.190299834,0.105297718,0.274765538,0.375040502,0.040530304,0.054657785,1,0.223145344,0.084168991,0.112007439,0.522169582,0.208096483,0.437397397,0.058029342,0.147496702,0.031869491,0.054847714,0.265473708,0.094766458,0.058039052,0.031523745,0.529069869,0.043726984,0.038751263,0.127455987,0.081646326,0.105843748,0.066196449,0.285433209,0.400694709,0.113622008,0.086202159,0.02882524,0.029454635,0.337732303,0.098006095,0.047456124,0.073073472,0.068418139,0.165204969,0.056841135,0.062321444,0.09451602,0.343599288,0.080280951,0.017676474,0.190378225,0.032777771,0.030820409,0.200568786,0.277023601,0.099684027,0.044762999,0.264217892,0.137564729,0.050664457,0.173502424,0.144635512,0.026701051,0.018479713,0.10650067,0.084554813,0.073231483,0.139929822,0.077657937,0.065601062,0.050719922,0.141618141,0.069796254,0.177481727,0.192984903,0.174749372,0.031529424,0.079686988,0.04162891,0.03899819,0.029622532,0.103078362,0.111445191,0.188715275,0.198284615,0.039649757,0.02882308,0.187758913,0.020505059,0.011443865,0.061757678,0.077186294,0.030503163,0.071073598,0.045684917,0.076390143,0.079646856,0.037348119,0.035826798,0.031491553,0.019595148,0.087543506,0.033019715,0.098760704,0.082759333,0.020295168,0.08843934,0.022196024,0.058460715,0.025860001,0.008099837,0.066414318,0.116731914,0.016448458,0.004505687,0.061372748,0.00327309,0.152287982,0.155929548,0.104871061,0.203598762,0.046335246,0.214301349,0.056313068,0.03944573,0.008332191
Clostridium_bartlettii_DSM_16795,0.191611412,0.018499674,0.341131453,0.044807329,0.077192959,0.18515486,0.0879686,0.100150471,0.091244871,0.088852383,0.33934334,0.315004162,0.133700282,0.180084512,0.161864359,0.14699486,0.112372357,0.118195845,0.051353177,0.197877803,0.202208668,0.281726774,0.207563415,0.300004794,0.093533195,0.069294287,0.053239821,0.25124272,0.276711153,0.128757894,0.320094603,0.185232531,0.318270751,0.118056873,0.068967084,0.220281208,0.07190192,0.20349242,0.223145344,1,0.1423644,0.122925247,0.129740015,0.208997541,0.225251866,0.098896117,0.297253659,0.127017322,0.177891024,0.081856815,0.097495564,0.193586885,0.075190471,0.167729568,0.099232285,0.123870186,0.305768378,0.154130552,0.180056176,0.222628704,0.139910145,0.358947657,0.266362229,0.132709643,0.063545482,0.055290233,0.35919779,0.218135924,0.086624638,0.123901781,0.08597479,0.25514867,0.128591952,0.161118828,0.153824569,0.292926746,0.069667584,0.005511345,0.054440533,0.010219777,0.009609491,0.129931596,0.079024147,0.139196315,0.136290098,0.172552004,0.065545402,0.015796664,0.18596586,0.042976789,0.008325117,0.005761787,0.032521353,0.022733725,0.021319444,0.042182955,0.024212958,0.026523133,0.015813958,0.050225879,0.020349439,0.068902254,0.058479919,0.067491792,0.01307693,0.064091903,0.012857265,0.016858016,0.012823807,0.027416491,0.027830146,0.057632406,0.198046739,0.012362393,0.019266763,0.041060383,0.00639327,0.01576255,0.020622747,0.034432749,0.053981056,0.078159171,0.017411249,0.028878039,0.024833082,0.005498686,0.014504662,0.009818747,0.006109569,0.148891118,0.005285313,0.033360501,0.04707101,0.011384607,0.201300719,0.014506932,0.247704237,0.008062886,0.002525447,0.020354549,0.036992701,0.005128463,0.001404828,0.019086083,0.001020516,0.091288835,0.120543692,0.116850668,0.076670426,0.01444686,0.059128956,0.01660017,0.012298779,0.002597893
Clostridium_bolteae_ATCC_BAA_613,0.307549947,0.005189772,0.158832725,0.025824511,0.151844665,0.099653795,0.128431647,0.212115,0.074429002,0.039850317,0.212874036,0.202702962,0.268954205,0.119804361,0.231129501,0.056198389,0.260839188,0.041958021,0.073436019,0.229902197,0.248114779,0.196224975,0.26489711,0.180959055,0.179350909,0.364593667,0.093776538,0.237474503,0.21689541,0.127909703,0.120645047,0.166707298,0.129764755,0.324012519,0.024013687,0.057283774,0.049738975,0.211143022,0.084168991,0.1423644,1,0.353564337,0.04936938,0.24619705,0.055005069,0.034273286,0.224421507,0.121927402,0.142561755,0.080341133,0.030937541,0.161780462,0.159974345,0.05428352,0.077688851,0.108235709,0.127750829,0.117057592,0.092833125,0.154990838,0.096567655,0.133816504,0.213251546,0.250732333,0.196599764,0.060541127,0.150333701,0.173897834,0.094949151,0.684405908,0.268273583,0.116756067,0.138313247,0.099249832,0.173376793,0.092771334,0.585140189,0.001546115,0.015926802,0.002866986,0.002695781,0.083965403,0.025327945,0.124511271,0.173317336,0.053346637,0.051849326,0.004431488,0.05510809,0.012650892,0.002335471,0.001616372,0.009315336,0.013098369,0.008587444,0.012239297,0.006792538,0.011770639,0.00443634,0.092139278,0.006104897,0.037954806,0.016879887,0.048600128,0.004388783,0.049104601,0.003641172,0.009319859,0.00787058,0.010717799,0.009747821,0.033745091,0.113319788,0.003468061,0.008528039,0.026999896,0.001793524,0.001713349,0.008665982,0.019160229,0.027043459,0.029598357,0.009549552,0.015025864,0.006966503,0.003266743,0.005687989,0.002754484,0.001713937,0.009365489,0.007766669,0.009358727,0.015660176,0.059816396,0.018802062,0.0014989,0.026287576,0.002261907,0.000708472,0.005809087,0.025091326,0.001438704,0.000394101,0.005609319,0.000286289,0.037733194,0.082717051,0.016187393,0.056316551,0.004052823,0.027841019,0.004925557,0.003450215,0.000728795
Clostridium_leptum_DSM_753,0.192853973,0.007993826,0.164072753,0.019144865,0.087699647,0.128751061,0.165706693,0.034360058,0.063780897,0.058243813,0.155838126,0.191814706,0.298364256,0.141515008,0.169657394,0.057838731,0.226235476,0.058949783,0.088651584,0.112727901,0.220619586,0.159544405,0.165870136,0.191126399,0.208665792,0.190674321,0.099373092,0.163290578,0.174462393,0.100625793,0.062875884,0.111157713,0.242492709,0.200132497,0.03496249,0.091721508,0.099050794,0.091055541,0.112007439,0.122925247,0.353564337,1,0.070300702,0.199305812,0.06659868,0.101320165,0.116073089,0.077186698,0.147376222,0.08983976,0.04452389,0.136630809,0.053319676,0.082752028,0.114260378,0.152756436,0.116949229,0.114899026,0.062648376,0.163025388,0.18595349,0.165863969,0.190132615,0.093496907,0.18135338,0.052923225,0.153136787,0.135758013,0.116060798,0.376656134,0.303103276,0.155209122,0.127547313,0.123609955,0.158201682,0.131268923,0.277460632,0.002381487,0.02352979,0.00441603,0.004152322,0.091781828,0.037223724,0.129702628,0.077418158,0.042690071,0.112015215,0.006825838,0.065984765,0.018935474,0.003597336,0.002489705,0.014101668,0.013564787,0.006835985,0.017954142,0.010037931,0.010260706,0.006778795,0.114155028,0.00939032,0.035974769,0.026000156,0.117672167,0.00676006,0.056433479,0.005521866,0.008829902,0.007088307,0.011365866,0.014153785,0.040475983,0.138795515,0.005341868,0.016644528,0.024014491,0.002762572,0.007985984,0.008333877,0.013728523,0.037394823,0.049194196,0.009657597,0.017597779,0.0045919,0.005031776,0.00777403,0.004242743,0.002639983,0.012653595,0.010410686,0.006321769,0.007035883,0.007927965,0.070214644,0.006268537,0.049241318,0.003454673,0.001091262,0.00894776,0.01434881,0.001513304,0.000607035,0.007169516,0.000440972,0.033584781,0.122032541,0.017602779,0.040538702,0.005136059,0.03182595,0.006232923,0.00531438,0.001122566
Clostridium_methylpentosum_R2_DSM_5476,0.088052133,0.09953445,0.090976133,0.019036358,0.021541362,0.239789662,0.028482747,0.050773642,0.026554655,0.137359646,0.101047807,0.116905448,0.041248023,0.08826162,0.097062733,0.461950487,0.038826181,0.078014458,0.037544586,0.045684283,0.075596799,0.070887772,0.053134205,0.12968821,0.030861813,0.020216308,0.011612032,0.057237525,0.110648802,0.021153061,0.091726124,0.032894096,0.120520183,0.084172956,0.458945948,0.409885036,0.035751726,0.034160658,0.522169582,0.129740015,0.04936938,0.070300702,1,0.156664878,0.44806718,0.052128669,0.097671526,0.022684964,0.03310033,0.336177804,0.096621994,0.032601667,0.019465865,0.581154188,0.042302626,0.023984448,0.098240574,0.061230517,0.0838895,0.042449094,0.220119099,0.246056801,0.072788153,0.071770755,0.019602433,0.02947188,0.233982397,0.067952566,0.026244637,0.0480644,0.05474968,0.098768978,0.036321117,0.046227524,0.064927093,0.276996308,0.049618499,0.029652887,0.317435471,0.054985827,0.051702286,0.173527161,0.429509375,0.052826305,0.026348282,0.351977391,0.114299431,0.084991353,0.174662861,0.242631,0.044791923,0.031000348,0.178658503,0.132730834,0.110555895,0.234737043,0.130273836,0.087740447,0.085084397,0.136162483,0.117085594,0.200862161,0.281793423,0.139691828,0.050561244,0.056513217,0.069833914,0.05536695,0.04565624,0.165307828,0.186953105,0.31888623,0.155484446,0.066513819,0.051149662,0.221302808,0.034397936,0.014410609,0.094430145,0.033643792,0.029553164,0.095103151,0.06945789,0.097398973,0.083405458,0.058550786,0.057319593,0.04828937,0.032871528,0.11377629,0.028623859,0.101918687,0.12680341,0.020133054,0.09290025,0.038842384,0.059057603,0.043381033,0.013587752,0.111412281,0.160731563,0.027592849,0.007558444,0.100945005,0.005490721,0.158238169,0.104587777,0.127078632,0.230512657,0.077728953,0.280469293,0.09446709,0.066171556,0.013977535
Clostridium_nexile_DSM_1787,0.434246428,0.015593552,0.190251939,0.024244361,0.070466615,0.205378979,0.058591959,0.122302838,0.040945845,0.097378014,0.190349285,0.203141076,0.136409219,0.155214429,0.268881086,0.179371691,0.164119904,0.099879417,0.054859584,0.102745037,0.218675619,0.12818381,0.152229976,0.241532536,0.054138161,0.089765588,0.025441827,0.12360798,0.234205477,0.087957863,0.099355906,0.129375341,0.122795161,0.136532923,0.072211315,0.214255499,0.049752455,0.134450409,0.208096483,0.208997541,0.24619705,0.199305812,0.156664878,1,0.174225956,0.068739992,0.308042466,0.095117625,0.137508386,0.240314123,0.082744632,0.08617455,0.101546725,0.160189536,0.061585191,0.096541429,0.200324315,0.10567185,0.264944407,0.09824802,0.165768931,0.28214763,0.181967103,0.165160343,0.078879944,0.046761031,0.397275761,0.155131129,0.102049248,0.246358054,0.158003575,0.178061831,0.146027531,0.089595609,0.199191551,0.275338018,0.306352103,0.004645566,0.051900731,0.008614348,0.008099932,0.138329304,0.087309213,0.230927693,0.110472136,0.174112818,0.069945728,0.01331516,0.117806718,0.038011756,0.007017321,0.004856666,0.027989513,0.02704094,0.025802437,0.03677505,0.020409335,0.023186361,0.013329737,0.263274651,0.0183432,0.105030721,0.050718492,0.058953285,0.011796776,0.056478618,0.010940522,0.015540332,0.011604644,0.03220345,0.029288985,0.09635908,0.065252026,0.010420379,0.01656314,0.058122572,0.005388948,0.011748779,0.024483397,0.023724846,0.018438576,0.039908165,0.016477522,0.030695041,0.020932043,0.009815484,0.0130056,0.008276316,0.005149814,0.042066708,0.018942508,0.028119886,0.033965794,0.016922994,0.089459003,0.012228032,0.060242255,0.006796284,0.002128724,0.017454391,0.047825489,0.00432283,0.001184143,0.016854152,0.000860203,0.117042559,0.044668294,0.050645469,0.155667849,0.012177397,0.080855161,0.014799675,0.010366759,0.002189789
Clostridium_scindens_ATCC_35704,0.090142465,0.065554728,0.127067961,0.01715459,0.031652121,0.222156644,0.035559755,0.050715768,0.035562403,0.106885701,0.153425058,0.147479115,0.06381634,0.133831825,0.099074636,0.360636564,0.041058536,0.075481061,0.034305922,0.052266284,0.084446782,0.110567212,0.080675857,0.142169434,0.031938142,0.025165605,0.018270433,0.086906098,0.124339229,0.032052049,0.142945307,0.047439737,0.191128795,0.092710617,0.299899281,0.314788209,0.031317143,0.048860589,0.437397397,0.225251866,0.055005069,0.06659868,0.44806718,0.174225956,1,0.047425832,0.142001676,0.033949546,0.046608678,0.255410117,0.097095929,0.051761235,0.021431239,0.375791087,0.038253305,0.033339961,0.148119378,0.058063676,0.071903479,0.058159149,0.200442589,0.285799576,0.066346043,0.070885468,0.030629551,0.033803132,0.274404442,0.086605026,0.02729454,0.049932815,0.058397685,0.124802618,0.03998163,0.064148958,0.097822306,0.273534276,0.056601301,0.01952979,0.210133453,0.036214405,0.034051821,0.139053409,0.286133778,0.067465524,0.042712851,0.247198314,0.127845651,0.055976448,0.266971539,0.159800041,0.029500563,0.020417246,0.117666894,0.077726944,0.100850835,0.154600975,0.085800101,0.058714298,0.056037729,0.104982985,0.077114147,0.128429912,0.213218696,0.166414753,0.033934944,0.046430888,0.045993555,0.041420452,0.031683985,0.135382134,0.122112947,0.212514796,0.146677936,0.043806896,0.031112391,0.153707941,0.022654943,0.011888879,0.086217653,0.029766285,0.027847345,0.065234454,0.049099718,0.080686878,0.046949873,0.041263938,0.038639438,0.034793332,0.021649631,0.348888169,0.031421548,0.059867765,0.154058272,0.018305449,0.076333909,0.024401713,0.158033996,0.028571332,0.008949076,0.069162416,0.12662086,0.018173022,0.004978093,0.066912198,0.003616262,0.220140531,0.091081541,0.379777957,0.237442772,0.051193334,0.254103793,0.062217297,0.043581477,0.009205792
Clostridium_sp_L2_50,0.046518418,0.005973034,0.167584288,0.192728358,0.151814644,0.064332345,0.101819773,0.159979699,0.163554578,0.04733065,0.137995776,0.128776966,0.089538841,0.145661242,0.04958421,0.057446384,0.080451754,0.224089384,0.167532247,0.110300621,0.098071248,0.130436665,0.146237952,0.119966304,0.167086969,0.052090451,0.161697711,0.145556963,0.1259805,0.188525819,0.060327553,0.139523145,0.123204035,0.033333556,0.026954362,0.08670539,0.15872239,0.12641456,0.058029342,0.098896117,0.034273286,0.101320165,0.052128669,0.068739992,0.047425832,1,0.063257308,0.145032081,0.179603528,0.038903457,0.051953644,0.176691123,0.188184554,0.055863,0.34798307,0.198144184,0.183911323,0.15710567,0.107184237,0.24877074,0.053250861,0.081685748,0.194644541,0.126487674,0.207436237,0.14969517,0.094863495,0.218993655,0.250830839,0.033538916,0.181917036,0.197813609,0.150245246,0.174424322,0.116179812,0.099039388,0.026009224,0.001779461,0.019871995,0.003299684,0.00310264,0.024645657,0.030344338,0.070649754,0.034458577,0.036332158,0.023683136,0.004721423,0.036311395,0.014560218,0.002687951,0.001860322,0.010721247,0.013274994,0.009883498,0.014086504,0.007817696,0.011750161,0.005105891,0.021480429,0.007026274,0.022572229,0.013170042,0.014579004,0.005051157,0.066673468,0.004190714,0.008943703,0.007271063,0.012335375,0.011219003,0.024482444,0.027171709,0.003991476,0.004803431,0.020703525,0.00206421,0.003890548,0.009973889,0.006730417,0.003136875,0.01010053,0.009201077,0.01276842,0.005459579,0.003759773,0.006546444,0.003170203,0.001972611,0.011164136,0.005444425,0.00675612,0.011208932,0.005368409,0.093509672,0.003946377,0.110112189,0.002603284,0.000815397,0.00668582,0.013278219,0.001655839,0.00045358,0.006455901,0.000329497,0.036747884,0.019025762,0.017161172,0.037168136,0.004664493,0.027502557,0.005668944,0.003970937,0.000838788
Clostridium_sp_M62_1,0.158339839,0.009892624,0.262325959,0.025132855,0.071164286,0.201296434,0.066839719,0.053277822,0.12977668,0.087780182,0.265652019,0.278231342,0.107106432,0.15564818,0.162908969,0.087375785,0.1220196,0.087357286,0.057039864,0.27537196,0.214268834,0.270682554,0.177425505,0.208639802,0.142854037,0.125606633,0.083333672,0.274942814,0.197084514,0.2431435,0.260012548,0.363268888,0.143634435,0.078490731,0.045811201,0.150102101,0.049383917,0.344598569,0.147496702,0.297253659,0.224421507,0.116073089,0.097671526,0.308042466,0.142001676,0.063257308,1,0.252357021,0.218301802,0.062786389,0.063985565,0.189455668,0.130967283,0.100517659,0.058286067,0.181147977,0.24329443,0.112021446,0.268557481,0.188204965,0.160092159,0.295628645,0.232714054,0.088131096,0.052925235,0.091368335,0.305258501,0.246118202,0.14731342,0.229917013,0.08739351,0.204352608,0.163246248,0.117575964,0.15051376,0.233958497,0.130394509,0.002947169,0.032926069,0.005464983,0.005138635,0.059769723,0.055389378,0.203689458,0.328871427,0.110457997,0.071177245,0.008447201,0.166361778,0.024114838,0.004451822,0.003081092,0.017756679,0.020876613,0.012063499,0.023330266,0.012947779,0.018386756,0.008456448,0.038328314,0.011637013,0.058343536,0.032176051,0.063788839,0.008365798,0.051316022,0.006940719,0.013570808,0.010977352,0.016732708,0.018581071,0.046911217,0.093486127,0.006610738,0.022449591,0.036548486,0.003418774,0.011509769,0.013023342,0.012974727,0.010855974,0.036868214,0.014120496,0.023795555,0.013279388,0.00622699,0.010842313,0.005250534,0.003267066,0.079765992,0.011884742,0.017839389,0.025761521,0.013931083,0.070135923,0.007757522,0.091512395,0.004311595,0.001350472,0.011073149,0.029370252,0.002742424,0.000751226,0.010692354,0.000545717,0.069367801,0.048368155,0.072797606,0.063478831,0.007725398,0.047456474,0.009388984,0.006576721,0.001389212
Clostridium_sp_SS2_1,0.096802552,0.002752472,0.237898771,0.096500293,0.231584438,0.091803173,0.176715321,0.122565763,0.372521822,0.04557122,0.203449102,0.184081901,0.194172182,0.15972572,0.111749986,0.024851387,0.261555616,0.165408512,0.177046122,0.417805708,0.22905816,0.285632271,0.308538066,0.160197678,0.265907148,0.256142249,0.336250491,0.326169911,0.171809972,0.582151609,0.168241079,0.59072556,0.083969653,0.022779071,0.012328929,0.047056905,0.139086357,0.549113159,0.031869491,0.127017322,0.121927402,0.077186698,0.022684964,0.095117625,0.033949546,0.145032081,0.252357021,1,0.456382278,0.014245582,0.122649525,0.499260864,0.403382246,0.028326129,0.149429732,0.552697254,0.210590627,0.261778853,0.20577988,0.375770444,0.051677757,0.08264154,0.248563443,0.091594691,0.218138785,0.130852873,0.098169698,0.317008773,0.359669005,0.137880699,0.168833341,0.246618911,0.393059501,0.416826424,0.267839732,0.086608214,0.075910893,0.000827325,0.009190066,0.001534123,0.001442511,0.007909806,0.014319889,0.121246135,0.414116521,0.030133636,0.012071087,0.001999648,0.079769151,0.006769486,0.00124971,0.00086492,0.004984632,0.007662322,0.003413905,0.006549242,0.003634684,0.006704556,0.002373883,0.006363024,0.003266727,0.032908078,0.005947158,0.0068953,0.002348436,0.125786871,0.00194839,0.016510962,0.005491915,0.004726588,0.004919823,0.011295965,0.020014272,0.001855758,0.022544316,0.016050203,0.000959714,0.01023935,0.003682074,0.057213869,0.014470942,0.02600469,0.008759477,0.031969793,0.003727773,0.001748032,0.00304364,0.001473923,0.000917127,0.022496257,0.036432661,0.00500785,0.006912899,0.009424132,0.056555486,0.002177681,0.074644577,0.001210345,0.000379103,0.002956851,0.011455434,0.00076985,0.000210883,0.003001544,0.000153193,0.044968322,0.006683036,0.021874978,0.032785468,0.002168664,0.013612728,0.002635663,0.001831384,0.000389978
Collinsella_aerofaciens_ATCC_25986,0.154526318,0.004174469,0.408371354,0.115900085,0.204413163,0.14390764,0.249297138,0.137728719,0.237521296,0.108003551,0.311351399,0.263557073,0.264764802,0.139467448,0.221423388,0.035903471,0.277802018,0.092881225,0.225336021,0.334081377,0.391219049,0.345473057,0.347781227,0.264123214,0.212190276,0.207787944,0.247549811,0.44892607,0.29726504,0.479127904,0.167070926,0.553842799,0.174235362,0.059706106,0.017517869,0.068974483,0.262567597,0.480633028,0.054847714,0.177891024,0.142561755,0.147376222,0.03310033,0.137508386,0.046608678,0.179603528,0.218301802,0.456382278,1,0.022318762,0.0585014,0.549709975,0.39312702,0.044203206,0.263165081,0.571815993,0.338488034,0.38179682,0.341522729,0.572880218,0.076091849,0.130081023,0.413770373,0.161094373,0.280508098,0.258974236,0.143040087,0.378866503,0.284841397,0.110083906,0.123122095,0.323058298,0.572278044,0.462866273,0.28676252,0.128083989,0.073598973,0.001148635,0.012761748,0.002308765,0.002147055,0.036478494,0.021766862,0.202444799,0.373995018,0.044020642,0.018173225,0.003568648,0.122506716,0.00972957,0.00188074,0.001301654,0.007328762,0.01004202,0.003942697,0.008821094,0.004979348,0.010089962,0.003437593,0.011596351,0.004780657,0.040218712,0.010746725,0.011889234,0.003488803,0.155973243,0.002780551,0.024424503,0.008235588,0.004826978,0.006141207,0.015030192,0.062678045,0.002758358,0.033759142,0.022936218,0.001395036,0.059518883,0.004345782,0.073042025,0.021777917,0.039264818,0.0131723,0.042109613,0.005610078,0.002630686,0.004570955,0.002180961,0.001380222,0.033117581,0.024065215,0.00753652,0.003142393,0.036821069,0.086297111,0.003277283,0.12436122,0.00169981,0.000521576,0.004621727,0.017577644,0.000685219,0.000317367,0.003511961,0.000230546,0.062999739,0.05843259,0.032437535,0.048896836,0.002580214,0.020202542,0.003154304,0.002449635,0.000586894
Coprobacillus_sp_D7,0.173795616,0.058372252,0.076209963,0.011175789,0.022712872,0.134310567,0.028244289,0.064679429,0.020255804,0.089485187,0.100257736,0.116671912,0.055907634,0.094256257,0.128365621,0.386012668,0.062346103,0.0480461,0.026082069,0.030491424,0.120437868,0.056351917,0.060712839,0.166803356,0.02541913,0.032287101,0.008286787,0.057367295,0.143136384,0.014524975,0.059044044,0.022328,0.080803198,0.106519871,0.257239038,0.199595718,0.023679651,0.023921148,0.265473708,0.081856815,0.080341133,0.08983976,0.336177804,0.240314123,0.255410117,0.038903457,0.062786389,0.014245582,0.022318762,1,0.062061784,0.021721211,0.021057839,0.295289721,0.028588789,0.016749341,0.089372975,0.036385388,0.04902142,0.028920995,0.140406826,0.143542048,0.052340118,0.072258274,0.032722737,0.020337168,0.190961999,0.083691756,0.017398586,0.075254572,0.064879097,0.070869065,0.03773986,0.038466099,0.062572364,0.141199427,0.098257305,0.019166054,0.188049433,0.035539923,0.033417616,0.400197944,0.198817927,0.031955552,0.019286364,0.178362067,0.068146081,0.054933903,0.130365466,0.142475113,0.024651676,0.020036981,0.113231605,0.077996891,0.085186488,0.148171295,0.083772557,0.045459992,0.054994042,0.544085683,0.072231716,0.177014028,0.1364282,0.082617757,0.020836488,0.031061403,0.045136939,0.031155894,0.019510955,0.129770478,0.120836572,0.312168243,0.125520472,0.042991005,0.028807761,0.117667368,0.022233001,0.005736266,0.071553477,0.020120524,0.020463277,0.052261763,0.037029784,0.048096148,0.041414296,0.027139411,0.025538461,0.029820787,0.018718844,0.082342185,0.017084156,0.050556679,0.09590445,0.017681214,0.047769039,0.008974474,0.037024533,0.027965283,0.008782402,0.07201099,0.113479001,0.017834554,0.004885377,0.052588098,0.003548911,0.161096226,0.107931097,0.077482688,0.297714403,0.050239873,0.192165409,0.05466627,0.042769784,0.009034337
Coprococcus_eutactus_ATCC_27759,0.036945811,0.015119991,0.09135303,0.033198924,0.027034606,0.14151685,0.03008693,0.053499527,0.021758143,0.060394467,0.108780245,0.09612868,0.034311557,0.058168821,0.085947102,0.105822328,0.083953351,0.614815672,0.026868285,0.206285663,0.096847561,0.064379353,0.14405217,0.10259377,0.029354436,0.023372202,0.066277277,0.059972663,0.103951941,0.046574976,0.055523924,0.04662689,0.093481525,0.042578701,0.065961264,0.138156696,0.02759541,0.073065435,0.094766458,0.097495564,0.030937541,0.04452389,0.096621994,0.082744632,0.097095929,0.051953644,0.063985565,0.122649525,0.0585014,0.062061784,1,0.093257581,0.107725801,0.109374623,0.032234517,0.041637136,0.121436686,0.074360375,0.084821324,0.089055642,0.096836663,0.104667639,0.074914237,0.060998632,0.022634303,0.027025841,0.128686898,0.120424041,0.157125553,0.030947405,0.200587441,0.086268764,0.062264961,0.102117644,0.214955697,0.138355322,0.025760231,0.004504485,0.048603576,0.008352738,0.007853945,0.029561,0.057448129,0.040507906,0.018856973,0.065906726,0.039775528,0.01127697,0.085280811,0.036857375,0.006804212,0.004709173,0.027139498,0.018250642,0.017129068,0.035658227,0.019789523,0.018337008,0.012924925,0.022814745,0.017786135,0.13711373,0.032355966,0.032283398,0.009575123,0.027632245,0.010608268,0.01335599,0.0094263,0.022921932,0.02558701,0.03681615,0.044727449,0.010103922,0.011015282,0.03737299,0.005225291,0.007624579,0.015248615,0.008580045,0.005195353,0.020100552,0.014174126,0.021318276,0.008429444,0.009517397,0.010750919,0.006310132,0.004993419,0.036376282,0.198362506,0.01166383,0.01499443,0.008461752,0.083799059,0.00907885,0.036578857,0.006589888,0.002064076,0.015661489,0.017761153,0.00419155,0.001148181,0.016149054,0.00083408,0.150570338,0.028306128,0.044690813,0.087024685,0.011807581,0.065761121,0.014350223,0.01005193,0.002123287
Dorea_formicigenerans_ATCC_27755,0.144159614,0.003581294,0.356448189,0.098513515,0.188359876,0.129563512,0.205154191,0.102687,0.294601851,0.074700315,0.308880777,0.266791474,0.251277473,0.217084601,0.249417443,0.035113304,0.307209261,0.126696,0.227273957,0.402864161,0.311777809,0.400748452,0.431347438,0.209365641,0.261891348,0.214184737,0.276182546,0.462806868,0.240609914,0.444051248,0.145163795,0.426745735,0.158649267,0.068838868,0.016396495,0.061842064,0.246227896,0.498148943,0.058039052,0.193586885,0.161780462,0.136630809,0.032601667,0.08617455,0.051761235,0.176691123,0.189455668,0.499260864,0.549709975,0.021721211,0.093257581,1,0.390277265,0.040002066,0.256615232,0.538395578,0.305732158,0.337551632,0.176414424,0.517464432,0.0788359,0.129974821,0.330317835,0.135881162,0.259415566,0.218507407,0.140199333,0.421883387,0.233319136,0.131404699,0.159698321,0.334712554,0.44126233,0.626053055,0.279876,0.115328965,0.07760032,0.001066924,0.011676802,0.001978415,0.001860271,0.035357522,0.020051876,0.124150349,0.351632567,0.039987631,0.026282919,0.003058027,0.106511725,0.008729972,0.001611634,0.001115406,0.006428213,0.009704948,0.004927609,0.008445944,0.004687311,0.008646238,0.003061375,0.012834575,0.004212792,0.042719206,0.011648266,0.020531371,0.003028558,0.149272434,0.002512656,0.011611056,0.007082408,0.006459118,0.00622193,0.014909352,0.072794143,0.002393197,0.029073292,0.020914684,0.001237653,0.02854205,0.005273968,0.019917621,0.018661819,0.033646602,0.011296277,0.015584709,0.004807359,0.002254274,0.003925097,0.001900781,0.001182732,0.029011315,0.04698379,0.006458155,0.009901141,0.025061773,0.07399745,0.002808352,0.107363116,0.001560869,0.000488893,0.004008664,0.016634258,0.000992803,0.000271956,0.00387081,0.000197559,0.053351245,0.05581274,0.02821011,0.03564761,0.002796723,0.01895216,0.003398968,0.002380882,0.000502918
Dorea_longicatena_DSM_13814,0.117969616,0.002268348,0.205459942,0.119652016,0.293023622,0.079583129,0.238646546,0.174113572,0.226952017,0.122674093,0.171353757,0.149398985,0.169395126,0.156470379,0.16032288,0.027821631,0.309687953,0.164149516,0.302718077,0.325674075,0.226903399,0.22863477,0.313496447,0.155722419,0.254951791,0.290438684,0.38028091,0.256160673,0.172428206,0.378560163,0.060258153,0.321861527,0.061799672,0.121380015,0.010504366,0.039239267,0.27177909,0.332545124,0.031523745,0.075190471,0.159974345,0.053319676,0.019465865,0.101546725,0.021431239,0.188184554,0.130967283,0.403382246,0.39312702,0.021057839,0.107725801,0.390277265,1,0.025368456,0.200035261,0.427677769,0.182310619,0.244390847,0.186520486,0.368003888,0.043691766,0.069532759,0.213012426,0.186962791,0.307815633,0.253293035,0.081050544,0.258598743,0.413512086,0.165873208,0.158041764,0.205664476,0.460897342,0.321123562,0.223265495,0.069308827,0.169320113,0.000675777,0.007531376,0.001253104,0.001178273,0.030093921,0.01214217,0.114753587,0.211012055,0.025305351,0.010427977,0.001936917,0.050441421,0.005529457,0.001020789,0.000706485,0.004071551,0.00628431,0.003753404,0.005349558,0.002968885,0.005476421,0.001939037,0.014035955,0.002668331,0.027254523,0.005299619,0.006099499,0.001918251,0.108956667,0.001591485,0.013486498,0.00448591,0.00468454,0.004075916,0.011364279,0.025220626,0.001515822,0.018414667,0.013247104,0.000783914,0.054870657,0.003787731,0.03109055,0.011820167,0.021311346,0.007154923,0.016201066,0.003044922,0.001427829,0.002486109,0.001203931,0.000749128,0.00568861,0.029758957,0.004090517,0.004980789,0.014448284,0.044307734,0.001778776,0.053486345,0.000988635,0.000309659,0.002539039,0.010565282,0.000628829,0.000172254,0.002451724,0.000125131,0.039070458,0.021510166,0.008854762,0.036868055,0.00177141,0.012895335,0.002152865,0.001508022,0.000318542
Enterococcus_faecalis_TX0104,0.086757811,0.087258703,0.109739824,0.025788367,0.025048461,0.286517777,0.03234617,0.056022985,0.028797772,0.143130928,0.115263435,0.135197558,0.042678118,0.097345509,0.101335196,0.439887045,0.045271683,0.087113186,0.037412775,0.055522279,0.087618389,0.082398622,0.060609242,0.147933033,0.031550884,0.023447443,0.014155456,0.065289826,0.126215119,0.026780684,0.11550199,0.042809293,0.157572363,0.087389096,0.404081479,0.442802527,0.036741603,0.044209635,0.529069869,0.167729568,0.05428352,0.082752028,0.581154188,0.160189536,0.375791087,0.055863,0.100517659,0.028326129,0.044203206,0.295289721,0.109374623,0.040002066,0.025368456,1,0.047060922,0.031681092,0.114896377,0.076630128,0.1122138,0.052196633,0.244645546,0.280196613,0.09198608,0.077254774,0.022170927,0.032777126,0.244832719,0.077512282,0.032913405,0.052683648,0.053142432,0.114272132,0.044512382,0.053099601,0.070817613,0.325246903,0.043379891,0.025995748,0.276074324,0.048204335,0.045325759,0.148876254,0.349609441,0.06423583,0.029596609,0.297529589,0.096691278,0.07450923,0.184270487,0.212706921,0.039267662,0.027177024,0.156624258,0.125401323,0.09986448,0.205786539,0.11420695,0.096639617,0.074590799,0.120663697,0.102645236,0.150030352,0.194002332,0.108728545,0.057801127,0.089338683,0.061221183,0.060126477,0.052740722,0.140262827,0.163895872,0.260626791,0.170136365,0.058310561,0.070529813,0.176767848,0.030155582,0.017709962,0.091864849,0.07153282,0.028280018,0.112315617,0.073890029,0.087099159,0.06351668,0.054925676,0.063730507,0.044219208,0.028817429,0.099640785,0.031748637,0.080121354,0.09343677,0.019432506,0.122017502,0.046045654,0.058502557,0.03803078,0.011911952,0.097671622,0.121352431,0.024189778,0.006626248,0.09431279,0.004813541,0.163518492,0.128751084,0.126988828,0.224310567,0.068142514,0.266076968,0.082816309,0.05801051,0.012253662
Eubacterium_biforme_DSM_3989,0.115543028,0.008723015,0.274975418,0.004513114,0.15492739,0.059996035,0.124589706,0.164452539,0.160163774,0.049268312,0.251920815,0.227290228,0.21172824,0.180525574,0.156237631,0.04086503,0.126053241,0.041968889,0.239863067,0.200847057,0.182658892,0.24076286,0.236223814,0.191781602,0.184913966,0.061008229,0.132763813,0.293416227,0.245623664,0.202573799,0.058846981,0.115241913,0.121644974,0.021538686,0.030655686,0.088238826,0.310565494,0.192114306,0.043726984,0.099232285,0.077688851,0.114260378,0.042302626,0.061585191,0.038253305,0.34798307,0.058286067,0.149429732,0.263165081,0.028588789,0.032234517,0.256615232,0.200035261,0.047060922,1,0.222522185,0.261640637,0.394452398,0.097205612,0.309731533,0.0324779,0.098441575,0.343478891,0.170840784,0.168386768,0.227817888,0.100466534,0.325992082,0.167738665,0.025090319,0.044396503,0.261050579,0.215809699,0.278398324,0.200910058,0.109273469,0.014791071,0.002832781,0.02426085,0.005033496,0.004939191,0.01305669,0.030112366,0.138022416,0.051693272,0.029568253,0.022174503,0.006142363,0.048553437,0.022850031,0.004279034,0.002961506,0.016419318,0.023025715,0.00875795,0.020096311,0.012157319,0.019776367,0.00812823,0.013186473,0.010991935,0.014250865,0.01870355,0.01925227,0.008041098,0.087707408,0.006229124,0.052145382,0.018804441,0.012576858,0.013988849,0.020819494,0.022643987,0.006354157,0.004671504,0.030469279,0.003286082,0.016150798,0.010535447,0.002265726,0.049548834,0.041215763,0.029963097,0.051649243,0.002780504,0.00340288,0.010003211,0.005046746,0.003140262,0.014496283,0.003503028,0.003337844,0.006604998,0.088316958,0.125656826,0.007456431,0.205590787,0.00414425,0.001298057,0.008976345,0.03045702,0.002236604,0.000722069,0.008767878,0.000524536,0.065221655,0.017146768,0.022207748,0.070610694,0.00654651,0.02699665,0.007851057,0.00484014,0.001335293
Eubacterium_hallii_DSM_3353,0.084807915,0.00286145,0.247430472,0.107323275,0.2445456,0.095700175,0.236876439,0.092777374,0.27376586,0.040751549,0.184679123,0.164088672,0.214386485,0.150478676,0.135018075,0.025308999,0.288980727,0.083119259,0.219781551,0.287737436,0.262247652,0.254599401,0.275215277,0.167841834,0.300269392,0.260973185,0.309903085,0.312979593,0.176805467,0.52602359,0.142963509,0.496565679,0.144384115,0.088528162,0.012796794,0.047485574,0.249948145,0.465485564,0.038751263,0.123870186,0.108235709,0.152756436,0.023984448,0.096541429,0.033339961,0.198144184,0.181147977,0.552697254,0.571815993,0.016749341,0.041637136,0.538395578,0.427677769,0.031681092,0.222522185,1,0.202575935,0.246241813,0.19960339,0.452326695,0.054138252,0.088264865,0.277785447,0.108850795,0.30458388,0.171939513,0.088801015,0.290737766,0.272519203,0.131930208,0.107670285,0.247925327,0.506555823,0.44272293,0.195238265,0.082923706,0.085091617,0.000852471,0.009523894,0.001580751,0.001486355,0.02760832,0.014838082,0.142245573,0.404893861,0.030785145,0.012481786,0.002142926,0.075973212,0.006975238,0.001287693,0.000891208,0.005136135,0.008105839,0.00338859,0.0067483,0.003745156,0.006908334,0.002446035,0.009993694,0.003366016,0.026851777,0.006209976,0.00717597,0.002419814,0.137445427,0.002007609,0.017012796,0.005658836,0.004740951,0.005320726,0.010777699,0.052505263,0.001912162,0.023229527,0.016407188,0.000988883,0.00378406,0.00366486,0.067199154,0.014910771,0.026879593,0.009025712,0.025245656,0.003841074,0.001801162,0.003136148,0.001518722,0.000945002,0.023180007,0.01472137,0.005160059,0.003657621,0.002565107,0.050387899,0.00224387,0.085783004,0.001247133,0.000390625,0.003202918,0.004918694,0.000793249,0.000217293,0.003092773,0.000157849,0.041992867,0.044455761,0.022539844,0.033790795,0.002234578,0.013978675,0.002715772,0.001902322,0.000401831
Eubacterium_rectale_M104_1,0.219355679,0.010842616,0.624758467,0.047740581,0.14799405,0.313937483,0.138056963,0.182762211,0.131744355,0.147752398,0.570185457,0.566493926,0.193508668,0.244974863,0.210894507,0.134598561,0.222019311,0.138479292,0.165673685,0.321378491,0.392174834,0.45075303,0.395077396,0.467583645,0.121365689,0.112308495,0.106392705,0.422383974,0.503201593,0.20518076,0.200063403,0.256433161,0.24598559,0.08456437,0.050210468,0.187562197,0.200725912,0.300021096,0.127455987,0.305768378,0.127750829,0.116949229,0.098240574,0.200324315,0.148119378,0.183911323,0.24329443,0.210590627,0.338488034,0.089372975,0.121436686,0.305732158,0.182310619,0.114896377,0.261640637,0.202575935,1,0.367935336,0.319047635,0.396614584,0.168969118,0.310172919,0.45107516,0.220813979,0.147985021,0.194204037,0.345853978,0.522499161,0.155548126,0.103244933,0.126010093,0.409151028,0.309182931,0.332596934,0.250999969,0.32535802,0.071710757,0.003230187,0.036009309,0.005989788,0.005632101,0.062222882,0.060708442,0.205264975,0.168217849,0.114543711,0.046316723,0.009258388,0.193723668,0.026430595,0.004879332,0.00337697,0.01946186,0.029977243,0.017941128,0.025570681,0.014191159,0.026177083,0.009268524,0.050324021,0.01275452,0.105724262,0.034443609,0.034118723,0.009169169,0.182026322,0.007607239,0.047428823,0.021442481,0.022391924,0.019481099,0.053656524,0.07264451,0.00724557,0.036471014,0.047654273,0.003747081,0.062870388,0.018105212,0.063609499,0.024671875,0.065712527,0.034200261,0.05719236,0.014554612,0.00682497,0.011883504,0.005754745,0.003580804,0.060881497,0.058223638,0.019552513,0.032717676,0.039153131,0.217013259,0.008502479,0.211354624,0.004725639,0.001480159,0.012136507,0.052421497,0.00300578,0.000823366,0.011719145,0.000598122,0.181106671,0.02885148,0.076996046,0.15240433,0.008467271,0.062161734,0.010290612,0.007208286,0.001522619
Eubacterium_siraeum_70_3,0.20293895,0.007449931,0.422500343,0.075250851,0.210195428,0.193366454,0.259174594,0.205794841,0.211201774,0.133369328,0.369347498,0.324475325,0.254703482,0.241623585,0.266806702,0.063160406,0.286713031,0.09204774,0.306932711,0.309867422,0.338705304,0.415626696,0.414044629,0.328534189,0.209396592,0.152694267,0.165698227,0.465987484,0.388815859,0.250214541,0.11391091,0.223809166,0.156428054,0.031050916,0.033822024,0.118063808,0.20729143,0.298098292,0.081646326,0.154130552,0.117057592,0.114899026,0.061230517,0.10567185,0.058063676,0.15710567,0.112021446,0.261778853,0.38179682,0.036385388,0.074360375,0.337551632,0.244390847,0.076630128,0.394452398,0.246241813,0.367935336,1,0.309415881,0.385774695,0.134965314,0.163299118,0.453473326,0.190589774,0.220687595,0.226032761,0.18853755,0.388604832,0.231011272,0.055769218,0.121519453,0.449941499,0.3033553,0.394242746,0.300250518,0.194840139,0.038761551,0.002219452,0.023612939,0.004115566,0.0038698,0.016840604,0.039687148,0.149174364,0.119482073,0.059320906,0.034505047,0.006361413,0.14477047,0.018160387,0.003352575,0.002320307,0.013372189,0.020681326,0.007620528,0.017158212,0.009750705,0.01661163,0.006368377,0.014537481,0.008763595,0.055938534,0.024231121,0.025367009,0.00630011,0.164071244,0.005226912,0.044252233,0.014733068,0.011101439,0.013614721,0.029632397,0.025768208,0.00497841,0.060479258,0.02811484,0.002574609,0.060199492,0.008340244,0.067212568,0.038820954,0.069992815,0.023498902,0.089926206,0.010000433,0.004689417,0.008165122,0.003954069,0.00246036,0.012797348,0.025192578,0.013434476,0.007062366,0.095617161,0.153522597,0.00584203,0.112185164,0.003246973,0.001017013,0.008026924,0.031894193,0.001828733,0.000565733,0.007102601,0.000410968,0.078934046,0.015596574,0.022940321,0.084238051,0.005206543,0.03497609,0.006229282,0.004952793,0.001046187
Eubacterium_ventriosum_ATCC_27560,0.181069631,0.011645696,0.323733071,0.110952561,0.091787132,0.210989336,0.142526923,0.1477449,0.121619307,0.238493148,0.235487339,0.231126077,0.122825085,0.108770047,0.176123035,0.087984071,0.158998166,0.125165108,0.143620413,0.182047684,0.241853357,0.2234122,0.211589024,0.249527897,0.075366085,0.095040108,0.075146001,0.22503299,0.237338559,0.181730823,0.12931063,0.309084054,0.149114062,0.037509511,0.050666147,0.16637645,0.112936016,0.250227944,0.105843748,0.180056176,0.092833125,0.062648376,0.0838895,0.264944407,0.071903479,0.107184237,0.268557481,0.20577988,0.341522729,0.04902142,0.084821324,0.176414424,0.186520486,0.1122138,0.097205612,0.19960339,0.319047635,0.309415881,1,0.281628053,0.148426341,0.208117023,0.279023111,0.115575672,0.103693391,0.127695381,0.243567252,0.223666159,0.209563342,0.097513538,0.117575434,0.293242658,0.264993351,0.163240666,0.161539632,0.206646542,0.096659979,0.003469437,0.036228779,0.006433433,0.006049254,0.023214521,0.051819288,0.230528064,0.180136966,0.111719388,0.036868359,0.008815988,0.138741627,0.028388231,0.00524073,0.003627092,0.020903342,0.030070473,0.012582416,0.027464625,0.015242256,0.028115941,0.009955016,0.017361336,0.013699209,0.059007601,0.025140969,0.026063687,0.009848302,0.152038059,0.008170684,0.069239673,0.023030661,0.017027453,0.019696344,0.037588075,0.037115354,0.007782228,0.094540888,0.046282701,0.004024616,0.141098014,0.013710361,0.075652761,0.00441273,0.068089698,0.036733372,0.115415164,0.015632629,0.007330475,0.01276368,0.005228939,0.003846024,0.018844526,0.01606767,0.021000709,0.010763619,0.006671092,0.131927803,0.009132233,0.033374788,0.005075653,0.00158979,0.012493876,0.01648014,0.003228409,0.00088435,0.011801556,0.000642423,0.101257281,0.023748226,0.035785518,0.114383427,0.008839054,0.051956775,0.010436862,0.007742182,0.001635395
Faecalibacterium_prausnitzii_SL3_3,0.151490323,0.004554611,0.463062024,0.109513837,0.20912951,0.162276773,0.294647147,0.176010745,0.249215132,0.13527054,0.35704981,0.315304314,0.240771888,0.181565732,0.174143507,0.045124891,0.374604383,0.158614159,0.264500341,0.43032479,0.424156738,0.431689671,0.475549502,0.287357744,0.224568035,0.213635753,0.253465088,0.528346844,0.314183444,0.417470682,0.174980951,0.388737997,0.219648774,0.098010695,0.021091693,0.077853218,0.324875252,0.417750473,0.066196449,0.222628704,0.154990838,0.163025388,0.042449094,0.09824802,0.058159149,0.24877074,0.188204965,0.375770444,0.572880218,0.028920995,0.089055642,0.517464432,0.368003888,0.052196633,0.309731533,0.452326695,0.396614584,0.385774695,0.281628053,1,0.087956871,0.158160393,0.452058762,0.192607048,0.271176712,0.308616812,0.165311235,0.499580069,0.27146695,0.122954789,0.164060312,0.372017447,0.468689069,0.440794838,0.274631001,0.147887476,0.053310429,0.001356891,0.015159318,0.002516104,0.002365852,0.046291279,0.025501531,0.153843706,0.259908317,0.050855383,0.020859904,0.003889131,0.135587617,0.011102585,0.00204964,0.001418549,0.008175259,0.013930659,0.005525302,0.010741365,0.005961218,0.010996093,0.003893389,0.017601991,0.005357736,0.056307472,0.012113174,0.013272503,0.003851653,0.14771483,0.00319554,0.027079509,0.00900725,0.007677293,0.008554813,0.020490344,0.099450902,0.003043615,0.036974769,0.026249881,0.00157402,0.078264949,0.005965606,0.050835,0.023733687,0.042791003,0.014366355,0.054473585,0.006113893,0.002866935,0.004991852,0.002417371,0.001504173,0.036895947,0.054423705,0.008213339,0.011844414,0.02239809,0.094108317,0.0035716,0.13654203,0.001985079,0.000621764,0.00509813,0.02040015,0.001262625,0.000345868,0.00492281,0.000251251,0.073465606,0.070859586,0.035876992,0.054709796,0.00355681,0.023340393,0.004322733,0.003027953,0.0006396
Gordonibacter_pamelaeae_7_10_1_bT_DSM_19378,0.135234825,0.02643636,0.172947791,0.061171124,0.070097469,0.363666969,0.081954585,0.044858801,0.037356247,0.148140807,0.170242461,0.216853488,0.119711101,0.235124262,0.218980864,0.181357488,0.109680616,0.094458409,0.054985866,0.087702866,0.178950692,0.151310412,0.120460685,0.225473993,0.10011261,0.074971872,0.045164843,0.153574893,0.196863276,0.038680587,0.081450719,0.072683149,0.117717382,0.058043797,0.109538512,0.237488631,0.026553834,0.057408113,0.285433209,0.139910145,0.096567655,0.18595349,0.220119099,0.165768931,0.200442589,0.053250861,0.160092159,0.051677757,0.076091849,0.140406826,0.096836663,0.0788359,0.043691766,0.244645546,0.0324779,0.054138252,0.168969118,0.134965314,0.148426341,0.087956871,1,0.309004085,0.119138148,0.070564345,0.070384172,0.04505175,0.293425959,0.119095959,0.097825356,0.059437111,0.1819707,0.196392876,0.07579657,0.09441033,0.126726096,0.316031261,0.10355954,0.00787581,0.082403424,0.012024965,0.013732133,0.089064598,0.129619432,0.252919048,0.039328576,0.151459527,0.370948639,0.022573712,0.261121064,0.060921284,0.01189674,0.008233696,0.047451717,0.04408135,0.025142017,0.060373962,0.034600744,0.032256531,0.022598425,0.069734962,0.031071506,0.146427474,0.085354936,0.45922044,0.021838293,0.115268095,0.018547895,0.02677049,0.021224749,0.039686064,0.048878207,0.120853075,0.078582407,0.014708468,0.13668759,0.064528108,0.009136095,0.010270211,0.029124021,0.048105667,0.011058539,0.146222619,0.029120685,0.049164695,0.035486913,0.016640575,0.023840624,0.013743291,0.008730681,0.038160351,0.048664485,0.042180581,0.032701066,0.009042063,0.065938091,0.014425396,0.023738635,0.011522007,0.003608908,0.029591113,0.04024843,0.007073081,0.002007523,0.025740533,0.001458336,0.107093372,0.050753253,0.055041169,0.147277011,0.019040894,0.106710644,0.022653352,0.017575172,0.003712435
Holdemania_filiformis_VPI_J1_31B_1_DSM_12042,0.169548891,0.025443695,0.313319252,0.032290621,0.074641724,0.38623448,0.090493324,0.097413168,0.071032469,0.134821351,0.352374501,0.418486315,0.118220178,0.229961302,0.179437526,0.201585026,0.126166316,0.125266731,0.073598299,0.166534574,0.259250432,0.257477955,0.199230077,0.393710617,0.087199404,0.070616162,0.045409763,0.211072431,0.34673977,0.084082681,0.192521759,0.132332188,0.256146266,0.120722721,0.114256635,0.354138187,0.067732386,0.131753581,0.400694709,0.358947657,0.133816504,0.165863969,0.246056801,0.28214763,0.285799576,0.081685748,0.295628645,0.08264154,0.130081023,0.143542048,0.104667639,0.129974821,0.069532759,0.280196613,0.098441575,0.088264865,0.310172919,0.163299118,0.208117023,0.158160393,0.309004085,1,0.254204189,0.126988093,0.052750488,0.0825399,0.51337942,0.218527963,0.081175733,0.110547155,0.103058189,0.283831994,0.123454699,0.136969148,0.180417813,0.517124248,0.095152672,0.007580079,0.082582785,0.014055863,0.013216502,0.158941005,0.14246074,0.122331495,0.092346164,0.215526615,0.125952846,0.021726087,0.225499453,0.06107803,0.011450026,0.007924527,0.045669942,0.07301633,0.024654675,0.057409661,0.03228515,0.061428139,0.021749872,0.083592221,0.029930242,0.142380002,0.082756374,0.130200126,0.02151672,0.092318813,0.017851436,0.104943482,0.050317741,0.036543956,0.045335719,0.11757682,0.201112728,0.01700273,0.037666273,0.117431966,0.008793042,0.014920298,0.02712103,0.044837343,0.008972466,0.054257963,0.080255634,0.12092163,0.034154407,0.016015734,0.027886284,0.011301041,0.008402851,0.092117665,0.031564243,0.04588267,0.05946615,0.023519538,0.131238554,0.019952242,0.105408184,0.011089365,0.003473397,0.02847999,0.063621274,0.005163987,0.001932142,0.023107675,0.001403577,0.227289648,0.125060419,0.129934248,0.21707052,0.016666735,0.121055236,0.020140035,0.016915238,0.003573036
Parabacteroides_distasonis_ATCC_8503,0.214679206,0.008171526,0.514907156,0.045862964,0.192397813,0.218038956,0.204867455,0.186318854,0.153606549,0.074984671,0.483691812,0.460639104,0.183524297,0.210037601,0.249596495,0.08035603,0.278137115,0.102715006,0.260426089,0.431096957,0.429589626,0.454113511,0.434579842,0.463635415,0.223971797,0.159043315,0.139428232,0.505102014,0.532620665,0.251385953,0.163826834,0.298981039,0.245229989,0.096172491,0.037465883,0.13725113,0.21498481,0.372727676,0.113622008,0.266362229,0.213251546,0.190132615,0.072788153,0.181967103,0.066346043,0.194644541,0.232714054,0.248563443,0.413770373,0.052340118,0.074914237,0.330317835,0.213012426,0.09198608,0.343478891,0.277785447,0.45107516,0.453473326,0.279023111,0.452058762,0.119138148,0.254204189,1,0.280374307,0.169838251,0.177227217,0.268932696,0.425172065,0.212961575,0.133881541,0.094436187,0.34339405,0.359533648,0.329150644,0.244819025,0.232162589,0.085796288,0.002434427,0.025405666,0.004514197,0.004244627,0.085806246,0.042390819,0.20119392,0.209962039,0.088127782,0.030392761,0.006977575,0.1087652,0.01991939,0.003677303,0.00254505,0.01466741,0.024993299,0.012783023,0.019271316,0.010695152,0.01972833,0.006985213,0.034127953,0.00961243,0.05998886,0.018561367,0.019895906,0.006910334,0.123452013,0.005733187,0.048285413,0.016160103,0.016653439,0.015348376,0.040855086,0.117896735,0.005460616,0.015736016,0.045193866,0.002823983,0.011118982,0.013579036,0.070737347,0.042581125,0.048814737,0.02577499,0.052482323,0.010969068,0.005143631,0.00895599,0.004337057,0.002698669,0.01340097,0.021050096,0.01473573,0.024137393,0.109852425,0.144853452,0.006407884,0.127350082,0.003561473,0.00111552,0.009146666,0.037582487,0.002265303,0.000620529,0.008832121,0.000450774,0.086608359,0.081642129,0.024576898,0.094842196,0.00638135,0.041252349,0.007755509,0.005432517,0.00114752
Parabacteroides_johnsonii_DSM_18315,0.197345197,0.008813894,0.189629371,0.051128366,0.235644979,0.105773297,0.13753881,0.379472668,0.137863605,0.06420578,0.263922814,0.22722338,0.114377337,0.131762393,0.113020824,0.108590744,0.257618197,0.096216464,0.243742448,0.21002987,0.204902568,0.213978698,0.287621983,0.222164471,0.153810432,0.208571627,0.089077232,0.232741645,0.275883115,0.07833145,0.062689262,0.105404678,0.135847796,0.310927319,0.039577281,0.113755246,0.174510647,0.142155091,0.086202159,0.132709643,0.250732333,0.093496907,0.071770755,0.165160343,0.070885468,0.126487674,0.088131096,0.091594691,0.161094373,0.072258274,0.060998632,0.135881162,0.186962791,0.077254774,0.170840784,0.108850795,0.220813979,0.190589774,0.115575672,0.192607048,0.070564345,0.126988093,0.280374307,1,0.161747234,0.177413395,0.16021957,0.16819615,0.100151689,0.19746113,0.090300839,0.177114914,0.158869108,0.16101769,0.203989587,0.148334437,0.22242647,0.002625798,0.026885706,0.00486906,0.004578299,0.055763812,0.040048572,0.038178593,0.084536735,0.042266209,0.034756358,0.007526085,0.065331971,0.021485263,0.003966378,0.002745118,0.015820423,0.012928298,0.013714586,0.020786244,0.011535903,0.010694516,0.007534324,0.044829878,0.010368068,0.023564969,0.028667451,0.029389087,0.004179128,0.049596862,0.006183876,0.006664242,0.004144866,0.018202253,0.016554919,0.041267147,0.033249739,0.005889878,0.00946426,0.027568235,0.003045978,0.009440116,0.011337526,0.008736177,0.012160325,0.024642861,0.006984584,0.014482949,0.003814415,0.004652182,0.004873284,0.004677996,0.002910813,0.013917571,0.00462257,0.005719471,0.015080552,0.083133052,0.150556398,0.006911612,0.073873235,0.003841442,0.001203212,0.00986569,0.038453403,0.00244338,0.000669309,0.008556706,0.00048621,0.051506115,0.02175103,0.013925771,0.070679,0.006882991,0.032218506,0.008365173,0.00585957,0.001237727
Parabacteroides_merdae_ATCC_43184,0.125041977,0.002267978,0.157199533,0.147563245,0.375337094,0.058290125,0.393203093,0.117538072,0.217480948,0.055195174,0.14537882,0.128870875,0.374351295,0.213965788,0.138727637,0.027184108,0.280633274,0.100223401,0.297581081,0.189193183,0.166284222,0.200211641,0.200591693,0.136197924,0.322017659,0.434368293,0.367102652,0.243287537,0.15836193,0.217243041,0.093590284,0.187396845,0.064838609,0.02060516,0.00957981,0.031464809,0.233508301,0.160990591,0.02882524,0.063545482,0.196599764,0.18135338,0.019602433,0.078879944,0.030629551,0.207436237,0.052925235,0.218138785,0.280508098,0.032722737,0.022634303,0.259415566,0.307815633,0.022170927,0.168386768,0.30458388,0.147985021,0.220687595,0.103693391,0.271176712,0.070384172,0.052750488,0.169838251,0.161747234,1,0.20459707,0.065052312,0.170821642,0.274917016,0.142718015,0.320547632,0.191534064,0.320833718,0.294480038,0.14037454,0.054734588,0.180496534,0.000675667,0.00740361,0.001252899,0.001178081,0.019866968,0.010474726,0.121551295,0.116879532,0.011833106,0.085027013,0.001936601,0.047205035,0.005518317,0.001020623,0.00070637,0.004070888,0.003589351,0.003752792,0.005348686,0.002968402,0.003001869,0.001938721,0.037408895,0.002667896,0.008866364,0.007376666,0.039360193,0.001306631,0.108733114,0.001591226,0.001998396,0.001305073,0.004683777,0.004250521,0.013822793,0.00898122,0.001515575,0.018411666,0.009561674,0.000783787,0.026521676,0.00315367,0.051198656,0.011818241,0.021307873,0.001988172,0.00389619,0.000775198,0.00075552,0.001487032,0.001203735,0.000749006,0.015188905,0.000854111,0.001270635,0.003823927,0.054880376,0.04686144,0.001778486,0.056366182,0.000988474,0.000309609,0.002538625,0.009709935,0.000628727,0.000172226,0.002432425,0.000125111,0.017595562,0.00578813,0.014424777,0.019753457,0.001771121,0.009028346,0.002114737,0.001441059,0.00031849
Prevotella_copri_CB7_DSM_18205,0.080419492,0.004878789,0.196157595,0.011999642,0.14922776,0.069815566,0.232581924,0.148845713,0.214127771,0.206351687,0.160555225,0.152369837,0.223901858,0.06588018,0.168287316,0.026479876,0.235192826,0.037410409,0.256314758,0.198521616,0.181158961,0.21095881,0.212813278,0.143635398,0.079987136,0.134680545,0.228818067,0.247526148,0.172325214,0.298767047,0.038301072,0.119037423,0.033072029,0.018183066,0.017857753,0.050826978,0.366418086,0.179374373,0.029454635,0.055290233,0.060541127,0.052923225,0.02947188,0.046761031,0.033803132,0.14969517,0.091368335,0.130852873,0.258974236,0.020337168,0.027025841,0.218507407,0.253293035,0.032777126,0.227817888,0.171939513,0.194204037,0.226032761,0.127695381,0.308616812,0.04505175,0.0825399,0.177227217,0.177413395,0.20459707,1,0.084986889,0.225384902,0.112262311,0.026668237,0.03635849,0.157774861,0.230273363,0.233120392,0.212007649,0.088134166,0.013131586,0.001453468,0.014912974,0.00269519,0.002534244,0.009870224,0.018557025,0.085512798,0.106609451,0.023483556,0.014855324,0.00363435,0.064750345,0.011335875,0.002195525,0.001519516,0.00862986,0.013629352,0.004818742,0.010782643,0.006222069,0.011778751,0.004170504,0.009759439,0.00571725,0.00994149,0.010104184,0.011196634,0.004125798,0.060286314,0.003287556,0.028795535,0.009648349,0.007120888,0.008255697,0.017179369,0.014678842,0.003260247,0.014817659,0.017152328,0.001686052,0.118016454,0.005289536,0.000997357,0.025422955,0.034842694,0.015306731,0.054564181,0.001359568,0.001681938,0.005347152,0.002589429,0.001611234,0.017822926,0.001834476,0.001417358,0.004304012,0.041657416,0.046357359,0.003825811,0.076554914,0.002126368,0.000666018,0.004689396,0.016017745,0.001018065,0.000370485,0.004472679,0.000269134,0.042379844,0.00905173,0.022110513,0.040921626,0.00323038,0.016370943,0.003877283,0.002794161,0.000685124
Pseudoflavonifractor_capillosus_ATCC_29799,0.297710249,0.023289309,0.342537505,0.053205114,0.077858166,0.365996528,0.085653215,0.105017315,0.064783809,0.167490722,0.329442502,0.368394099,0.128561031,0.202520653,0.282664877,0.241159442,0.125275562,0.147149119,0.088030967,0.172385506,0.24756828,0.236752473,0.191614773,0.381568144,0.085395728,0.069227631,0.041944814,0.193246156,0.359381505,0.082947711,0.152805407,0.138411435,0.207662429,0.095108824,0.107849167,0.380491802,0.076882546,0.139346139,0.337732303,0.35919779,0.150333701,0.153136787,0.233982397,0.397275761,0.274404442,0.094863495,0.305258501,0.098169698,0.143040087,0.190961999,0.128686898,0.140199333,0.081050544,0.244832719,0.100466534,0.088801015,0.345853978,0.18853755,0.243567252,0.165311235,0.293425959,0.51337942,0.268932696,0.16021957,0.065052312,0.084986889,1,0.241286489,0.098155067,0.129617299,0.127657941,0.322225131,0.137508649,0.148359246,0.218206595,0.582488147,0.128925723,0.006938254,0.077514868,0.012865716,0.012097425,0.143681911,0.130398206,0.154957773,0.099397671,0.260041275,0.097333354,0.01988648,0.246608473,0.056771383,0.010480522,0.007253536,0.041802945,0.046869587,0.0385365,0.054924336,0.030481784,0.041288381,0.019908251,0.126869366,0.027395968,0.160945739,0.075749169,0.091394709,0.019694841,0.098637283,0.016339907,0.028674984,0.023906086,0.048096552,0.043743736,0.147778663,0.123216631,0.015563063,0.049268092,0.09731995,0.008048511,0.046319517,0.038888942,0.031285728,0.030175188,0.087184703,0.030887816,0.048802336,0.031262461,0.014659639,0.025525077,0.012360858,0.007691359,0.06953743,0.034893531,0.041997661,0.070275666,0.041241229,0.225931281,0.018262832,0.093729914,0.010150398,0.003179295,0.026068512,0.107404892,0.006456241,0.001768543,0.025172042,0.001284732,0.1730949,0.074297381,0.089255613,0.162211226,0.018187207,0.133431339,0.022103636,0.015482979,0.003270497
Roseburia_intestinalis_M50_1,0.187249793,0.006763621,0.45806402,0.04737138,0.181662534,0.225605518,0.149475046,0.164287221,0.172363641,0.085353554,0.487270095,0.485448478,0.239245626,0.274079759,0.209527613,0.074101821,0.330325218,0.132676568,0.192279218,0.440018356,0.453086514,0.501519294,0.489946876,0.398348554,0.182042107,0.177003504,0.174662997,0.505144224,0.419275312,0.308633128,0.19926392,0.294415789,0.165053094,0.058870852,0.031321278,0.117001253,0.22546011,0.4334932,0.098006095,0.218135924,0.173897834,0.135758013,0.067952566,0.155131129,0.086605026,0.218993655,0.246118202,0.317008773,0.378866503,0.083691756,0.120424041,0.421883387,0.258598743,0.077512282,0.325992082,0.290737766,0.522499161,0.388604832,0.223666159,0.499580069,0.119095959,0.218527963,0.425172065,0.16819615,0.170821642,0.225384902,0.241286489,1,0.179705605,0.141085242,0.142248386,0.32075053,0.341925882,0.369576922,0.262278108,0.220934023,0.091912129,0.00201499,0.022511669,0.003736428,0.003513303,0.051050845,0.037869911,0.168399528,0.213454751,0.057259186,0.032409901,0.00577538,0.118471427,0.016487399,0.003043726,0.002106553,0.012140304,0.020687104,0.011191671,0.015950984,0.008852441,0.016329258,0.005781703,0.065054833,0.007956267,0.092593397,0.02193286,0.022779288,0.005719725,0.176250586,0.004745394,0.040213218,0.013375814,0.013968077,0.012703943,0.043978621,0.055590529,0.004519785,0.018779493,0.039499407,0.002337428,0.025075603,0.011294027,0.055009024,0.033603281,0.046495585,0.021334114,0.081641939,0.009079164,0.004257415,0.007412927,0.003589808,0.002233705,0.031490857,0.080538582,0.012196853,0.020409278,0.033617497,0.129756757,0.005303845,0.172218186,0.002947853,0.000923323,0.00757075,0.032700517,0.001875005,0.000513616,0.0073104,0.000373109,0.116528913,0.026142173,0.041186447,0.088048388,0.005281882,0.038776474,0.006419281,0.004496527,0.000949809
Ruminococcus_bromii_L2_63,0.085115412,0.003125847,0.173305635,0.09383742,0.308678327,0.091814995,0.296916886,0.089508113,0.261489503,0.157261794,0.168095228,0.139484588,0.15620331,0.224941547,0.118700164,0.02743728,0.190146618,0.245219426,0.308902586,0.228133419,0.158193573,0.171739137,0.245773245,0.142395506,0.293105605,0.160453471,0.295778315,0.177402418,0.148868806,0.322672312,0.097792069,0.286935861,0.093839494,0.0312452,0.013846391,0.044133577,0.151282879,0.233069721,0.047456124,0.086624638,0.094949151,0.116060798,0.026244637,0.102049248,0.02729454,0.250830839,0.14731342,0.359669005,0.284841397,0.017398586,0.157125553,0.233319136,0.413512086,0.032913405,0.167738665,0.272519203,0.155548126,0.231011272,0.209563342,0.27146695,0.097825356,0.081175733,0.212961575,0.100151689,0.274917016,0.112262311,0.098155067,0.179705605,1,0.07132503,0.250790257,0.170614614,0.240563023,0.204743697,0.182121696,0.072451757,0.073722768,0.000931239,0.009995521,0.001726812,0.001623694,0.024654967,0.016483569,0.17256027,0.195253699,0.03244552,0.119533381,0.002669126,0.042331672,0.007608563,0.001406676,0.000973556,0.005610713,0.004205968,0.003172476,0.007064631,0.004068472,0.004875735,0.002672048,0.009506096,0.003677035,0.03650468,0.010166911,0.054298434,0.00254287,0.051305461,0.002193112,0.003425063,0.002536367,0.004343882,0.005295227,0.011875727,0.028983683,0.002088845,0.011951587,0.010958698,0.001080256,0.075613312,0.003344678,0.06752365,0.001197119,0.014329069,0.0035621,0.007053732,0.004195989,0.001967589,0.00279094,0.001368819,0.00103232,0.005243675,0.041008681,0.005636847,0.002751226,0.024515153,0.057064315,0.002451203,0.030662157,0.001362367,0.000426719,0.003498867,0.013379228,0.000733824,0.00023737,0.002948097,0.000172434,0.034074047,0.024878143,0.007605734,0.022463175,0.002151711,0.014225391,0.002581318,0.002008516,0.00043896
Ruminococcus_gnavus_ATCC_29149,0.230670548,0.004841412,0.120384976,0.024775676,0.138321122,0.083510244,0.115985228,0.155254468,0.091205167,0.04072981,0.151155132,0.141654784,0.199359922,0.106753729,0.136848271,0.054002422,0.216633382,0.040831172,0.054543053,0.204187257,0.177900576,0.155280604,0.199316962,0.121609552,0.20662047,0.362986279,0.101899911,0.158542074,0.12901419,0.137235427,0.116756206,0.175752523,0.135279524,0.39301857,0.022419825,0.053764305,0.045483833,0.180768422,0.073073472,0.123901781,0.684405908,0.376656134,0.0480644,0.246358054,0.049932815,0.033538916,0.229917013,0.137880699,0.110083906,0.075254572,0.030947405,0.131404699,0.165873208,0.052683648,0.025090319,0.131930208,0.103244933,0.055769218,0.097513538,0.122954789,0.059437111,0.110547155,0.133881541,0.19746113,0.142718015,0.026668237,0.129617299,0.141085242,0.07132503,1,0.208658167,0.083651716,0.137374106,0.077953547,0.138236318,0.085401897,0.575396104,0.001442333,0.015169409,0.002674542,0.002514828,0.078329279,0.024184225,0.079842371,0.169242375,0.051044618,0.022964835,0.004134027,0.045900116,0.011801709,0.002178704,0.001507874,0.00869005,0.008718515,0.008011018,0.011417742,0.006336593,0.007428412,0.004138553,0.085954487,0.005695109,0.031789071,0.015746835,0.016526132,0.003873561,0.064303473,0.003396761,0.005274946,0.003856264,0.009998374,0.009093504,0.031479973,0.105713269,0.00323527,0.009089286,0.022193728,0.001673135,0.001618322,0.007817733,0.016299041,0.002917027,0.01379583,0.00543409,0.010688406,0.006498881,0.003047465,0.004256525,0.002569591,0.00159889,0.011341647,0.003770284,0.008730528,0.014608997,0.010551381,0.017859673,0.001407526,0.016011252,0.002110078,0.000660916,0.005419156,0.019322441,0.001342132,0.000367647,0.005232797,0.000267072,0.033039517,0.077164721,0.014056651,0.047245485,0.00378078,0.022434033,0.004594933,0.003218622,0.000679875
Ruminococcus_lactaris_ATCC_29176,0.181806926,0.005449479,0.117886846,0.22983643,0.083126108,0.122691398,0.143767608,0.109644216,0.064613302,0.068557222,0.122558385,0.125659243,0.280197947,0.159482664,0.150041676,0.054741989,0.181366831,0.381256861,0.059907435,0.172403266,0.152232257,0.106510983,0.17142693,0.133337047,0.134221995,0.239101428,0.127018045,0.131346094,0.131117552,0.054784562,0.049401255,0.121544726,0.079637324,0.030583392,0.025235691,0.07779418,0.037560426,0.083410068,0.068418139,0.08597479,0.268273583,0.303103276,0.05474968,0.158003575,0.058397685,0.181917036,0.08739351,0.168833341,0.123122095,0.064879097,0.200587441,0.159698321,0.158041764,0.053142432,0.044396503,0.107670285,0.126010093,0.121519453,0.117575434,0.164060312,0.1819707,0.103058189,0.094436187,0.090300839,0.320547632,0.03635849,0.127657941,0.142248386,0.250790257,0.208658167,1,0.212353713,0.103591832,0.151328542,0.193608687,0.106882202,0.280323944,0.001623486,0.01813775,0.003010456,0.002830684,0.031324789,0.030068411,0.131548969,0.031856401,0.035864833,0.143406856,0.004653249,0.08730701,0.01328397,0.002452343,0.001697259,0.009781496,0.010444624,0.008246113,0.012851778,0.007132451,0.009049541,0.004658344,0.076613956,0.006410399,0.064623319,0.017724593,0.094661756,0.004608408,0.087015076,0.003823384,0.006544383,0.004972777,0.010825166,0.010235623,0.031483575,0.023307495,0.00364161,0.0442394,0.018748088,0.001883276,0.003806852,0.008774819,0.00700889,0.006328215,0.03687148,0.006742647,0.012574698,0.005302839,0.003430218,0.005429378,0.002892324,0.001799706,0.01439525,0.071492924,0.006486729,0.010063037,0.005703714,0.066383765,0.00384717,0.022730648,0.002375098,0.000743925,0.006099787,0.014349345,0.0015107,0.000413822,0.005890021,0.000300615,0.064709314,0.015334893,0.018269414,0.0425817,0.004255635,0.028830997,0.005172043,0.003622872,0.000765266
Ruminococcus_obeum_A2_162,0.239461696,0.009971238,0.492860432,0.174074723,0.122598815,0.275552315,0.188042678,0.16955881,0.136738895,0.14026487,0.358744559,0.398488178,0.197556281,0.254203639,0.254507542,0.105680428,0.235033345,0.175386152,0.169527266,0.268949485,0.342933993,0.421057779,0.321032995,0.366565957,0.155327668,0.141624476,0.12149818,0.38415674,0.375476248,0.171717819,0.13763461,0.257912726,0.233584457,0.06121782,0.046175252,0.172488568,0.186794595,0.203966341,0.165204969,0.25514867,0.116756067,0.155209122,0.098768978,0.178061831,0.124802618,0.197813609,0.204352608,0.246618911,0.323058298,0.070869065,0.086268764,0.334712554,0.205664476,0.114272132,0.261050579,0.247925327,0.409151028,0.449941499,0.293242658,0.372017447,0.196392876,0.283831994,0.34339405,0.177114914,0.191534064,0.157774861,0.322225131,0.32075053,0.170614614,0.083651716,0.212353713,1,0.297035955,0.357396035,0.256860921,0.312977599,0.071891195,0.00297059,0.033187726,0.005508412,0.005179471,0.057305755,0.055829545,0.166070395,0.104421382,0.088808165,0.05597237,0.008514329,0.193649239,0.024306473,0.004487199,0.003105576,0.017897788,0.0281707,0.01649927,0.023515667,0.013050672,0.024073335,0.00852365,0.045732768,0.01172949,0.064643174,0.032431747,0.046101499,0.008432279,0.215370677,0.006995875,0.020508606,0.018128829,0.020592374,0.018728731,0.055304112,0.059090711,0.006663272,0.080947474,0.052228536,0.003445943,0.032949568,0.016650168,0.032978912,0.051959271,0.093680738,0.021258874,0.030560315,0.013384916,0.006276474,0.010928474,0.005292259,0.003293029,0.03463109,0.016714949,0.017981155,0.024885632,0.013015212,0.178949837,0.007819169,0.129957689,0.004345858,0.001361204,0.011161144,0.031682005,0.002764217,0.000757196,0.010777324,0.000550054,0.089497946,0.04185189,0.048740601,0.083627899,0.00778679,0.057166042,0.009463596,0.006628985,0.001400252
Ruminococcus_sp_SR1_5,0.131380312,0.003884093,0.351512401,0.06306544,0.24879587,0.138264927,0.282941511,0.120011936,0.14837628,0.107664156,0.273254079,0.249304823,0.249952456,0.175427465,0.204166123,0.049570227,0.351331037,0.094563426,0.265447955,0.368034496,0.37634979,0.336413363,0.347443836,0.247642028,0.204014851,0.241859159,0.282359019,0.382667464,0.270939855,0.443562007,0.152363062,0.374380785,0.14281681,0.079701892,0.017986629,0.06718941,0.346922564,0.413398832,0.056841135,0.128591952,0.138313247,0.127547313,0.036321117,0.146027531,0.03998163,0.150245246,0.163246248,0.393059501,0.572278044,0.03773986,0.062264961,0.44126233,0.460897342,0.044512382,0.215809699,0.506555823,0.309182931,0.3033553,0.264993351,0.468689069,0.07579657,0.123454699,0.359533648,0.158869108,0.320833718,0.230273363,0.137508649,0.341925882,0.240563023,0.137374106,0.103591832,0.297035955,1,0.384653562,0.267390749,0.123185859,0.130860343,0.001157133,0.012927603,0.00214569,0.002017557,0.054276436,0.021747263,0.165445571,0.317492852,0.043368587,0.017894189,0.003316583,0.070089779,0.009468092,0.001747897,0.001209714,0.006971719,0.011879824,0.006426955,0.009160049,0.005083623,0.009377277,0.003320214,0.025557635,0.004568984,0.04814907,0.010059782,0.011160504,0.003284623,0.156933908,0.002725101,0.023092935,0.007681226,0.00802134,0.007295396,0.021427499,0.058517339,0.002595542,0.026614463,0.022683021,0.001342297,0.057267931,0.006485734,0.09121521,0.020239676,0.036491424,0.012251378,0.030892185,0.005213821,0.002444873,0.004256965,0.002061492,0.001282732,0.011010328,0.028958597,0.007004193,0.009597385,0.006209623,0.080253938,0.003045798,0.082668051,0.001692841,0.000530229,0.004347597,0.012666652,0.001076745,0.00029495,0.004198087,0.000214262,0.068281743,0.051245783,0.016438111,0.063473174,0.003033186,0.022267868,0.003686351,0.002582186,0.00054544
Ruminococcus_torques_L2_14,0.147644367,0.004682256,0.340065316,0.083275375,0.217694447,0.16035348,0.210400318,0.108576162,0.284463904,0.070541062,0.291457496,0.280416361,0.271899587,0.251096658,0.258003447,0.051948337,0.321076733,0.117100456,0.272340774,0.317819774,0.30553709,0.408605053,0.360061362,0.280708178,0.236956036,0.161676199,0.216017292,0.404903478,0.313026312,0.363596573,0.153456881,0.330548362,0.142027129,0.036198459,0.0216828,0.080996527,0.281266697,0.351864328,0.062321444,0.161118828,0.099249832,0.123609955,0.046227524,0.089595609,0.064148958,0.174424322,0.117575964,0.416826424,0.462866273,0.038466099,0.102117644,0.626053055,0.321123562,0.053099601,0.278398324,0.44272293,0.332596934,0.394242746,0.163240666,0.440794838,0.09441033,0.136969148,0.329150644,0.16101769,0.294480038,0.233120392,0.148359246,0.369576922,0.204743697,0.077953547,0.151328542,0.357396035,0.384653562,1,0.334407598,0.14937291,0.072253219,0.001394918,0.015584166,0.002586619,0.002432156,0.026793983,0.026216226,0.137316396,0.228393589,0.034716194,0.021742511,0.003998126,0.139236263,0.011413741,0.002107082,0.001458305,0.008404375,0.014321074,0.007747665,0.011042397,0.006128285,0.011304265,0.004002503,0.023908098,0.005507889,0.057203951,0.012881867,0.014025951,0.003959598,0.221965904,0.003285096,0.021131111,0.009259683,0.009669689,0.008794566,0.029271777,0.027370106,0.003128914,0.038011007,0.027344278,0.001618133,0.011064079,0.007818522,0.047449156,0.024398837,0.043990245,0.01476898,0.026100761,0.006285238,0.002947283,0.005131751,0.002485119,0.001546328,0.037929977,0.061427552,0.008443522,0.014128743,0.028685654,0.084078172,0.003671696,0.114280583,0.002040712,0.000639189,0.005241008,0.022637607,0.001298011,0.000355561,0.005060775,0.000258292,0.080784763,0.015373493,0.036882465,0.057143371,0.003656491,0.026843813,0.00444388,0.003112813,0.000657525
Streptococcus_thermophilus_LMD_9,0.207429371,0.006878294,0.28825284,0.044834699,0.184185931,0.173290771,0.161446219,0.243650659,0.146773271,0.071508344,0.249442168,0.243593637,0.236422497,0.116100865,0.294628599,0.081947167,0.277400662,0.207043669,0.120932733,0.273990341,0.283291883,0.239361805,0.373385693,0.212875108,0.103889791,0.117888748,0.1474199,0.264027452,0.233462483,0.199440751,0.077084272,0.173828262,0.138251012,0.128268872,0.031369335,0.105438478,0.160221977,0.186080051,0.09451602,0.153824569,0.173376793,0.158201682,0.064927093,0.199191551,0.097822306,0.116179812,0.15051376,0.267839732,0.28676252,0.062572364,0.214955697,0.279876,0.223265495,0.070817613,0.200910058,0.195238265,0.250999969,0.300250518,0.161539632,0.274631001,0.126726096,0.180417813,0.244819025,0.203989587,0.14037454,0.212007649,0.218206595,0.262278108,0.182121696,0.138236318,0.193608687,0.256860921,0.267390749,0.334407598,1,0.177227664,0.144826729,0.002049153,0.02289334,0.003799777,0.003572869,0.04480828,0.036241449,0.118111521,0.084454588,0.072758872,0.039818648,0.005873298,0.135012785,0.016766932,0.003095331,0.002142268,0.012346135,0.021037841,0.011381419,0.016007129,0.009002529,0.015282104,0.005879728,0.036280491,0.00809116,0.08674797,0.022371856,0.03193245,0.005816699,0.073450039,0.004825849,0.040895007,0.013602593,0.013730732,0.01291933,0.038742623,0.025542076,0.004596415,0.034406045,0.040169095,0.002377058,0.004512098,0.01148551,0.014269085,0.035842205,0.063320496,0.021695821,0.083026127,0.009233095,0.004329596,0.007538609,0.003650671,0.002271576,0.045936129,0.090237862,0.012403643,0.010201436,0.019795292,0.07521809,0.004676034,0.079246996,0.002997832,0.000938977,0.007699108,0.033254934,0.001906794,0.000522324,0.007434343,0.000379434,0.120213913,0.019444338,0.054180813,0.112403897,0.005371433,0.039433905,0.006528116,0.004432472,0.000965913
Subdoligranulum_variabile_DSM_15176,0.154296953,0.03061376,0.308036436,0.052845455,0.065902981,0.437526487,0.069274103,0.097232226,0.058006517,0.174639458,0.309209376,0.355054344,0.107759644,0.180201717,0.182042854,0.277260026,0.11011247,0.156593327,0.087917329,0.153241001,0.218837978,0.224077099,0.169434094,0.353947201,0.066380452,0.055626657,0.038922626,0.179276911,0.327691822,0.074180523,0.165599974,0.120394967,0.238072298,0.07412343,0.139617865,0.508244617,0.092428826,0.12217932,0.343599288,0.292926746,0.092771334,0.131268923,0.276996308,0.275338018,0.273534276,0.099039388,0.233958497,0.086608214,0.128083989,0.141199427,0.138355322,0.115328965,0.069308827,0.325246903,0.109273469,0.082923706,0.32535802,0.194840139,0.206646542,0.147887476,0.316031261,0.517124248,0.232162589,0.148334437,0.054734588,0.088134166,0.582488147,0.220934023,0.072451757,0.085401897,0.106882202,0.312977599,0.123185859,0.14937291,0.177227664,1,0.070501681,0.009120323,0.101486542,0.016911963,0.015902046,0.076556241,0.171408237,0.109477195,0.0785323,0.22755877,0.08286915,0.026140747,0.274884524,0.074625894,0.013776629,0.009534761,0.054949905,0.068821409,0.031552898,0.071142242,0.040068258,0.065321486,0.026169365,0.060571205,0.036011957,0.158717391,0.085750371,0.070003004,0.025888838,0.141423943,0.021478782,0.046491496,0.042156611,0.04585456,0.056595041,0.12281222,0.102717766,0.020457622,0.048708005,0.148246314,0.010579756,0.046945955,0.034534164,0.051158864,0.030591715,0.088159298,0.050862749,0.069633044,0.041094457,0.019270072,0.033552673,0.016248328,0.010110279,0.093843356,0.053144897,0.055205859,0.05271625,0.025870715,0.258707114,0.024006463,0.126972428,0.013342682,0.004179178,0.034267019,0.077837176,0.00819028,0.002324747,0.029794869,0.001688778,0.21032292,0.05699724,0.130727189,0.197591177,0.022044067,0.148768465,0.026222977,0.020352352,0.004299063
Clostridium_symbiosum_WAL_14163,0.258396337,0.005192726,0.082063995,0.023319415,0.160929234,0.079237156,0.044979511,0.174310809,0.016497851,0.029742441,0.093010721,0.103676047,0.267889738,0.151329351,0.177738714,0.057355985,0.209768425,0.031882961,0.068349138,0.097222043,0.131309023,0.091737431,0.144601533,0.10149387,0.081112526,0.275565723,0.037798091,0.107087784,0.104001134,0.046363034,0.03021057,0.074548226,0.03614196,0.272257288,0.025919561,0.046441235,0.074896721,0.105540648,0.080280951,0.069667584,0.585140189,0.277460632,0.049618499,0.306352103,0.056601301,0.026009224,0.130394509,0.075910893,0.073598973,0.098257305,0.025760231,0.07760032,0.169320113,0.043379891,0.014791071,0.085091617,0.071710757,0.038761551,0.096659979,0.053310429,0.10355954,0.095152672,0.085796288,0.22242647,0.180496534,0.013131586,0.128925723,0.091912129,0.073722768,0.575396104,0.280323944,0.071891195,0.130860343,0.072253219,0.144826729,0.070501681,1,0.001986468,0.016520119,0.00368354,0.003463573,0.067274105,0.027498078,0.13981474,0.073054763,0.056985833,0.068810074,0.005683212,0.039226836,0.014275657,0.00221712,0.002076735,0.011968461,0.008527458,0.008627821,0.014960476,0.008727137,0.004799072,0.005699865,0.118381697,0.007020238,0.04690932,0.020512426,0.070802562,0.001876673,0.082463897,0.004678224,0.003845388,0.001867876,0.012971831,0.011935739,0.0365965,0.031783122,0.004455808,0.00406245,0.023466209,0.002185803,0.001093857,0.007289724,0.010118014,0.004846615,0.009849859,0.004036695,0.010121145,0.00895065,0.004197152,0.002404353,0.003538996,0.001597072,0.009201389,0.009906707,0.012024209,0.012901986,0.00744954,0.011048046,0.000722948,0.008840922,0.002550876,0.000910253,0.00729249,0.018813255,0.001848465,0.000506346,0.005180916,0.000367827,0.031437499,0.022692261,0.010124486,0.05763311,0.005025379,0.02596158,0.005348124,0.00443288,0.000936365
Actinobacillus_pleuropneumoniae_sv_7_AP76,0.003573039,0.078834957,0.002852769,0.001862635,0.000654805,0.007846216,0.000879871,0.002840776,0.000904488,0.005479986,0.002996359,0.003545339,0.00134811,0.002713535,0.003278397,0.02330254,0.001234897,0.002803511,0.001592714,0.001443343,0.002339724,0.002203444,0.001575583,0.00384563,0.000965067,0.000630538,0.000376091,0.001697258,0.003281056,0.000712679,0.003739058,0.001162356,0.005275949,0.003669506,0.064332936,0.01722195,0.001705266,0.001169619,0.017676474,0.005511345,0.001546115,0.002381487,0.029652887,0.004645566,0.01952979,0.001779461,0.002947169,0.000827325,0.001148635,0.019166054,0.004504485,0.001066924,0.000675777,0.025995748,0.002832781,0.000852471,0.003230187,0.002219452,0.003469437,0.001356891,0.00787581,0.007580079,0.002434427,0.002625798,0.000675667,0.001453468,0.006938254,0.00201499,0.000931239,0.001442333,0.001623486,0.00297059,0.001157133,0.001394918,0.002049153,0.009120323,0.001986468,1,0.086604041,0.121134219,0.200814988,0.01286577,0.034436104,0.001906997,0.000824182,0.020584826,0.005035552,0.126907415,0.010007481,0.122213926,0.361616372,0.069654812,0.136399722,0.070388805,0.123794662,0.103179769,0.15211299,0.107765557,0.221631425,0.007203407,0.140476536,0.01432094,0.055938948,0.011737081,0.201165656,0.00368343,0.15735502,0.037440453,0.091130377,0.144256778,0.087912932,0.03370098,0.013643823,0.128402868,0.017896929,0.051013164,0.786886607,0.000554208,0.152315166,0.001722635,0.011292483,0.018360593,0.068356592,0.017640594,0.071518073,0.144797932,0.155885367,0.210645045,0.386379973,0.032685555,0.010780432,0.040867164,0.055772512,0.004229646,0.005193209,0.010361943,0.005359795,0.678257522,0.142073955,0.222288886,0.013131869,0.131723181,0.128841746,0.177074369,0.124490301,0.016574524,0.018691614,0.035662344,0.017766739,0.355633862,0.051577534,0.294287534,0.058062467,0.244764839
Actinomyces_odontolyticus_ATCC_17982,0.029172311,0.199926325,0.03187142,0.008601499,0.007315546,0.087447642,0.009830004,0.023555139,0.010069617,0.057962202,0.033475627,0.039608883,0.015061224,0.030315885,0.033355902,0.208069276,0.01304153,0.030604391,0.017412961,0.016125175,0.026139634,0.024617096,0.017602567,0.042963764,0.01058147,0.007044435,0.004201725,0.018961936,0.036656293,0.008593266,0.040121514,0.01258775,0.054800153,0.038614741,0.49456671,0.180927233,0.01922587,0.013067098,0.190378225,0.054440533,0.015926802,0.02352979,0.317435471,0.051900731,0.210133453,0.019871995,0.032926069,0.009190066,0.012761748,0.188049433,0.048603576,0.011676802,0.007531376,0.276074324,0.02426085,0.009523894,0.036009309,0.023612939,0.036228779,0.015159318,0.082403424,0.082582785,0.025405666,0.026885706,0.00740361,0.014912974,0.077514868,0.022511669,0.009995521,0.015169409,0.01813775,0.033187726,0.012927603,0.015584166,0.02289334,0.101486542,0.016520119,0.086604041,1,0.095949445,0.150311765,0.094386657,0.343551106,0.021505372,0.011013695,0.218048533,0.059049876,0.188092226,0.096164887,0.490472843,0.09000426,0.093328965,0.444322653,0.14728133,0.151863341,0.478074386,0.330892307,0.137148961,0.23565876,0.065911775,0.2955594,0.134336178,0.371313702,0.113356946,0.066898994,0.024242924,0.179548325,0.066283249,0.052050979,0.287815542,0.421028586,0.196821782,0.1096977,0.124260413,0.041624078,0.214377376,0.091203694,0.020961579,0.127457783,0.012738764,0.03396199,0.069903805,0.094322459,0.060260938,0.087275716,0.101430586,0.083560221,0.093436371,0.063633967,0.14091238,0.026114929,0.085063825,0.104643439,0.0117095,0.054138877,0.1332594,0.043824527,0.106375581,0.029856654,0.228656686,0.083982429,0.064684864,0.02281553,0.164314735,0.016574007,0.140398789,0.093953163,0.146523574,0.157274119,0.184768006,0.302342632,0.197003823,0.151951764,0.042191868
Anaerococcus_hydrogenalis_DSM_7454,0.006710905,0.113086052,0.005289935,0.003137487,0.001214215,0.014549365,0.001631558,0.005267696,0.001677206,0.010161626,0.005556197,0.006574179,0.002499823,0.005031751,0.006079185,0.043210277,0.002289889,0.005198595,0.002953395,0.002676415,0.004338588,0.004085881,0.002921628,0.007131013,0.00178954,0.001169217,0.000697391,0.003147253,0.006084116,0.001207788,0.0046365,0.002155376,0.007738279,0.006466852,0.119293602,0.03193494,0.004128762,0.002168843,0.032777771,0.010219777,0.002866986,0.00441603,0.054985827,0.008614348,0.036214405,0.003299684,0.005464983,0.001534123,0.002308765,0.035539923,0.008352738,0.001978415,0.001253104,0.048204335,0.005033496,0.001580751,0.005989788,0.004115566,0.006433433,0.002516104,0.012024965,0.014055863,0.004514197,0.00486906,0.001252899,0.00269519,0.012865716,0.003736428,0.001726812,0.002674542,0.003010456,0.005508412,0.00214569,0.002586619,0.003799777,0.016911963,0.00368354,0.121134219,0.095949445,1,0.302361611,0.026133955,0.057942492,0.003786423,0.002238246,0.042522805,0.007317564,0.186799358,0.018557034,0.161292821,0.121203076,0.173630283,0.191255091,0.077878651,0.105065641,0.204498408,0.207688639,0.066167888,0.240067801,0.029512965,0.135572119,0.022875822,0.142464229,0.02354526,0.064759053,0.007881961,0.374931748,0.027372068,0.030143479,0.123946168,0.114411695,0.074344332,0.019607457,0.67377812,0.046322731,0.034336641,0.13194318,0.001704752,0.062544424,0.001856074,0.013153218,0.025237615,0.057113588,0.011014612,0.054520504,0.085823859,0.052436337,0.092342734,0.085254295,0.024280047,0.011160941,0.040007535,0.065728477,0.012641342,0.020880593,0.016380484,0.009803047,0.146755582,0.128661029,0.331769063,0.061165945,0.20779873,0.129671604,0.171512014,0.098215652,0.020087236,0.021080112,0.03940917,0.030237306,0.223578034,0.056841538,0.14326359,0.10942953,0.188925045
Anaerofustis_stercorihominis_DSM_17244,0.005641591,0.197372502,0.004974041,0.004015385,0.001141707,0.013680533,0.001534128,0.00495313,0.00157705,0.009554813,0.005224403,0.006181595,0.002350543,0.004731275,0.00571616,0.040629926,0.002153146,0.004888155,0.00277703,0.002516589,0.004079505,0.003841888,0.00274716,0.006705177,0.001682676,0.001099396,0.000655746,0.002959311,0.005720796,0.001353705,0.007093287,0.002026665,0.009900326,0.006398091,0.112169849,0.030027909,0.003882208,0.002039328,0.030820409,0.009609491,0.002695781,0.004152322,0.051702286,0.008099932,0.034051821,0.00310264,0.005138635,0.001442511,0.002147055,0.033417616,0.007853945,0.001860271,0.001178273,0.045325759,0.004939191,0.001486355,0.005632101,0.0038698,0.006049254,0.002365852,0.013732133,0.013216502,0.004244627,0.004578299,0.001178081,0.002534244,0.012097425,0.003513303,0.001623694,0.002514828,0.002830684,0.005179471,0.002017557,0.002432156,0.003572869,0.015902046,0.003463573,0.200814988,0.150311765,0.302361611,1,0.031518194,0.087438411,0.006101388,0.002006627,0.044923936,0.013157781,0.318596732,0.01744888,0.213090191,0.192843196,0.362771881,0.28939169,0.065630412,0.115186351,0.220256187,0.396873907,0.108936421,0.576323834,0.021491852,0.236766478,0.037706445,0.149106217,0.02931406,0.105183401,0.009879296,0.44155934,0.032900641,0.048749723,0.214049702,0.247102878,0.055319499,0.023789146,0.40416449,0.036699415,0.067511755,0.219533002,0.001750122,0.106809915,0.003847818,0.023550785,0.027103542,0.091457709,0.020936149,0.076261182,0.186026103,0.098750107,0.181876839,0.137956147,0.043027642,0.019987796,0.066421763,0.098389042,0.010364055,0.014552123,0.020236171,0.015251643,0.234899869,0.203239997,0.334267551,0.032764629,0.155307325,0.146191672,0.135554162,0.106198796,0.028668074,0.031037162,0.042684855,0.031525423,0.289726783,0.085552719,0.271576583,0.240595483,0.240828056
Anaerostipes_caccae_DSM_14662,0.1246376,0.027846465,0.10753207,0.007201797,0.020492705,0.092737598,0.039778162,0.054573043,0.013761644,0.052552867,0.12753696,0.125133625,0.035092882,0.081839884,0.059953105,0.275501464,0.066339146,0.02411179,0.015822676,0.048958469,0.1270642,0.086603027,0.083802996,0.156849286,0.038598897,0.034242847,0.013300799,0.07978155,0.14642704,0.025822173,0.048379391,0.037589451,0.160870967,0.163693603,0.114647926,0.090904157,0.011237876,0.038868917,0.200568786,0.129931596,0.083965403,0.091781828,0.173527161,0.138329304,0.139053409,0.024645657,0.059769723,0.007909806,0.036478494,0.400197944,0.029561,0.035357522,0.030093921,0.148876254,0.01305669,0.02760832,0.062222882,0.016840604,0.023214521,0.046291279,0.089064598,0.158941005,0.085806246,0.055763812,0.019866968,0.009870224,0.143681911,0.051050845,0.024654967,0.078329279,0.031324789,0.057305755,0.054276436,0.026793983,0.04480828,0.076556241,0.067274105,0.01286577,0.094386657,0.026133955,0.031518194,1,0.096132196,0.015872612,0.037016404,0.102171179,0.032158341,0.042079018,0.068147899,0.082605592,0.01231585,0.014666825,0.079181057,0.066139439,0.068199371,0.102180158,0.070742196,0.027509848,0.051016187,0.3280787,0.043096746,0.13023465,0.077500285,0.048463654,0.01080615,0.022557557,0.043344312,0.02261744,0.01016995,0.106652496,0.089946725,0.222736625,0.347356942,0.03228567,0.029126902,0.053162575,0.013950037,0.003140494,0.05538868,0.013209968,0.007289203,0.031486187,0.023008716,0.020141777,0.022308326,0.017474785,0.015390967,0.012363646,0.008500842,0.034468873,0.011546421,0.033456754,0.106584715,0.010556639,0.015576801,0.003770687,0.016828977,0.017277961,0.008437661,0.060923517,0.060755782,0.017134484,0.004693608,0.040891802,0.003409603,0.100011575,0.375359031,0.037177203,0.202485412,0.039943775,0.102618435,0.038882775,0.041090916,0.008679707
Bifidobacterium_angulatum_DSM_20098,0.04024207,0.146263721,0.052331272,0.006511823,0.011849381,0.13387266,0.014106388,0.02444561,0.015016548,0.073073347,0.056313863,0.061866338,0.022014314,0.042426133,0.052039539,0.259933959,0.017606648,0.047495659,0.023344164,0.02712633,0.039330587,0.036928071,0.02961165,0.070190195,0.016363362,0.010433675,0.006391,0.031898428,0.06166449,0.015024528,0.077056879,0.021438359,0.108363416,0.051161715,0.42685313,0.270106957,0.025270973,0.021070559,0.277023601,0.079024147,0.025327945,0.037223724,0.429509375,0.087309213,0.286133778,0.030344338,0.055389378,0.014319889,0.021766862,0.198817927,0.057448129,0.020051876,0.01214217,0.349609441,0.030112366,0.014838082,0.060708442,0.039687148,0.051819288,0.025501531,0.129619432,0.14246074,0.042390819,0.040048572,0.010474726,0.018557025,0.130398206,0.037869911,0.016483569,0.024184225,0.030068411,0.055829545,0.021747263,0.026216226,0.036241449,0.171408237,0.027498078,0.034436104,0.343551106,0.057942492,0.087438411,0.096132196,1,0.045472035,0.021291317,0.406979244,0.113035844,0.152505783,0.091850982,0.31520311,0.042086844,0.055623014,0.253338782,0.051404144,0.056881106,0.265370765,0.192717461,0.085897054,0.136680752,0.056948536,0.146492181,0.140213799,0.35396429,0.122884309,0.025967372,0.045703683,0.095410677,0.028158223,0.02074983,0.130682424,0.196414428,0.157767091,0.119640174,0.074556075,0.027998123,0.124063942,0.039453613,0.009946361,0.05252716,0.047873209,0.029858181,0.066915522,0.055555467,0.073126047,0.178799052,0.04578037,0.041964309,0.059358306,0.025918198,0.101088099,0.017620178,0.207363418,0.135720508,0.013043883,0.079766659,0.034349904,0.04313321,0.045600016,0.024202008,0.120960153,0.150259028,0.018605083,0.013562631,0.050839586,0.009816198,0.095182108,0.069503733,0.076410915,0.204087587,0.07904346,0.22021674,0.074793944,0.107425504,0.025080844
Bifidobacterium_animalis_lactis_AD011,0.100118752,0.010313013,0.194667995,0.005706982,0.102070101,0.140826123,0.128071214,0.063296831,0.009074783,0.024428355,0.088529695,0.129614228,0.179948976,0.231786473,0.241472978,0.039764783,0.115187096,0.043384193,0.009661694,0.109355899,0.156513681,0.10833676,0.110648523,0.187565792,0.083882402,0.078237631,0.072409758,0.148959942,0.186674265,0.135729823,0.093450085,0.126388577,0.056276053,0.02388057,0.03577728,0.071236663,0.116161014,0.143769859,0.099684027,0.139196315,0.124511271,0.129702628,0.052826305,0.230927693,0.067465524,0.070649754,0.203689458,0.121246135,0.202444799,0.031955552,0.040507906,0.124150349,0.114753587,0.06423583,0.138022416,0.142245573,0.205264975,0.149174364,0.230528064,0.153843706,0.252919048,0.122331495,0.20119392,0.038178593,0.121551295,0.085512798,0.154957773,0.168399528,0.17256027,0.079842371,0.131548969,0.166070395,0.165445571,0.137316396,0.118111521,0.109477195,0.13981474,0.001906997,0.021505372,0.003786423,0.006101388,0.015872612,0.045472035,1,0.106468284,0.08892221,0.322998222,0.010865895,0.039125949,0.021451128,0.001889752,0.003596742,0.016430572,0.004396148,0.003747533,0.018995672,0.013158167,0.005606312,0.009032885,0.010697851,0.009550056,0.071684905,0.0339967,0.208729607,0.001555108,0.171905545,0.006581901,0.00313393,0.001419959,0.009226258,0.01547041,0.018000189,0.024769658,0.005449625,0.003910917,0.01361963,0.002278957,0.001571954,0.003595123,0.105984336,0.066098328,0.051075359,0.006025633,0.017917236,0.016615045,0.007614596,0.002812489,0.006187362,0.001395964,0.013342697,0.0301126,0.02284186,0.008697627,0.004835602,0.035795384,0.001007869,0.152214283,0.002753992,0.001722094,0.007439758,0.01618203,0.001436139,0.000966325,0.003087276,0.000696864,0.043281957,0.01478746,0.014220861,0.056108428,0.005411208,0.036172081,0.005976613,0.007727661,0.001786987
Bifidobacterium_bifidum_NCIMB_41171,0.084545239,0.003000861,0.199968076,0.015488571,0.124159624,0.085351802,0.141965619,0.029593074,0.217602122,0.067130684,0.195575689,0.17380797,0.136568743,0.072008942,0.092504098,0.022348141,0.143281717,0.028725225,0.113772714,0.241318653,0.202495844,0.224171233,0.187806454,0.142051722,0.140005302,0.174216862,0.157654381,0.255572107,0.149978683,0.449014033,0.253140201,0.531059342,0.118358716,0.063283188,0.01355892,0.034530603,0.10180405,0.500770718,0.044762999,0.136290098,0.173317336,0.077418158,0.026348282,0.110472136,0.042712851,0.034458577,0.328871427,0.414116521,0.373995018,0.019286364,0.018856973,0.351632567,0.211012055,0.029596609,0.051693272,0.404893861,0.168217849,0.119482073,0.180136966,0.259908317,0.039328576,0.092346164,0.209962039,0.084536735,0.116879532,0.106609451,0.099397671,0.213454751,0.195253699,0.169242375,0.031856401,0.104421382,0.317492852,0.228393589,0.084454588,0.0785323,0.073054763,0.000824182,0.011013695,0.002238246,0.002006627,0.037016404,0.021291317,0.106468284,1,0.042557238,0.017022688,0.003465073,0.072495876,0.008009773,0.001039214,0.001263875,0.006482251,0.002147976,0.002219552,0.008038387,0.004804814,0.003737518,0.00320708,0.011796768,0.003809826,0.016004862,0.0113618,0.012108049,0.000761272,0.066382561,0.00265902,0.001541415,0.000776528,0.004094045,0.005467891,0.009864627,0.071968305,0.002637458,0.002176424,0.013411908,0.000943075,0.049894785,0.001560719,0.095299093,0.000929548,0.003485126,0.001728023,0.005083721,0.005443636,0.0010139,0.001118351,0.001070368,0.000665019,0.030381011,0.001109628,0.007311014,0.008994366,0.026877939,0.034838015,0.003182164,0.030117256,0.001095166,0.000551211,0.004043333,0.016936253,0.000624595,0.000308156,0.001736097,0.000223855,0.016623886,0.051181164,0.023105375,0.017010423,0.001922374,0.009443871,0.001724315,0.002697796,0.00056986
Bifidobacterium_breve_DSM_20213,0.104693594,0.069616013,0.106919937,0.012423851,0.021410228,0.148120776,0.017517479,0.028383664,0.018542439,0.085993875,0.068762266,0.073487986,0.025479965,0.053000556,0.105798861,0.226195685,0.021874222,0.05793055,0.03122814,0.052677856,0.047856464,0.045046874,0.039386162,0.08234093,0.019260278,0.013052593,0.007981547,0.039592287,0.07361257,0.028688233,0.078157774,0.043564367,0.113629773,0.056355671,0.251320548,0.280577769,0.025839339,0.043836554,0.264217892,0.172552004,0.053346637,0.042690071,0.351977391,0.174112818,0.247198314,0.036332158,0.110457997,0.030133636,0.044020642,0.178362067,0.065906726,0.039987631,0.025305351,0.297529589,0.029568253,0.030785145,0.114543711,0.059320906,0.111719388,0.050855383,0.151459527,0.215526615,0.088127782,0.042266209,0.011833106,0.023483556,0.260041275,0.057259186,0.03244552,0.051044618,0.035864833,0.088808165,0.043368587,0.034716194,0.072758872,0.22755877,0.056985833,0.020584826,0.218048533,0.042522805,0.044923936,0.102171179,0.406979244,0.08892221,0.042557238,1,0.092763184,0.076474323,0.122567679,0.171538261,0.02509225,0.027277404,0.136402944,0.036811619,0.035020877,0.171134886,0.102212212,0.050820282,0.071841359,0.053997159,0.084929184,0.19289678,0.177707735,0.098190076,0.017419016,0.04533068,0.058011614,0.021411658,0.015181089,0.083815658,0.10534201,0.138177789,0.110857373,0.049988407,0.050163425,0.09869502,0.023157928,0.01380296,0.032040841,0.042248228,0.010731336,0.067033438,0.033410454,0.04503195,0.120221151,0.02162441,0.025469825,0.017924408,0.016987664,0.076163892,0.012318634,0.161503826,0.099217832,0.013638373,0.070372758,0.034630188,0.035528416,0.026372347,0.012226116,0.08966564,0.095515447,0.013795853,0.006801008,0.033698829,0.004940492,0.088696756,0.058691129,0.077830494,0.174622784,0.044453529,0.152434063,0.03946627,0.054857751,0.012576838
Bifidobacterium_dentium_ATCC_27678,0.032872338,0.020272033,0.036732716,0.007363034,0.084381025,0.102645872,0.111273138,0.018473421,0.012964036,0.042709203,0.056516157,0.077305333,0.158820993,0.286593221,0.092430862,0.078749081,0.049923731,0.035273275,0.016848692,0.027646626,0.056829547,0.044501465,0.045869991,0.071093146,0.110025645,0.080034513,0.047932273,0.061922572,0.058674127,0.0132867,0.048079353,0.017598588,0.057868328,0.036695525,0.082752618,0.093360272,0.01810733,0.017218801,0.137564729,0.065545402,0.051849326,0.112015215,0.114299431,0.069945728,0.127845651,0.023683136,0.071177245,0.012071087,0.018173225,0.068146081,0.039775528,0.026282919,0.010427977,0.096691278,0.022174503,0.012481786,0.046316723,0.034505047,0.036868359,0.020859904,0.370948639,0.125952846,0.030392761,0.034756358,0.085027013,0.014855324,0.097333354,0.032409901,0.119533381,0.022964835,0.143406856,0.05597237,0.017894189,0.021742511,0.039818648,0.08286915,0.068810074,0.005035552,0.059049876,0.007317564,0.013157781,0.032158341,0.113035844,0.322998222,0.017022688,0.092763184,1,0.022209285,0.047706185,0.052315208,0.006119857,0.007892894,0.038426199,0.009608105,0.008794322,0.044419589,0.029148027,0.014613358,0.020709436,0.018973236,0.026989963,0.051543661,0.073258011,0.428868958,0.004539258,0.02763652,0.013467646,0.007367495,0.004184596,0.023975135,0.033633457,0.034821592,0.045146572,0.010991078,0.007159523,0.036739169,0.005793523,0.004245815,0.008996243,0.018452364,0.005298029,0.014349556,0.012237585,0.032293399,0.025058481,0.015081746,0.006777022,0.007080153,0.003714152,0.029302384,0.012400521,0.030389286,0.022490143,0.007240095,0.034420562,0.004697566,0.024920749,0.006757968,0.003550647,0.016766841,0.034097237,0.002647159,0.001975114,0.00720586,0.001434793,0.042703738,0.028349613,0.029166687,0.077443623,0.011505108,0.058189801,0.013284497,0.016219255,0.003652502
Bifidobacterium_gallicum_DSM_20093,0.009138821,0.19551057,0.00817663,0.003195124,0.001876807,0.02248889,0.002521893,0.008003647,0.00259245,0.015706781,0.00858819,0.01016168,0.003863965,0.007777556,0.00939657,0.066789936,0.003539472,0.008035446,0.004548581,0.004136922,0.006706137,0.006315529,0.004515948,0.011022376,0.002766084,0.001807254,0.001077955,0.004864695,0.009404191,0.002291327,0.011988846,0.003331555,0.016526048,0.01051757,0.184391599,0.046575695,0.004993524,0.003352371,0.050664457,0.015796664,0.004431488,0.006825838,0.084991353,0.01331516,0.055976448,0.004721423,0.008447201,0.001999648,0.003568648,0.054933903,0.01127697,0.003058027,0.001936917,0.07450923,0.006142363,0.002142926,0.009258388,0.006361413,0.008815988,0.003889131,0.022573712,0.021726087,0.006977575,0.007526085,0.001936601,0.00363435,0.01988648,0.00577538,0.002669126,0.004134027,0.004653249,0.008514329,0.003316583,0.003998126,0.005873298,0.026140747,0.005683212,0.126907415,0.188092226,0.186799358,0.318596732,0.042079018,0.152505783,0.010865895,0.003465073,0.076474323,0.022209285,1,0.02579901,0.2464339,0.078021683,0.146610915,0.331984164,0.069753087,0.077602642,0.247906568,0.359415621,0.110026879,0.388196727,0.027654585,0.237017911,0.051595832,0.255985612,0.048607798,0.052462655,0.011090427,0.270403693,0.02661766,0.028106101,0.17558128,0.305733281,0.064287603,0.033842019,0.237607846,0.022765082,0.064389519,0.142434487,0.003157643,0.08232859,0.008214102,0.020863483,0.045776543,0.071875257,0.037436933,0.110747409,0.1178627,0.10705379,0.11463788,0.072750325,0.036743741,0.01721806,0.100845841,0.143800999,0.009038636,0.015467224,0.021398985,0.015497332,0.151941404,0.129218547,0.210915298,0.080665042,0.073159748,0.086726211,0.084019733,0.05891577,0.036131583,0.036068815,0.030372301,0.049162123,0.166540255,0.140898559,0.164781794,0.322653935,0.158678007
Blautia_hydrogenotrophica_DSM_10507,0.166433756,0.030611551,0.245819651,0.08604201,0.045860712,0.30527717,0.031781546,0.055038485,0.071440209,0.151011124,0.17623678,0.177212796,0.078820818,0.096556459,0.132413927,0.142999288,0.06374157,0.077024438,0.081550697,0.078263134,0.136380061,0.183906143,0.103987714,0.180482954,0.054724185,0.045748087,0.033709524,0.169598906,0.162826258,0.04509156,0.140559773,0.115890994,0.137853304,0.053197925,0.135841037,0.184406055,0.025363455,0.084106701,0.173502424,0.18596586,0.05510809,0.065984765,0.174662861,0.117806718,0.266971539,0.036311395,0.166361778,0.079769151,0.122506716,0.130365466,0.085280811,0.106511725,0.050441421,0.184270487,0.048553437,0.075973212,0.193723668,0.14477047,0.138741627,0.135587617,0.261121064,0.225499453,0.1087652,0.065331971,0.047205035,0.064750345,0.246608473,0.118471427,0.042331672,0.045900116,0.08730701,0.193649239,0.070089779,0.139236263,0.135012785,0.274884524,0.039226836,0.010007481,0.096164887,0.018557034,0.01744888,0.068147899,0.091850982,0.039125949,0.072495876,0.122567679,0.047706185,0.02579901,1,0.076974637,0.013905837,0.010462232,0.060295027,0.03138403,0.029344201,0.079220838,0.043965802,0.028116964,0.028714928,0.05865222,0.039514934,0.104083352,0.065727586,0.050327282,0.012039391,0.156727478,0.023568079,0.019379097,0.011630559,0.051015843,0.059017843,0.104565169,0.083946899,0.022447588,0.272700189,0.085589661,0.011608876,0.004233328,0.023116501,0.008601704,0.006759334,0.169629138,0.021638767,0.034223208,0.014810291,0.021144522,0.014596549,0.009466272,0.010791654,0.260715986,0.055570976,0.01671952,0.030607599,0.062605511,0.036699197,0.004803872,0.160843438,0.01464056,0.004585698,0.037600261,0.116839805,0.009312244,0.002550881,0.0269868,0.00185305,0.139874277,0.061264531,0.214144042,0.134454773,0.02607224,0.125629703,0.028433686,0.022332079,0.004717244
Butyrivibrio_fibrisolvens_16_4,0.021296249,0.232259947,0.02334242,0.00818186,0.005357858,0.064200672,0.007199431,0.021172538,0.007400856,0.04483929,0.02451733,0.029009287,0.011030742,0.022203156,0.026713163,0.189473636,0.010082362,0.022939371,0.012722222,0.011809973,0.019144497,0.0180294,0.012892005,0.03146638,0.007896542,0.005159298,0.003077316,0.013887598,0.026846829,0.006219863,0.031032309,0.009510834,0.044422075,0.030025271,0.524678871,0.140916431,0.016579217,0.009570257,0.144635512,0.042976789,0.012650892,0.018935474,0.242631,0.038011756,0.159800041,0.014560218,0.024114838,0.006769486,0.00972957,0.142475113,0.036857375,0.008729972,0.005529457,0.212706921,0.022850031,0.006975238,0.026430595,0.018160387,0.028388231,0.011102585,0.060921284,0.06107803,0.01991939,0.021485263,0.005518317,0.011335875,0.056771383,0.016487399,0.007608563,0.011801709,0.01328397,0.024306473,0.009468092,0.011413741,0.016766932,0.074625894,0.014275657,0.122213926,0.490472843,0.161292821,0.213090191,0.082605592,0.31520311,0.021451128,0.008009773,0.171538261,0.052315208,0.2464339,0.076974637,1,0.129811945,0.127767465,0.642950554,0.117538727,0.15996873,0.624699196,0.497678225,0.169071948,0.350377181,0.048298815,0.397271939,0.098988662,0.42477875,0.102538513,0.092914017,0.029995037,0.267516933,0.062840635,0.064153049,0.321848403,0.413335814,0.15751329,0.102849071,0.208840711,0.052210681,0.199239198,0.133068574,0.009042933,0.151596828,0.012095981,0.026484828,0.064049206,0.118108742,0.051322617,0.086021853,0.123783052,0.100035662,0.090612602,0.094368303,0.104888029,0.025846511,0.096954268,0.139194643,0.017513566,0.051730967,0.051309174,0.039025094,0.153189365,0.056001715,0.334713184,0.083122002,0.096240194,0.031152011,0.176614736,0.022629922,0.095470194,0.085914446,0.108169409,0.122581334,0.254779854,0.2595494,0.246763998,0.161632204,0.057608198
Campylobacter_concisus_13826,0.005551219,0.07633143,0.004309226,0.002504441,0.00098911,0.011852037,0.001329081,0.00429111,0.001366266,0.008277747,0.004526126,0.005355382,0.002036377,0.004098908,0.003537121,0.03519946,0.001865363,0.00423482,0.002228358,0.00218023,0.003534251,0.003328394,0.002379983,0.005808984,0.001457775,0.000952454,0.000568101,0.002563779,0.004956173,0.001201762,0.006299321,0.001755788,0.006883373,0.005542942,0.088901994,0.026014475,0.001875038,0.001766758,0.026701051,0.008325117,0.002335471,0.003597336,0.044791923,0.007017321,0.029500563,0.002687951,0.004451822,0.00124971,0.00188074,0.024651676,0.006804212,0.001611634,0.001020789,0.039267662,0.004279034,0.001287693,0.004879332,0.003352575,0.00524073,0.00204964,0.01189674,0.011450026,0.003677303,0.003966378,0.001020623,0.002195525,0.010480522,0.003043726,0.001406676,0.002178704,0.002452343,0.004487199,0.001747897,0.002107082,0.003095331,0.013776629,0.00221712,0.361616372,0.09000426,0.121203076,0.192843196,0.01231585,0.042086844,0.001889752,0.001039214,0.02509225,0.006119857,0.078021683,0.013905837,0.129811945,1,0.135461671,0.139117603,0.10500191,0.189420214,0.10698197,0.143496959,0.18571687,0.185888213,0.007073532,0.147620897,0.014135996,0.069683835,0.014530795,0.308766797,0.003301229,0.108614409,0.055726199,0.145172744,0.203229801,0.063871423,0.048943768,0.020609564,0.11243704,0.013581597,0.077057513,0.435356062,0.001029021,0.178132097,0.001964397,0.013076837,0.020295997,0.102511519,0.025933023,0.066617833,0.092716214,0.263510947,0.107545587,0.568084849,0.039631343,0.007146808,0.037687435,0.044166905,0.003914733,0.00850342,0.011812972,0.00559387,0.478352086,0.108294942,0.234649737,0.020832121,0.062128627,0.115350179,0.265925539,0.100688566,0.025038847,0.028156894,0.053175365,0.027537573,0.284179703,0.078494143,0.361619193,0.071997938,0.135660008
Campylobacter_hominis_ATCC_BAA_381,0.003833307,0.158462575,0.002982402,0.00163704,0.00068456,0.008202757,0.000919853,0.002969864,0.000945589,0.005729002,0.003132517,0.003706443,0.00140937,0.002836841,0.003427372,0.024361434,0.001291012,0.002930905,0.001665089,0.00150893,0.002446044,0.002303571,0.001647179,0.00402038,0.001008921,0.00065919,0.000393181,0.001774383,0.003430151,0.000835755,0.004372897,0.001215175,0.006027828,0.003836253,0.067256297,0.018004535,0.002327746,0.001222767,0.018479713,0.005761787,0.001616372,0.002489705,0.031000348,0.004856666,0.020417246,0.001860322,0.003081092,0.00086492,0.001301654,0.020036981,0.004709173,0.001115406,0.000706485,0.027177024,0.002961506,0.000891208,0.00337697,0.002320307,0.003627092,0.001418549,0.008233696,0.007924527,0.00254505,0.002745118,0.00070637,0.001519516,0.007253536,0.002106553,0.000973556,0.001507874,0.001697259,0.003105576,0.001209714,0.001458305,0.002142268,0.009534761,0.002076735,0.069654812,0.093328965,0.173630283,0.362771881,0.014666825,0.055623014,0.003596742,0.001263875,0.027277404,0.007892894,0.146610915,0.010462232,0.127767465,0.135461671,1,0.173517337,0.029459813,0.054364187,0.126397645,0.213649579,0.058713674,0.257473672,0.012605692,0.13556608,0.02033902,0.088517933,0.017929724,0.06173973,0.004844989,0.204906854,0.014088244,0.025649572,0.084989951,0.116121214,0.040147499,0.014263814,0.214228778,0.014688812,0.025467781,0.076444856,0.000600735,0.060178155,0.002209864,0.016417397,0.018742188,0.029854838,0.00743055,0.033981784,0.046305022,0.03644717,0.140267897,0.063476159,0.020294949,0.00802846,0.031275374,0.037077862,0.004610581,0.008716015,0.004438783,0.007937238,0.079459106,0.084398314,0.148047809,0.019065317,0.083142307,0.107238258,0.067199128,0.095970486,0.017329306,0.015797633,0.021661126,0.017722563,0.136591879,0.043143088,0.111092189,0.092697957,0.151007975
Candidatus_Sulcia_muelleri_GWSS,0.018453658,0.248634206,0.017187918,0.007930607,0.003945196,0.047273415,0.005301217,0.016706761,0.005449534,0.033016887,0.01805305,0.02136065,0.008122358,0.016349034,0.019752329,0.140397695,0.007440248,0.016891138,0.009456089,0.008696136,0.014096827,0.013275738,0.009492877,0.023169902,0.005814527,0.003798989,0.002265946,0.010225971,0.019768349,0.004607924,0.022500093,0.007003191,0.033737771,0.022108758,0.387605633,0.103762168,0.013034647,0.007046947,0.10650067,0.032521353,0.009315336,0.014101668,0.178658503,0.027989513,0.117666894,0.010721247,0.017756679,0.004984632,0.007328762,0.113231605,0.027139498,0.006428213,0.004071551,0.156624258,0.016419318,0.005136135,0.01946186,0.013372189,0.020903342,0.008175259,0.047451717,0.045669942,0.01466741,0.015820423,0.004070888,0.00862986,0.041802945,0.012140304,0.005610713,0.00869005,0.009781496,0.017897788,0.006971719,0.008404375,0.012346135,0.054949905,0.011968461,0.136399722,0.444322653,0.191255091,0.28939169,0.079181057,0.253338782,0.016430572,0.006482251,0.136402944,0.038426199,0.331984164,0.060295027,0.642950554,0.139117603,0.173517337,1,0.130220179,0.176381076,0.644013082,0.62274445,0.180685773,0.476240402,0.050317208,0.402475569,0.089341258,0.404939066,0.08867084,0.092651515,0.025749644,0.375554199,0.061161928,0.063333688,0.327331153,0.436597439,0.147600333,0.08220397,0.242596423,0.05100244,0.158538814,0.143887346,0.007375883,0.14787124,0.008906785,0.030882706,0.071327942,0.117385825,0.042354167,0.086508977,0.150128246,0.117407378,0.125408891,0.093134465,0.0855334,0.026061891,0.087069024,0.143778226,0.014818784,0.036176119,0.044071057,0.030210356,0.16505543,0.072817597,0.396318749,0.065427023,0.095011839,0.042306655,0.201721127,0.030733049,0.080231179,0.071016014,0.084992504,0.096031018,0.267261274,0.220951313,0.248944694,0.216697189,0.078236045
Citrobacter_koseri_ATCC_BAA_895,0.019366128,0.060689324,0.02928825,0.003295354,0.006722623,0.040059596,0.009033285,0.027613865,0.009286018,0.02961906,0.030762436,0.036398594,0.013840516,0.019580648,0.013848619,0.098065024,0.012678199,0.015477318,0.005836422,0.014710431,0.024021024,0.022621887,0.016175884,0.039481563,0.006431157,0.006473485,0.003861176,0.017425076,0.03368531,0.007442287,0.00930622,0.010439053,0.012579186,0.016242031,0.155042916,0.098119202,0.004624739,0.011545663,0.084554813,0.022733725,0.013098369,0.013564787,0.132730834,0.02704094,0.077726944,0.013274994,0.020876613,0.007662322,0.01004202,0.077996891,0.018250642,0.009704948,0.00628431,0.125401323,0.023025715,0.008105839,0.029977243,0.020681326,0.030070473,0.013930659,0.04408135,0.07301633,0.024993299,0.012928298,0.003589351,0.013629352,0.046869587,0.020687104,0.004205968,0.008718515,0.010444624,0.0281707,0.011879824,0.014321074,0.021037841,0.068821409,0.008527458,0.070388805,0.14728133,0.077878651,0.065630412,0.066139439,0.051404144,0.004396148,0.002147976,0.036811619,0.009608105,0.069753087,0.03138403,0.117538727,0.10500191,0.029459813,0.130220179,1,0.265506029,0.152511551,0.12798461,0.437060669,0.08840143,0.056290688,0.081896822,0.072686221,0.082763444,0.025611702,0.269760371,0.009938295,0.096633158,0.340192778,0.64573935,0.221240596,0.179387661,0.164594156,0.052577553,0.079572835,0.027068233,0.348213845,0.078619542,0.001739309,0.3022464,0.002247792,0.013945706,0.033768297,0.503677,0.161720231,0.03365231,0.033571955,0.331737619,0.034217888,0.102932512,0.037863773,0.008792678,0.020532929,0.095523274,0.007541205,0.011681334,0.010253273,0.009697969,0.101344403,0.022874099,0.145965289,0.063285391,0.087628062,0.020559039,0.331978249,0.012369504,0.136064462,0.064592184,0.205354202,0.153251931,0.165936883,0.209418358,0.191698398,0.071197422,0.026584101
Citrobacter_sp_30_2,0.020611106,0.057213131,0.01584487,0.004088673,0.003636922,0.027338968,0.004886984,0.015778257,0.003798577,0.024178654,0.016642401,0.019691548,0.007487684,0.015071535,0.014037818,0.119621412,0.006858874,0.01035841,0.005854577,0.006552951,0.012995313,0.012238384,0.008751112,0.021359426,0.004889952,0.003502139,0.001853348,0.009426922,0.018223668,0.00250932,0.010168176,0.004651116,0.012860515,0.018504149,0.163877947,0.079589642,0.004575487,0.004685032,0.073231483,0.021319444,0.008587444,0.006835985,0.110555895,0.025802437,0.100850835,0.009883498,0.012063499,0.003413905,0.003942697,0.085186488,0.017129068,0.004927609,0.003753404,0.09986448,0.00875795,0.00338859,0.017941128,0.007620528,0.012582416,0.005525302,0.025142017,0.024654675,0.012783023,0.013714586,0.003752792,0.004818742,0.0385365,0.011191671,0.003172476,0.008011018,0.008246113,0.01649927,0.006426955,0.007747665,0.011381419,0.031552898,0.008627821,0.123794662,0.151863341,0.105065641,0.115186351,0.068199371,0.056881106,0.003747533,0.002219552,0.035020877,0.008794322,0.077602642,0.029344201,0.15996873,0.189420214,0.054364187,0.176381076,0.265506029,1,0.180342917,0.190245224,0.213331293,0.160224432,0.057644305,0.133882681,0.057563002,0.084878699,0.022087396,0.288525912,0.008226998,0.13135673,0.123015263,0.186289001,0.481823043,0.153923427,0.187618865,0.046047804,0.126887952,0.025426593,0.166388716,0.137901653,0.001673851,0.633248056,0.003081889,0.019152152,0.02847022,0.145386612,0.042874394,0.054636521,0.056129679,0.245184025,0.054662457,0.189432473,0.039985595,0.009364659,0.034614091,0.243676833,0.007182613,0.011060572,0.01478046,0.009882245,0.178728369,0.042918837,0.20930833,0.135171394,0.143544105,0.037036191,0.539416279,0.022578451,0.087462983,0.08294231,0.090944551,0.098371462,0.275482677,0.271703874,0.339368624,0.084165903,0.046783418
Clostridium_difficile_630,0.023025726,0.259959489,0.022582979,0.008660429,0.005183541,0.061343062,0.006965199,0.020487239,0.007160071,0.043380451,0.023719663,0.028065475,0.010671859,0.02148078,0.025952324,0.177445836,0.009775643,0.022193043,0.012502024,0.011425738,0.018521635,0.017442817,0.012472566,0.030442627,0.00763963,0.004991441,0.002977196,0.013435767,0.025973373,0.005638236,0.025333127,0.009201401,0.039026891,0.028923401,0.484918136,0.134144457,0.015946054,0.00925889,0.139929822,0.042182955,0.012239297,0.017954142,0.234737043,0.03677505,0.154600975,0.014086504,0.023330266,0.006549242,0.008821094,0.148171295,0.035658227,0.008445944,0.005349558,0.205786539,0.020096311,0.0067483,0.025570681,0.017158212,0.027464625,0.010741365,0.060373962,0.057409661,0.019271316,0.020786244,0.005348686,0.010782643,0.054924336,0.015950984,0.007064631,0.011417742,0.012851778,0.023515667,0.009160049,0.011042397,0.016007129,0.071142242,0.014960476,0.103179769,0.478074386,0.204498408,0.220256187,0.102180158,0.265370765,0.018995672,0.008038387,0.171134886,0.044419589,0.247906568,0.079220838,0.624699196,0.10698197,0.126397645,0.644013082,0.152511551,0.180342917,1,0.538930471,0.148383242,0.362466853,0.07179438,0.412563468,0.108775278,0.403646775,0.097094026,0.074139452,0.028499636,0.297498483,0.068989882,0.053946278,0.384955418,0.505347641,0.183311565,0.098918272,0.245288739,0.06441732,0.19760638,0.109331867,0.005448025,0.143811451,0.008571041,0.02279729,0.069750737,0.10213179,0.053482187,0.068995331,0.119262997,0.09545142,0.081612576,0.071028591,0.116776748,0.024659748,0.073419881,0.176220187,0.018058861,0.038916366,0.020279073,0.034211105,0.12994654,0.057884993,0.347421509,0.097346267,0.117547911,0.03219962,0.226098815,0.023390942,0.087980276,0.080608408,0.122808167,0.119295941,0.268816493,0.245733008,0.245503329,0.19701019,0.0595455
Clostridium_hylemonae_DSM_15053,0.013772159,0.241743167,0.012533051,0.005903899,0.00287675,0.03447073,0.00386553,0.01237861,0.00397368,0.024075185,0.013163885,0.015575714,0.005922644,0.011921355,0.014402962,0.102374899,0.005425265,0.012316645,0.00699726,0.00634103,0.010279095,0.009680375,0.006921997,0.016894981,0.004239824,0.002770139,0.001652277,0.007456552,0.014414644,0.003264723,0.016302027,0.005106573,0.023743286,0.016121218,0.282633469,0.075661082,0.009179297,0.005138478,0.077657937,0.024212958,0.006792538,0.010037931,0.130273836,0.020409335,0.085800101,0.007817696,0.012947779,0.003634684,0.004979348,0.083772557,0.019789523,0.004687311,0.002968885,0.11420695,0.012157319,0.003745156,0.014191159,0.009750705,0.015242256,0.005961218,0.034600744,0.03228515,0.010695152,0.011535903,0.002968402,0.006222069,0.030481784,0.008852441,0.004068472,0.006336593,0.007132451,0.013050672,0.005083623,0.006128285,0.009002529,0.040068258,0.008727137,0.15211299,0.330892307,0.207688639,0.396873907,0.070742196,0.192717461,0.013158167,0.004804814,0.102212212,0.029148027,0.359415621,0.043965802,0.497678225,0.143496959,0.213649579,0.62274445,0.12798461,0.190245224,0.538930471,1,0.166473584,0.647704039,0.045781703,0.420501453,0.080963234,0.32297967,0.065522509,0.093847864,0.020080413,0.401358174,0.063058092,0.059866832,0.373224144,0.456381585,0.123393617,0.05994132,0.299292498,0.04762708,0.137893554,0.161624079,0.006169157,0.16098886,0.006210046,0.028129202,0.050879108,0.106528302,0.03702817,0.084864576,0.164284954,0.113089462,0.141235633,0.094852663,0.080284421,0.023234877,0.075343091,0.162577531,0.014102987,0.027526678,0.038393956,0.027800516,0.19528026,0.104301467,0.38294991,0.063268545,0.156300433,0.05801966,0.217956078,0.042147531,0.061078035,0.060755869,0.076090534,0.074831324,0.327970295,0.182464127,0.2867228,0.259088769,0.107293491
Clostridium_perfringens_ATCC_13124,0.014952704,0.070142309,0.023118528,0.005528059,0.005306468,0.036610686,0.007130377,0.020751504,0.00732987,0.026214742,0.024282169,0.028731041,0.010924939,0.017281914,0.010782548,0.086608606,0.01000747,0.01695987,0.005930584,0.011696696,0.01896087,0.017856469,0.01276835,0.031164566,0.005595354,0.005109812,0.003047799,0.013754393,0.026589325,0.006474183,0.016475014,0.009419609,0.016339143,0.012359976,0.138882983,0.113183195,0.007033479,0.009478463,0.065601062,0.026523133,0.011770639,0.010260706,0.087740447,0.023186361,0.058714298,0.011750161,0.018386756,0.006704556,0.010089962,0.045459992,0.018337008,0.008646238,0.005476421,0.096639617,0.019776367,0.006908334,0.026177083,0.01661163,0.028115941,0.010996093,0.032256531,0.061428139,0.01972833,0.010694516,0.003001869,0.011778751,0.041288381,0.016329258,0.004875735,0.007428412,0.009049541,0.024073335,0.009377277,0.011304265,0.015282104,0.065321486,0.004799072,0.107765557,0.137148961,0.066167888,0.108936421,0.027509848,0.085897054,0.005606312,0.003737518,0.050820282,0.014613358,0.110026879,0.028116964,0.169071948,0.18571687,0.058713674,0.180685773,0.437060669,0.213331293,0.148383242,0.166473584,1,0.175941667,0.014554637,0.184435992,0.036472753,0.116314437,0.031475587,0.318961773,0.008494908,0.086893897,0.254304301,0.575720306,0.165053319,0.101215669,0.047610731,0.047459062,0.069986176,0.020685111,0.341722941,0.130226091,0.004364424,0.288863485,0.002748297,0.01470712,0.024841272,0.4386167,0.131136107,0.041160062,0.055687333,0.373937843,0.06095313,0.124322471,0.052112391,0.014287248,0.028990491,0.050842551,0.008388981,0.01577944,0.010813532,0.014418894,0.154523843,0.031380983,0.150707571,0.017083433,0.021857886,0.029985063,0.187716213,0.022849082,0.130403244,0.060948325,0.204251074,0.130134017,0.134492711,0.22932306,0.18136863,0.039096071,0.055726212
Clostridium_phytofermentans_ISDg,0.00928816,0.217260982,0.008185581,0.004883158,0.001878862,0.02251351,0.002524654,0.008151169,0.002595288,0.015723976,0.008597592,0.010172804,0.003868195,0.007786071,0.009406857,0.066863055,0.003543347,0.008044243,0.004570048,0.004141451,0.006713479,0.006322443,0.004520892,0.011034443,0.002769113,0.001809232,0.001079135,0.00487002,0.009414487,0.002182399,0.011289231,0.003335203,0.015869542,0.010529084,0.184593463,0.049415737,0.006348973,0.003356041,0.050719922,0.015813958,0.00443634,0.006778795,0.085084397,0.013329737,0.056037729,0.005105891,0.008456448,0.002373883,0.003437593,0.054994042,0.012924925,0.003061375,0.001939037,0.074590799,0.00812823,0.002446035,0.009268524,0.006368377,0.009955016,0.003893389,0.022598425,0.021749872,0.006985213,0.007534324,0.001938721,0.004170504,0.019908251,0.005781703,0.002672048,0.004138553,0.004658344,0.00852365,0.003320214,0.004002503,0.005879728,0.026169365,0.005699865,0.221631425,0.23565876,0.240067801,0.576323834,0.051016187,0.136680752,0.009032885,0.00320708,0.071841359,0.020709436,0.388196727,0.028714928,0.350377181,0.185888213,0.257473672,0.476240402,0.08840143,0.160224432,0.362466853,0.647704039,0.175941667,1,0.030883169,0.400422911,0.05737921,0.237847495,0.046273392,0.118372071,0.015048495,0.447554049,0.050827797,0.062666083,0.303051746,0.331435743,0.078335162,0.039148852,0.335589316,0.042229842,0.109753674,0.233434207,0.004469778,0.153760557,0.004998874,0.027435943,0.037517393,0.109037718,0.027728542,0.090334051,0.19791299,0.105944894,0.179899102,0.132874143,0.063431831,0.02163104,0.075280668,0.130717593,0.012908455,0.022116571,0.034733426,0.022934394,0.267397033,0.143239286,0.414505915,0.037909142,0.138775587,0.088834662,0.180339764,0.064532637,0.043412763,0.045739694,0.05650266,0.049174245,0.311659018,0.133815803,0.294433217,0.209433628,0.16427847
Clostridium_ramosum_VPI_0427_DSM_1402,0.222681078,0.022172731,0.051573475,0.004215485,0.015610809,0.073867437,0.020760285,0.044391567,0.011716797,0.044223469,0.067469653,0.082716298,0.069791576,0.070637644,0.130038629,0.224375625,0.073592519,0.02056312,0.013146353,0.018464573,0.096527231,0.038993429,0.043606066,0.127407383,0.017926373,0.037576323,0.005319337,0.039232487,0.104220951,0.008341458,0.030173535,0.012952449,0.041637177,0.067588361,0.080482391,0.076019998,0.010062489,0.014183387,0.141618141,0.050225879,0.092139278,0.114155028,0.136162483,0.263274651,0.104982985,0.021480429,0.038328314,0.006363024,0.011596351,0.544085683,0.022814745,0.012834575,0.014035955,0.120663697,0.013186473,0.009993694,0.050324021,0.014537481,0.017361336,0.017601991,0.069734962,0.083592221,0.034127953,0.044829878,0.037408895,0.009759439,0.126869366,0.065054833,0.009506096,0.085954487,0.076613956,0.045732768,0.025557635,0.023908098,0.036280491,0.060571205,0.118381697,0.007203407,0.065911775,0.029512965,0.021491852,0.3280787,0.056948536,0.010697851,0.011796768,0.053997159,0.018973236,0.027654585,0.05865222,0.048298815,0.007073532,0.012605692,0.050317208,0.056290688,0.057644305,0.07179438,0.045781703,0.014554637,0.030883169,1,0.025909199,0.101955749,0.055488892,0.03333122,0.006816089,0.012893507,0.028950176,0.017402704,0.006361132,0.080156144,0.060074446,0.214214024,0.085175128,0.035883055,0.019875738,0.032154425,0.007515476,0.002148627,0.046212427,0.00407563,0.013733044,0.027412979,0.013908844,0.011220767,0.009038902,0.008722073,0.011598506,0.018892041,0.005056105,0.030265518,0.006382494,0.010765751,0.072741698,0.015334101,0.025527182,0.001571426,0.015261823,0.009663941,0.006973846,0.041973919,0.063445338,0.01536425,0.003989134,0.034041533,0.002800963,0.089213408,0.087064051,0.02566418,0.142938248,0.02771104,0.075996246,0.026161285,0.025090614,0.007266365
Clostridium_sp_7_2_43FAA,0.010654666,0.222687336,0.01126427,0.00467845,0.002585523,0.030981094,0.003474204,0.010328603,0.003571405,0.021451939,0.011831243,0.01399891,0.005323067,0.010714499,0.012944882,0.092011,0.004876039,0.011069772,0.006288894,0.005699097,0.009238493,0.008700385,0.00622125,0.015184621,0.003810607,0.002489704,0.00148501,0.00670169,0.012955381,0.003079782,0.014813927,0.00458961,0.022343094,0.01448919,0.254021135,0.066431158,0.008352499,0.004618285,0.069796254,0.020349439,0.006104897,0.00939032,0.117085594,0.0183432,0.077114147,0.007026274,0.011637013,0.003266727,0.004780657,0.072231716,0.017786135,0.004212792,0.002668331,0.102645236,0.010991935,0.003366016,0.01275452,0.008763595,0.013699209,0.005357736,0.031071506,0.029930242,0.00961243,0.010368068,0.002667896,0.00571725,0.027395968,0.007956267,0.003677035,0.005695109,0.006410399,0.01172949,0.004568984,0.005507889,0.00809116,0.036011957,0.007020238,0.140476536,0.2955594,0.135572119,0.236766478,0.043096746,0.146492181,0.009550056,0.003809826,0.084929184,0.026989963,0.237017911,0.039514934,0.397271939,0.147620897,0.13556608,0.402475569,0.081896822,0.133882681,0.412563468,0.420501453,0.184435992,0.400422911,0.025909199,1,0.060570016,0.246215452,0.054291438,0.079320008,0.014983726,0.231263545,0.051002623,0.052357612,0.260179744,0.277142003,0.054669295,0.04809773,0.153095814,0.028543562,0.130552227,0.15009089,0.005285609,0.104152202,0.004337803,0.01673086,0.021978866,0.055554018,0.021451754,0.049957557,0.10331127,0.051941666,0.109336831,0.075668803,0.084455527,0.019050297,0.055112098,0.090680415,0.011303144,0.03254117,0.027235714,0.024363957,0.17443123,0.061799094,0.21579397,0.037693783,0.065388339,0.062050507,0.141711685,0.046894928,0.046485549,0.037590234,0.056512937,0.05996578,0.172879787,0.139029755,0.165449609,0.110530948,0.115630131
Clostridium_spiroforme_DSM_1552,0.065776224,0.047384145,0.075665871,0.010197129,0.018626469,0.1949144,0.012141261,0.017839834,0.011163968,0.042943599,0.089937975,0.083068501,0.018337886,0.041229635,0.106125395,0.110238863,0.046332687,0.092146388,0.011946485,0.059314808,0.077508501,0.035652145,0.067058003,0.077840619,0.013571526,0.009924955,0.012892849,0.038907778,0.083588407,0.031884399,0.029390987,0.0274873,0.04755722,0.035225248,0.155818933,0.149034055,0.011397081,0.047369447,0.177481727,0.068902254,0.037954806,0.035974769,0.200862161,0.105030721,0.128429912,0.022572229,0.058343536,0.032908078,0.040218712,0.177014028,0.13711373,0.042719206,0.027254523,0.150030352,0.014250865,0.026851777,0.105724262,0.055938534,0.059007601,0.056307472,0.146427474,0.142380002,0.05998886,0.023564969,0.008866364,0.00994149,0.160945739,0.092593397,0.03650468,0.031789071,0.064623319,0.064643174,0.04814907,0.057203951,0.08674797,0.158717391,0.04690932,0.01432094,0.134336178,0.022875822,0.037706445,0.13023465,0.140213799,0.071684905,0.016004862,0.19289678,0.051543661,0.051595832,0.104083352,0.098988662,0.014135996,0.02033902,0.089341258,0.072686221,0.057563002,0.108775278,0.080963234,0.036472753,0.05737921,0.101955749,0.060570016,1,0.088553619,0.050303416,0.011847891,0.018004636,0.041646439,0.025323764,0.011033946,0.086366921,0.114991436,0.194479014,0.065988772,0.033303464,0.019970981,0.090641466,0.015596448,0.003858574,0.046084896,0.032152442,0.008526431,0.026284926,0.029549671,0.049788438,0.09637834,0.045280837,0.017201863,0.014253524,0.009166946,0.043236066,0.404250926,0.115092074,0.058753954,0.009474992,0.014114833,0.004455939,0.024052891,0.019515188,0.007848551,0.045712553,0.083066299,0.017490418,0.005547001,0.043309479,0.004029537,0.344776568,0.05754046,0.072535481,0.199547138,0.043246422,0.193261986,0.049507069,0.041289309,0.010257852
Collinsella_intestinalis_DSM_13280,0.034974572,0.162086334,0.023349612,0.006734646,0.007148906,0.085661952,0.009606088,0.019859167,0.006898451,0.042840606,0.032713091,0.038706638,0.014718147,0.029625324,0.035638564,0.195081057,0.013406114,0.022384331,0.012118735,0.015757862,0.025544204,0.024056347,0.017201601,0.041985099,0.010536233,0.006883971,0.004106014,0.018530005,0.035821305,0.007418759,0.03415756,0.009612455,0.047411298,0.030183239,0.387510751,0.122061468,0.015273945,0.009221385,0.192984903,0.058479919,0.016879887,0.026000156,0.281793423,0.050718492,0.213218696,0.013170042,0.032176051,0.005947158,0.010746725,0.1364282,0.032355966,0.011648266,0.005299619,0.194002332,0.01870355,0.006209976,0.034443609,0.024231121,0.025140969,0.012113174,0.085354936,0.082756374,0.018561367,0.028667451,0.007376666,0.010104184,0.075749169,0.02193286,0.010166911,0.015746835,0.017724593,0.032431747,0.010059782,0.012881867,0.022371856,0.085750371,0.020512426,0.055938948,0.371313702,0.142464229,0.149106217,0.077500285,0.35396429,0.0339967,0.0113618,0.177707735,0.073258011,0.255985612,0.065727586,0.42477875,0.069683835,0.088517933,0.404939066,0.082763444,0.084878699,0.403646775,0.32297967,0.116314437,0.237847495,0.055488892,0.246215452,0.088553619,1,0.182731602,0.044076053,0.023526876,0.187793761,0.037923318,0.03439768,0.177765773,0.261082534,0.16194463,0.082558965,0.16629809,0.048581811,0.10968965,0.064310195,0.010711985,0.076341584,0.011417492,0.039863379,0.074373781,0.066454646,0.077932251,0.072024481,0.070179309,0.063961139,0.102637751,0.043361129,0.078836503,0.017992784,0.077484132,0.116280609,0.015572881,0.049424741,0.054727406,0.033412425,0.07426108,0.030621196,0.222286117,0.130274499,0.044798655,0.022860629,0.095183122,0.016165139,0.08427334,0.070291345,0.071443047,0.130475284,0.129851022,0.218267027,0.109614264,0.138573812,0.043166346
Collinsella_stercoris_DSM_13279,0.036139908,0.03747436,0.02433651,0.006973608,0.038180173,0.101883977,0.051303246,0.020147536,0.007818725,0.040674456,0.046659231,0.073250422,0.078605224,0.158220002,0.094330318,0.11005616,0.049288004,0.023465078,0.013462305,0.020143847,0.052654838,0.039077441,0.039319388,0.062748498,0.056270872,0.036765231,0.021928995,0.056458357,0.048408735,0.008185564,0.033497074,0.010644334,0.044166097,0.02946714,0.12226965,0.083521192,0.016431226,0.010374957,0.174749372,0.067491792,0.048600128,0.117672167,0.139691828,0.058953285,0.166414753,0.014579004,0.063788839,0.0068953,0.011889234,0.082617757,0.032283398,0.020531371,0.006099499,0.108728545,0.01925227,0.00717597,0.034118723,0.025367009,0.026063687,0.013272503,0.45922044,0.130200126,0.019895906,0.029389087,0.039360193,0.011196634,0.091394709,0.022779288,0.054298434,0.016526132,0.094661756,0.046101499,0.011160504,0.014025951,0.03193245,0.070003004,0.070802562,0.011737081,0.113356946,0.02354526,0.02931406,0.048463654,0.122884309,0.208729607,0.012108049,0.098190076,0.428868958,0.048607798,0.050327282,0.102538513,0.014530795,0.017929724,0.08867084,0.025611702,0.022087396,0.097094026,0.065522509,0.031475587,0.046273392,0.03333122,0.054291438,0.050303416,0.182731602,1,0.01053407,0.021377383,0.037278478,0.015851718,0.010156583,0.048196895,0.063586698,0.066242437,0.057002469,0.028613413,0.022944635,0.045824343,0.013402307,0.010865775,0.019569556,0.008826437,0.015746521,0.039154088,0.020939853,0.040329423,0.019504559,0.014656404,0.015301044,0.022050505,0.009244369,0.038795762,0.010045512,0.022530488,0.034827377,0.010896948,0.036708933,0.020536859,0.025306015,0.015503735,0.006431398,0.047262915,0.044255182,0.009136667,0.00437159,0.022406567,0.003175677,0.059153622,0.0414575,0.035374113,0.077390989,0.027503936,0.08081826,0.024458875,0.030939811,0.00808421
Cronobacter_sakazakii_ATCC_BAA_894,0.006954075,0.054659432,0.008097834,0.001715253,0.001858721,0.017721362,0.00249759,0.008063791,0.002567468,0.012842343,0.008505428,0.010063755,0.003826729,0.007702607,0.002970254,0.035010352,0.003505363,0.007958011,0.001955042,0.004097056,0.006641512,0.006254668,0.004472429,0.010916158,0.002739429,0.001789838,0.001067567,0.004817815,0.009313566,0.002215207,0.005855234,0.00329945,0.005612126,0.005188238,0.0713152,0.048886016,0.001494981,0.003320065,0.031529424,0.01307693,0.004388783,0.00676006,0.050561244,0.011796776,0.033934944,0.005051157,0.008365798,0.002348436,0.003488803,0.020836488,0.009575123,0.003028558,0.001918251,0.057801127,0.008041098,0.002419814,0.009169169,0.00630011,0.009848302,0.003851653,0.021838293,0.02151672,0.006910334,0.004179128,0.001306631,0.004125798,0.019694841,0.005719725,0.00254287,0.003873561,0.004608408,0.008432279,0.003284623,0.003959598,0.005816699,0.025888838,0.001876673,0.201165656,0.066898994,0.064759053,0.105183401,0.01080615,0.025967372,0.001555108,0.000761272,0.017419016,0.004539258,0.052462655,0.012039391,0.092914017,0.308766797,0.06173973,0.092651515,0.269760371,0.288525912,0.074139452,0.093847864,0.318961773,0.118372071,0.006816089,0.079320008,0.011847891,0.044076053,0.01053407,1,0.003290221,0.09454605,0.139208259,0.405414902,0.144036549,0.057323732,0.048847291,0.022111266,0.07692972,0.011591857,0.136157069,0.232862241,0.000742828,0.487386249,0.001832661,0.013291097,0.020717655,0.237405923,0.062753644,0.0529675,0.066770671,0.634598117,0.080527563,0.335433087,0.028417689,0.007788576,0.024381292,0.035029885,0.003461252,0.004894492,0.006451522,0.004769902,0.267129669,0.05674837,0.185865033,0.011382966,0.067309357,0.055055647,0.415160952,0.033882772,0.046694248,0.046053189,0.104479834,0.051748201,0.201604829,0.146462503,0.280512191,0.050546892,0.056857362
Desulfovibrio_piger_ATCC_29098,0.111768436,0.009760808,0.176552183,0.134631668,0.072849916,0.215309581,0.04363073,0.07456789,0.04924872,0.088022594,0.105163976,0.136124185,0.113435787,0.160676796,0.101745769,0.052503727,0.112727432,0.034092994,0.112596711,0.125847789,0.162726298,0.177457153,0.120384468,0.192463079,0.096713021,0.081692598,0.060637787,0.18467535,0.199247579,0.055177318,0.126048391,0.131655256,0.070928528,0.018497489,0.037342228,0.077038625,0.163051548,0.113346924,0.079686988,0.064091903,0.049104601,0.056433479,0.056513217,0.056478618,0.046430888,0.066673468,0.051316022,0.125786871,0.155973243,0.031061403,0.027632245,0.149272434,0.108956667,0.089338683,0.087707408,0.137445427,0.182026322,0.164071244,0.152038059,0.14771483,0.115268095,0.092318813,0.123452013,0.049596862,0.108733114,0.060286314,0.098637283,0.176250586,0.051305461,0.064303473,0.087015076,0.215370677,0.156933908,0.221965904,0.073450039,0.141423943,0.082463897,0.00368343,0.024242924,0.007881961,0.009879296,0.022557557,0.045703683,0.171905545,0.066382561,0.04533068,0.02763652,0.011090427,0.156727478,0.029995037,0.003301229,0.004844989,0.025749644,0.009938295,0.008226998,0.028499636,0.020080413,0.008494908,0.015048495,0.012893507,0.014983726,0.018004636,0.023526876,0.021377383,0.003290221,1,0.014606589,0.006758591,0.00323138,0.01537753,0.020298862,0.030942121,0.026348655,0.009200597,0.167519849,0.054863456,0.003850984,0.001474466,0.006602463,0.158486952,0.002478123,0.100707006,0.009026532,0.009094495,0.002788477,0.007561498,0.004175824,0.003651611,0.002434406,0.010317797,0.007674609,0.007791207,0.012029432,0.007323172,0.064122844,0.001109873,0.141098036,0.004772476,0.002196997,0.015291159,0.005738283,0.004458738,0.001580938,0.008451811,0.001148449,0.0209196,0.016622515,0.015340804,0.028938796,0.009746182,0.024439798,0.010510107,0.006152161,0.002838611
Desulfovibrio_vulgaris_Miyazaki_F,0.007444011,0.174083002,0.006718402,0.004783971,0.001542096,0.0184782,0.002072136,0.006690158,0.00213011,0.012905618,0.007056564,0.008349436,0.003174862,0.006390499,0.007720777,0.054878556,0.002908239,0.006602397,0.003750915,0.00339914,0.005510158,0.005189212,0.003710569,0.009056635,0.002272778,0.001484946,0.000885711,0.00399712,0.007727039,0.001680676,0.007740239,0.002737403,0.012545916,0.008641856,0.149933733,0.040558486,0.005243672,0.002754506,0.04162891,0.012857265,0.003641172,0.005521866,0.069833914,0.010940522,0.045993555,0.004190714,0.006940719,0.00194839,0.002780551,0.045136939,0.010608268,0.002512656,0.001591485,0.061221183,0.006229124,0.002007609,0.007607239,0.005226912,0.008170684,0.00319554,0.018547895,0.017851436,0.005733187,0.006183876,0.001591226,0.003287556,0.016339907,0.004745394,0.002193112,0.003396761,0.003823384,0.006995875,0.002725101,0.003285096,0.004825849,0.021478782,0.004678224,0.15735502,0.179548325,0.374931748,0.44155934,0.043344312,0.095410677,0.006581901,0.00265902,0.058011614,0.013467646,0.270403693,0.023568079,0.267516933,0.108614409,0.204906854,0.375554199,0.096633158,0.13135673,0.297498483,0.401358174,0.086893897,0.447554049,0.028950176,0.231263545,0.041646439,0.187793761,0.037278478,0.09454605,0.014606589,1,0.040045809,0.046062192,0.228369035,0.250588163,0.068287554,0.031527391,0.340158321,0.0506428,0.06752694,0.152755665,0.002149162,0.099843614,0.005097337,0.015486001,0.038949896,0.067224277,0.022859459,0.052543415,0.120510186,0.07184754,0.113786227,0.098972051,0.034261848,0.016983259,0.073497409,0.094919297,0.01054227,0.014995663,0.016958178,0.01511038,0.185244823,0.106893529,0.437986069,0.034584389,0.181685465,0.10823457,0.194715081,0.078625416,0.032154841,0.033212682,0.05190553,0.036908878,0.258719413,0.090195712,0.203180297,0.161054473,0.154586492
Enterobacter_cancerogenus_ATCC_35316,0.010163776,0.017762487,0.039681384,0.002782179,0.013067963,0.023078806,0.017559609,0.056693455,0.018050891,0.017114381,0.05979844,0.067748917,0.026904282,0.012869571,0.006093447,0.043210842,0.024644879,0.012422508,0.003543115,0.028804848,0.046693953,0.043974201,0.031443954,0.060082656,0.004134326,0.012583669,0.007505657,0.033872232,0.048046209,0.015692352,0.007475288,0.022551177,0.009317222,0.008544206,0.068638912,0.071158305,0.00338712,0.023342119,0.03899819,0.016858016,0.009319859,0.008829902,0.05536695,0.015540332,0.041420452,0.008943703,0.013570808,0.016510962,0.024424503,0.031155894,0.01335599,0.011611056,0.013486498,0.060126477,0.052145382,0.017012796,0.047428823,0.044252233,0.069239673,0.027079509,0.02677049,0.104943482,0.048285413,0.006664242,0.001998396,0.028795535,0.028674984,0.040213218,0.003425063,0.005274946,0.006544383,0.020508606,0.023092935,0.021131111,0.040895007,0.046491496,0.003845388,0.037440453,0.066283249,0.027372068,0.032900641,0.02261744,0.028158223,0.00313393,0.001541415,0.021411658,0.007367495,0.02661766,0.019379097,0.062840635,0.055726199,0.014088244,0.061161928,0.340192778,0.123015263,0.068989882,0.063058092,0.254304301,0.050827797,0.017402704,0.051002623,0.025323764,0.037923318,0.015851718,0.139208259,0.006758591,0.040045809,1,0.332622333,0.087816872,0.057073041,0.051569929,0.029857536,0.034526813,0.015748243,0.227118838,0.042066159,0.00166412,0.153888074,0.002565911,0.011641659,0.020745621,0.45043483,0.451527622,0.023005225,0.019008475,0.158587117,0.01941432,0.053599183,0.029013323,0.007660994,0.014628663,0.031655891,0.005627506,0.008084724,0.002871016,0.007973089,0.053243772,0.013101954,0.06454339,0.017927395,0.029751959,0.011435168,0.132429612,0.007871126,0.234674691,0.045302175,0.14522106,0.322827042,0.066816805,0.12326934,0.08688441,0.023931919,0.014910908
Enterobacter_sp_638,0.00686642,0.029933554,0.018937121,0.001640446,0.004346696,0.017230987,0.005840718,0.018857509,0.00600413,0.012595436,0.019890297,0.023534509,0.008948965,0.010456139,0.00294248,0.032296183,0.008197437,0.009916602,0.0019475,0.009581136,0.015531452,0.014626801,0.010458961,0.025527887,0.00316929,0.004185609,0.002496549,0.011266661,0.021780161,0.005262926,0.005638461,0.007715902,0.005580601,0.005126839,0.058520206,0.06962366,0.001488324,0.00776411,0.029622532,0.012823807,0.00787058,0.007088307,0.04565624,0.011604644,0.031683985,0.007271063,0.010977352,0.005491915,0.008235588,0.019510955,0.0094263,0.007082408,0.00448591,0.052740722,0.018804441,0.005658836,0.021442481,0.014733068,0.023030661,0.00900725,0.021224749,0.050317741,0.016160103,0.004144866,0.001305073,0.009648349,0.023906086,0.013375814,0.002536367,0.003856264,0.004972777,0.018128829,0.007681226,0.009259683,0.013602593,0.042156611,0.001867876,0.091130377,0.052050979,0.030143479,0.048749723,0.01016995,0.02074983,0.001419959,0.000776528,0.015181089,0.004184596,0.028106101,0.011630559,0.064153049,0.145172744,0.025649572,0.063333688,0.64573935,0.186289001,0.053946278,0.059866832,0.575720306,0.062666083,0.006361132,0.052357612,0.011033946,0.03439768,0.010156583,0.405414902,0.00323138,0.046062192,0.332622333,1,0.100962094,0.040111144,0.042048414,0.02107261,0.037278217,0.010437155,0.327050212,0.106780027,0.000706757,0.297902608,0.001518401,0.01118583,0.017690666,0.587157102,0.15471559,0.033003053,0.038505339,0.428614534,0.039937687,0.143720383,0.025884626,0.0070938,0.015798364,0.024485535,0.002993652,0.004929084,0.002738193,0.004418863,0.125030773,0.023056895,0.106687313,0.008330785,0.028844584,0.025313013,0.231655588,0.015476258,0.108807032,0.042232345,0.190237177,0.121015313,0.106666438,0.155842452,0.15417417,0.03193325,0.02530477
Enterococcus_faecalis_TX1322,0.024971292,0.145229049,0.019775631,0.006323759,0.004539162,0.0396655,0.006099337,0.019692494,0.005233724,0.032863014,0.020771012,0.024576585,0.009345213,0.01881045,0.021429617,0.161535152,0.008560408,0.014302381,0.009433219,0.008843654,0.016219163,0.015274456,0.01092207,0.026658227,0.006422613,0.004370942,0.002450458,0.011765533,0.022744556,0.003711583,0.016061764,0.006186077,0.023352327,0.025437323,0.306750673,0.09828987,0.007948057,0.006540102,0.103078362,0.027416491,0.010717799,0.011365866,0.165307828,0.03220345,0.135382134,0.012335375,0.016732708,0.004726588,0.004826978,0.129770478,0.022921932,0.006459118,0.00468454,0.140262827,0.012576858,0.004740951,0.022391924,0.011101439,0.017027453,0.007677293,0.039686064,0.036543956,0.016653439,0.018202253,0.004683777,0.007120888,0.048096552,0.013968077,0.004343882,0.009998374,0.010825166,0.020592374,0.00802134,0.009669689,0.013730732,0.04585456,0.012971831,0.144256778,0.287815542,0.123946168,0.214049702,0.106652496,0.130682424,0.009226258,0.004094045,0.083815658,0.023975135,0.17558128,0.051015843,0.321848403,0.203229801,0.084989951,0.327331153,0.221240596,0.481823043,0.384955418,0.373224144,0.165053319,0.303051746,0.080156144,0.260179744,0.086366921,0.177765773,0.048196895,0.144036549,0.01537753,0.228369035,0.087816872,0.100962094,1,0.368947629,0.22190225,0.07057894,0.163143734,0.040030802,0.189654514,0.166717195,0.00143312,0.419113373,0.004658364,0.020346513,0.043981244,0.119282011,0.04264237,0.064679068,0.104852918,0.151201217,0.081043589,0.159914977,0.105420034,0.018074747,0.048291197,0.326228929,0.011363397,0.023339064,0.005105607,0.020893263,0.20702574,0.066102344,0.27520613,0.154161194,0.108675651,0.036770677,0.336817979,0.026711519,0.08903166,0.093809421,0.092630127,0.106150363,0.302749265,0.272981003,0.337789639,0.183514768,0.066146325
Enterococcus_sp_7L76,0.019163558,0.335639612,0.017985904,0.006403323,0.00412836,0.04882398,0.005547337,0.015848898,0.00570254,0.034549767,0.018891201,0.022352364,0.008499456,0.017108073,0.020669373,0.13996233,0.007724112,0.016270481,0.009456724,0.009099872,0.014751302,0.013892093,0.009933605,0.024245614,0.006084478,0.003975365,0.002371147,0.010700733,0.020686137,0.004382175,0.018274515,0.00664575,0.02815734,0.023135204,0.379261028,0.093338973,0.010935206,0.007374116,0.111445191,0.027830146,0.009747821,0.014153785,0.186953105,0.029288985,0.122112947,0.011219003,0.018581071,0.004919823,0.006141207,0.120836572,0.02558701,0.00622193,0.004075916,0.163895872,0.013988849,0.005320726,0.019481099,0.013614721,0.019696344,0.008554813,0.048878207,0.045335719,0.015348376,0.016554919,0.004250521,0.008255697,0.043743736,0.012703943,0.005295227,0.009093504,0.010235623,0.018728731,0.007295396,0.008794566,0.01291933,0.056595041,0.011935739,0.087912932,0.421028586,0.114411695,0.247102878,0.089946725,0.196414428,0.01547041,0.005467891,0.10534201,0.033633457,0.305733281,0.059017843,0.413335814,0.063871423,0.116121214,0.436597439,0.179387661,0.153923427,0.505347641,0.456381585,0.101215669,0.331435743,0.060074446,0.277142003,0.114991436,0.261082534,0.063586698,0.057323732,0.020298862,0.250588163,0.057073041,0.040111144,0.368947629,1,0.164064142,0.082886903,0.176891004,0.037152583,0.160327602,0.095522765,0.002053057,0.138160032,0.009106869,0.027519065,0.053025355,0.088857939,0.051095698,0.090148595,0.13932976,0.079313417,0.105508528,0.050275344,0.096824821,0.026378708,0.08280897,0.162335676,0.010946291,0.020695215,0.011994512,0.027822311,0.120441375,0.072680003,0.237299311,0.078284319,0.10399983,0.040429624,0.178944148,0.029369507,0.069882353,0.070164688,0.081123099,0.089077058,0.22699175,0.211700529,0.25414623,0.275615368,0.074764924
Escherichia_fergusonii_UMN026_ATCC_35469,0.08197385,0.059670514,0.055646389,0.013247422,0.013331143,0.106136111,0.018059795,0.034907016,0.014480907,0.068763028,0.06094823,0.075908906,0.026094474,0.055329399,0.064100197,0.276922564,0.025039076,0.030275331,0.019848541,0.021582984,0.048931092,0.04100555,0.034388238,0.083933675,0.01820488,0.013005351,0.005661313,0.033941332,0.071611448,0.006767747,0.02519796,0.014952339,0.036663571,0.044922833,0.237523267,0.165916688,0.013245084,0.015376404,0.188715275,0.057632406,0.033745091,0.040475983,0.31888623,0.09635908,0.212514796,0.024482444,0.046911217,0.011295965,0.015030192,0.312168243,0.03681615,0.014909352,0.011364279,0.260626791,0.020819494,0.010777699,0.053656524,0.029632397,0.037588075,0.020490344,0.120853075,0.11757682,0.040855086,0.041267147,0.013822793,0.017179369,0.147778663,0.043978621,0.011875727,0.031479973,0.031483575,0.055304112,0.021427499,0.029271777,0.038742623,0.12281222,0.0365965,0.03370098,0.196821782,0.074344332,0.055319499,0.222736625,0.157767091,0.018000189,0.009864627,0.138177789,0.034821592,0.064287603,0.104565169,0.15751329,0.048943768,0.040147499,0.147600333,0.164594156,0.187618865,0.183311565,0.123393617,0.047610731,0.078335162,0.214214024,0.054669295,0.194479014,0.16194463,0.066242437,0.048847291,0.030942121,0.068287554,0.051569929,0.042048414,0.22190225,0.164064142,1,0.077614462,0.090413625,0.100910695,0.079384783,0.037844585,0.006608535,0.149697634,0.021802155,0.035112956,0.127698587,0.050304807,0.026997992,0.101929405,0.019495284,0.057156801,0.058546256,0.04383889,0.05880427,0.007383874,0.089254407,0.137317208,0.024971066,0.048551471,0.027433656,0.021577024,0.049346246,0.019303149,0.119336062,0.2398158,0.042261137,0.009769042,0.124212365,0.0063247,0.115964139,0.078279396,0.064123745,0.171182344,0.092760484,0.182696505,0.09260483,0.085864042,0.013403261
Eubacterium_dolichum_DSM_3991,0.085099045,0.036395223,0.102928907,0.008781082,0.013472503,0.108915568,0.058425141,0.028630594,0.024386284,0.06310505,0.120574745,0.122184602,0.029520492,0.062118535,0.040432393,0.155851055,0.075574261,0.035754071,0.020474865,0.078712204,0.152038609,0.104375205,0.11547955,0.10535513,0.070732918,0.046043418,0.027564916,0.077796738,0.10000519,0.054331138,0.103596571,0.056818047,0.335638805,0.26375726,0.147727562,0.115094534,0.017427478,0.071869148,0.198284615,0.198046739,0.113319788,0.138795515,0.155484446,0.065252026,0.146677936,0.027171709,0.093486127,0.020014272,0.062678045,0.125520472,0.044727449,0.072794143,0.025220626,0.170136365,0.022643987,0.052505263,0.07264451,0.025768208,0.037115354,0.099450902,0.078582407,0.201112728,0.117896735,0.033249739,0.00898122,0.014678842,0.123216631,0.055590529,0.028983683,0.105713269,0.023307495,0.059090711,0.058517339,0.027370106,0.025542076,0.102717766,0.031783122,0.013643823,0.1096977,0.019607457,0.023789146,0.347356942,0.119640174,0.024769658,0.071968305,0.110857373,0.045146572,0.033842019,0.083946899,0.102849071,0.020609564,0.014263814,0.08220397,0.052577553,0.046047804,0.098918272,0.05994132,0.047459062,0.039148852,0.085175128,0.04809773,0.065988772,0.082558965,0.057002469,0.022111266,0.026348655,0.031527391,0.029857536,0.02107261,0.07057894,0.082886903,0.077614462,1,0.024236243,0.018390774,0.06980025,0.015827105,0.005088083,0.037453321,0.017342317,0.010006744,0.030905422,0.03403448,0.032572233,0.020640713,0.016310555,0.025513428,0.01438839,0.015124778,0.044930335,0.012005076,0.029976533,0.105443423,0.011611681,0.025703015,0.006747579,0.024025515,0.019960389,0.006251968,0.050985564,0.034750822,0.012695963,0.003477775,0.04319572,0.002526379,0.065482165,0.66529045,0.046810446,0.085149451,0.03576448,0.088191202,0.042344438,0.030446715,0.006431313
Finegoldia_magna_ATCC_29328,0.008139977,0.143282418,0.006398991,0.002929393,0.00146878,0.017599696,0.001973621,0.006372089,0.002028839,0.01229205,0.006721076,0.007952481,0.00302392,0.006086678,0.00735371,0.052269479,0.002769973,0.006288501,0.003572586,0.003237535,0.00524819,0.004942502,0.003534159,0.008626058,0.002164724,0.001414348,0.000843602,0.003807086,0.007359674,0.001434552,0.006440199,0.002607259,0.009501888,0.007721111,0.144303967,0.038630224,0.004994373,0.002623549,0.039649757,0.012362393,0.003468061,0.005341868,0.066513819,0.010420379,0.043806896,0.003991476,0.006610738,0.001855758,0.002758358,0.042991005,0.010103922,0.002393197,0.001515822,0.058310561,0.006354157,0.001912162,0.00724557,0.00497841,0.007782228,0.003043615,0.014708468,0.01700273,0.005460616,0.005889878,0.001515575,0.003260247,0.015563063,0.004519785,0.002088845,0.00323527,0.00364161,0.006663272,0.002595542,0.003128914,0.004596415,0.020457622,0.004455808,0.128402868,0.124260413,0.67377812,0.40416449,0.03228567,0.074556075,0.005449625,0.002637458,0.049988407,0.010991078,0.237607846,0.022447588,0.208840711,0.11243704,0.214228778,0.242596423,0.079572835,0.126887952,0.245288739,0.299292498,0.069986176,0.335589316,0.035883055,0.153095814,0.033303464,0.16629809,0.028613413,0.07692972,0.009200597,0.340158321,0.034526813,0.037278217,0.163143734,0.176891004,0.090413625,0.024236243,1,0.043390399,0.048443398,0.137741618,0.001805696,0.091564822,0.004012954,0.019596349,0.02833294,0.066623057,0.014798824,0.079464908,0.09836962,0.085060496,0.120838876,0.093424993,0.028211275,0.013340742,0.062250892,0.089214805,0.014521296,0.023459241,0.018383449,0.012701268,0.150631349,0.127740986,0.35085259,0.075220758,0.213753804,0.113637193,0.180012282,0.082550072,0.025566405,0.028509303,0.043630189,0.036489374,0.278092948,0.07337779,0.205041566,0.15182018,0.176870544
Fusobacterium_nucleatum_nucleatum_ATCC_25586,0.101339732,0.018921641,0.056965278,0.076532186,0.00569398,0.119405747,0.003440849,0.005808584,0.024646958,0.110837457,0.019676439,0.026043532,0.009635858,0.010816853,0.044466488,0.04461511,0.013747771,0.009935157,0.040514528,0.015497624,0.042546217,0.043972534,0.01743522,0.034944751,0.026297733,0.017181931,0.010248337,0.046249654,0.033326784,0.001453092,0.004842367,0.031673784,0.007900023,0.007038265,0.045778508,0.038009652,0.004797855,0.004520255,0.02882308,0.019266763,0.008528039,0.016644528,0.051149662,0.01656314,0.031112391,0.004803431,0.022449591,0.022544316,0.033759142,0.028807761,0.011015282,0.029073292,0.018414667,0.070529813,0.004671504,0.023229527,0.036471014,0.060479258,0.094540888,0.036974769,0.13668759,0.037666273,0.015736016,0.00946426,0.018411666,0.014817659,0.049268092,0.018779493,0.011951587,0.009089286,0.0442394,0.080947474,0.026614463,0.038011007,0.034406045,0.048708005,0.00406245,0.017896929,0.041624078,0.046322731,0.036699415,0.029126902,0.027998123,0.003910917,0.002176424,0.050163425,0.007159523,0.022765082,0.272700189,0.052210681,0.013581597,0.014688812,0.05100244,0.027068233,0.025426593,0.06441732,0.04762708,0.020685111,0.042229842,0.019875738,0.028543562,0.019970981,0.048581811,0.022944635,0.011591857,0.167519849,0.0506428,0.015748243,0.010437155,0.040030802,0.037152583,0.100910695,0.018390774,0.043390399,1,0.024123136,0.018761773,0.001145368,0.020931489,0.001426952,0.005280262,0.397245371,0.02087367,0.009646155,0.009750301,0.015100817,0.008604029,0.013886535,0.007622134,0.015523787,0.011176041,0.008691945,0.025171633,0.008882621,0.01211661,0.002302379,0.008408278,0.023353953,0.008184217,0.051882399,0.017425035,0.020612164,0.007875116,0.03211871,0.006491107,0.017712498,0.018615433,0.034438909,0.02358836,0.039246843,0.031979994,0.032647129,0.013748035,0.014429423
Haemophilus_influenzae_NTHi_86_028NP,0.023955659,0.088284515,0.055922208,0.025704319,0.012835998,0.107469139,0.014753078,0.033266523,0.013387561,0.046565586,0.05873698,0.06949851,0.026268064,0.044883642,0.044076237,0.143337165,0.023575816,0.031411194,0.021105546,0.028293543,0.045865106,0.043193631,0.030885804,0.075385048,0.015081727,0.012360301,0.007372427,0.033270978,0.064317838,0.00963211,0.024837545,0.022402607,0.031999724,0.030620954,0.221518854,0.182475926,0.023492212,0.022547528,0.187758913,0.041060383,0.026999896,0.024014491,0.221302808,0.058122572,0.153707941,0.020703525,0.036548486,0.016050203,0.022936218,0.117667368,0.03737299,0.020914684,0.013247104,0.176767848,0.030469279,0.016407188,0.047654273,0.02811484,0.046282701,0.026249881,0.064528108,0.117431966,0.045193866,0.027568235,0.009561674,0.017152328,0.09731995,0.039499407,0.010958698,0.022193728,0.018748088,0.052228536,0.022683021,0.027344278,0.040169095,0.148246314,0.023466209,0.051013164,0.214377376,0.034336641,0.067511755,0.053162575,0.124063942,0.01361963,0.013411908,0.09869502,0.036739169,0.064389519,0.085589661,0.199239198,0.077057513,0.025467781,0.158538814,0.348213845,0.166388716,0.19760638,0.137893554,0.341722941,0.109753674,0.032154425,0.130552227,0.090641466,0.10968965,0.045824343,0.136157069,0.054863456,0.06752694,0.227118838,0.327050212,0.189654514,0.160327602,0.079384783,0.06980025,0.048443398,0.024123136,1,0.05917628,0.004417289,0.209645872,0.004080971,0.012788167,0.027880269,0.336550254,0.175322876,0.029352795,0.077088938,0.176941169,0.030598075,0.054171286,0.09641865,0.026266141,0.024697225,0.094384589,0.01193449,0.022288479,0.007709231,0.035359712,0.074630297,0.015289062,0.097037454,0.059418755,0.033071419,0.012628301,0.13291844,0.009425792,0.18915609,0.096027656,0.247757277,0.21017653,0.10781853,0.319698467,0.152125498,0.037243906,0.022622112
Haemophilus_parasuis_SH0165,0.004113188,0.092333586,0.003309268,0.002045096,0.000759587,0.009101766,0.001020667,0.003295356,0.001049224,0.006356892,0.003475836,0.004112663,0.001563835,0.003147754,0.003486892,0.027031408,0.001432505,0.003252128,0.00184758,0.001674307,0.002714126,0.002556038,0.001827707,0.004461007,0.001119497,0.000731437,0.000436273,0.001968853,0.00380609,0.000870872,0.004567058,0.001348356,0.006417659,0.0042567,0.074627479,0.019977803,0.001839704,0.001356781,0.020505059,0.00639327,0.001793524,0.002762572,0.034397936,0.005388948,0.022654943,0.00206421,0.003418774,0.000959714,0.001395036,0.022233001,0.005225291,0.001237653,0.000783914,0.030155582,0.003286082,0.000988883,0.003747081,0.002574609,0.004024616,0.00157402,0.009136095,0.008793042,0.002823983,0.003045978,0.000783787,0.001686052,0.008048511,0.002337428,0.001080256,0.001673135,0.001883276,0.003445943,0.001342297,0.001618133,0.002377058,0.010579756,0.002185803,0.786886607,0.091203694,0.13194318,0.219533002,0.013950037,0.039453613,0.002278957,0.000943075,0.023157928,0.005793523,0.142434487,0.011608876,0.133068574,0.435356062,0.076444856,0.143887346,0.078619542,0.137901653,0.109331867,0.161624079,0.130226091,0.233434207,0.007515476,0.15009089,0.015596448,0.064310195,0.013402307,0.232862241,0.003850984,0.152755665,0.042066159,0.106780027,0.166717195,0.095522765,0.037844585,0.015827105,0.137741618,0.018761773,0.05917628,1,0.000679922,0.16291307,0.001844103,0.011441973,0.018991247,0.079683413,0.021557724,0.070121532,0.166911608,0.183997387,0.195759927,0.442036789,0.037611293,0.011526524,0.041959621,0.054236157,0.00438866,0.005809181,0.009163157,0.006329759,0.774160838,0.12739302,0.259880041,0.012148278,0.102425176,0.120489162,0.193623969,0.116599128,0.019200557,0.021682642,0.041197574,0.020653483,0.412213277,0.059803552,0.343117019,0.06826498,0.23121552
Helicobacter_pullorum_MIT_98_5489,0.029007401,0.000853729,0.074012779,0.000388841,0.012887342,0.017067417,0.057427309,0.003579887,0.073441175,0.444955279,0.050765152,0.038198327,0.047699664,0.005595527,0.00241633,0.010486816,0.010026066,0.007956383,0.129322696,0.015671234,0.01175004,0.0374539,0.03762444,0.014277689,0.002888659,0.004416297,0.019994161,0.041274761,0.021983786,0.064910708,0.009085639,0.047193563,0.0058128,0.003608003,0.008165066,0.041864401,0.180789424,0.027014952,0.011443865,0.01576255,0.001713349,0.007985984,0.014410609,0.011748779,0.011888879,0.003890548,0.011509769,0.01023935,0.059518883,0.005736266,0.007624579,0.02854205,0.054870657,0.017709962,0.016150798,0.00378406,0.062870388,0.060199492,0.141098014,0.078264949,0.010270211,0.014920298,0.011118982,0.009440116,0.026521676,0.118016454,0.046319517,0.025075603,0.075613312,0.001618322,0.003806852,0.032949568,0.057267931,0.011064079,0.004512098,0.046945955,0.001093857,0.000554208,0.020961579,0.001704752,0.001750122,0.003140494,0.009946361,0.001571954,0.049894785,0.01380296,0.004245815,0.003157643,0.004233328,0.009042933,0.001029021,0.000600735,0.007375883,0.001739309,0.001673851,0.005448025,0.006169157,0.004364424,0.004469778,0.002148627,0.005285609,0.003858574,0.010711985,0.010865775,0.000742828,0.001474466,0.002149162,0.00166412,0.000706757,0.00143312,0.002053057,0.006608535,0.005088083,0.001805696,0.001145368,0.004417289,0.000679922,1,0.000758472,0.000142353,0.000749156,0.001564552,0.002199779,0.000333235,0.000799269,0.000893769,0.000257549,0.000267495,0.000364535,0.001021689,0.000697301,0.000669535,0.000651518,0.001000471,0.101161344,0.032269366,0.002794936,0.00072646,0.000426861,0.00314104,0.000111671,0.000244673,0.000841175,0.001051878,0.000354618,0.014595044,0.002057647,0.00149827,0.007188306,0.001403236,0.00437829,0.001345362,0.000537579,0.001100715
Klebsiella_pneumoniae_342,0.017181363,0.065942324,0.015989782,0.002905123,0.003670184,0.025132743,0.004931679,0.01592256,0.004091845,0.023078462,0.016794607,0.01987164,0.007556164,0.015209375,0.011880556,0.096823167,0.006921603,0.01126931,0.004860694,0.007021979,0.013114165,0.012350312,0.008831147,0.021554772,0.00520339,0.003534169,0.001975193,0.009513138,0.018390336,0.002768054,0.008566925,0.005028074,0.009301922,0.015172228,0.128496585,0.086020457,0.003195137,0.005064355,0.061757678,0.020622747,0.008665982,0.008333877,0.094430145,0.024483397,0.086217653,0.009973889,0.013023342,0.003682074,0.004345782,0.071553477,0.015248615,0.005273968,0.003787731,0.091864849,0.010535447,0.00366486,0.018105212,0.008340244,0.013710361,0.005965606,0.029124021,0.02712103,0.013579036,0.011337526,0.00315367,0.005289536,0.038888942,0.011294027,0.003344678,0.007817733,0.008774819,0.016650168,0.006485734,0.007818522,0.01148551,0.034534164,0.007289724,0.152315166,0.127457783,0.062544424,0.106809915,0.05538868,0.05252716,0.003595123,0.001560719,0.032040841,0.008996243,0.08232859,0.023116501,0.151596828,0.178132097,0.060178155,0.14787124,0.3022464,0.633248056,0.143811451,0.16098886,0.288863485,0.153760557,0.046212427,0.104152202,0.046084896,0.076341584,0.019569556,0.487386249,0.006602463,0.099843614,0.153888074,0.297902608,0.419113373,0.138160032,0.149697634,0.037453321,0.091564822,0.020931489,0.209645872,0.16291307,0.000758472,1,0.003149441,0.023294145,0.028220021,0.221390179,0.063762162,0.058620171,0.065125583,0.413847537,0.090557605,0.18789183,0.038976665,0.010747033,0.032403548,0.212402019,0.005816487,0.009932588,0.004337687,0.009510453,0.199404488,0.044517725,0.167392738,0.121625183,0.105680774,0.034670682,0.427690709,0.027933341,0.092269737,0.09354043,0.117851105,0.101310421,0.244285198,0.289554906,0.333232862,0.053813039,0.055568053
Lactobacillus_acidophilus_NCFM,0.011190676,0.001321797,0.044252785,0.000518912,0.051617387,0.12314365,0.067634738,0.002648726,0.00290282,0.007849985,0.034096632,0.043813108,0.00301103,0.012587882,0.049141138,0.019698084,0.037460711,0.012021687,0.002052753,0.028021041,0.102713033,0.020044429,0.031379043,0.145711412,0.002671498,0.047893817,0.028754479,0.029273095,0.104217611,0.063017839,0.325505278,0.04608322,0.054595499,0.008348286,0.020048323,0.040643311,0.001671641,0.022252114,0.077186294,0.034432749,0.019160229,0.013728523,0.033643792,0.023724846,0.029766285,0.006730417,0.012974727,0.057213869,0.073042025,0.020120524,0.008580045,0.019917621,0.03109055,0.07153282,0.002265726,0.067199154,0.063609499,0.067212568,0.075652761,0.050835,0.048105667,0.044837343,0.070737347,0.008736177,0.051198656,0.000997357,0.031285728,0.055009024,0.06752365,0.016299041,0.00700889,0.032978912,0.09121521,0.047449156,0.014269085,0.051158864,0.010118014,0.001722635,0.012738764,0.001856074,0.003847818,0.013209968,0.047873209,0.105984336,0.095299093,0.042248228,0.018452364,0.008214102,0.008601704,0.012095981,0.001964397,0.002209864,0.008906785,0.002247792,0.003081889,0.008571041,0.006210046,0.002748297,0.004998874,0.00407563,0.004337803,0.032152442,0.011417492,0.008826437,0.001832661,0.158486952,0.005097337,0.002565911,0.001518401,0.004658364,0.009106869,0.021802155,0.017342317,0.004012954,0.001426952,0.004080971,0.001844103,0.000142353,0.003149441,1,0.00265039,0.004135139,0.002518577,0.003944825,0.046623571,0.001237732,0.003605474,0.002396457,0.002531753,0.001903638,0.002123041,0.056666186,0.002969029,0.00131211,0.000761634,0.00023155,0.001974295,0.002019432,0.002101211,0.003173762,0.028055364,0.001860714,0.001481724,0.003419351,0.000954304,0.00475408,0.00642406,0.002246336,0.025942295,0.002556756,0.007534065,0.00316807,0.010298783,0.001386553
Lactobacillus_casei_casei_BL23,0.054368143,0.021880056,0.049898441,0.001080165,0.003342872,0.020358256,0.015390023,0.002519139,0.000804437,0.00683554,0.023990723,0.049051882,0.02358011,0.006479453,0.057343212,0.019729248,0.021599869,0.006561169,0.001865839,0.02524585,0.040924659,0.038540947,0.027558881,0.067264805,0.001957837,0.004463066,0.006578292,0.029687131,0.05738972,0.013982982,0.006216857,0.001161995,0.007420101,0.005045772,0.029058331,0.033336707,0.038945428,0.015683012,0.030503163,0.053981056,0.027043459,0.037394823,0.029553164,0.018438576,0.027847345,0.003136875,0.010855974,0.014470942,0.021777917,0.020463277,0.005195353,0.018661819,0.011820167,0.028280018,0.049548834,0.014910771,0.024671875,0.038820954,0.00441273,0.023733687,0.011058539,0.008972466,0.042581125,0.012160325,0.011818241,0.025422955,0.030175188,0.033603281,0.001197119,0.002917027,0.006328215,0.051959271,0.020239676,0.024398837,0.035842205,0.030591715,0.004846615,0.011292483,0.03396199,0.013153218,0.023550785,0.007289203,0.029858181,0.066098328,0.000929548,0.010731336,0.005298029,0.020863483,0.006759334,0.026484828,0.013076837,0.016417397,0.030882706,0.013945706,0.019152152,0.02279729,0.028129202,0.01470712,0.027435943,0.013733044,0.01673086,0.008526431,0.039863379,0.015746521,0.013291097,0.002478123,0.015486001,0.011641659,0.01118583,0.020346513,0.027519065,0.035112956,0.010006744,0.019596349,0.005280262,0.012788167,0.011441973,0.000749156,0.023294145,0.00265039,1,0.340550136,0.017909134,0.006505358,0.017849567,0.012960629,0.013754381,0.080495496,0.015158348,0.035623318,0.004716191,0.014430851,0.01545218,0.002734632,0.064690991,0.002233534,0.137394736,0.012651808,0.009799962,0.021456615,0.005603029,0.008572042,0.006981506,0.020417388,0.00462602,0.019670918,0.011571342,0.009208507,0.019686175,0.0191439,0.018951164,0.02146243,0.011022278,0.009403806
Lactobacillus_delbrueckii_bulgaricus_ATCC_11842,0.117266562,0.056909286,0.089965134,0.047747275,0.009882478,0.149685787,0.015466763,0.011670991,0.017852331,0.105358286,0.04731076,0.074162701,0.028105032,0.020473491,0.090554192,0.073465886,0.030816764,0.019758235,0.031672599,0.035434982,0.07378572,0.069487971,0.03922079,0.087665273,0.020160499,0.01644309,0.011860429,0.053524853,0.078603028,0.012451135,0.016880812,0.02301057,0.022745636,0.014440627,0.075740505,0.083008551,0.031969534,0.020455174,0.071073598,0.078159171,0.029598357,0.049194196,0.095103151,0.039908165,0.065234454,0.01010053,0.036868214,0.02600469,0.039264818,0.052261763,0.020100552,0.033646602,0.021311346,0.112315617,0.041215763,0.026879593,0.065712527,0.069992815,0.068089698,0.042791003,0.146222619,0.054257963,0.048814737,0.024642861,0.021307873,0.034842694,0.087184703,0.046495585,0.014329069,0.01379583,0.03687148,0.093680738,0.036491424,0.043990245,0.063320496,0.088159298,0.009849859,0.018360593,0.069903805,0.025237615,0.027103542,0.031486187,0.066915522,0.051075359,0.003485126,0.067033438,0.014349556,0.045776543,0.169629138,0.064049206,0.020295997,0.018742188,0.071327942,0.033768297,0.02847022,0.069750737,0.050879108,0.024841272,0.037517393,0.027412979,0.021978866,0.026284926,0.074373781,0.039154088,0.020717655,0.100707006,0.038949896,0.020745621,0.017690666,0.043981244,0.053025355,0.127698587,0.030905422,0.02833294,0.397245371,0.027880269,0.018991247,0.001564552,0.028220021,0.004135139,0.340550136,1,0.025466455,0.020803216,0.020002957,0.012103767,0.029521878,0.047443904,0.021180312,0.03788393,0.007258748,0.015176486,0.029250522,0.005103935,0.060668663,0.001078563,0.110958357,0.020471897,0.007898039,0.049548408,0.02008567,0.009264008,0.00676111,0.033173813,0.004243791,0.03820886,0.026738449,0.028142226,0.042051558,0.027018149,0.049486561,0.027350241,0.026074591,0.008626597
Lactobacillus_fermentum_IFO_3956,0.008804462,0.037683472,0.030204271,0.004345552,0.00693288,0.02515325,0.00931581,0.029299066,0.009576448,0.018290925,0.031724563,0.037536997,0.014273392,0.013358841,0.006473365,0.052440406,0.013074722,0.012915685,0.003358736,0.01528169,0.024772306,0.02332941,0.016681801,0.040716389,0.004230895,0.00667595,0.003981938,0.017970063,0.034738853,0.008464108,0.010341395,0.012306685,0.010858479,0.009051219,0.098441565,0.084124192,0.00364097,0.012383576,0.045684917,0.017411249,0.009549552,0.009657597,0.06945789,0.016477522,0.049099718,0.009201077,0.014120496,0.008759477,0.0131723,0.037029784,0.014174126,0.011296277,0.007154923,0.073890029,0.029963097,0.009025712,0.034200261,0.023498902,0.036733372,0.014366355,0.029120685,0.080255634,0.02577499,0.006984584,0.001988172,0.015306731,0.030887816,0.021334114,0.0035621,0.00543409,0.006742647,0.021258874,0.012251378,0.01476898,0.021695821,0.050862749,0.004036695,0.068356592,0.094322459,0.057113588,0.091457709,0.023008716,0.055555467,0.006025633,0.001728023,0.033410454,0.012237585,0.071875257,0.021638767,0.118108742,0.102511519,0.029854838,0.117385825,0.503677,0.145386612,0.10213179,0.106528302,0.4386167,0.109037718,0.013908844,0.055554018,0.029549671,0.066454646,0.020939853,0.237405923,0.009026532,0.067224277,0.45043483,0.587157102,0.119282011,0.088857939,0.050304807,0.03403448,0.066623057,0.02087367,0.336550254,0.079683413,0.002199779,0.221390179,0.002518577,0.017909134,0.025466455,1,0.24350959,0.036926797,0.084043228,0.293120581,0.045742741,0.095116588,0.039911445,0.018841487,0.027453376,0.049949328,0.006556509,0.009600099,0.01318787,0.010286407,0.093979303,0.037106565,0.118058437,0.013376005,0.029187873,0.019187056,0.15951668,0.015058524,0.174378896,0.05838415,0.197079191,0.193016625,0.1192984,0.184512379,0.16995125,0.050423765,0.033670569
Lactobacillus_gasseri_ATCC_33323,0.014780897,0.036364393,0.046506518,0.006553714,0.026530924,0.045715958,0.034889099,0.104183946,0.0350181,0.02472942,0.07242943,0.077425447,0.053630099,0.022379915,0.017629179,0.067083923,0.050034685,0.01966538,0.005569559,0.045530774,0.076743017,0.083274542,0.063838347,0.070856832,0.007257303,0.025547699,0.015238184,0.065326162,0.057920994,0.032390666,0.019707059,0.025931066,0.022055409,0.018689615,0.08846796,0.085444619,0.004927975,0.046025004,0.076390143,0.028878039,0.015025864,0.017597779,0.097398973,0.030695041,0.080686878,0.01276842,0.023795555,0.031969793,0.042109613,0.048096148,0.021318276,0.015584709,0.016201066,0.087099159,0.051649243,0.025245656,0.05719236,0.089926206,0.115415164,0.054473585,0.049164695,0.12092163,0.052482323,0.014482949,0.00389619,0.054564181,0.048802336,0.081641939,0.007053732,0.010688406,0.012574698,0.030560315,0.030892185,0.026100761,0.083026127,0.069633044,0.010121145,0.017640594,0.060260938,0.011014612,0.020936149,0.020141777,0.073126047,0.017917236,0.005083721,0.04503195,0.032293399,0.037436933,0.034223208,0.051322617,0.025933023,0.00743055,0.042354167,0.161720231,0.042874394,0.053482187,0.03702817,0.131136107,0.027728542,0.011220767,0.021451754,0.049788438,0.077932251,0.040329423,0.062753644,0.009094495,0.022859459,0.451527622,0.15471559,0.04264237,0.051095698,0.026997992,0.032572233,0.014798824,0.009646155,0.175322876,0.021557724,0.000333235,0.063762162,0.003944825,0.006505358,0.020803216,0.24350959,1,0.011728296,0.046834685,0.086009314,0.011221852,0.024998523,0.031413088,0.024057527,0.014502672,0.031634453,0.004236848,0.002896708,0.000952024,0.013794624,0.026526752,0.005542688,0.029578487,0.035369954,0.00705044,0.004445845,0.045123202,0.002530724,0.212323832,0.047981509,0.13310282,0.290913857,0.033138879,0.141574515,0.048131066,0.02065245,0.007665093
Lactobacillus_helveticus_DPC_4571,0.016885279,0.03588227,0.012854038,0.001496384,0.002950427,0.021855337,0.001948734,0.00284507,0.00250323,0.009220182,0.0128189,0.00799298,0.002033173,0.004965341,0.01477184,0.030624119,0.001214001,0.009397179,0.001971008,0.006503432,0.003785951,0.003449737,0.007099278,0.011592285,0.001664398,0.00082715,0.000656978,0.007233688,0.012653548,0.003601794,0.013706494,0.005237358,0.025979707,0.008389494,0.090550768,0.061940174,0.001988279,0.005270081,0.079646856,0.024833082,0.006966503,0.0045919,0.083405458,0.020932043,0.046949873,0.005459579,0.013279388,0.003727773,0.005610078,0.041414296,0.008429444,0.004807359,0.003044922,0.06351668,0.002780504,0.003841074,0.014554612,0.010000433,0.015632629,0.006113893,0.035486913,0.034154407,0.010969068,0.003814415,0.000775198,0.001359568,0.031262461,0.009079164,0.004195989,0.006498881,0.005302839,0.013384916,0.005213821,0.006285238,0.009233095,0.041094457,0.00895065,0.071518073,0.087275716,0.054520504,0.076261182,0.022308326,0.178799052,0.016615045,0.005443636,0.120221151,0.025058481,0.110747409,0.014810291,0.086021853,0.066617833,0.033981784,0.086508977,0.03365231,0.054636521,0.068995331,0.084864576,0.041160062,0.090334051,0.009038902,0.049957557,0.09637834,0.072024481,0.019504559,0.0529675,0.002788477,0.052543415,0.023005225,0.033003053,0.064679068,0.090148595,0.101929405,0.020640713,0.079464908,0.009750301,0.029352795,0.070121532,0.000799269,0.058620171,0.046623571,0.017849567,0.020002957,0.036926797,0.011728296,1,0.051227181,0.06537803,0.065844874,0.077426797,0.016674742,0.007551745,0.682502664,0.038196262,0.003250372,0.003921306,0.00611886,0.004844411,0.075065747,0.053318224,0.069956946,0.144725759,0.037317839,0.045486757,0.069568223,0.032624946,0.013166793,0.019740338,0.01750184,0.065184984,0.079597577,0.042821307,0.08210486,0.163183184,0.056368448
Lactobacillus_hilgardii_ATCC_8290,0.002590758,0.095751765,0.006027534,0.005450595,0.001383519,0.016578047,0.001223506,0.002685082,0.001517304,0.006909851,0.006330922,0.007490846,0.002059477,0.005733351,0.006926833,0.037606048,0.002609179,0.005923458,0.001594377,0.003049599,0.004943537,0.004655594,0.003329004,0.008125322,0.001561149,0.001332246,0.000794632,0.003586088,0.006932451,0.001689089,0.004821099,0.00245591,0.005992579,0.007753195,0.123318659,0.036387769,0.00248196,0.002471254,0.037348119,0.005498686,0.003266743,0.005031776,0.058550786,0.009815484,0.041263938,0.003759773,0.00622699,0.001748032,0.002630686,0.027139411,0.009517397,0.002254274,0.001427829,0.054925676,0.00340288,0.001801162,0.00682497,0.004689417,0.007330475,0.002866935,0.016640575,0.016015734,0.005143631,0.004652182,0.00075552,0.001681938,0.014659639,0.004257415,0.001967589,0.003047465,0.003430218,0.006276474,0.002444873,0.002947283,0.004329596,0.019270072,0.004197152,0.144797932,0.101430586,0.085823859,0.186026103,0.017474785,0.04578037,0.007614596,0.0010139,0.02162441,0.015081746,0.1178627,0.021144522,0.123783052,0.092716214,0.046305022,0.150128246,0.033571955,0.056129679,0.119262997,0.164284954,0.055687333,0.19791299,0.008722073,0.10331127,0.045280837,0.070179309,0.014656404,0.066770671,0.007561498,0.120510186,0.019008475,0.038505339,0.104852918,0.13932976,0.019495284,0.016310555,0.09836962,0.015100817,0.077088938,0.166911608,0.000893769,0.065125583,0.001237732,0.012960629,0.012103767,0.084043228,0.046834685,0.051227181,1,0.053185023,0.11869652,0.108124654,0.031944078,0.038998376,0.03631792,0.049743888,0.003573302,0.004591717,0.002907345,0.007005158,0.164018483,0.061375111,0.106511881,0.006090261,0.042400779,0.068304733,0.065095017,0.040769966,0.034887943,0.028396026,0.075198173,0.038518205,0.196649457,0.10979375,0.241003505,0.107836184,0.116180846
Lactobacillus_johnsonii_NCC_533,0.007939983,0.081138359,0.010495025,0.002097513,0.002408956,0.019726686,0.003236948,0.010450903,0.003327511,0.014262505,0.011023278,0.013042914,0.00495955,0.009982798,0.003836232,0.040548339,0.004543051,0.010313809,0.002378653,0.005309902,0.00860759,0.008106229,0.005796396,0.014147652,0.003435217,0.002319681,0.001383597,0.006244026,0.012070648,0.002909982,0.00714488,0.004276182,0.00728251,0.00615376,0.084128552,0.063357673,0.001992005,0.004302899,0.035826798,0.014504662,0.005687989,0.00777403,0.057319593,0.0130056,0.038639438,0.006546444,0.010842313,0.00304364,0.004570955,0.025538461,0.010750919,0.003925097,0.002486109,0.063730507,0.010003211,0.003136148,0.011883504,0.008165122,0.01276368,0.004991852,0.023840624,0.027886284,0.00895599,0.004873284,0.001487032,0.005347152,0.025525077,0.007412927,0.00279094,0.004256525,0.005429378,0.010928474,0.004256965,0.005131751,0.007538609,0.033552673,0.002404353,0.155885367,0.083560221,0.052436337,0.098750107,0.015390967,0.041964309,0.002812489,0.001118351,0.025469825,0.006777022,0.10705379,0.014596549,0.100035662,0.263510947,0.03644717,0.117407378,0.331737619,0.245184025,0.09545142,0.113089462,0.373937843,0.105944894,0.011598506,0.051941666,0.017201863,0.063961139,0.015301044,0.634598117,0.004175824,0.07184754,0.158587117,0.428614534,0.151201217,0.079313417,0.057156801,0.025513428,0.085060496,0.008604029,0.176941169,0.183997387,0.000257549,0.413847537,0.003605474,0.013754381,0.029521878,0.293120581,0.086009314,0.06537803,0.053185023,1,0.065409864,0.260940737,0.026260123,0.00580888,0.047002441,0.0577784,0.003526302,0.003514309,0.00164497,0.005750414,0.210831916,0.047570583,0.146583679,0.034915373,0.057108926,0.033174466,0.327779928,0.022986472,0.060981554,0.04888566,0.122879434,0.067067146,0.163724095,0.191170735,0.249789527,0.124994064,0.036084591
Lactobacillus_paracasei_ATCC_25302,0.00647157,0.129267121,0.005082355,0.001466898,0.001166569,0.01397844,0.001567535,0.00310155,0.000965511,0.008334615,0.005338169,0.006316205,0.002401728,0.004834303,0.005840635,0.030767477,0.002200033,0.004994599,0.002176289,0.002571391,0.00416834,0.003925549,0.002806982,0.006851189,0.001719318,0.001123336,0.000670025,0.003023753,0.005845372,0.001375482,0.007076579,0.001375573,0.008836381,0.005946214,0.067680079,0.030681795,0.003966747,0.002083736,0.031491553,0.009818747,0.002754484,0.004242743,0.04828937,0.008276316,0.034793332,0.003170203,0.005250534,0.001473923,0.002180961,0.029820787,0.006310132,0.001900781,0.001203931,0.044219208,0.005046746,0.001518722,0.005754745,0.003954069,0.005228939,0.002417371,0.013743291,0.011301041,0.004337057,0.004677996,0.001203735,0.002589429,0.012360858,0.003589808,0.001368819,0.002569591,0.002892324,0.005292259,0.002061492,0.002485119,0.003650671,0.016248328,0.003538996,0.210645045,0.093436371,0.092342734,0.181876839,0.012363646,0.059358306,0.006187362,0.001070368,0.017924408,0.007080153,0.11463788,0.009466272,0.090612602,0.107545587,0.140267897,0.125408891,0.034217888,0.054662457,0.081612576,0.141235633,0.06095313,0.179899102,0.018892041,0.109336831,0.014253524,0.102637751,0.022050505,0.080527563,0.003651611,0.113786227,0.01941432,0.039937687,0.081043589,0.105508528,0.058546256,0.01438839,0.120838876,0.013886535,0.030598075,0.195759927,0.000267495,0.090557605,0.002396457,0.080495496,0.047443904,0.045742741,0.011221852,0.065844874,0.11869652,0.065409864,1,0.124944023,0.06114193,0.011585395,0.04471222,0.052908234,0.004040779,0.020574562,0.003220065,0.01658591,0.185064759,0.089546602,0.117588127,0.009957743,0.074391099,0.071205069,0.074540925,0.066201284,0.02757434,0.017981626,0.021432113,0.028364563,0.152182726,0.042060698,0.133291097,0.055221616,0.149354518
Lactobacillus_reuteri_SD2112_ATCC_55730,0.004151711,0.05614842,0.00316242,0.0015895,0.00072588,0.008697875,0.000975375,0.003149125,0.001002664,0.006074805,0.003321596,0.003930164,0.00149444,0.003008073,0.002514727,0.02583189,0.001368937,0.003107815,0.001730933,0.001600009,0.002593687,0.002442614,0.001746603,0.00426305,0.00106982,0.000698979,0.000416913,0.001881485,0.003637195,0.000882552,0.004629191,0.001288523,0.005087304,0.004067809,0.069344285,0.019091289,0.001180452,0.001296574,0.019595148,0.006109569,0.001713937,0.002639983,0.032871528,0.005149814,0.021649631,0.001972611,0.003267066,0.000917127,0.001380222,0.018718844,0.004993419,0.001182732,0.000749128,0.028817429,0.003140262,0.000945002,0.003580804,0.00246036,0.003846024,0.001504173,0.008730681,0.008402851,0.002698669,0.002910813,0.000749006,0.001611234,0.007691359,0.002233705,0.00103232,0.00159889,0.001799706,0.003293029,0.001282732,0.001546328,0.002271576,0.010110279,0.001597072,0.386379973,0.063633967,0.085254295,0.137956147,0.008500842,0.025918198,0.001395964,0.000665019,0.016987664,0.003714152,0.072750325,0.010791654,0.094368303,0.568084849,0.063476159,0.093134465,0.102932512,0.189432473,0.071028591,0.094852663,0.124322471,0.132874143,0.005056105,0.075668803,0.009166946,0.043361129,0.009244369,0.335433087,0.002434406,0.098972051,0.053599183,0.143720383,0.159914977,0.050275344,0.04383889,0.015124778,0.093424993,0.007622134,0.054171286,0.442036789,0.000364535,0.18789183,0.002531753,0.015158348,0.021180312,0.095116588,0.024998523,0.077426797,0.108124654,0.260940737,0.124944023,1,0.027966398,0.005933714,0.046548908,0.035759898,0.002659845,0.003291855,0.006126393,0.003887612,0.480901217,0.14448825,0.223046713,0.01095141,0.112190886,0.149640249,0.279212163,0.103679316,0.018375303,0.020355113,0.041925833,0.020209048,0.288639371,0.057604636,0.326245573,0.076215467,0.120565282
Lactobacillus_sakei_sakei_23K,0.014950258,0.072256146,0.077571186,0.004710255,0.017805155,0.04580982,0.009950575,0.011417233,0.023887356,0.027634541,0.060188143,0.040830425,0.036657199,0.0511914,0.021108361,0.072902642,0.007435175,0.025146665,0.010237231,0.012702461,0.016119684,0.059915036,0.03169209,0.027965648,0.005963556,0.006517385,0.008498208,0.04615106,0.026089693,0.021723152,0.111608003,0.030830569,0.13274518,0.022033424,0.12418389,0.088739976,0.01004304,0.031803736,0.087543506,0.148891118,0.009365489,0.012653595,0.11377629,0.042066708,0.348888169,0.011164136,0.079765992,0.022496257,0.033117581,0.082342185,0.036376282,0.029011315,0.00568861,0.099640785,0.014496283,0.023180007,0.060881497,0.012797348,0.018844526,0.036895947,0.038160351,0.092117665,0.01340097,0.013917571,0.015188905,0.017822926,0.06953743,0.031490857,0.005243675,0.011341647,0.01439525,0.03463109,0.011010328,0.037929977,0.045936129,0.093843356,0.009201389,0.032685555,0.14091238,0.024280047,0.043027642,0.034468873,0.101088099,0.013342697,0.030381011,0.076163892,0.029302384,0.036743741,0.260715986,0.104888029,0.039631343,0.020294949,0.0855334,0.037863773,0.039985595,0.116776748,0.080284421,0.052112391,0.063431831,0.030265518,0.084455527,0.043236066,0.078836503,0.038795762,0.028417689,0.010317797,0.034261848,0.029013323,0.025884626,0.105420034,0.096824821,0.05880427,0.044930335,0.028211275,0.015523787,0.09641865,0.037611293,0.001021689,0.038976665,0.001903638,0.035623318,0.03788393,0.039911445,0.031413088,0.016674742,0.031944078,0.026260123,0.06114193,0.027966398,1,0.011835156,0.011185482,0.051393203,0.007158761,0.032311484,0.001381874,0.248603036,0.040627256,0.016277803,0.05363387,0.013855084,0.007988496,0.008838935,0.044337672,0.006809708,0.125589951,0.036834398,0.533188969,0.080326054,0.051129748,0.119569835,0.051643497,0.038911206,0.016256875
Lactobacillus_salivarius_HO66_ATCC_11741,0.002331222,0.0095449,0.027606584,0.006682146,0.006873464,0.129287183,0.001334276,0.002861287,0.001620402,0.006435495,0.050056507,0.040203499,0.002181529,0.008823878,0.040748712,0.021301853,0.054380749,0.123457277,0.001766009,0.063560029,0.047692041,0.014993674,0.069383412,0.027389103,0.001669179,0.002313643,0.016561789,0.017432999,0.036337051,0.026972555,0.004586821,0.011553327,0.005539069,0.007573057,0.036895911,0.050315288,0.002640676,0.040779443,0.033019715,0.005285313,0.007766669,0.010410686,0.028623859,0.018942508,0.031421548,0.005444425,0.011884742,0.036432661,0.024065215,0.017084156,0.198362506,0.04698379,0.029758957,0.031748637,0.003503028,0.01472137,0.058223638,0.025192578,0.01606767,0.054423705,0.048664485,0.031564243,0.021050096,0.00462257,0.000854111,0.001834476,0.034893531,0.080538582,0.041008681,0.003770284,0.071492924,0.016714949,0.028958597,0.061427552,0.090237862,0.053144897,0.009906707,0.010780432,0.026114929,0.011160941,0.019987796,0.011546421,0.017620178,0.0301126,0.001109628,0.012318634,0.012400521,0.01721806,0.055570976,0.025846511,0.007146808,0.00802846,0.026061891,0.008792678,0.009364659,0.024659748,0.023234877,0.014287248,0.02163104,0.006382494,0.019050297,0.404250926,0.017992784,0.010045512,0.007788576,0.007674609,0.016983259,0.007660994,0.0070938,0.018074747,0.026378708,0.007383874,0.012005076,0.013340742,0.011176041,0.026266141,0.011526524,0.000697301,0.010747033,0.002123041,0.004716191,0.007258748,0.018841487,0.024057527,0.007551745,0.038998376,0.00580888,0.011585395,0.005933714,0.011835156,1,0.007551305,0.011804173,0.004451423,0.005653094,0.001013921,0.006001183,0.012708477,0.00586005,0.016122748,0.00407691,0.005536015,0.00523147,0.009255781,0.003657745,0.273557491,0.018163897,0.038906136,0.093256408,0.019149933,0.095873718,0.024208938,0.008780367,0.009471413
Lactobacillus_ultunensis_DSM_16047,0.01962854,0.022102969,0.017267979,0.00124204,0.003963573,0.027382438,0.002593126,0.00380269,0.003165525,0.012097822,0.014986179,0.01055156,0.003018041,0.006932886,0.019844335,0.045811558,0.00211678,0.01142792,0.002635013,0.008736642,0.005486013,0.005051984,0.009537095,0.014361962,0.002370889,0.001289604,0.00093319,0.008470611,0.015023264,0.004836633,0.016712081,0.007035812,0.032069331,0.011035836,0.106182921,0.073419561,0.002421105,0.007079771,0.098760704,0.033360501,0.009358727,0.006321769,0.101918687,0.028119886,0.059867765,0.00675612,0.017839389,0.00500785,0.00753652,0.050556679,0.01166383,0.006458155,0.004090517,0.080121354,0.003337844,0.005160059,0.019552513,0.013434476,0.021000709,0.008213339,0.042180581,0.04588267,0.01473573,0.005719471,0.001270635,0.001417358,0.041997661,0.012196853,0.005636847,0.008730528,0.006486729,0.017981155,0.007004193,0.008443522,0.012403643,0.055205859,0.012024209,0.040867164,0.085063825,0.040007535,0.066421763,0.033456754,0.207363418,0.02284186,0.007311014,0.161503826,0.030389286,0.100845841,0.01671952,0.096954268,0.037687435,0.031275374,0.087069024,0.020532929,0.034614091,0.073419881,0.075343091,0.028990491,0.075280668,0.010765751,0.055112098,0.115092074,0.077484132,0.022530488,0.024381292,0.007791207,0.073497409,0.014628663,0.015798364,0.048291197,0.08280897,0.089254407,0.029976533,0.062250892,0.008691945,0.024697225,0.041959621,0.000669535,0.032403548,0.056666186,0.014430851,0.015176486,0.027453376,0.014502672,0.682502664,0.03631792,0.047002441,0.04471222,0.046548908,0.011185482,0.007551305,1,0.02908635,0.003427723,0.002630371,0.005920073,0.005320659,0.044612599,0.031167944,0.05060348,0.134439843,0.031368824,0.026040839,0.039722923,0.016894352,0.013384237,0.018173247,0.013671586,0.062794255,0.049057729,0.039089658,0.053131512,0.132176332,0.028337526
Lactococcus_lactis_cremoris_MG1363,0.037173212,0.118980356,0.027843052,0.003249639,0.003531441,0.03190946,0.008911969,0.016263298,0.00801379,0.028967408,0.0303493,0.035909764,0.011636534,0.02748465,0.019883874,0.149158966,0.008054172,0.011918984,0.009621807,0.013278529,0.023698424,0.022318077,0.015958643,0.033319277,0.00939099,0.006386547,0.003607632,0.017191059,0.03323292,0.006232168,0.032366772,0.010065184,0.033600243,0.037167422,0.159209522,0.077556409,0.004596462,0.0101329,0.082759333,0.04707101,0.015660176,0.007035883,0.12680341,0.033965794,0.154058272,0.011208932,0.025761521,0.006912899,0.003142393,0.09590445,0.01499443,0.009901141,0.004980789,0.09343677,0.006604998,0.003657621,0.032717676,0.007062366,0.010763619,0.011844414,0.032701066,0.05946615,0.024137393,0.015080552,0.003823927,0.004304012,0.070275666,0.020409278,0.002751226,0.014608997,0.010063037,0.024885632,0.009597385,0.014128743,0.010201436,0.05271625,0.012901986,0.055772512,0.104643439,0.065728477,0.098389042,0.106584715,0.135720508,0.008697627,0.008994366,0.099217832,0.022490143,0.143800999,0.030607599,0.139194643,0.044166905,0.037077862,0.143778226,0.095523274,0.243676833,0.176220187,0.162577531,0.050842551,0.130717593,0.072741698,0.090680415,0.058753954,0.116280609,0.034827377,0.035029885,0.012029432,0.094919297,0.031655891,0.024485535,0.326228929,0.162335676,0.137317208,0.105443423,0.089214805,0.025171633,0.094384589,0.054236157,0.000651518,0.212402019,0.002969029,0.01545218,0.029250522,0.049949328,0.031634453,0.038196262,0.049743888,0.0577784,0.052908234,0.035759898,0.051393203,0.011804173,0.02908635,1,0.00868281,0.015117267,0.003034374,0.014952297,0.065419881,0.042431614,0.102890603,0.146399436,0.082721344,0.021681089,0.117782408,0.018071895,0.065184028,0.060162788,0.039219038,0.083470832,0.136810019,0.195498786,0.131512879,0.108000102,0.038047475
Megamonas_hypermegale_ART12_1,0.082803175,0.005760811,0.031086504,0.002613047,0.081559892,0.023732198,0.109593196,0.14454415,0.00814734,0.011634942,0.079582449,0.053104921,0.049716359,0.011980731,0.066466894,0.024978827,0.025515997,0.007455869,0.092839146,0.057951065,0.040272336,0.041888739,0.050049186,0.057395973,0.043332273,0.040760153,0.046844379,0.07912706,0.105698475,0.001606259,0.005405002,0.021060872,0.006975491,0.006562476,0.01987926,0.021084615,0.005155096,0.060533198,0.020295168,0.011384607,0.059816396,0.007927965,0.020133054,0.016922994,0.018305449,0.005368409,0.013931083,0.009424132,0.036821069,0.017681214,0.008461752,0.025061773,0.014448284,0.019432506,0.088316958,0.002565107,0.039153131,0.095617161,0.006671092,0.02239809,0.009042063,0.023519538,0.109852425,0.083133052,0.054880376,0.041657416,0.041241229,0.033617497,0.024515153,0.010551381,0.005703714,0.013015212,0.006209623,0.028685654,0.019795292,0.025870715,0.00744954,0.004229646,0.0117095,0.012641342,0.010364055,0.010556639,0.013043883,0.004835602,0.026877939,0.013638373,0.007240095,0.009038636,0.062605511,0.017513566,0.003914733,0.004610581,0.014818784,0.007541205,0.007182613,0.018058861,0.014102987,0.008388981,0.012908455,0.015334101,0.011303144,0.009474992,0.015572881,0.010896948,0.003461252,0.007323172,0.01054227,0.005627506,0.002993652,0.011363397,0.010946291,0.024971066,0.011611681,0.014521296,0.008882621,0.01193449,0.00438866,0.001000471,0.005816487,0.00131211,0.002734632,0.005103935,0.006556509,0.004236848,0.003250372,0.003573302,0.003526302,0.004040779,0.002659845,0.007158761,0.004451423,0.003427723,0.00868281,1,0.017050803,0.000803007,0.008408572,0.00560683,0.002662597,0.013016116,0.07573688,0.005215826,0.002046448,0.006619089,0.001486612,0.008667664,0.009366532,0.007817614,0.011389092,0.008603695,0.010734222,0.007615838,0.004457727,0.003375481
Methanobrevibacter_smithii_DSM_2375,0.066885009,0.016776869,0.184360838,0.041024808,0.041058383,0.08530899,0.041634877,0.077039869,0.042980236,0.101678071,0.190671741,0.200283047,0.064325852,0.077973757,0.059789729,0.154996596,0.059609459,0.085987806,0.07170304,0.095109189,0.107612845,0.134134581,0.109275892,0.176299843,0.04823983,0.024941866,0.026084106,0.105941158,0.179566116,0.048048811,0.057561056,0.064582771,0.1835648,0.021827701,0.066593316,0.275083454,0.114558492,0.078228845,0.08843934,0.201300719,0.018802062,0.070214644,0.09290025,0.089459003,0.076333909,0.093509672,0.070135923,0.056555486,0.086297111,0.047769039,0.083799059,0.07399745,0.044307734,0.122017502,0.125656826,0.050387899,0.217013259,0.153522597,0.131927803,0.094108317,0.065938091,0.131238554,0.144853452,0.150556398,0.04686144,0.046357359,0.225931281,0.129756757,0.057064315,0.017859673,0.066383765,0.178949837,0.080253938,0.084078172,0.07521809,0.258707114,0.011048046,0.005193209,0.054138877,0.020880593,0.014552123,0.015576801,0.079766659,0.035795384,0.034838015,0.070372758,0.034420562,0.015467224,0.036699197,0.051730967,0.00850342,0.008716015,0.036176119,0.011681334,0.011060572,0.038916366,0.027526678,0.01577944,0.022116571,0.025527182,0.03254117,0.014114833,0.049424741,0.036708933,0.004894492,0.064122844,0.014995663,0.008084724,0.004929084,0.023339064,0.020695215,0.048551471,0.025703015,0.023459241,0.01211661,0.022288479,0.005809181,0.101161344,0.009932588,0.000761634,0.064690991,0.060668663,0.009600099,0.002896708,0.003921306,0.004591717,0.003514309,0.020574562,0.003291855,0.032311484,0.005653094,0.002630371,0.015117267,0.017050803,1,0.037952007,0.180662205,0.006992293,0.003689608,0.021365999,0.03071755,0.006919859,0.003326731,0.010988889,0.002610673,0.067350884,0.018627344,0.013710194,0.051977669,0.01101962,0.042490166,0.008811087,0.006026961,0.005076606
Methanosphaera_stadtmanae_DSM_3091,0.009886089,0.006791375,0.007509042,0.000225661,0.001723574,0.020652765,0.002315991,0.003599909,0.002380787,0.014424387,0.007887,0.009332021,0.003548488,0.006042451,0.002142648,0.022788897,0.003250489,0.007379385,0.004192333,0.00379916,0.006158609,0.005799892,0.004147239,0.010122445,0.002540245,0.001659699,0.000989944,0.004467512,0.008636378,0.00210425,0.010918078,0.003059548,0.006852959,0.00364184,0.028885824,0.045331519,0.005860761,0.003078664,0.022196024,0.014506932,0.0014989,0.006268537,0.038842384,0.012228032,0.024401713,0.003946377,0.007757522,0.002177681,0.003277283,0.008974474,0.00907885,0.002808352,0.001778776,0.046045654,0.007456431,0.00224387,0.008502479,0.00584203,0.009132233,0.0035716,0.014425396,0.019952242,0.006407884,0.006911612,0.001778486,0.003825811,0.018262832,0.005303845,0.002451203,0.001407526,0.00384717,0.007819169,0.003045798,0.003671696,0.004676034,0.024006463,0.000722948,0.010361943,0.1332594,0.016380484,0.020236171,0.003770687,0.034349904,0.001007869,0.003182164,0.034630188,0.004697566,0.021398985,0.004803872,0.051309174,0.011812972,0.004438783,0.044071057,0.010253273,0.01478046,0.020279073,0.038393956,0.010813532,0.034733426,0.001571426,0.027235714,0.004455939,0.054727406,0.020536859,0.006451522,0.001109873,0.016958178,0.002871016,0.002738193,0.005105607,0.011994512,0.027433656,0.006747579,0.018383449,0.002302379,0.007709231,0.009163157,0.032269366,0.004337687,0.00023155,0.002233534,0.001078563,0.01318787,0.000952024,0.00611886,0.002907345,0.00164497,0.003220065,0.006126393,0.001381874,0.001013921,0.005920073,0.003034374,0.000803007,0.037952007,1,0.003219421,0.012007122,0.010447197,0.030958321,0.000370026,0.004902559,0.015850021,0.010233586,0.01045754,0.029968134,0.002797792,0.004182191,0.012287638,0.014098809,0.010993244,0.011445451,0.002615693,0.01992374
Mitsuokella_multacida_DSM_20544,0.047385813,0.022910112,0.241532669,0.003442445,0.051557267,0.045149319,0.031085636,0.092626263,0.050303667,0.030536092,0.145780397,0.130053453,0.099404989,0.165423868,0.050900805,0.047894772,0.0426383,0.038843445,0.050500029,0.085171862,0.067305989,0.166034976,0.117035172,0.131181649,0.036138174,0.01267557,0.035400326,0.158023508,0.138901008,0.080427354,0.103000311,0.052367247,0.123461708,0.019348844,0.044204905,0.11426364,0.148637892,0.113986962,0.058460715,0.247704237,0.026287576,0.049241318,0.059057603,0.060242255,0.158033996,0.110112189,0.091512395,0.074644577,0.12436122,0.037024533,0.036578857,0.107363116,0.053486345,0.058502557,0.205590787,0.085783004,0.211354624,0.112185164,0.033374788,0.13654203,0.023738635,0.105408184,0.127350082,0.073873235,0.056366182,0.076554914,0.093729914,0.172218186,0.030662157,0.016011252,0.022730648,0.129957689,0.082668051,0.114280583,0.079246996,0.126972428,0.008840922,0.005359795,0.043824527,0.009803047,0.015251643,0.016828977,0.04313321,0.152214283,0.030117256,0.035528416,0.024920749,0.015497332,0.160843438,0.039025094,0.00559387,0.007937238,0.030210356,0.009697969,0.009882245,0.034211105,0.027800516,0.014418894,0.022934394,0.015261823,0.024363957,0.024052891,0.033412425,0.025306015,0.004769902,0.141098036,0.01511038,0.007973089,0.004418863,0.020893263,0.027822311,0.021577024,0.024025515,0.012701268,0.008408278,0.035359712,0.006329759,0.002794936,0.009510453,0.001974295,0.137394736,0.110958357,0.010286407,0.013794624,0.004844411,0.007005158,0.005750414,0.01658591,0.003887612,0.248603036,0.006001183,0.005320659,0.014952297,0.008408572,0.180662205,0.003219421,1,0.007562789,0.003456068,0.017877814,0.005294728,0.003629261,0.002533051,0.008524162,0.001840097,0.084616395,0.019808659,0.166662572,0.040451975,0.01079744,0.04639786,0.011100194,0.008115449,0.004684271
Pasteurella_multocida_multocida_Pm70,0.005263658,0.111976508,0.004173491,0.002298667,0.000957954,0.011478712,0.001287217,0.004155946,0.001323231,0.008017008,0.004383558,0.005186694,0.001972234,0.003969797,0.004088678,0.034090721,0.001806607,0.004101428,0.002330079,0.002111556,0.003422927,0.003223554,0.002305017,0.005626009,0.001411857,0.000922453,0.000550206,0.002483023,0.004800059,0.001066587,0.005589758,0.001700483,0.007249885,0.005368347,0.094116611,0.025195051,0.002248728,0.001711107,0.025860001,0.008062886,0.002261907,0.003454673,0.043381033,0.006796284,0.028571332,0.002603284,0.004311595,0.001210345,0.00169981,0.027965283,0.006589888,0.001560869,0.000988635,0.03803078,0.00414425,0.001247133,0.004725639,0.003246973,0.005075653,0.001985079,0.011522007,0.011089365,0.003561473,0.003841442,0.000988474,0.002126368,0.010150398,0.002947853,0.001362367,0.002110078,0.002375098,0.004345858,0.001692841,0.002040712,0.002997832,0.013342682,0.002550876,0.678257522,0.106375581,0.146755582,0.234899869,0.017277961,0.045600016,0.002753992,0.001095166,0.026372347,0.006757968,0.151941404,0.01464056,0.153189365,0.478352086,0.079459106,0.16505543,0.101344403,0.178728369,0.12994654,0.19528026,0.154523843,0.267397033,0.009663941,0.17443123,0.019515188,0.07426108,0.015503735,0.267129669,0.004772476,0.185244823,0.053243772,0.125030773,0.20702574,0.120441375,0.049346246,0.019960389,0.150631349,0.023353953,0.074630297,0.774160838,0.00072646,0.199404488,0.002019432,0.012651808,0.020471897,0.093979303,0.026526752,0.075065747,0.164018483,0.210831916,0.185064759,0.480901217,0.040627256,0.012708477,0.044612599,0.065419881,0.00560683,0.006992293,0.012007122,0.007562789,1,0.125219547,0.279716016,0.01644434,0.128681448,0.11646227,0.25140852,0.107337106,0.024175456,0.027345112,0.05092263,0.026122254,0.4533135,0.075385472,0.425745144,0.070228622,0.221698929
Pediococcus_pentosaceus_ATCC_25745,0.001684129,0.056070031,0.001307216,0.001113329,0.000300049,0.003595348,0.00040318,0.00130172,0.000414461,0.002511077,0.001373013,0.00162457,0.00061774,0.001243415,0.00150225,0.010677852,0.000565863,0.001284644,0.000729825,0.000661379,0.001072125,0.001009677,0.000721974,0.001762171,0.00044222,0.00028893,0.000172335,0.000777729,0.001503468,0.00036632,0.001916683,0.000532623,0.002642055,0.001681467,0.029479085,0.007891562,0.000888612,0.000535951,0.008099837,0.002525447,0.000708472,0.001091262,0.013587752,0.002128724,0.008949076,0.000815397,0.001350472,0.000379103,0.000521576,0.008782402,0.002064076,0.000488893,0.000309659,0.011911952,0.001298057,0.000390625,0.001480159,0.001017013,0.00158979,0.000621764,0.003608908,0.003473397,0.00111552,0.001203212,0.000309609,0.000666018,0.003179295,0.000923323,0.000426719,0.000660916,0.000743925,0.001361204,0.000530229,0.000639189,0.000938977,0.004179178,0.000910253,0.142073955,0.029856654,0.128661029,0.203239997,0.008437661,0.024202008,0.001722094,0.000551211,0.012226116,0.003550647,0.129218547,0.004585698,0.056001715,0.108294942,0.084398314,0.072817597,0.022874099,0.042918837,0.057884993,0.104301467,0.031380983,0.143239286,0.006973846,0.061799094,0.007848551,0.030621196,0.006431398,0.05674837,0.002196997,0.106893529,0.013101954,0.023056895,0.066102344,0.072680003,0.019303149,0.006251968,0.127740986,0.008184217,0.015289062,0.12739302,0.000426861,0.044517725,0.002101211,0.009799962,0.007898039,0.037106565,0.005542688,0.053318224,0.061375111,0.047570583,0.089546602,0.14448825,0.016277803,0.00586005,0.031167944,0.042431614,0.002662597,0.003689608,0.010447197,0.003456068,0.125219547,1,0.098361073,0.009690979,0.140672496,0.289701645,0.05552947,0.26322783,0.006112444,0.006139386,0.011005083,0.008353598,0.097961168,0.023811412,0.086759653,0.136787219,0.263337387
Porphyromonas_gingivalis_ATCC_33277,0.013565842,0.14264369,0.010718467,0.005734387,0.002460243,0.029479923,0.003305864,0.010673406,0.003398355,0.020589486,0.011257967,0.013320601,0.005065141,0.010195335,0.011912738,0.087552661,0.004639774,0.010533393,0.00598417,0.005422951,0.008790847,0.008278813,0.005919803,0.014448859,0.003625966,0.002369067,0.001413054,0.006376963,0.012327635,0.002829942,0.013139208,0.004367223,0.020862154,0.013787125,0.211453729,0.064706575,0.006681,0.004394509,0.066414318,0.020354549,0.005809087,0.00894776,0.111412281,0.017454391,0.069162416,0.00668582,0.011073149,0.002956851,0.004621727,0.07201099,0.015661489,0.004008664,0.002539039,0.097671622,0.008976345,0.003202918,0.012136507,0.008026924,0.012493876,0.00509813,0.029591113,0.02847999,0.009146666,0.00986569,0.002538625,0.004689396,0.026068512,0.00757075,0.003498867,0.005419156,0.006099787,0.011161144,0.004347597,0.005241008,0.007699108,0.034267019,0.00729249,0.222288886,0.228656686,0.331769063,0.334267551,0.060923517,0.120960153,0.007439758,0.004043333,0.08966564,0.016766841,0.210915298,0.037600261,0.334713184,0.234649737,0.148047809,0.396318749,0.145965289,0.20930833,0.347421509,0.38294991,0.150707571,0.414505915,0.041973919,0.21579397,0.045712553,0.222286117,0.047262915,0.185865033,0.015291159,0.437986069,0.06454339,0.106687313,0.27520613,0.237299311,0.119336062,0.050985564,0.35085259,0.051882399,0.097037454,0.259880041,0.00314104,0.167392738,0.003173762,0.021456615,0.049548408,0.118058437,0.029578487,0.069956946,0.106511881,0.146583679,0.117588127,0.223046713,0.05363387,0.016122748,0.05060348,0.102890603,0.013016116,0.021365999,0.030958321,0.017877814,0.279716016,0.098361073,1,0.037912053,0.144310289,0.067842105,0.279915699,0.049282902,0.043331998,0.056940735,0.074521828,0.063137843,0.366270117,0.12788353,0.272430535,0.121868722,0.101464163
Proteus_mirabilis_HI4320,0.060952055,0.032444389,0.045701793,0.002401218,0.010626584,0.065830136,0.013591917,0.037804072,0.011703931,0.030320001,0.048626796,0.054852969,0.019849321,0.02559378,0.05320389,0.143264145,0.017524559,0.017843798,0.020298369,0.022385027,0.034676293,0.032541682,0.025569542,0.062409293,0.014250622,0.009166732,0.005512569,0.027544165,0.053247041,0.004075006,0.019534528,0.017298843,0.02708187,0.023654026,0.15161779,0.107451964,0.005128351,0.016873277,0.116731914,0.036992701,0.025091326,0.01434881,0.160731563,0.047825489,0.12662086,0.013278219,0.029370252,0.011455434,0.017577644,0.113479001,0.017761153,0.016634258,0.010565282,0.121352431,0.03045702,0.004918694,0.052421497,0.031894193,0.01648014,0.02040015,0.04024843,0.063621274,0.037582487,0.038453403,0.009709935,0.016017745,0.107404892,0.032700517,0.013379228,0.019322441,0.014349345,0.031682005,0.012666652,0.022637607,0.033254934,0.077837176,0.018813255,0.013131869,0.083982429,0.061165945,0.032764629,0.060755782,0.150259028,0.01618203,0.016936253,0.095515447,0.034097237,0.080665042,0.116839805,0.083122002,0.020832121,0.019065317,0.065427023,0.063285391,0.135171394,0.097346267,0.063268545,0.017083433,0.037909142,0.063445338,0.037693783,0.083066299,0.130274499,0.044255182,0.011382966,0.005738283,0.034584389,0.017927395,0.008330785,0.154161194,0.078284319,0.2398158,0.034750822,0.075220758,0.017425035,0.059418755,0.012148278,0.000111671,0.121625183,0.028055364,0.005603029,0.02008567,0.013376005,0.035369954,0.144725759,0.006090261,0.034915373,0.009957743,0.01095141,0.013855084,0.00407691,0.134439843,0.146399436,0.07573688,0.03071755,0.000370026,0.005294728,0.01644434,0.009690979,0.037912053,1,0.055492512,0.007296172,0.065665425,0.004809894,0.049111592,0.051327857,0.029632334,0.11101941,0.058688899,0.14495005,0.055518252,0.079619417,0.006978595
Proteus_penneri_ATCC_35198,0.003494911,0.052427046,0.002654582,0.000853896,0.000609314,0.007170735,0.000818745,0.002643422,0.000841651,0.005099281,0.002788197,0.003299038,0.001254455,0.002525021,0.003050641,0.021683672,0.001149106,0.002608746,0.001482065,0.001343072,0.002177179,0.002050367,0.001466124,0.003578467,0.000898023,0.000586733,0.000349963,0.001579346,0.003053116,0.000415195,0.00185511,0.001081605,0.003126497,0.003414579,0.059863614,0.016025511,0.001545062,0.001088363,0.016448458,0.005128463,0.001438704,0.001513304,0.027592849,0.00432283,0.018173022,0.001655839,0.002742424,0.00076985,0.000685219,0.017834554,0.00419155,0.000992803,0.000628829,0.024189778,0.002236604,0.000793249,0.00300578,0.001828733,0.003228409,0.001262625,0.007073081,0.005163987,0.002265303,0.00244338,0.000628727,0.001018065,0.006456241,0.001875005,0.000733824,0.001342132,0.0015107,0.002764217,0.001076745,0.001298011,0.001906794,0.00819028,0.001848465,0.131723181,0.064684864,0.20779873,0.155307325,0.017134484,0.018605083,0.001436139,0.000624595,0.013795853,0.002647159,0.073159748,0.009312244,0.096240194,0.062128627,0.083142307,0.095011839,0.087628062,0.143544105,0.117547911,0.156300433,0.021857886,0.138775587,0.01536425,0.065388339,0.017490418,0.044798655,0.009136667,0.067309357,0.004458738,0.181685465,0.029751959,0.028844584,0.108675651,0.10399983,0.042261137,0.012695963,0.213753804,0.020612164,0.033071419,0.102425176,0.000244673,0.105680774,0.001860714,0.008572042,0.009264008,0.029187873,0.00705044,0.037317839,0.042400779,0.057108926,0.074391099,0.112190886,0.007988496,0.005536015,0.031368824,0.082721344,0.005215826,0.006919859,0.004902559,0.003629261,0.128681448,0.140672496,0.144310289,0.055492512,1,0.125031706,0.218422564,0.087847653,0.013556047,0.015348594,0.031403922,0.016963775,0.31457172,0.040863671,0.187752593,0.068857466,0.091729808
Pseudomonas_aeruginosa_LESB58,0.000941824,0.064562356,0.000727163,0.000731119,0.000166908,0.00199998,0.000224277,0.000724106,0.000230552,0.001396834,0.000763764,0.000903698,0.00034363,0.000691673,0.000835655,0.005939757,0.000314772,0.000714608,0.000405979,0.000367904,0.00059639,0.000561652,0.000401612,0.000980241,0.000245993,0.000160723,9.59E-05,0.000432627,0.000836333,0.000203772,0.001066191,0.000296282,0.001469693,0.000935348,0.016398298,0.00438983,0.000567547,0.000298133,0.004505687,0.001404828,0.000394101,0.000607035,0.007558444,0.001184143,0.004978093,0.00045358,0.000751226,0.000210883,0.000317367,0.004885377,0.001148181,0.000271956,0.000172254,0.006626248,0.000722069,0.000217293,0.000823366,0.000565733,0.00088435,0.000345868,0.002007523,0.001932142,0.000620529,0.000669309,0.000172226,0.000370485,0.001768543,0.000513616,0.00023737,0.000367647,0.000413822,0.000757196,0.00029495,0.000355561,0.000522324,0.002324747,0.000506346,0.128841746,0.02281553,0.129671604,0.146191672,0.004693608,0.013562631,0.000966325,0.000308156,0.006801008,0.001975114,0.086726211,0.002550881,0.031152011,0.115350179,0.107238258,0.042306655,0.020559039,0.037036191,0.03219962,0.05801966,0.029985063,0.088834662,0.003989134,0.062050507,0.005547001,0.022860629,0.00437159,0.055055647,0.001580938,0.10823457,0.011435168,0.025313013,0.036770677,0.040429624,0.009769042,0.003477775,0.113637193,0.007875116,0.012628301,0.120489162,0.000841175,0.034670682,0.001481724,0.006981506,0.00676111,0.019187056,0.004445845,0.045486757,0.068304733,0.033174466,0.071205069,0.149640249,0.008838935,0.00523147,0.026040839,0.021681089,0.002046448,0.003326731,0.015850021,0.002533051,0.11646227,0.289701645,0.067842105,0.007296172,0.125031706,1,0.050017154,0.377484786,0.004225197,0.004764444,0.00959246,0.004646847,0.089082314,0.013245548,0.076360615,0.069194136,0.434160973
Salmonella_enterica_sv_Heidelberg_SL476_CVM30485,0.013228267,0.060298676,0.010349869,0.002819061,0.002375638,0.025770281,0.003192178,0.010306358,0.003281489,0.019881433,0.010870816,0.012862519,0.004890955,0.009844727,0.008418814,0.074146711,0.004480216,0.009716754,0.00460668,0.005236461,0.008488539,0.007994112,0.005716227,0.013951977,0.003501273,0.002287597,0.001364461,0.006157666,0.0119037,0.002315841,0.007984762,0.004217038,0.01100298,0.011302794,0.167095593,0.05978101,0.003958295,0.004243386,0.061372748,0.019086083,0.005609319,0.007169516,0.100945005,0.016854152,0.066912198,0.006455901,0.010692354,0.003001544,0.003511961,0.052588098,0.016149054,0.00387081,0.002451724,0.09431279,0.008767878,0.003092773,0.011719145,0.007102601,0.011801556,0.00492281,0.025740533,0.023107675,0.008832121,0.008556706,0.002432425,0.004472679,0.025172042,0.0073104,0.002948097,0.005232797,0.005890021,0.010777324,0.004198087,0.005060775,0.007434343,0.029794869,0.005180916,0.177074369,0.164314735,0.171512014,0.135554162,0.040891802,0.050839586,0.003087276,0.001736097,0.033698829,0.00720586,0.084019733,0.0269868,0.176614736,0.265925539,0.067199128,0.201721127,0.331978249,0.539416279,0.226098815,0.217956078,0.187716213,0.180339764,0.034041533,0.141711685,0.043309479,0.095183122,0.022406567,0.415160952,0.008451811,0.194715081,0.132429612,0.231655588,0.336817979,0.178944148,0.124212365,0.04319572,0.180012282,0.03211871,0.13291844,0.193623969,0.001051878,0.427690709,0.003419351,0.020417388,0.033173813,0.15951668,0.045123202,0.069568223,0.065095017,0.327779928,0.074540925,0.279212163,0.044337672,0.009255781,0.039722923,0.117782408,0.006619089,0.010988889,0.010233586,0.008524162,0.25140852,0.05552947,0.279915699,0.065665425,0.218422564,0.050017154,1,0.027124557,0.052555443,0.05766727,0.101395041,0.061062105,0.390153822,0.161907883,0.450507055,0.101221222,0.061715095
Staphylococcus_saprophyticus_saprophyticus_ATCC_15305,0.000682466,0.051315558,0.000528237,0.000531111,0.000121248,0.001452856,0.000162923,0.000526016,0.000167481,0.00101471,0.000554825,0.000656478,0.000249625,0.000502456,0.000607049,0.004314849,0.000228662,0.000519116,0.000294917,0.000267259,0.000433238,0.000408004,0.000291745,0.000712082,0.000178698,0.000116755,6.96E-05,0.000314275,0.000607542,0.000148027,0.000774519,0.000215229,0.001067637,0.00067947,0.011912303,0.003188928,0.000412286,0.000216574,0.00327309,0.001020516,0.000286289,0.000440972,0.005490721,0.000860203,0.003616262,0.000329497,0.000545717,0.000153193,0.000230546,0.003548911,0.00083408,0.000197559,0.000125131,0.004813541,0.000524536,0.000157849,0.000598122,0.000410968,0.000642423,0.000251251,0.001458336,0.001403577,0.000450774,0.00048621,0.000125111,0.000269134,0.001284732,0.000373109,0.000172434,0.000267072,0.000300615,0.000550054,0.000214262,0.000258292,0.000379434,0.001688778,0.000367827,0.124490301,0.016574007,0.098215652,0.106198796,0.003409603,0.009816198,0.000696864,0.000223855,0.004940492,0.001434793,0.05891577,0.00185305,0.022629922,0.100688566,0.095970486,0.030733049,0.012369504,0.022578451,0.023390942,0.042147531,0.022849082,0.064532637,0.002800963,0.046894928,0.004029537,0.016165139,0.003175677,0.033882772,0.001148449,0.078625416,0.007871126,0.015476258,0.026711519,0.029369507,0.0063247,0.002526379,0.082550072,0.006491107,0.009425792,0.116599128,0.000354618,0.027933341,0.000954304,0.00462602,0.004243791,0.015058524,0.002530724,0.032624946,0.040769966,0.022986472,0.066201284,0.103679316,0.006809708,0.003657745,0.016894352,0.018071895,0.001486612,0.002610673,0.01045754,0.001840097,0.107337106,0.26322783,0.049282902,0.004809894,0.087847653,0.377484786,0.027124557,1,0.003069333,0.00346106,0.006693554,0.003375634,0.064890202,0.009622034,0.054872986,0.047645505,0.330936726
Streptococcus_gordonii_Challis_CH1,0.050208346,0.044156174,0.127288247,0.011983887,0.031605495,0.214603275,0.034114905,0.078740691,0.02961398,0.070855609,0.165369725,0.173068267,0.0463976,0.077612679,0.072112248,0.203049179,0.068213401,0.111186396,0.024126784,0.075883985,0.128771648,0.09288301,0.09505163,0.154568948,0.01770884,0.024784206,0.020802573,0.081165533,0.147600825,0.042645558,0.063377221,0.04770965,0.077306171,0.058398738,0.133917211,0.242949948,0.026604648,0.063310893,0.152287982,0.091288835,0.037733194,0.033584781,0.158238169,0.117042559,0.220140531,0.036747884,0.069367801,0.044968322,0.062999739,0.161096226,0.150570338,0.053351245,0.039070458,0.163518492,0.065221655,0.041992867,0.181106671,0.078934046,0.101257281,0.073465606,0.107093372,0.227289648,0.086608359,0.051506115,0.017595562,0.042379844,0.1730949,0.116528913,0.034074047,0.033039517,0.064709314,0.089497946,0.068281743,0.080784763,0.120213913,0.21032292,0.031437499,0.016574524,0.140398789,0.020087236,0.028668074,0.100011575,0.095182108,0.043281957,0.016623886,0.088696756,0.042703738,0.036131583,0.139874277,0.095470194,0.025038847,0.017329306,0.080231179,0.136064462,0.087462983,0.087980276,0.061078035,0.130403244,0.043412763,0.089213408,0.046485549,0.344776568,0.08427334,0.059153622,0.046694248,0.0209196,0.032154841,0.234674691,0.108807032,0.08903166,0.069882353,0.115964139,0.065482165,0.025566405,0.017712498,0.18915609,0.019200557,0.014595044,0.092269737,0.00475408,0.019670918,0.03820886,0.174378896,0.212323832,0.013166793,0.034887943,0.060981554,0.02757434,0.018375303,0.125589951,0.273557491,0.013384237,0.065184028,0.008667664,0.067350884,0.029968134,0.084616395,0.024175456,0.006112444,0.043331998,0.049111592,0.013556047,0.004225197,0.052555443,0.003069333,1,0.083359694,0.211150606,0.472541231,0.04114362,0.294290561,0.052807445,0.022037515,0.007813492
Streptococcus_infantarius_infantarius_ATCC_BAA_102,0.042458551,0.033253385,0.0831122,0.006859466,0.010927616,0.077183511,0.046901013,0.021944721,0.00990659,0.041106937,0.07736624,0.072563635,0.02056229,0.038260484,0.02497814,0.108220433,0.065888496,0.022261243,0.010868089,0.05541624,0.125175078,0.071446125,0.084293556,0.08393845,0.051423853,0.033733742,0.019988708,0.052106256,0.073718228,0.040670356,0.043285787,0.038049409,0.277925662,0.191445823,0.103240167,0.090080972,0.00966886,0.05210394,0.155929548,0.120543692,0.082717051,0.122032541,0.104587777,0.044668294,0.091081541,0.019025762,0.048368155,0.006683036,0.05843259,0.107931097,0.028306128,0.05581274,0.021510166,0.128751084,0.017146768,0.044455761,0.02885148,0.015596574,0.023748226,0.070859586,0.050753253,0.125060419,0.081642129,0.02175103,0.00578813,0.00905173,0.074297381,0.026142173,0.024878143,0.077164721,0.015334893,0.04185189,0.051245783,0.015373493,0.019444338,0.05699724,0.022692261,0.018691614,0.093953163,0.021080112,0.031037162,0.375359031,0.069503733,0.01478746,0.051181164,0.058691129,0.028349613,0.036068815,0.061264531,0.085914446,0.028156894,0.015797633,0.071016014,0.064592184,0.08294231,0.080608408,0.060755869,0.060948325,0.045739694,0.087064051,0.037590234,0.05754046,0.070291345,0.0414575,0.046053189,0.016622515,0.033212682,0.045302175,0.042232345,0.093809421,0.070164688,0.078279396,0.66529045,0.028509303,0.018615433,0.096027656,0.021682642,0.002057647,0.09354043,0.00642406,0.011571342,0.026738449,0.05838415,0.047981509,0.019740338,0.028396026,0.04888566,0.017981626,0.020355113,0.036834398,0.018163897,0.018173247,0.060162788,0.009366532,0.018627344,0.002797792,0.019808659,0.027345112,0.006139386,0.056940735,0.051327857,0.015348594,0.004764444,0.05766727,0.00346106,0.083359694,1,0.071950561,0.096370819,0.047772129,0.136173144,0.059547063,0.024080542,0.008810699
Streptococcus_mutans_UA159,0.014228972,0.046669824,0.075428902,0.010786661,0.01731343,0.057378479,0.012938864,0.021331243,0.02297177,0.030514637,0.075185269,0.0576934,0.034015383,0.060325702,0.022255805,0.078759701,0.013174035,0.033174948,0.009190569,0.019456447,0.026944571,0.058260363,0.039346102,0.045662763,0.007430086,0.00947972,0.009944065,0.044876507,0.041300125,0.02061439,0.081686171,0.030733393,0.109047333,0.023126017,0.133707881,0.143706729,0.0077751,0.030925413,0.104871061,0.116850668,0.016187393,0.017602779,0.127078632,0.050645469,0.379777957,0.017161172,0.072797606,0.021874978,0.032437535,0.077482688,0.044690813,0.02821011,0.008854762,0.126988828,0.022207748,0.022539844,0.076996046,0.022940321,0.035785518,0.035876992,0.055041169,0.129934248,0.024576898,0.013925771,0.014424777,0.022110513,0.089255613,0.041186447,0.007605734,0.014056651,0.018269414,0.048740601,0.016438111,0.036882465,0.054180813,0.130727189,0.010124486,0.035662344,0.146523574,0.03940917,0.042684855,0.037177203,0.076410915,0.014220861,0.023105375,0.077830494,0.029166687,0.030372301,0.214144042,0.108169409,0.053175365,0.021661126,0.084992504,0.205354202,0.090944551,0.122808167,0.076090534,0.204251074,0.05650266,0.02566418,0.056512937,0.072535481,0.071443047,0.035374113,0.104479834,0.015340804,0.05190553,0.14522106,0.190237177,0.092630127,0.081123099,0.064123745,0.046810446,0.043630189,0.034438909,0.247757277,0.041197574,0.00149827,0.117851105,0.002246336,0.009208507,0.028142226,0.197079191,0.13310282,0.01750184,0.075198173,0.122879434,0.021432113,0.041925833,0.533188969,0.038906136,0.013671586,0.039219038,0.007817614,0.013710194,0.004182191,0.166662572,0.05092263,0.011005083,0.074521828,0.029632334,0.031403922,0.00959246,0.101395041,0.006693554,0.211150606,0.071950561,1,0.166296188,0.089783345,0.250710555,0.10408927,0.022040829,0.016992114
Streptococcus_pneumoniae_Hungary19A_6,0.090942804,0.049061576,0.115062975,0.01290397,0.035918564,0.152510489,0.034546941,0.108648851,0.029231967,0.069001401,0.159883557,0.170804281,0.044496238,0.075044203,0.071621345,0.296634367,0.062015955,0.068846152,0.02205731,0.058826681,0.122994254,0.090301938,0.086426759,0.174077582,0.017228703,0.030046814,0.014974822,0.09273671,0.16632853,0.031557584,0.057540246,0.046451817,0.076414457,0.10014781,0.199012241,0.272545025,0.020581074,0.046916378,0.203598762,0.076670426,0.056316551,0.040538702,0.230512657,0.155667849,0.237442772,0.037168136,0.063478831,0.032785468,0.048896836,0.297714403,0.087024685,0.03564761,0.036868055,0.224310567,0.070610694,0.033790795,0.15240433,0.084238051,0.114383427,0.054709796,0.147277011,0.21707052,0.094842196,0.070679,0.019753457,0.040921626,0.162211226,0.088048388,0.022463175,0.047245485,0.0425817,0.083627899,0.063473174,0.057143371,0.112403897,0.197591177,0.05763311,0.017766739,0.157274119,0.030237306,0.031525423,0.202485412,0.204087587,0.056108428,0.017010423,0.174622784,0.077443623,0.049162123,0.134454773,0.122581334,0.027537573,0.017722563,0.096031018,0.153251931,0.098371462,0.119295941,0.074831324,0.130134017,0.049174245,0.142938248,0.05996578,0.199547138,0.130475284,0.077390989,0.051748201,0.028938796,0.036908878,0.322827042,0.121015313,0.106150363,0.089077058,0.171182344,0.085149451,0.036489374,0.02358836,0.21017653,0.020653483,0.007188306,0.101310421,0.025942295,0.019686175,0.042051558,0.193016625,0.290913857,0.065184984,0.038518205,0.067067146,0.028364563,0.020209048,0.080326054,0.093256408,0.062794255,0.083470832,0.011389092,0.051977669,0.012287638,0.040451975,0.026122254,0.008353598,0.063137843,0.11101941,0.016963775,0.004646847,0.061062105,0.003375634,0.472541231,0.096370819,0.166296188,1,0.047786891,0.336245576,0.058077311,0.038170733,0.008593232
Streptococcus_pyogenes_M4_MGAS10750,0.008749254,0.122802049,0.007477947,0.003463027,0.001716437,0.01909499,0.0023064,0.007441554,0.002370929,0.014364657,0.00785434,0.009293378,0.003533794,0.007112974,0.008171982,0.061082824,0.003237029,0.007321455,0.004174973,0.003783428,0.006133106,0.005775875,0.004130066,0.010080529,0.002529726,0.001652826,0.000985845,0.004449013,0.008600616,0.00163222,0.008397708,0.003046878,0.011807722,0.009618857,0.168635579,0.045143805,0.004118306,0.003065915,0.046335246,0.01444686,0.004052823,0.005136059,0.077728953,0.012177397,0.051193334,0.004664493,0.007725398,0.002168664,0.002580214,0.050239873,0.011807581,0.002796723,0.00177141,0.068142514,0.00654651,0.002234578,0.008467271,0.005206543,0.008839054,0.00355681,0.019040894,0.016666735,0.00638135,0.006882991,0.001771121,0.00323038,0.018187207,0.005281882,0.002151711,0.00378078,0.004255635,0.00778679,0.003033186,0.003656491,0.005371433,0.022044067,0.005025379,0.355633862,0.184768006,0.223578034,0.289726783,0.039943775,0.07904346,0.005411208,0.001922374,0.044453529,0.011505108,0.166540255,0.02607224,0.254779854,0.284179703,0.136591879,0.267261274,0.165936883,0.275482677,0.268816493,0.327970295,0.134492711,0.311659018,0.02771104,0.172879787,0.043246422,0.129851022,0.027503936,0.201604829,0.009746182,0.258719413,0.066816805,0.106666438,0.302749265,0.22699175,0.092760484,0.03576448,0.278092948,0.039246843,0.10781853,0.412213277,0.001403236,0.244285198,0.002556756,0.0191439,0.027018149,0.1192984,0.033138879,0.079597577,0.196649457,0.163724095,0.152182726,0.288639371,0.051129748,0.019149933,0.049057729,0.136810019,0.008603695,0.01101962,0.014098809,0.01079744,0.4533135,0.097961168,0.366270117,0.058688899,0.31457172,0.089082314,0.390153822,0.064890202,0.04114362,0.047772129,0.089783345,0.047786891,1,0.12953868,0.661611061,0.110160252,0.168669129
Streptococcus_sanguinis_SK36,0.033996655,0.120860461,0.054898699,0.012992521,0.012601069,0.117098431,0.013398521,0.034189853,0.01216014,0.059730576,0.057661954,0.068226522,0.020282822,0.046744043,0.049195604,0.238194402,0.022921966,0.04701652,0.016538426,0.025511806,0.045025666,0.042403085,0.03032052,0.074005323,0.013174679,0.011003397,0.006803135,0.03266204,0.063140669,0.01301037,0.040096422,0.019917274,0.052013557,0.049067363,0.350445007,0.276133818,0.014892224,0.019919816,0.214301349,0.059128956,0.027841019,0.03182595,0.280469293,0.080855161,0.254103793,0.027502557,0.047456474,0.013612728,0.020202542,0.192165409,0.065761121,0.01895216,0.012895335,0.266076968,0.02699665,0.013978675,0.062161734,0.03497609,0.051956775,0.023340393,0.106710644,0.121055236,0.041252349,0.032218506,0.009028346,0.016370943,0.133431339,0.038776474,0.014225391,0.022434033,0.028830997,0.057166042,0.022267868,0.026843813,0.039433905,0.148768465,0.02596158,0.051577534,0.302342632,0.056841538,0.085552719,0.102618435,0.22021674,0.036172081,0.009443871,0.152434063,0.058189801,0.140898559,0.125629703,0.2595494,0.078494143,0.043143088,0.220951313,0.209418358,0.271703874,0.245733008,0.182464127,0.22932306,0.133815803,0.075996246,0.139029755,0.193261986,0.218267027,0.08081826,0.146462503,0.024439798,0.090195712,0.12326934,0.155842452,0.272981003,0.211700529,0.182696505,0.088191202,0.07337779,0.031979994,0.319698467,0.059803552,0.00437829,0.289554906,0.007534065,0.018951164,0.049486561,0.184512379,0.141574515,0.042821307,0.10979375,0.191170735,0.042060698,0.057604636,0.119569835,0.095873718,0.039089658,0.195498786,0.010734222,0.042490166,0.010993244,0.04639786,0.075385472,0.023811412,0.12788353,0.14495005,0.040863671,0.013245548,0.161907883,0.009622034,0.294290561,0.136173144,0.250710555,0.336245576,0.12953868,1,0.165545766,0.081929866,0.024494474
Streptococcus_suis_05ZYH33,0.010018751,0.114287791,0.009088247,0.004211308,0.002086054,0.022694305,0.00280306,0.008401462,0.002881484,0.017457939,0.009545692,0.011294612,0.004294761,0.008644681,0.008700112,0.074236387,0.00393409,0.008613395,0.00446541,0.00459815,0.007453808,0.007019651,0.005019434,0.012251268,0.003074477,0.002008745,0.001198137,0.005407062,0.01045267,0.002001003,0.010401892,0.003702993,0.011380742,0.011623717,0.181298374,0.054865063,0.004122825,0.003726129,0.056313068,0.01660017,0.004925557,0.006232923,0.09446709,0.014799675,0.062217297,0.005668944,0.009388984,0.002635663,0.003154304,0.05466627,0.014350223,0.003398968,0.002152865,0.082816309,0.007851057,0.002715772,0.010290612,0.006229282,0.010436862,0.004322733,0.022653352,0.020140035,0.007755509,0.008365173,0.002114737,0.003877283,0.022103636,0.006419281,0.002581318,0.004594933,0.005172043,0.009463596,0.003686351,0.00444388,0.006528116,0.026222977,0.005348124,0.294287534,0.197003823,0.14326359,0.271576583,0.038882775,0.074793944,0.005976613,0.001724315,0.03946627,0.013284497,0.164781794,0.028433686,0.246763998,0.361619193,0.111092189,0.248944694,0.191698398,0.339368624,0.245503329,0.2867228,0.18136863,0.294433217,0.026161285,0.165449609,0.049507069,0.109614264,0.024458875,0.280512191,0.010510107,0.203180297,0.08688441,0.15417417,0.337789639,0.25414623,0.09260483,0.042344438,0.205041566,0.032647129,0.152125498,0.343117019,0.001345362,0.333232862,0.00316807,0.02146243,0.027350241,0.16995125,0.048131066,0.08210486,0.241003505,0.249789527,0.133291097,0.326245573,0.051643497,0.024208938,0.053131512,0.131512879,0.007615838,0.008811087,0.011445451,0.011100194,0.425745144,0.086759653,0.272430535,0.055518252,0.187752593,0.076360615,0.450507055,0.054872986,0.052807445,0.059547063,0.10408927,0.058077311,0.661611061,0.165545766,1,0.118729581,0.142707574
Thermoanaerobacter_sp_X514,0.007843196,0.150953908,0.006366063,0.00241236,0.001461222,0.017509133,0.001963465,0.00566206,0.002018399,0.012228798,0.006686491,0.00791156,0.00300836,0.006055357,0.00731587,0.052000514,0.00243243,0.006256142,0.003546904,0.003220876,0.005221184,0.004917069,0.003515973,0.008581671,0.002153585,0.00140707,0.000839261,0.003787496,0.007321803,0.001783954,0.008708328,0.002593843,0.012866653,0.008188644,0.143561417,0.038431443,0.003201634,0.002610049,0.03944573,0.012298779,0.003450215,0.00531438,0.066171556,0.010366759,0.043581477,0.003970937,0.006576721,0.001831384,0.002449635,0.042769784,0.01005193,0.002380882,0.001508022,0.05801051,0.00484014,0.001902322,0.007208286,0.004952793,0.007742182,0.003027953,0.017575172,0.016915238,0.005432517,0.00585957,0.001441059,0.002794161,0.015482979,0.004496527,0.002008516,0.003218622,0.003622872,0.006628985,0.002582186,0.003112813,0.004432472,0.020352352,0.00443288,0.058062467,0.151951764,0.10942953,0.240595483,0.041090916,0.107425504,0.007727661,0.002697796,0.054857751,0.016219255,0.322653935,0.022332079,0.161632204,0.071997938,0.092697957,0.216697189,0.071197422,0.084165903,0.19701019,0.259088769,0.039096071,0.209433628,0.025090614,0.110530948,0.041289309,0.138573812,0.030939811,0.050546892,0.006152161,0.161054473,0.023931919,0.03193325,0.183514768,0.275615368,0.085864042,0.030446715,0.15182018,0.013748035,0.037243906,0.06826498,0.000537579,0.053813039,0.010298783,0.011022278,0.026074591,0.050423765,0.02065245,0.163183184,0.107836184,0.124994064,0.055221616,0.076215467,0.038911206,0.008780367,0.132176332,0.108000102,0.004457727,0.006026961,0.002615693,0.008115449,0.070228622,0.136787219,0.121868722,0.079619417,0.068857466,0.069194136,0.101221222,0.047645505,0.022037515,0.024080542,0.022040829,0.038170733,0.110160252,0.081929866,0.118729581,1,0.090657288
Tropheryma_whipplei_Twist,0.001694856,0.114035223,0.001344715,0.001237562,0.000308657,0.003698485,0.000414746,0.001339062,0.00042635,0.002583111,0.001412399,0.001671173,0.000635461,0.001279084,0.001545344,0.01098416,0.000582096,0.001321496,0.00075076,0.000680351,0.00110288,0.001038641,0.000742685,0.001812721,0.000454906,0.000297218,0.000177279,0.000800039,0.001546597,0.000376828,0.001971665,0.000547902,0.002717846,0.001729702,0.030324732,0.008117942,0.001049542,0.000551325,0.008332191,0.002597893,0.000728795,0.001122566,0.013977535,0.002189789,0.009205792,0.000838788,0.001389212,0.000389978,0.000586894,0.009034337,0.002123287,0.000502918,0.000318542,0.012253662,0.001335293,0.000401831,0.001522619,0.001046187,0.001635395,0.0006396,0.003712435,0.003573036,0.00114752,0.001237727,0.00031849,0.000685124,0.003270497,0.000949809,0.00043896,0.000679875,0.000765266,0.001400252,0.00054544,0.000657525,0.000965913,0.004299063,0.000936365,0.244764839,0.042191868,0.188925045,0.240828056,0.008679707,0.025080844,0.001786987,0.00056986,0.012576838,0.003652502,0.158678007,0.004717244,0.057608198,0.135660008,0.151007975,0.078236045,0.026584101,0.046783418,0.0595455,0.107293491,0.055726212,0.16427847,0.007266365,0.115630131,0.010257852,0.043166346,0.00808421,0.056857362,0.002838611,0.154586492,0.014910908,0.02530477,0.066146325,0.074764924,0.013403261,0.006431313,0.176870544,0.014429423,0.022622112,0.23121552,0.001100715,0.055568053,0.001386553,0.009403806,0.008626597,0.033670569,0.007665093,0.056368448,0.116180846,0.036084591,0.149354518,0.120565282,0.016256875,0.009471413,0.028337526,0.038047475,0.003375481,0.005076606,0.01992374,0.004684271,0.221698929,0.263337387,0.101464163,0.006978595,0.091729808,0.434160973,0.061715095,0.330936726,0.007813492,0.008810699,0.016992114,0.008593232,0.168669129,0.024494474,0.142707574,0.090657288,1
