,,,,,,,,,,,,,,,,,,,,,,,,,,,,,,,,,,,,,,,,,,,,,,,,,,,,,,,,,,,,,,,,,,,,,,,,,,,,,,,,,,,,,,,,,,,,,,,,,,,,,,,,,,,,,,,,,,,,,,,,,,,,,,,,,,,,,,,,,,,,,,,,,,,,,,,,,,
Jaccard Similarity,Escherichia_coli_O157_H7_EC4115,Leuconostoc_mesenteroides_mesenteroides_ATCC_8293,Coprococcus_comes_ATCC_27758,Akkermansia_muciniphila_ATCC_BAA_835,Alistipes_putredinis_DSM_17216,Anaerotruncus_colihominis_DSM_17241,Bacteroides_caccae_ATCC_43185,Bacteroides_cellulosilyticus_DSM_14838,Bacteroides_coprocola_M16_DSM_17136,Bacteroides_coprophilus_DSM_18228,Bacteroides_dorei_5_1_36_D4,Bacteroides_dorei_DSM_17855,Bacteroides_eggerthii_DSM_20697,Bacteroides_finegoldii_DSM_17565,Bacteroides_fragilis_3_1_12,Bacteroides_intestinalis_341_DSM_17393,Bacteroides_ovatus_ATCC_8483,Bacteroides_pectinophilus_ATCC_43243,Bacteroides_plebeius_M12_DSM_17135,Bacteroides_sp_2_1_7,Bacteroides_sp_2_2_4,Bacteroides_sp_4_3_47FAA,Bacteroides_sp_9_1_42FAA,Bacteroides_sp_D1,Bacteroides_stercoris_ATCC_43183,Bacteroides_thetaiotaomicron_VPI_5482,Bacteroides_uniformis_ATCC_8492,Bacteroides_vulgatus_ATCC_8482,Bacteroides_xylanisolvens_XB1A,Bifidobacterium_adolescentis_L2_32,Bifidobacterium_catenulatum_DSM_16992,Bifidobacterium_longum_longum_CCUG_52486,Bifidobacterium_pseudocatenulatum_DSM_20438,Blautia_hansenii_VPI_C7_24_DSM_20583,Bryantella_formatexigens_I_52_DSM_14469,Butyrivibrio_crossotus_DSM_2876,Catenibacterium_mitsuokai_DSM_15897,Clostridiales_sp_SS3_4,Clostridium_asparagiforme_DSM_15981,Clostridium_bartlettii_DSM_16795,Clostridium_bolteae_ATCC_BAA_613,Clostridium_leptum_DSM_753,Clostridium_methylpentosum_R2_DSM_5476,Clostridium_nexile_DSM_1787,Clostridium_scindens_ATCC_35704,Clostridium_sp_L2_50,Clostridium_sp_M62_1,Clostridium_sp_SS2_1,Collinsella_aerofaciens_ATCC_25986,Coprobacillus_sp_D7,Coprococcus_eutactus_ATCC_27759,Dorea_formicigenerans_ATCC_27755,Dorea_longicatena_DSM_13814,Enterococcus_faecalis_TX0104,Eubacterium_biforme_DSM_3989,Eubacterium_hallii_DSM_3353,Eubacterium_rectale_M104_1,Eubacterium_siraeum_70_3,Eubacterium_ventriosum_ATCC_27560,Faecalibacterium_prausnitzii_SL3_3,Gordonibacter_pamelaeae_7_10_1_bT_DSM_19378,Holdemania_filiformis_VPI_J1_31B_1_DSM_12042,Parabacteroides_distasonis_ATCC_8503,Parabacteroides_johnsonii_DSM_18315,Parabacteroides_merdae_ATCC_43184,Prevotella_copri_CB7_DSM_18205,Pseudoflavonifractor_capillosus_ATCC_29799,Roseburia_intestinalis_M50_1,Ruminococcus_bromii_L2_63,Ruminococcus_gnavus_ATCC_29149,Ruminococcus_lactaris_ATCC_29176,Ruminococcus_obeum_A2_162,Ruminococcus_sp_SR1_5,Ruminococcus_torques_L2_14,Streptococcus_thermophilus_LMD_9,Subdoligranulum_variabile_DSM_15176,Clostridium_symbiosum_WAL_14163,Actinobacillus_pleuropneumoniae_sv_7_AP76,Actinomyces_odontolyticus_ATCC_17982,Anaerococcus_hydrogenalis_DSM_7454,Anaerofustis_stercorihominis_DSM_17244,Anaerostipes_caccae_DSM_14662,Bifidobacterium_angulatum_DSM_20098,Bifidobacterium_animalis_lactis_AD011,Bifidobacterium_bifidum_NCIMB_41171,Bifidobacterium_breve_DSM_20213,Bifidobacterium_dentium_ATCC_27678,Bifidobacterium_gallicum_DSM_20093,Blautia_hydrogenotrophica_DSM_10507,Butyrivibrio_fibrisolvens_16_4,Campylobacter_concisus_13826,Campylobacter_hominis_ATCC_BAA_381,Candidatus_Sulcia_muelleri_GWSS,Citrobacter_koseri_ATCC_BAA_895,Citrobacter_sp_30_2,Clostridium_difficile_630,Clostridium_hylemonae_DSM_15053,Clostridium_perfringens_ATCC_13124,Clostridium_phytofermentans_ISDg,Clostridium_ramosum_VPI_0427_DSM_1402,Clostridium_sp_7_2_43FAA,Clostridium_spiroforme_DSM_1552,Collinsella_intestinalis_DSM_13280,Collinsella_stercoris_DSM_13279,Cronobacter_sakazakii_ATCC_BAA_894,Desulfovibrio_piger_ATCC_29098,Desulfovibrio_vulgaris_Miyazaki_F,Enterobacter_cancerogenus_ATCC_35316,Enterobacter_sp_638,Enterococcus_faecalis_TX1322,Enterococcus_sp_7L76,Escherichia_fergusonii_UMN026_ATCC_35469,Eubacterium_dolichum_DSM_3991,Finegoldia_magna_ATCC_29328,Fusobacterium_nucleatum_nucleatum_ATCC_25586,Haemophilus_influenzae_NTHi_86_028NP,Haemophilus_parasuis_SH0165,Helicobacter_pullorum_MIT_98_5489,Klebsiella_pneumoniae_342,Lactobacillus_acidophilus_NCFM,Lactobacillus_casei_casei_BL23,Lactobacillus_delbrueckii_bulgaricus_ATCC_11842,Lactobacillus_fermentum_IFO_3956,Lactobacillus_gasseri_ATCC_33323,Lactobacillus_helveticus_DPC_4571,Lactobacillus_hilgardii_ATCC_8290,Lactobacillus_johnsonii_NCC_533,Lactobacillus_paracasei_ATCC_25302,Lactobacillus_reuteri_SD2112_ATCC_55730,Lactobacillus_sakei_sakei_23K,Lactobacillus_salivarius_HO66_ATCC_11741,Lactobacillus_ultunensis_DSM_16047,Lactococcus_lactis_cremoris_MG1363,Megamonas_hypermegale_ART12_1,Methanobrevibacter_smithii_DSM_2375,Methanosphaera_stadtmanae_DSM_3091,Mitsuokella_multacida_DSM_20544,Pasteurella_multocida_multocida_Pm70,Pediococcus_pentosaceus_ATCC_25745,Porphyromonas_gingivalis_ATCC_33277,Proteus_mirabilis_HI4320,Proteus_penneri_ATCC_35198,Pseudomonas_aeruginosa_LESB58,Salmonella_enterica_sv_Heidelberg_SL476_CVM30485,Staphylococcus_saprophyticus_saprophyticus_ATCC_15305,Streptococcus_gordonii_Challis_CH1,Streptococcus_infantarius_infantarius_ATCC_BAA_102,Streptococcus_mutans_UA159,Streptococcus_pneumoniae_Hungary19A_6,Streptococcus_pyogenes_M4_MGAS10750,Streptococcus_sanguinis_SK36,Streptococcus_suis_05ZYH33,Thermoanaerobacter_sp_X514,Tropheryma_whipplei_Twist
Escherichia_coli_O157_H7_EC4115,1,0.095699714,0.0784056,0.057118483,0.024557487,0.11534673,0.020295643,0.032629517,0.065937636,0.203282122,0.123847967,0.147398646,0.084826427,0.070399222,0.025710754,0.039196542,0.05692991,0.034070152,0.0254772,0.073943984,0.102014679,0.063617763,0.10416451,0.066114934,0.016717864,0.05317077,0.01336568,0.055676798,0.064547676,0.039160872,0.036100148,0.143120765,0.061171387,0.155248309,0.123245501,0.012739945,0.039717617,0.027008132,0.125656643,0.175650469,0.154491423,0.172839712,0.162987068,0.151075454,0.146581449,0.033682318,0.113079579,0.034977177,0.052671684,0.109688969,0.027297572,0.038260678,0.018487635,0.182413443,0.038473077,0.0365116,0.056251931,0.056600721,0.030491793,0.038046823,0.095782029,0.143514295,0.085766277,0.096242264,0.021186931,0.013184801,0.10872402,0.044749222,0.01713537,0.179406596,0.00865561,0.093357186,0.02215994,0.027272999,0.133655672,0.127297089,0.069653777,0.020265071,0.092586558,0.027076422,0.035549881,0.049671617,0.085548605,0.043704088,0.066346116,0.068303663,0.129768244,0.020947742,0.09662031,0.098155489,0.051425857,0.030684087,0.08207869,0.032152015,0.055126298,0.094330132,0.054281503,0.04485959,0.050974174,0.054989029,0.073102566,0.050257733,0.081680514,0.095384738,0.034168585,0.015828523,0.036656456,0.195355511,0.053999155,0.076541094,0.063752849,0.050261277,0.098806646,0.034534706,0.035504396,0.148041125,0.028249424,0.003402307,0.662831425,0.011564481,0.006486823,0.036036823,0.004362016,0.023429739,0.008192192,0.005380188,0.005000117,0.010792192,0.001685675,0.016851339,0.036829401,0.005794655,0.494521639,0.03733327,0.218592338,0.078020852,0.0690035,0.029557325,0.013659729,0.056285081,0.003622539,0.004124584,0.008577527,0.02293332,0.011378166,0.18742882,0.056850356,0.060351451,0.128024098,0.019685637,0.118694344,0.026044235,0.009337271,0.013435468
Leuconostoc_mesenteroides_mesenteroides_ATCC_8293,0.095699714,1,0.008960421,0.005365461,0.002806501,0.058502868,0.002462109,0.024064227,0.007993556,0.024403435,0.018625879,0.01950441,0.039478793,0.013962434,0.012600193,0.018427621,0.00891646,0.003893637,0.01431742,0.008450535,0.011658536,0.007270424,0.011904225,0.01156924,0.00558664,0.006076511,0.001527469,0.006362907,0.008601857,0.004116535,0.01726235,0.019307733,0.051524896,0.134431858,0.203315906,0.001455958,0.004548254,0.003086568,0.13114022,0.019748731,0.139845654,0.021180704,0.184771046,0.058544149,0.125524548,0.003849314,0.033123727,0.003997294,0.006417658,0.174962382,0.007367061,0.004372542,0.002112821,0.102930228,0.004396816,0.004172652,0.006786999,0.006468496,0.006983595,0.004348102,0.139736992,0.033007105,0.009801621,0.039509179,0.002421304,0.001506798,0.03646333,0.005114072,0.00195828,0.081057872,0.002684583,0.015238045,0.005036671,0.003142136,0.033868021,0.030018035,0.152137137,0.15924404,0.365574796,0.264774912,0.306812098,0.284058105,0.038712638,0.301525114,0.3199977,0.275868804,0.185349749,0.164009801,0.215871576,0.196919396,0.216089123,0.180266935,0.258866937,0.286650308,0.459692244,0.308369807,0.266615874,0.255292299,0.266152417,0.226489089,0.275020765,0.104718238,0.344550427,0.332819725,0.310644082,0.009391123,0.234360584,0.204927182,0.396729236,0.482598339,0.469471465,0.41095366,0.245711096,0.301100108,0.275530901,0.192047426,0.197405366,0.044645144,0.053585354,0.117426873,0.072929788,0.169404392,0.049996017,0.167218688,0.095042496,0.0885929,0.069204051,0.089683447,0.023425849,0.1631927,0.266545358,0.062419942,0.180210752,0.293182367,0.040347251,0.125286583,0.008714253,0.216417859,0.150721892,0.233541122,0.038116707,0.043889107,0.089088612,0.204103277,0.13505502,0.329759832,0.253266329,0.241590837,0.181911063,0.192946522,0.288255209,0.205139241,0.105103374,0.154898917
Coprococcus_comes_ATCC_27758,0.0784056,0.008960421,1,0.207843803,0.165728231,0.153162086,0.177843141,0.211977436,0.172675449,0.131096438,0.478119668,0.459404877,0.216999734,0.238035291,0.14732907,0.180026562,0.390185699,0.148735167,0.173411704,0.601131565,0.646283477,0.672903415,0.649514878,0.510687782,0.223710939,0.286511412,0.154008809,0.585194471,0.51916136,0.339839033,0.120526472,0.34532038,0.111765846,0.066654002,0.042647495,0.120929592,0.220226219,0.344466876,0.068327026,0.172195613,0.064073648,0.184772308,0.048494726,0.153054088,0.071383816,0.154650055,0.270513681,0.406688832,0.503922575,0.03760136,0.514868897,0.486612945,0.235794824,0.087053351,0.327440633,0.465675916,0.622570062,0.483101405,0.367619043,0.485256444,0.056428755,0.271469473,0.588970308,0.220116883,0.205382806,0.168161465,0.245737875,0.442093185,0.151609866,0.110543504,0.183929222,0.537179278,0.475913893,0.344828937,0.254675871,0.298501261,0.035566922,0.001821606,0.013803828,0.003784836,0.005357859,0.012713957,0.106174959,0.006273855,0.011631102,0.01266687,0.028884813,0.002224945,0.029896506,0.030521699,0.005674932,0.007449237,0.021073961,0.002568508,0.004327293,0.017930073,0.013967546,0.00644603,0.012310406,0.009538699,0.011544506,0.041123684,0.01679215,0.020414711,0.002806251,0.243366946,0.005988476,0.01544658,0.004288955,0.007214411,0.008750809,0.003955971,0.024445672,0.005105448,0.004489494,0.025426753,0.002537517,0.000400039,0.078391159,0.001079901,0.000653482,0.014055701,0.000447985,0.002486889,0.000861962,0.000860586,0.000620097,0.002125281,0.000209905,0.002039999,0.004589467,0.000573292,0.046520509,0.005843667,0.193349502,0.022643282,0.266124188,0.002695209,0.002061614,0.013984166,0.000341542,0.000393265,0.000863657,0.001828851,0.001255359,0.024753123,0.009106641,0.007420851,0.029090135,0.002108687,0.015635309,0.002693544,0.000941771,0.00152526
Akkermansia_muciniphila_ATCC_BAA_835,0.057118483,0.005365461,0.207843803,1,0.26721386,0.076153373,0.174706152,0.14422457,0.164793154,0.279157319,0.20626547,0.173975307,0.067462247,0.079071421,0.01998091,0.063058174,0.104901908,0.114608,0.069098055,0.234494885,0.216714367,0.237283323,0.199952409,0.201710713,0.139412708,0.274177095,0.164317764,0.276258693,0.183430373,0.126891518,0.017408892,0.147570345,0.015372791,0.031587347,0.022961381,0.113703176,0.153327631,0.138708486,0.038769969,0.312712137,0.042304105,0.287662778,0.024950406,0.071370791,0.033432979,0.205028936,0.090526593,0.13531671,0.193722147,0.021097218,0.170445857,0.19563813,0.249107485,0.046461369,0.111224406,0.224604321,0.174033051,0.226769397,0.124742763,0.18768707,0.033026886,0.149454437,0.176611024,0.092651108,0.188248138,0.143249367,0.118220372,0.126026848,0.1339794,0.053483876,0.118140445,0.176426977,0.142299263,0.148560197,0.050993583,0.113707933,0.022045968,0.00113243,0.008731824,0.002961859,0.004089445,0.007991369,0.093541501,0.004282593,0.006551113,0.008092307,0.008270618,0.001804255,0.016218388,0.016745571,0.002827404,0.005451206,0.012085942,0.002193216,0.003577854,0.010835864,0.008876676,0.005047868,0.007825149,0.007451531,0.008806303,0.031463893,0.010745639,0.013317217,0.002419668,0.087194078,0.00395173,0.012227459,0.00319097,0.005019986,0.004546434,0.003150417,0.013948767,0.003902532,0.003139772,0.009442848,0.001506405,0.000344931,0.067098609,0.000931136,0.000563459,0.003993513,0.000377522,0.001639587,0.00074322,0.000742033,0.000534674,0.001765761,0.000180989,0.001758973,0.00285774,0.000494317,0.034557473,0.004136585,0.058854852,0.017288378,0.249802215,0.001645447,0.001528725,0.008402259,0.000294492,0.00033909,0.000744682,0.001576913,0.001082423,0.011221565,0.004673996,0.004204651,0.011042365,0.001521917,0.006077536,0.001950456,0.000812034,0.001315143
Alistipes_putredinis_DSM_17216,0.024557487,0.002806501,0.165728231,0.26721386,1,0.035370081,0.292700369,0.077787518,0.225535227,0.115004364,0.1170422,0.128192796,0.066737196,0.172688392,0.14949029,0.054049253,0.186494243,0.342877642,0.160670809,0.228255444,0.138319598,0.214267588,0.167756295,0.121218315,0.312574004,0.422463648,0.37443168,0.230616123,0.141337873,0.28856659,0.018755448,0.109007287,0.012414374,0.020876759,0.01335766,0.36576873,0.22918082,0.266803553,0.019035717,0.112193898,0.016496378,0.126507135,0.015189076,0.045627486,0.022358188,0.278602256,0.058533842,0.350824563,0.175083403,0.011777155,0.180043916,0.212935708,0.313733797,0.027266057,0.202745476,0.314664744,0.174406437,0.248535979,0.099871977,0.273800096,0.014786187,0.06052164,0.192786709,0.071034163,0.433763656,0.33582763,0.062363975,0.241140799,0.198858822,0.034623429,0.312068114,0.100480775,0.193891693,0.260616334,0.062452766,0.077207334,0.010058004,0.000570547,0.004323509,0.001185452,0.00167814,0.00398215,0.049735231,0.00196504,0.003642988,0.003967402,0.00813485,0.000696877,0.009363911,0.009559728,0.00177745,0.002333182,0.006600594,0.000804485,0.001355355,0.005615894,0.004374787,0.002018967,0.003855753,0.002987624,0.003615865,0.012880385,0.005259484,0.00639411,0.000878948,0.131689078,0.001875656,0.004838037,0.001343347,0.002259632,0.002740849,0.001239053,0.007656651,0.001599082,0.001406158,0.007963936,0.000794778,0.000125297,0.024552964,0.000338237,0.000204678,0.004402399,0.000140314,0.000778921,0.000269976,0.000269545,0.000194221,0.000665661,6.57E-05,0.00063895,0.001437471,0.000179561,0.01457073,0.0018303,0.05127602,0.007009991,0.135116891,0.000844169,0.00064572,0.004379993,0.000106975,0.000123175,0.000270507,0.000572816,0.000393192,0.007752948,0.002852299,0.002324291,0.009111347,0.000660464,0.004897149,0.000843647,0.000294973,0.000477728
Anaerotruncus_colihominis_DSM_17241,0.11534673,0.058502868,0.153162086,0.076153373,0.035370081,1,0.040192252,0.176725845,0.057199656,0.166293857,0.297651912,0.278406527,0.271168465,0.151665981,0.113348107,0.134859699,0.150481014,0.048096299,0.093505272,0.10446914,0.199281443,0.124274661,0.200142499,0.197755092,0.061089963,0.09065514,0.026109302,0.108103255,0.147033075,0.048938389,0.105611707,0.148453121,0.148594973,0.43518604,0.278446818,0.0183115,0.032119592,0.052759265,0.43966655,0.11002543,0.389477112,0.196099249,0.316623567,0.572333194,0.45175802,0.052052765,0.449331777,0.068326464,0.109698176,0.245500446,0.112133847,0.074740647,0.036114827,0.458760362,0.039288784,0.071323895,0.116011382,0.11056716,0.118484612,0.074322889,0.368425085,0.555189358,0.110828922,0.300207289,0.02443903,0.025755961,0.580893506,0.087415749,0.029152173,0.551418823,0.045888057,0.260466625,0.086092724,0.053709095,0.253988073,0.412310077,0.232217534,0.011893322,0.090125617,0.02471131,0.034981626,0.083009818,0.110214551,0.040962193,0.075939824,0.082702386,0.144609371,0.014526736,0.19519521,0.199277117,0.037051807,0.048636297,0.137592547,0.016769865,0.02825303,0.117066003,0.091194541,0.042086331,0.08037502,0.062278461,0.075374439,0.136574944,0.109636464,0.133288279,0.0183221,0.047033315,0.039098945,0.051864446,0.02800272,0.047103112,0.057134302,0.025828658,0.15960655,0.033333629,0.029312042,0.12792072,0.01656753,0.002611869,0.064999993,0.007050706,0.004266602,0.09055394,0.00292491,0.016236973,0.005627779,0.005618791,0.004048635,0.013876028,0.001370479,0.013319215,0.029964771,0.003743043,0.121037708,0.03815348,0.213772307,0.091482331,0.042431909,0.017597101,0.013460342,0.09130305,0.002229937,0.002567639,0.005638846,0.011940627,0.008196278,0.154969814,0.059457543,0.048450967,0.182472625,0.013767682,0.102083418,0.017586233,0.006148849,0.00995847
Bacteroides_caccae_ATCC_43185,0.020295643,0.002462109,0.177843141,0.174706152,0.292700369,0.040192252,1,0.065445416,0.060078832,0.033936367,0.103005699,0.105859045,0.032110103,0.047516751,0.156075445,0.07633152,0.254442941,0.245116469,0.068390185,0.181942871,0.175560381,0.216563778,0.153863436,0.152516329,0.120021992,0.227699618,0.537469729,0.214042505,0.176047785,0.212910148,0.018263544,0.116361716,0.016755627,0.016777705,0.01102644,0.215559105,0.048976291,0.317644343,0.01744657,0.057891584,0.017266264,0.049677479,0.01285818,0.039132554,0.017341129,0.152837944,0.0684106,0.338780583,0.17562205,0.010331952,0.150468971,0.271917853,0.291317525,0.022472327,0.189058019,0.335336518,0.164800126,0.151012504,0.193341913,0.261454554,0.015505268,0.067879914,0.173928052,0.060867485,0.234068277,0.338071562,0.061542111,0.238812618,0.135479253,0.027757286,0.544697924,0.140375836,0.217527738,0.312183938,0.036145841,0.068757054,0.009537081,0.000500534,0.003792961,0.001039982,0.001472211,0.00349349,0.039511584,0.001723905,0.003195948,0.003480552,0.007936854,0.000611362,0.008018556,0.008093409,0.001559335,0.002046872,0.005602429,0.000705764,0.001189036,0.004926754,0.003837946,0.001771214,0.003382604,0.002621006,0.003172153,0.011299802,0.00461408,0.005609473,0.00077109,0.039931646,0.00164549,0.004244349,0.001178502,0.001982347,0.002404512,0.001087006,0.006598718,0.001402855,0.001233605,0.006857988,0.000697249,0.000109921,0.017193688,0.000296731,0.000179561,0.001991649,0.000123096,0.000683337,0.000236847,0.000236468,0.000170388,0.000583976,5.77E-05,0.000560543,0.001261075,0.000157527,0.01278272,0.001605699,0.047444555,0.006221831,0.074238248,0.000740579,0.000566482,0.003842513,9.38E-05,0.00010806,0.000237312,0.000502524,0.000344943,0.006801564,0.002502287,0.002039072,0.007365161,0.000579417,0.004296208,0.000740121,0.000258776,0.000419105
Bacteroides_cellulosilyticus_DSM_14838,0.032629517,0.024064227,0.211977436,0.14422457,0.077787518,0.176725845,0.065445416,1,0.086404755,0.109589017,0.334318808,0.320544646,0.203658974,0.101681447,0.051554905,0.151992889,0.15589645,0.069493864,0.193920455,0.217190665,0.235626195,0.216008612,0.279503431,0.201541198,0.159806638,0.169111409,0.045382011,0.189045752,0.147200553,0.108898449,0.085655803,0.38612091,0.077132002,0.172003687,0.136086266,0.043257381,0.045239365,0.090998649,0.140142854,0.147533669,0.104032047,0.146599324,0.139506367,0.24813739,0.179738986,0.04828655,0.227250116,0.112126329,0.143902748,0.109882859,0.205228322,0.129910823,0.062773164,0.219709495,0.117466782,0.123971978,0.181626419,0.147413743,0.11856073,0.129184695,0.103237734,0.178207613,0.209693433,0.335452823,0.07193839,0.04476785,0.261687546,0.113003014,0.046937576,0.229995911,0.071492045,0.209253133,0.145220066,0.093354728,0.153520946,0.305081805,0.084785696,0.005478918,0.04555512,0.014216978,0.020125724,0.047268875,0.375986019,0.02356648,0.040844688,0.047070732,0.044197531,0.008357561,0.099802159,0.10392788,0.01419757,0.026532652,0.076408448,0.009648084,0.012018033,0.061134682,0.051948409,0.024213222,0.04478644,0.035830213,0.041987415,0.067465747,0.057228785,0.069977096,0.01054112,0.147700589,0.022494511,0.011416019,0.010427364,0.020090003,0.030590972,0.012526771,0.08448068,0.019177594,0.015750018,0.046797259,0.007100708,0.001502668,0.028999319,0.004056431,0.002454673,0.05276171,0.001682767,0.007741271,0.003237789,0.003232618,0.002329272,0.007983194,0.000788468,0.007662847,0.016930783,0.002153458,0.042955787,0.02175437,0.200205902,0.078914951,0.054722381,0.007705474,0.007744041,0.050793185,0.001282933,0.001477221,0.003244156,0.006869714,0.004715505,0.056241472,0.027695485,0.020322161,0.084118505,0.007177625,0.039808533,0.009242882,0.003537572,0.005729334
Bacteroides_coprocola_M16_DSM_17136,0.065937636,0.007993556,0.172675449,0.164793154,0.225535227,0.057199656,0.060078832,0.086404755,1,0.220877135,0.17499781,0.200077138,0.133745686,0.375395011,0.028865687,0.139597273,0.104409343,0.090247296,0.249461195,0.292697129,0.17814267,0.213348218,0.195156942,0.193808915,0.156025489,0.323779547,0.191087545,0.279055624,0.221388508,0.111127874,0.027355121,0.116196116,0.024005962,0.048030792,0.034365754,0.111263904,0.176525366,0.203328302,0.042394532,0.19346505,0.038377232,0.224117108,0.03876238,0.077374724,0.046233588,0.25072903,0.083204162,0.240939559,0.153995343,0.025678919,0.204962062,0.191170534,0.151827924,0.060448771,0.135251981,0.166832721,0.166185506,0.211900182,0.141053021,0.208255678,0.029717279,0.10378014,0.28147251,0.101558742,0.258858883,0.188501529,0.10355771,0.218420358,0.108051561,0.069324023,0.070650884,0.141848356,0.164974767,0.238291263,0.060071185,0.120129414,0.021566828,0.001625047,0.01231434,0.003376437,0.004779724,0.01134207,0.05418623,0.005596881,0.010085028,0.010130776,0.016365741,0.001984865,0.025391563,0.026028562,0.005062584,0.005870789,0.018685029,0.002291355,0.003860361,0.015927403,0.012460392,0.005750478,0.010982064,0.008509435,0.010298808,0.033949712,0.01498021,0.018211882,0.002503445,0.2623619,0.005342296,0.013779832,0.00382616,0.006435947,0.007806562,0.003529106,0.020740177,0.00455455,0.004005059,0.016318779,0.002263709,0.000356873,0.068318108,0.000963375,0.000582968,0.008484111,0.000399646,0.002218543,0.000768953,0.000767725,0.000553186,0.001895955,0.000187256,0.001819875,0.004094245,0.000511432,0.040792797,0.005213112,0.09700885,0.01641641,0.179612467,0.002404385,0.001839158,0.012475218,0.000304688,0.00035083,0.000770465,0.001631511,0.001119901,0.019158041,0.008123999,0.006620112,0.0210822,0.001881151,0.012746527,0.0024029,0.00084015,0.001360678
Bacteroides_coprophilus_DSM_18228,0.203282122,0.024403435,0.131096438,0.279157319,0.115004364,0.166293857,0.033936367,0.109589017,0.220877135,1,0.18089611,0.199321564,0.167354379,0.129465932,0.056948314,0.085780064,0.096574372,0.130586896,0.080287673,0.253988362,0.157200204,0.136343951,0.15950083,0.118743645,0.049514647,0.102405814,0.062592379,0.159427123,0.107020352,0.070871442,0.07089511,0.149783143,0.069078356,0.165543118,0.11297794,0.044158428,0.176214101,0.076489667,0.14024939,0.673375759,0.121342372,0.814731805,0.124966264,0.21134184,0.161764265,0.153114402,0.190636246,0.062894709,0.087625795,0.085477192,0.06934764,0.088173305,0.086578836,0.187310824,0.069048817,0.09562984,0.092430247,0.188802157,0.061988274,0.097428368,0.0929377,0.206507833,0.180691002,0.16833225,0.074538471,0.061745307,0.195130326,0.08661044,0.03893065,0.219383012,0.027056266,0.150827252,0.053273727,0.047538554,0.158915646,0.199783544,0.069260797,0.004961088,0.037594304,0.010307885,0.014591965,0.034626074,0.066127045,0.017086653,0.031676952,0.034497835,0.048809368,0.00605957,0.081422223,0.083124918,0.015455505,0.020287769,0.057394292,0.006995252,0.011785251,0.048832009,0.038040186,0.017555567,0.033527015,0.025978356,0.031441111,0.09012136,0.045732908,0.055598843,0.007642739,0.05175692,0.016309432,0.04206829,0.011680838,0.019648228,0.023832561,0.010773967,0.066577044,0.013904532,0.012226999,0.053185658,0.006910852,0.001089495,0.205253335,0.002941077,0.001779737,0.038280274,0.001220075,0.006772965,0.002347528,0.002343779,0.001688817,0.005788139,0.000571671,0.005555875,0.012499273,0.001561344,0.123344132,0.015915048,0.171775404,0.041767194,0.315267587,0.007340319,0.005614743,0.038085449,0.000930179,0.001071045,0.002352144,0.004980821,0.003418932,0.063622945,0.02480166,0.020210462,0.072565932,0.005742944,0.042582289,0.007335786,0.002564883,0.004153999
Bacteroides_dorei_5_1_36_D4,0.123847967,0.018625879,0.478119668,0.20626547,0.1170422,0.297651912,0.103005699,0.334318808,0.17499781,0.18089611,1,0.743095605,0.386703295,0.257811013,0.106163621,0.190079666,0.312872868,0.11374499,0.177901499,0.380727851,0.524129769,0.39033991,0.58186106,0.458464822,0.179501297,0.252858147,0.08024651,0.336356056,0.388008297,0.172698991,0.095160607,0.430174372,0.071009814,0.138552569,0.088650642,0.06347898,0.122407797,0.165713966,0.142030258,0.200436378,0.133188831,0.255173102,0.100805184,0.317363385,0.148384356,0.124566108,0.376159345,0.214609685,0.308915285,0.078161325,0.330399642,0.234756283,0.113434696,0.180956359,0.183863658,0.224024451,0.364385405,0.327509889,0.277064092,0.233444129,0.117297517,0.459537865,0.375441083,0.415480224,0.111576692,0.080898064,0.487876103,0.268402471,0.08360817,0.229784951,0.112531792,0.561068897,0.255322077,0.16869733,0.333310901,0.546831055,0.073932371,0.003786542,0.028693788,0.007867476,0.011137292,0.026428291,0.19285902,0.013041358,0.024177379,0.026330413,0.054337237,0.004624957,0.062145371,0.06344495,0.011796387,0.015484605,0.043806095,0.005339114,0.008995072,0.037270946,0.029034107,0.013399256,0.025589436,0.019827936,0.023997374,0.085483121,0.034905563,0.042435721,0.005833308,0.182652106,0.012448146,0.032108549,0.00891538,0.014996476,0.018190161,0.008223212,0.050814814,0.01061261,0.009332236,0.052854171,0.005274696,0.000831555,0.099312883,0.002244772,0.001358381,0.029217353,0.00093122,0.005169454,0.001791747,0.001788885,0.001288986,0.004417787,0.000436327,0.004240512,0.009540049,0.001191693,0.096701411,0.012147133,0.272548616,0.047068216,0.136972359,0.005602486,0.004285443,0.029068653,0.000709957,0.000817473,0.00179527,0.003801603,0.002609494,0.051453908,0.018929825,0.015425601,0.060469182,0.004383292,0.032500858,0.005599026,0.001957643,0.003170533
Bacteroides_dorei_DSM_17855,0.147398646,0.01950441,0.459404877,0.173975307,0.128192796,0.278406527,0.105859045,0.320544646,0.200077138,0.199321564,0.743095605,1,0.367660827,0.266770212,0.124735953,0.212650681,0.32917757,0.117364821,0.177665049,0.408527844,0.565918971,0.368093874,0.609504846,0.468213668,0.166403063,0.255466491,0.078314032,0.307482324,0.396321308,0.179725421,0.106565966,0.436262377,0.093709671,0.14508771,0.092832048,0.064257055,0.110812424,0.158249763,0.148729432,0.196825673,0.13947098,0.294669911,0.105559885,0.333157299,0.155383236,0.13136916,0.418112871,0.204943087,0.286962926,0.081847978,0.305444248,0.224182228,0.108325292,0.18949157,0.182285308,0.213933787,0.347972505,0.318273752,0.261694356,0.222929177,0.122830116,0.451424216,0.436251914,0.447850889,0.111232527,0.077254197,0.477236564,0.261791808,0.076600877,0.240623271,0.111910442,0.559497595,0.238173956,0.161098748,0.285771344,0.615232192,0.077419557,0.003965143,0.030047194,0.008238563,0.011662608,0.027674841,0.180291055,0.013656483,0.025317759,0.027572346,0.062874416,0.004843103,0.065076596,0.066437473,0.01235279,0.016214971,0.045872307,0.005590945,0.009419345,0.039028914,0.030403565,0.014031262,0.026796419,0.020763164,0.025129264,0.089515123,0.036551962,0.044437297,0.006108449,0.154821773,0.01303529,0.033623021,0.009335893,0.015703819,0.019048141,0.008611078,0.053211608,0.011113178,0.009772412,0.055347156,0.005523488,0.000870777,0.120830702,0.002350652,0.001422453,0.030595455,0.000975143,0.005413283,0.001876259,0.001873262,0.001349784,0.004626162,0.000456907,0.004440525,0.009990026,0.001247902,0.101262549,0.01272008,0.368049334,0.049288293,0.141017729,0.005866739,0.004487576,0.030439741,0.000743444,0.000856031,0.001879948,0.003980914,0.002732577,0.053880846,0.019822692,0.016153183,0.063321346,0.00459004,0.034033834,0.005863116,0.002049979,0.003320078
Bacteroides_eggerthii_DSM_20697,0.084826427,0.039478793,0.216999734,0.067462247,0.066737196,0.271168465,0.032110103,0.203658974,0.133745686,0.167354379,0.386703295,0.367660827,1,0.256201528,0.07435849,0.18263524,0.147658929,0.052026699,0.224033557,0.214052506,0.242191328,0.184160239,0.295081527,0.196598568,0.121132703,0.124947771,0.038690874,0.160134847,0.190725269,0.073910074,0.126443047,0.192265835,0.113732293,0.261839048,0.177731736,0.027069675,0.101789641,0.078182945,0.223595259,0.099096671,0.165604867,0.184897403,0.20137878,0.351515254,0.255315665,0.066585526,0.323364072,0.101251678,0.155461825,0.142235996,0.186608069,0.110756733,0.051678228,0.268896699,0.083205306,0.105693513,0.171915045,0.135767578,0.101767737,0.110137666,0.141451941,0.33587909,0.196511378,0.298803903,0.061227342,0.038167265,0.371385757,0.129539723,0.035669791,0.350621432,0.054751187,0.28697487,0.127579159,0.07959048,0.308652101,0.416322288,0.106137033,0.008025829,0.060818397,0.016675639,0.023606234,0.056016526,0.142767898,0.027642029,0.051245567,0.055809066,0.100770055,0.009802904,0.130213907,0.134475803,0.02500323,0.030384614,0.092849939,0.011316608,0.019065656,0.078998257,0.061539726,0.028400617,0.054238517,0.042026632,0.050864035,0.180277854,0.073984669,0.089945342,0.012364085,0.161723494,0.026384675,0.029505027,0.018896742,0.031786032,0.03855526,0.017429645,0.105792454,0.022494136,0.019780296,0.111623177,0.011180069,0.001762536,0.032181254,0.004757944,0.00287918,0.061928129,0.001973782,0.010957003,0.003797727,0.003791662,0.002732092,0.009363795,0.000924824,0.008988047,0.02022077,0.002525873,0.078556612,0.025746658,0.183807959,0.051403279,0.061154272,0.011874842,0.009083282,0.06161295,0.001504802,0.001732689,0.003805195,0.008057751,0.005530996,0.109059989,0.040123026,0.032695589,0.128168465,0.009290681,0.068887737,0.011867508,0.004149354,0.006720156
Bacteroides_finegoldii_DSM_17565,0.070399222,0.013962434,0.238035291,0.079071421,0.172688392,0.151665981,0.047516751,0.101681447,0.375395011,0.129465932,0.257811013,0.266770212,0.256201528,1,0.055737469,0.079659314,0.13891077,0.06258509,0.381674103,0.214753411,0.213422862,0.185734541,0.239948908,0.216048424,0.189015469,0.335489854,0.10939848,0.160900497,0.190894366,0.100584566,0.161889236,0.126200757,0.169019695,0.103862536,0.06645478,0.040585934,0.181587673,0.164618783,0.096725831,0.101156313,0.083778795,0.170013862,0.075566134,0.200712896,0.111232694,0.059507989,0.215924659,0.286289209,0.180331229,0.058591721,0.218699548,0.14968822,0.069296768,0.130638016,0.121382136,0.158458121,0.201212273,0.166687008,0.111038479,0.181957319,0.075564488,0.254686408,0.244356495,0.160294212,0.133580775,0.107917975,0.225161737,0.182364311,0.051293877,0.166366844,0.077893576,0.223957637,0.225257113,0.190674066,0.202132506,0.241740659,0.052614251,0.002838489,0.021509594,0.00589766,0.008348798,0.019811321,0.089782904,0.009776134,0.018123979,0.019737948,0.0450093,0.003466985,0.046585753,0.047559951,0.008842872,0.011607654,0.032838165,0.004002336,0.006742935,0.027939251,0.021764706,0.010044424,0.019182493,0.014863526,0.017989043,0.064080325,0.026166099,0.031810898,0.004372796,0.490356121,0.009331447,0.024069387,0.006683196,0.011241741,0.013635808,0.006164329,0.038092079,0.007955483,0.006995682,0.039620833,0.003954046,0.000623355,0.05300859,0.001682738,0.001018277,0.021902072,0.000698066,0.003875155,0.001343139,0.001340994,0.000966257,0.003311686,0.000327082,0.003178796,0.007151464,0.000893324,0.067762652,0.0091058,0.18552095,0.025493532,0.109543459,0.004199766,0.003212477,0.021790603,0.000532202,0.000612799,0.00134578,0.002849778,0.001956143,0.03857116,0.014190279,0.011563423,0.04532924,0.003285828,0.024363471,0.004197172,0.001467499,0.002376712
Bacteroides_fragilis_3_1_12,0.025710754,0.012600193,0.14732907,0.01998091,0.14949029,0.113348107,0.156075445,0.051554905,0.028865687,0.056948314,0.106163621,0.124735953,0.07435849,0.055737469,1,0.056697068,0.388680651,0.201484917,0.040426218,0.181706334,0.190485819,0.135735388,0.167220217,0.085048841,0.033412148,0.177407666,0.088693223,0.118494806,0.105538059,0.209331866,0.032152344,0.135010975,0.0376449,0.081081547,0.057769742,0.077242041,0.015517671,0.120112526,0.0729783,0.037752289,0.062308787,0.060777344,0.066111335,0.101370084,0.079285122,0.203321055,0.192841703,0.139161051,0.071902486,0.057327904,0.052962467,0.110340599,0.063591482,0.08645813,0.067739916,0.13841882,0.083640419,0.077723717,0.088763082,0.142370801,0.066015816,0.108441434,0.210972633,0.155179897,0.029594872,0.07615907,0.104676758,0.172740567,0.014149227,0.095318535,0.178754865,0.208824164,0.130831419,0.092424222,0.082534487,0.114574008,0.043132426,0.003053128,0.023136094,0.006343626,0.008980113,0.021309402,0.036999667,0.01051538,0.018470711,0.020917435,0.025700054,0.00372915,0.046519316,0.045658044,0.009511548,0.012485395,0.032510498,0.004304982,0.007252819,0.029210191,0.023410497,0.010803957,0.020633024,0.015987467,0.018996965,0.037267044,0.02539451,0.030182597,0.004703456,0.019575059,0.010037067,0.009899666,0.007188562,0.012091812,0.014666913,0.00663046,0.037588939,0.008557056,0.007524677,0.026541317,0.004253041,0.000670491,0.012825614,0.001809983,0.001095277,0.011098555,0.000750852,0.004168184,0.001444704,0.001442396,0.001039323,0.003562107,0.000351815,0.003419168,0.007692239,0.000960874,0.024484156,0.009794357,0.043506158,0.014753809,0.014030264,0.004517342,0.003455397,0.022497268,0.000572446,0.000659137,0.001447545,0.003065271,0.002104062,0.034958808,0.015263311,0.012437819,0.038052697,0.003534294,0.025293879,0.004514552,0.001578467,0.002556433
Bacteroides_intestinalis_341_DSM_17393,0.039196542,0.018427621,0.180026562,0.063058174,0.054049253,0.134859699,0.07633152,0.151992889,0.139597273,0.085780064,0.190079666,0.212650681,0.18263524,0.079659314,0.056697068,1,0.105770943,0.136548806,0.078761919,0.222722475,0.169050831,0.160810683,0.209633492,0.262588154,0.098268092,0.0846631,0.064627619,0.205820218,0.373597854,0.130049217,0.048984382,0.286246279,0.050419248,0.123809062,0.084350274,0.072522832,0.076985873,0.136456069,0.100493149,0.195460765,0.081500694,0.112712829,0.097043611,0.169811688,0.116516482,0.145200427,0.15584271,0.131372995,0.241981905,0.074346766,0.151610186,0.194172884,0.10524187,0.123049219,0.163028013,0.13669094,0.199914815,0.210618999,0.245959564,0.14517629,0.080314367,0.131388742,0.24751164,0.141232322,0.119704405,0.075055197,0.181989413,0.169087661,0.096622543,0.156390401,0.03916287,0.211741439,0.156902076,0.156513157,0.1041324,0.2200639,0.053829426,0.004081315,0.03092753,0.00847994,0.012004304,0.02848567,0.063069455,0.014056597,0.02605953,0.028380172,0.036692052,0.004984998,0.064756943,0.06532136,0.012714708,0.016604281,0.045095729,0.005754751,0.009695317,0.0401724,0.031294342,0.014442356,0.027581512,0.021371493,0.025865512,0.050846895,0.03606165,0.044040667,0.006287417,0.023635265,0.013417204,0.012894438,0.009609421,0.016163916,0.019606222,0.008863369,0.05312153,0.011438777,0.010058728,0.054371241,0.005685318,0.00089629,0.019891071,0.002419522,0.001464128,0.015522861,0.001003713,0.005571884,0.00193123,0.001928146,0.001389331,0.004761701,0.000470294,0.004570625,0.010282719,0.001284464,0.034456002,0.013092758,0.152189969,0.049051522,0.310963532,0.006038626,0.004619055,0.03117231,0.000765226,0.000881112,0.001935028,0.004097549,0.002812637,0.053161404,0.020403466,0.016626447,0.059258229,0.004724521,0.035030972,0.006034896,0.002110041,0.003417351
Bacteroides_ovatus_ATCC_8483,0.05692991,0.00891646,0.390185699,0.104901908,0.186494243,0.150481014,0.254442941,0.15589645,0.104409343,0.096574372,0.312872868,0.32917757,0.147658929,0.13891077,0.388680651,0.105770943,1,0.20061751,0.14232295,0.405098498,0.484233991,0.37993828,0.411623253,0.26032588,0.151122325,0.341171921,0.171308902,0.326208054,0.285937322,0.320101333,0.050252749,0.278889184,0.049703711,0.065728304,0.042438261,0.101042416,0.080669428,0.31315058,0.067991805,0.098334255,0.063759295,0.141180682,0.048256805,0.146258174,0.067639074,0.18847742,0.249069643,0.299060758,0.208511409,0.037416883,0.236830682,0.279228727,0.172251156,0.086392978,0.167058242,0.286908123,0.269983246,0.235463599,0.194962213,0.328536037,0.056151908,0.22680967,0.387798584,0.207943377,0.10546147,0.168990554,0.229265347,0.453629971,0.065424977,0.105238098,0.268569418,0.432966383,0.282548937,0.282030729,0.132525534,0.256593764,0.035392426,0.001812669,0.013736104,0.003766267,0.005331572,0.012651581,0.073632098,0.006243075,0.011574038,0.012604725,0.028743101,0.002214029,0.029749829,0.030371956,0.00564709,0.00741269,0.02097057,0.002555906,0.004306063,0.017842106,0.013899019,0.006414405,0.012250009,0.009491901,0.011487867,0.040921926,0.016709765,0.020314554,0.002792483,0.063031972,0.005959096,0.015370797,0.004267913,0.007179016,0.008707876,0.003936563,0.024325739,0.0050804,0.004467468,0.025302006,0.002525068,0.000398077,0.045595063,0.001074603,0.000650276,0.012117148,0.000445788,0.002474688,0.000857733,0.000856364,0.000617055,0.002114854,0.000208876,0.00202999,0.00456695,0.00057048,0.046292273,0.005814997,0.141179786,0.022532191,0.066538914,0.002681986,0.0020515,0.013915557,0.000339866,0.000391335,0.00085942,0.001819879,0.0012492,0.024631681,0.009061963,0.007384444,0.028947415,0.002098341,0.0155586,0.002680329,0.00093715,0.001517777
Bacteroides_pectinophilus_ATCC_43243,0.034070152,0.003893637,0.148735167,0.114608,0.342877642,0.048096299,0.245116469,0.069493864,0.090247296,0.130586896,0.11374499,0.117364821,0.052026699,0.06258509,0.201484917,0.136548806,0.20061751,1,0.100413121,0.210977184,0.122690885,0.149775634,0.144341915,0.10418729,0.10635335,0.198022002,0.172390926,0.168068079,0.155210334,0.163352057,0.026841868,0.163425212,0.018880879,0.028963645,0.018531924,0.326350879,0.108253528,0.184181812,0.028686046,0.16513101,0.025144027,0.151543999,0.021072764,0.065634111,0.031018925,0.305543546,0.07773013,0.249936922,0.117717767,0.016339191,0.097471696,0.189841199,0.205945116,0.037275946,0.220412185,0.233127462,0.133703715,0.18089797,0.123169612,0.195547862,0.022776674,0.071803569,0.177536266,0.080186517,0.258566109,0.205221819,0.078096942,0.161580109,0.143888733,0.047886261,0.274227521,0.104234134,0.129353493,0.173830407,0.061924672,0.09396834,0.015455152,0.000791556,0.005998277,0.001644652,0.002328189,0.005524688,0.019153058,0.002726224,0.005054147,0.005504227,0.012551527,0.000966821,0.012991145,0.013262814,0.002465969,0.003236971,0.009157421,0.001116112,0.00188037,0.007791284,0.006069419,0.00280104,0.00534933,0.00414492,0.005016518,0.012686165,0.007296814,0.008870952,0.001219421,0.02272756,0.002602216,0.006712114,0.001863711,0.00313493,0.003802552,0.001719017,0.010622555,0.002218507,0.001950852,0.011048871,0.001102646,0.000173832,0.034063877,0.000469257,0.000283962,0.006107725,0.000194666,0.001080646,0.000374555,0.000373957,0.000269455,0.000923514,9.12E-05,0.000886455,0.001994294,0.000249117,0.020214893,0.002539291,0.056127909,0.009839349,0.182280324,0.001171169,0.000895848,0.00607664,0.000148413,0.000170888,0.000375291,0.000794704,0.0005455,0.010756154,0.003957175,0.003224636,0.012640747,0.000916303,0.006794124,0.001170445,0.000409234,0.000662782
Bacteroides_plebeius_M12_DSM_17135,0.0254772,0.01431742,0.173411704,0.069098055,0.160670809,0.093505272,0.068390185,0.193920455,0.249461195,0.080287673,0.177901499,0.177665049,0.224033557,0.381674103,0.040426218,0.078761919,0.14232295,0.100413121,1,0.174540005,0.156198595,0.197513936,0.173375342,0.113213719,0.278447546,0.310632675,0.08744684,0.158797714,0.109142149,0.036196499,0.037338231,0.135173931,0.041255933,0.081822513,0.065863476,0.041389291,0.113798557,0.145942665,0.076753585,0.07005306,0.065934817,0.086697846,0.072160089,0.118374998,0.080591435,0.028354905,0.113571046,0.228843093,0.07567251,0.054056764,0.210692861,0.139832713,0.071288431,0.096103419,0.129306675,0.167371222,0.13176521,0.080019827,0.054499027,0.183630273,0.054633496,0.147825639,0.193979702,0.136000898,0.138618468,0.086263409,0.143253643,0.128436094,0.018105489,0.106946996,0.107207138,0.120801285,0.17000455,0.168593224,0.076671351,0.137015029,0.042743402,0.00355103,0.026909113,0.00737814,0.010444583,0.024784525,0.038322769,0.012141556,0.021144701,0.024664967,0.025800427,0.004337297,0.051381018,0.054053086,0.009763488,0.012217513,0.040171223,0.005007036,0.008435604,0.034245572,0.027228266,0.01256586,0.023997844,0.018072035,0.022504804,0.075997378,0.029636891,0.036569578,0.005470492,0.299020169,0.011673906,0.013323379,0.008360868,0.014063737,0.016237958,0.007711751,0.043704675,0.009952535,0.008751797,0.031051458,0.004946624,0.000779835,0.022064471,0.002105153,0.001273894,0.014805776,0.0008733,0.004847928,0.001680305,0.001677622,0.001208815,0.004143013,0.000409189,0.003976764,0.008946684,0.001117573,0.030604185,0.011391615,0.093753496,0.021956392,0.017620599,0.005254027,0.0040189,0.027260663,0.0006658,0.000766629,0.001683609,0.003565154,0.002447191,0.036328014,0.016804709,0.012961607,0.040365825,0.004110664,0.023086645,0.005250782,0.001835883,0.002973334
Bacteroides_sp_2_1_7,0.073943984,0.008450535,0.601131565,0.234494885,0.228255444,0.10446914,0.181942871,0.217190665,0.292697129,0.253988362,0.380727851,0.408527844,0.214052506,0.214753411,0.181706334,0.222722475,0.405098498,0.210977184,0.174540005,1,0.534394037,0.582725809,0.615775786,0.408218007,0.229126136,0.31791235,0.180754127,0.593633954,0.447051154,0.350706488,0.092274456,0.374069534,0.079174711,0.062861102,0.040220669,0.135722754,0.231930416,0.339064726,0.056414085,0.304172426,0.048693206,0.309994058,0.045735167,0.136704403,0.067321769,0.240012248,0.23580961,0.372077384,0.376341736,0.035461681,0.380097415,0.451325427,0.246565127,0.08209964,0.302892159,0.423894938,0.474017458,0.502189205,0.289133921,0.462319472,0.043640237,0.185820861,0.741632432,0.213887883,0.234732937,0.178307956,0.190705354,0.45451908,0.124532813,0.104253102,0.173101366,0.453496802,0.40696735,0.306294933,0.172770625,0.261203752,0.029596181,0.001717949,0.01301833,0.003569462,0.005052974,0.011990478,0.115741483,0.005916846,0.010969242,0.011946071,0.027241143,0.002098336,0.028195266,0.028784883,0.005352004,0.007025343,0.019874762,0.002422348,0.004081051,0.016909775,0.013172733,0.006079223,0.011609891,0.008995906,0.010887574,0.038783569,0.015836604,0.019253026,0.002646563,0.166132351,0.005647706,0.014567603,0.004044895,0.00680388,0.00825285,0.003730859,0.023054608,0.004814926,0.004234022,0.023979862,0.002393122,0.000377275,0.073930364,0.00101845,0.000616296,0.013255871,0.000422493,0.002345374,0.000812913,0.000811615,0.000584811,0.002004344,0.000197961,0.001923914,0.004328306,0.000540669,0.043873291,0.005511137,0.182347082,0.021354782,0.308494821,0.00254184,0.001944299,0.013188406,0.000322107,0.000370886,0.000814512,0.001724782,0.001183924,0.023344564,0.008588434,0.006998573,0.027434781,0.001988694,0.014745593,0.00254027,0.00088818,0.001438466
Bacteroides_sp_2_2_4,0.102014679,0.011658536,0.646283477,0.216714367,0.138319598,0.199281443,0.175560381,0.235626195,0.17814267,0.157200204,0.524129769,0.565918971,0.242191328,0.213422862,0.190485819,0.169050831,0.484233991,0.122690885,0.156198595,0.534394037,1,0.597760651,0.655434807,0.498935528,0.177925047,0.270480747,0.131017225,0.501932613,0.515588125,0.260927989,0.076742167,0.349859969,0.07111567,0.086724502,0.055489284,0.073931697,0.127374002,0.264747508,0.088901299,0.169241849,0.083367166,0.223605541,0.063097201,0.199140925,0.092878533,0.133098746,0.341551517,0.336553841,0.368801753,0.048923683,0.362993759,0.370016012,0.181225239,0.113266396,0.188419734,0.328864553,0.416864799,0.35687529,0.313828258,0.372954391,0.073420282,0.353212924,0.516134558,0.267109149,0.125376765,0.12924415,0.317592743,0.392865256,0.102656813,0.143829779,0.184555596,0.717925528,0.375014171,0.265869403,0.191835931,0.364054826,0.046276645,0.002370118,0.017960363,0.004924506,0.006971189,0.016542316,0.119450712,0.008163005,0.015133398,0.016481051,0.037582456,0.002894909,0.038898783,0.039712231,0.007383738,0.009692311,0.027419641,0.003341923,0.005630305,0.023329082,0.01817338,0.008387025,0.01601725,0.012410942,0.015020727,0.05350663,0.021848513,0.026561881,0.003651255,0.117386919,0.007791694,0.020097772,0.005580422,0.009386776,0.011385806,0.005147172,0.031806624,0.006642774,0.005841346,0.033083123,0.003301601,0.000520497,0.09699714,0.001405075,0.000850255,0.018288079,0.00058288,0.003235727,0.001121512,0.001119721,0.000806818,0.002765235,0.000273111,0.002654272,0.005971423,0.000745919,0.060528518,0.007603281,0.233666061,0.029461507,0.132862369,0.003506776,0.002682396,0.018195003,0.000444385,0.000511683,0.001123717,0.002379545,0.001633366,0.032206653,0.011848785,0.009655379,0.037849603,0.002743644,0.020343331,0.00350461,0.001225351,0.001984538
Bacteroides_sp_4_3_47FAA,0.063617763,0.007270424,0.672903415,0.237283323,0.214267588,0.124274661,0.216563778,0.216008612,0.213348218,0.136343951,0.39033991,0.368093874,0.184160239,0.185734541,0.135735388,0.160810683,0.37993828,0.149775634,0.197513936,0.582725809,0.597760651,1,0.527666347,0.489796181,0.283442306,0.34559869,0.195783086,0.755452302,0.517566141,0.360826442,0.0524919,0.267644319,0.035562043,0.054082597,0.034603884,0.129428837,0.217102279,0.42242668,0.055440078,0.161628778,0.051988917,0.179353552,0.039348286,0.124187032,0.057920336,0.164332446,0.219492935,0.457218097,0.482072743,0.030509485,0.572172562,0.568655038,0.277653479,0.070634489,0.310822679,0.541043422,0.543745255,0.45063059,0.38264206,0.598053447,0.045785902,0.217046174,0.518904323,0.170496346,0.22905472,0.2072503,0.199390017,0.479583384,0.172211311,0.089694237,0.252626945,0.462666821,0.517969781,0.40951601,0.214669293,0.24002829,0.028858755,0.001478039,0.01120033,0.00307099,0.00434733,0.010316017,0.128494977,0.005090563,0.009437396,0.010277811,0.023436938,0.001805305,0.024257818,0.024765096,0.004604601,0.006044259,0.017099267,0.002084069,0.003511136,0.014548338,0.011333171,0.005230264,0.009988578,0.007739635,0.009367133,0.033367474,0.013625034,0.016564356,0.002276973,0.210424811,0.004859008,0.012533248,0.003480029,0.005853723,0.007100346,0.003209848,0.01983505,0.004142525,0.003642744,0.020631092,0.002058924,0.000324589,0.063606046,0.000876224,0.00053023,0.011404699,0.000363492,0.002017844,0.00069939,0.000698273,0.000503143,0.001724439,0.000170316,0.001655241,0.003723862,0.000465165,0.03774642,0.004741511,0.136648626,0.018372603,0.207226625,0.002186874,0.001672779,0.011346656,0.000277125,0.000319092,0.000700766,0.001483917,0.00101859,0.020084514,0.007389066,0.006021228,0.023603535,0.001710974,0.012686382,0.002185523,0.000764146,0.001237585
Bacteroides_sp_9_1_42FAA,0.10416451,0.011904225,0.649514878,0.199952409,0.167756295,0.200142499,0.153863436,0.279503431,0.195156942,0.15950083,0.58186106,0.609504846,0.295081527,0.239948908,0.167220217,0.209633492,0.411623253,0.144341915,0.173375342,0.615775786,0.655434807,0.527666347,1,0.46888039,0.231361903,0.3276404,0.128313186,0.471413856,0.522487873,0.284596096,0.103532495,0.456721576,0.088479474,0.088552112,0.05665865,0.095194905,0.171097975,0.259283436,0.090774782,0.202934414,0.085124024,0.22700743,0.064426895,0.203337569,0.094835831,0.177548079,0.359386639,0.335787851,0.413268333,0.049954688,0.358382758,0.366077124,0.176277746,0.115653342,0.240559311,0.350518612,0.505544143,0.442614094,0.29940503,0.365257058,0.074967523,0.314405546,0.583570025,0.301302764,0.166176759,0.126576705,0.32599811,0.415335087,0.111621497,0.146860811,0.151049782,0.580327765,0.387612048,0.260426347,0.199268674,0.396569093,0.047251867,0.002420066,0.018338855,0.005028283,0.007118098,0.016890925,0.137585048,0.00833503,0.015452315,0.016828368,0.038374459,0.002955915,0.039718526,0.040549117,0.007539341,0.009896565,0.027997476,0.00341235,0.005748956,0.023820713,0.018556361,0.008563771,0.016354793,0.012672487,0.01533727,0.054634215,0.022308943,0.027121639,0.0037282,0.176801915,0.007955894,0.020521307,0.005698023,0.009584591,0.011625748,0.005255642,0.032476908,0.006782762,0.005964445,0.033780308,0.003371178,0.000531466,0.098690836,0.001434685,0.000868173,0.018673478,0.000595164,0.003303916,0.001145146,0.001143317,0.000823821,0.002823509,0.000278867,0.002710208,0.006097263,0.000761638,0.061804081,0.00776351,0.256871399,0.030082372,0.181605012,0.003580677,0.002738925,0.01857844,0.00045375,0.000522466,0.001147398,0.002429691,0.001667787,0.032885368,0.012098483,0.009858854,0.038647235,0.002801462,0.020772041,0.003578465,0.001251174,0.00202636
Bacteroides_sp_D1,0.066114934,0.01156924,0.510687782,0.201710713,0.121218315,0.197755092,0.152516329,0.201541198,0.193808915,0.118743645,0.458464822,0.468213668,0.196598568,0.216048424,0.085048841,0.262588154,0.26032588,0.10418729,0.113213719,0.408218007,0.498935528,0.489796181,0.46888039,1,0.21096851,0.187732905,0.132028467,0.447333606,0.654058416,0.235797341,0.096735343,0.281068099,0.087860857,0.086060255,0.055064276,0.093298316,0.157316112,0.266790933,0.088220379,0.167667654,0.082728634,0.182300749,0.062613923,0.19761565,0.092167151,0.146790809,0.281355783,0.274870563,0.420084016,0.048548963,0.497068246,0.335288823,0.182624006,0.112398857,0.255044543,0.313389201,0.465859094,0.440272233,0.513941448,0.375832999,0.072857936,0.35050757,0.459288838,0.231699117,0.153751442,0.130241707,0.317284239,0.368534366,0.149840624,0.142728148,0.165399044,0.497528369,0.346062796,0.271593995,0.246717287,0.356751208,0.0459222,0.002351965,0.0178228,0.004886787,0.006917795,0.016415614,0.123233303,0.008100482,0.015017487,0.016354818,0.037294601,0.002872736,0.038600847,0.039408065,0.007327184,0.009618075,0.027209627,0.003316326,0.00558718,0.023150398,0.018034185,0.008322786,0.015894569,0.012315883,0.014905679,0.053096808,0.021681169,0.026358436,0.003623289,0.122762893,0.007732015,0.019943838,0.00553768,0.00931488,0.011298599,0.005107749,0.031563008,0.006591895,0.005796606,0.03282973,0.003276313,0.00051651,0.051510632,0.001394313,0.000843742,0.018148006,0.000578416,0.003210944,0.001112922,0.001111144,0.000800638,0.002744055,0.000271019,0.002633943,0.005925686,0.000740206,0.060064914,0.007545045,0.249643038,0.029235854,0.184692559,0.003479916,0.002661851,0.018055643,0.000440981,0.000507764,0.00111511,0.00236132,0.001620856,0.031959973,0.011758032,0.009581426,0.037559702,0.002722629,0.020187516,0.003477767,0.001215966,0.001969338
Bacteroides_stercoris_ATCC_43183,0.016717864,0.00558664,0.223710939,0.139412708,0.312574004,0.061089963,0.120021992,0.159806638,0.156025489,0.049514647,0.179501297,0.166403063,0.121132703,0.189015469,0.033412148,0.098268092,0.151122325,0.10635335,0.278447546,0.229126136,0.177925047,0.283442306,0.231361903,0.21096851,1,0.314800301,0.201971078,0.296603249,0.202156936,0.283695561,0.024332585,0.163046185,0.019636132,0.041237726,0.026589844,0.219615941,0.289454209,0.2948467,0.037577654,0.079476369,0.032497679,0.071509353,0.02992711,0.082021805,0.043543857,0.086388793,0.091346538,0.254940118,0.247308379,0.023443682,0.328997681,0.241809867,0.24630611,0.052985553,0.280868246,0.29030572,0.244471494,0.316046222,0.24625027,0.337033225,0.029124816,0.094604256,0.213470414,0.105799073,0.318115334,0.269714456,0.105783006,0.317535973,0.246931866,0.064746282,0.280179189,0.142251765,0.253016198,0.291614959,0.093442203,0.124164339,0.019775437,0.001135734,0.008606405,0.002359768,0.003340516,0.007926893,0.098235734,0.003911621,0.007251755,0.007897535,0.011591817,0.001387208,0.018639862,0.019029657,0.003538204,0.004644447,0.013139185,0.001601412,0.002697979,0.011179035,0.00870848,0.004018968,0.007675287,0.005947184,0.007197764,0.025639779,0.010469563,0.012728156,0.00174964,0.170477692,0.003733693,0.007376722,0.002674076,0.004498038,0.005455951,0.002466467,0.015241378,0.003183143,0.002799108,0.015853062,0.00158209,0.000249416,0.010619115,0.000673296,0.000407432,0.008675078,0.00027931,0.001550524,0.000537416,0.000536558,0.000386618,0.00132507,0.000130872,0.001271898,0.002861439,0.000357436,0.014934867,0.003643407,0.057448419,0.014117625,0.048532787,0.001680408,0.001285374,0.008718842,0.000212944,0.000245193,0.000538473,0.001140252,0.000782691,0.015433068,0.005677805,0.004626749,0.018137106,0.001314723,0.009748297,0.00167937,0.000587175,0.000950969
Bacteroides_thetaiotaomicron_VPI_5482,0.05317077,0.006076511,0.286511412,0.274177095,0.422463648,0.09065514,0.227699618,0.169111409,0.323779547,0.102405814,0.252858147,0.255466491,0.124947771,0.335489854,0.177407666,0.0846631,0.341171921,0.198022002,0.310632675,0.31791235,0.270480747,0.34559869,0.3276404,0.187732905,0.314800301,1,0.251372703,0.323214976,0.21378446,0.258329004,0.029125322,0.237729873,0.027085755,0.041867229,0.027730933,0.149468769,0.147284166,0.294074444,0.043528473,0.118167773,0.043145968,0.135092598,0.032260234,0.09676192,0.043209424,0.16913367,0.132476499,0.41827706,0.211061209,0.025499369,0.269486744,0.30449624,0.203188327,0.055905848,0.21348251,0.374584061,0.255981241,0.229500706,0.137338565,0.352059888,0.038267169,0.145940221,0.320549987,0.147232995,0.261362561,0.229282138,0.146630926,0.291086592,0.121830252,0.068814819,0.237784504,0.205055189,0.281588892,0.328171419,0.079829475,0.1747378,0.024073076,0.001235322,0.009361068,0.002566687,0.003633433,0.008621972,0.09080166,0.004254616,0.007887634,0.00859004,0.019588241,0.001508847,0.02027432,0.020507653,0.003848456,0.005051701,0.01429131,0.001741834,0.002934554,0.012159282,0.009472094,0.004371376,0.008348304,0.00646867,0.007828909,0.027888033,0.011387599,0.013844239,0.00190306,0.252472117,0.004061086,0.010475101,0.002908556,0.004892454,0.005934362,0.002682742,0.016577836,0.00346226,0.003044551,0.017243157,0.001720818,0.000271287,0.053160977,0.000732335,0.000443159,0.005433493,0.000303801,0.001686484,0.00058454,0.000583606,0.000420519,0.00144126,0.000142347,0.001383425,0.003112348,0.000388778,0.03154789,0.003962883,0.08249332,0.015355545,0.077242487,0.001827756,0.001398084,0.009483364,0.000231617,0.000266693,0.000585689,0.001240236,0.000851322,0.016786335,0.00617567,0.005032451,0.018700838,0.001430006,0.010603087,0.001826627,0.000638662,0.001034355
Bacteroides_uniformis_ATCC_8492,0.01336568,0.001527469,0.154008809,0.164317764,0.37443168,0.026109302,0.537469729,0.045382011,0.191087545,0.062592379,0.08024651,0.078314032,0.038690874,0.10939848,0.088693223,0.064627619,0.171308902,0.172390926,0.08744684,0.180754127,0.131017225,0.195783086,0.128313186,0.132028467,0.201971078,0.251372703,1,0.225453467,0.173270381,0.260657864,0.038604181,0.079107727,0.023783472,0.011362404,0.007270052,0.30755319,0.194330091,0.398723071,0.011647601,0.076092482,0.010922535,0.072116065,0.00826682,0.026090891,0.012168688,0.240886999,0.046114045,0.345363394,0.202305833,0.006409845,0.161231342,0.28789362,0.421676346,0.014839849,0.207971192,0.328489193,0.17829229,0.22500488,0.174108207,0.303877289,0.009619322,0.046276977,0.155838411,0.038661118,0.399360739,0.536718686,0.041890552,0.275825902,0.237697052,0.018844179,0.373105746,0.100240488,0.235740289,0.40243158,0.037422549,0.050885044,0.006063038,0.000310526,0.002353117,0.000645195,0.000913346,0.002167328,0.027068942,0.001069494,0.001982736,0.002159302,0.004923949,0.000379283,0.005096411,0.005202986,0.000967397,0.00126986,0.003592445,0.000437849,0.000737667,0.003056512,0.002381026,0.001098845,0.002098536,0.001626047,0.001967974,0.00701029,0.002862532,0.003480064,0.000478377,0.095733109,0.001020846,0.002633154,0.000731131,0.001229829,0.001491737,0.000674368,0.004167216,0.000870318,0.000765317,0.004334459,0.000432567,6.82E-05,0.013363218,0.000184089,0.000111398,0.002396053,7.64E-05,0.000423936,0.000146937,0.000146703,0.000105707,0.000362293,3.58E-05,0.000347755,0.000782359,9.77E-05,0.007930279,0.000996161,0.032959988,0.003859965,0.128680294,0.000459448,0.00035144,0.002383859,5.82E-05,6.70E-05,0.000147226,0.000311761,0.000213999,0.004219626,0.001552395,0.001265021,0.00495895,0.000359465,0.002665327,0.000459164,0.000160542,0.000260009
Bacteroides_vulgatus_ATCC_8482,0.055676798,0.006362907,0.585194471,0.276258693,0.230616123,0.108103255,0.214042505,0.189045752,0.279055624,0.159427123,0.336356056,0.307482324,0.160134847,0.160900497,0.118494806,0.205820218,0.326208054,0.168068079,0.158797714,0.593633954,0.501932613,0.755452302,0.471413856,0.447333606,0.296603249,0.323214976,0.225453467,1,0.553422741,0.392318698,0.040876383,0.279588046,0.024509401,0.047331841,0.03028452,0.165856175,0.25058928,0.45275272,0.048519877,0.212849015,0.0454995,0.191149203,0.034436712,0.105226749,0.050690541,0.232935066,0.188145277,0.416917516,0.478525369,0.026701197,0.532396817,0.6073871,0.318489094,0.061817674,0.344532892,0.541555286,0.549640349,0.509840979,0.410044758,0.620225727,0.040070765,0.181571985,0.512468439,0.144437802,0.290277814,0.236809605,0.167360293,0.550059664,0.203038248,0.078327907,0.230212762,0.395499851,0.482098071,0.44416556,0.185108858,0.201519387,0.025256516,0.001293545,0.009802271,0.002687659,0.003804683,0.00902834,0.112759842,0.004455143,0.008259391,0.008994903,0.015662848,0.001579961,0.021229883,0.02167384,0.00402984,0.005289796,0.014964884,0.001823929,0.003072865,0.012732369,0.009918529,0.004577407,0.008741773,0.00677355,0.008197898,0.029202443,0.011924316,0.014496742,0.001992754,0.183235806,0.004252492,0.01096881,0.003045641,0.005123043,0.006214059,0.002809185,0.017359178,0.003625443,0.003188046,0.018055856,0.001801923,0.000284073,0.055666543,0.000766851,0.000464045,0.009981129,0.00031812,0.001765971,0.00061209,0.000611113,0.000440339,0.001509189,0.000149057,0.001448629,0.003259038,0.000407102,0.033034796,0.004149661,0.11200986,0.016079278,0.261328469,0.001913901,0.001463978,0.009930331,0.000242533,0.000279262,0.000613294,0.00129869,0.000891446,0.017577503,0.00646674,0.005269639,0.020657269,0.001497405,0.011102829,0.001912719,0.000668763,0.001083106
Bacteroides_xylanisolvens_XB1A,0.064547676,0.008601857,0.51916136,0.183430373,0.141337873,0.147033075,0.176047785,0.147200553,0.221388508,0.107020352,0.388008297,0.396321308,0.190725269,0.190894366,0.105538059,0.373597854,0.285937322,0.155210334,0.109142149,0.447051154,0.515588125,0.517566141,0.522487873,0.654058416,0.202156936,0.21378446,0.173270381,0.553422741,1,0.272571378,0.072110405,0.31851267,0.06585073,0.063986742,0.040940892,0.124019721,0.173638709,0.357631684,0.065592818,0.171227681,0.061509645,0.157838405,0.046554137,0.146929398,0.068527286,0.215764304,0.246921303,0.354187127,0.538081845,0.036096685,0.431094298,0.490389531,0.245623831,0.08356978,0.302334338,0.387124613,0.495166706,0.449989946,0.535037923,0.426248415,0.054170673,0.260606214,0.469964967,0.18397749,0.210074475,0.175171204,0.235746511,0.441594034,0.189514408,0.10611994,0.162061837,0.460710228,0.426396717,0.365285807,0.181292528,0.271188944,0.034143658,0.001748712,0.013251447,0.00363338,0.005143456,0.012205189,0.087501186,0.006022797,0.011165666,0.012159986,0.027728944,0.002135911,0.028700152,0.029300327,0.005447841,0.007151144,0.020230655,0.002465725,0.00415413,0.017212574,0.013408614,0.006188083,0.011817786,0.009156994,0.011082536,0.039478058,0.016120186,0.019597786,0.002693955,0.110840116,0.005748838,0.014828462,0.004117326,0.006925715,0.008400632,0.003797667,0.023467442,0.004901146,0.00430984,0.024409264,0.002435975,0.000384031,0.053423186,0.001036687,0.000627332,0.013493241,0.000430059,0.002387372,0.00082747,0.000826148,0.000595283,0.002040235,0.000201506,0.001958365,0.004405812,0.000550351,0.044658921,0.005609823,0.182222728,0.021737177,0.262553365,0.002587356,0.001979116,0.013424568,0.000327874,0.000377528,0.000829097,0.001755667,0.001205124,0.02376259,0.008742225,0.007123895,0.02792605,0.002024305,0.015009639,0.002585758,0.000904084,0.001464224
Bifidobacterium_adolescentis_L2_32,0.039160872,0.004116535,0.339839033,0.126891518,0.28856659,0.048938389,0.212910148,0.108898449,0.111127874,0.070871442,0.172698991,0.179725421,0.073910074,0.100584566,0.209331866,0.130049217,0.320101333,0.163352057,0.036196499,0.350706488,0.260927989,0.360826442,0.284596096,0.235797341,0.283695561,0.258329004,0.260657864,0.392318698,0.272571378,1,0.184652162,0.19164043,0.067986464,0.028472769,0.018777848,0.289209197,0.437299226,0.452807543,0.022399248,0.114139769,0.018926079,0.095479903,0.021125644,0.063031744,0.030388399,0.230727015,0.112664258,0.354378123,0.478871117,0.014271595,0.293036947,0.495748852,0.415192647,0.038984425,0.431342698,0.476175679,0.481205122,0.456715886,0.225918921,0.53377268,0.017967442,0.076443551,0.331533843,0.104285334,0.363690726,0.336683018,0.084328402,0.46319376,0.306925383,0.046931872,0.201979658,0.223336998,0.434569204,0.433849134,0.125892007,0.125020554,0.010928128,0.000909829,0.006393853,0.001714003,0.002419995,0.005661806,0.079227693,0.00306173,0.005783938,0.006228927,0.014414784,0.001111283,0.012616864,0.013434133,0.002834431,0.002481821,0.009462056,0.00128288,0.002161332,0.007964113,0.006224937,0.003219568,0.005603145,0.003934529,0.005744757,0.007522854,0.007730469,0.009310225,0.001401625,0.170886781,0.002678784,0.00771503,0.002142184,0.003578707,0.004366937,0.00197587,0.010228296,0.00233246,0.002169586,0.01269978,0.001267402,0.000199806,0.039153659,0.000539373,0.000326391,0.007020334,0.000223753,0.001242114,0.00043052,0.000429833,0.000309717,0.001061504,0.00010484,0.001018908,0.002292279,0.00028634,0.023098521,0.002719903,0.09518263,0.011309532,0.227550113,0.001346163,0.001029705,0.006564581,0.000170588,0.000196422,0.000431367,0.000913448,0.000627008,0.011684253,0.004249377,0.00365011,0.013677561,0.001048311,0.007261543,0.001345332,0.000470382,0.000746289
Bifidobacterium_catenulatum_DSM_16992,0.036100148,0.01726235,0.120526472,0.017408892,0.018755448,0.105611707,0.018263544,0.085655803,0.027355121,0.07089511,0.095160607,0.106565966,0.126443047,0.161889236,0.032152344,0.048984382,0.050252749,0.026841868,0.037338231,0.092274456,0.076742167,0.0524919,0.103532495,0.096735343,0.024332585,0.029125322,0.038604181,0.040876383,0.072110405,0.184652162,1,0.069841003,0.365236081,0.107523391,0.083873556,0.060124114,0.185825397,0.068628302,0.092991769,0.048563255,0.067211965,0.097308408,0.090253572,0.125516066,0.10749367,0.028544319,0.119817064,0.116698468,0.217482132,0.061475216,0.08137871,0.180565096,0.087249408,0.113567097,0.180775726,0.127926256,0.171942926,0.133363685,0.056240647,0.108075871,0.062054528,0.112538969,0.091609566,0.08644846,0.081829745,0.062223539,0.123626726,0.061271332,0.080867615,0.12442907,0.017804562,0.106360071,0.207990454,0.129755205,0.113056535,0.139965741,0.051992071,0.004922959,0.029965061,0.009455649,0.013568986,0.031299874,0.055337302,0.01695533,0.031433492,0.033842246,0.075193964,0.006012998,0.059671787,0.069407423,0.015336718,0.01350497,0.050218159,0.005187898,0.006186426,0.041083118,0.034330528,0.01742064,0.031002653,0.019144023,0.027626352,0.036773293,0.042473819,0.050195412,0.005286524,0.168117671,0.015071157,0.008743501,0.006154267,0.012910873,0.016416446,0.006513131,0.053071768,0.012921949,0.011940509,0.038438808,0.006857737,0.001081121,0.008489114,0.002918473,0.001766059,0.035325857,0.001210697,0.00672091,0.002329486,0.002325765,0.001675837,0.005743653,0.000567277,0.005513174,0.012403208,0.001549344,0.034846119,0.015314301,0.173375158,0.041967857,0.168952027,0.007283903,0.00557159,0.036216294,0.000923029,0.001062813,0.002334067,0.004613227,0.003392655,0.040192888,0.023640825,0.020055131,0.062697677,0.005698806,0.034079643,0.007279405,0.00254517,0.004122073
Bifidobacterium_longum_longum_CCUG_52486,0.143120765,0.019307733,0.34532038,0.147570345,0.109007287,0.148453121,0.116361716,0.38612091,0.116196116,0.149783143,0.430174372,0.436262377,0.192265835,0.126200757,0.135010975,0.286246279,0.278889184,0.163425212,0.135173931,0.374069534,0.349859969,0.267644319,0.456721576,0.281068099,0.163046185,0.237729873,0.079107727,0.279588046,0.31851267,0.19164043,0.069841003,1,0.071821629,0.119464322,0.086761873,0.075404174,0.106614779,0.159853589,0.100987276,0.304884342,0.089739388,0.191771022,0.092808157,0.218374151,0.129982684,0.151231737,0.225769811,0.207020139,0.233699368,0.071710116,0.198467475,0.226454264,0.109423144,0.16705375,0.200720706,0.216101957,0.305761692,0.297050045,0.238341031,0.223478483,0.072529352,0.217885574,0.395948927,0.395070152,0.120166582,0.078037151,0.235894185,0.254392341,0.076410471,0.184424471,0.083869995,0.31054922,0.241553657,0.162731448,0.20153597,0.327130315,0.059390005,0.00392536,0.027909678,0.008155904,0.011327394,0.026427787,0.170985348,0.013354625,0.025063743,0.02729571,0.055546445,0.004794512,0.05715748,0.061840134,0.012228854,0.016052285,0.043282957,0.005534851,0.00932484,0.036983223,0.028888251,0.013890485,0.025541176,0.020421241,0.02487714,0.035656425,0.034882021,0.0421623,0.006047162,0.081149513,0.011597855,0.033285678,0.009242226,0.015491403,0.018857029,0.008524682,0.04912216,0.010923673,0.009674364,0.054791853,0.005468071,0.000862041,0.116969356,0.002327067,0.001408181,0.030288488,0.000965359,0.005358971,0.001857434,0.001854467,0.001336242,0.004579747,0.000452323,0.004395973,0.009889796,0.001235382,0.100148163,0.012278806,0.200590098,0.048793779,0.160791764,0.005807878,0.004442551,0.0291556,0.000735985,0.000847443,0.001861086,0.003940973,0.00270516,0.052487235,0.019257598,0.015797798,0.061616515,0.004543988,0.032524991,0.005804291,0.002029412,0.003271694
Bifidobacterium_pseudocatenulatum_DSM_20438,0.061171387,0.051524896,0.111765846,0.015372791,0.012414374,0.148594973,0.016755627,0.077132002,0.024005962,0.069078356,0.071009814,0.093709671,0.113732293,0.169019695,0.0376449,0.050419248,0.049703711,0.018880879,0.041255933,0.079174711,0.07111567,0.035562043,0.088479474,0.087860857,0.019636132,0.027085755,0.023783472,0.024509401,0.06585073,0.067986464,0.365236081,0.071821629,1,0.197944007,0.211287268,0.022670012,0.070121429,0.048059444,0.190918784,0.048587797,0.162623172,0.099167576,0.19365787,0.164984495,0.188067452,0.017343865,0.113238266,0.062239909,0.099926209,0.150616208,0.068206384,0.068082714,0.032897701,0.181583196,0.067886409,0.064970328,0.105677032,0.100717784,0.040379243,0.06770217,0.160701649,0.139700704,0.102462288,0.105562156,0.037700945,0.023461607,0.134392186,0.04978696,0.030491423,0.175033808,0.012278562,0.088732048,0.078423543,0.048924663,0.106345859,0.126753412,0.147957893,0.013056392,0.082716592,0.027127875,0.038402543,0.09051528,0.082491136,0.044967961,0.083366118,0.090790004,0.18496146,0.015947332,0.16716934,0.180792785,0.035185407,0.05339253,0.138178603,0.015226381,0.017756851,0.112468794,0.09864855,0.04620203,0.08756155,0.062204181,0.075081866,0.100612192,0.118558631,0.135432817,0.015473022,0.172827122,0.041135517,0.023439897,0.017674332,0.03539755,0.040533358,0.018658939,0.155003562,0.036593385,0.032178521,0.077146502,0.018187699,0.002867288,0.01901697,0.007740208,0.004683841,0.065905555,0.003210943,0.017824816,0.00617813,0.006168262,0.004444559,0.01523299,0.001504501,0.014621726,0.032895081,0.004109082,0.084243514,0.041884578,0.21495146,0.045977681,0.130865948,0.019317954,0.014776654,0.099590364,0.002448006,0.002818733,0.006190279,0.013108323,0.008997807,0.101880293,0.061028412,0.046872596,0.148386668,0.015114049,0.083437989,0.019306023,0.006750156,0.010932327
Blautia_hansenii_VPI_C7_24_DSM_20583,0.155248309,0.134431858,0.066654002,0.031587347,0.020876759,0.43518604,0.016777705,0.172003687,0.048030792,0.165543118,0.138552569,0.14508771,0.261839048,0.103862536,0.081081547,0.123809062,0.065728304,0.028963645,0.081822513,0.062861102,0.086724502,0.054082597,0.088552112,0.086060255,0.041237726,0.041867229,0.011362404,0.047331841,0.063986742,0.028472769,0.107523391,0.119464322,0.197944007,1,0.63013545,0.010830455,0.026705,0.022960096,0.672219144,0.096615938,0.472678009,0.149351579,0.709557766,0.435493117,0.782421902,0.02863394,0.246397896,0.029734723,0.047739115,0.516725406,0.054801455,0.032526086,0.015716669,0.643488565,0.028459214,0.031039163,0.050486534,0.048117284,0.051947581,0.032344284,0.446487909,0.245530376,0.069003881,0.276868424,0.017621316,0.011208635,0.271240247,0.038042114,0.014209241,0.602966246,0.019969842,0.113351439,0.037466352,0.023373449,0.220681525,0.223295545,0.371205083,0.027329282,0.207096756,0.056783325,0.080383152,0.190745589,0.141344935,0.094125705,0.174499678,0.190039153,0.251551552,0.033380519,0.448532792,0.457912476,0.085140155,0.111759783,0.316169486,0.038534933,0.064921728,0.269002202,0.209553001,0.096708825,0.184691171,0.143107672,0.173200498,0.26132915,0.251930103,0.306278848,0.042101764,0.041063756,0.089844208,0.074531389,0.064346549,0.10736404,0.131287074,0.059350841,0.366754756,0.076596272,0.067355199,0.268134967,0.038069995,0.00600173,0.064102402,0.016201591,0.009804087,0.187854361,0.006721057,0.037310417,0.012931892,0.012911238,0.009303229,0.031885278,0.00314918,0.030605796,0.068855084,0.008601018,0.196862633,0.087671654,0.188080495,0.154934762,0.032457383,0.040435813,0.030930087,0.20980234,0.0051241,0.005900094,0.012957322,0.027437983,0.018833963,0.333769453,0.136625576,0.111333919,0.411928852,0.031636313,0.234574201,0.04041084,0.014129242,0.022883248
Bryantella_formatexigens_I_52_DSM_14469,0.123245501,0.203315906,0.042647495,0.022961381,0.01335766,0.278446818,0.01102644,0.136086266,0.034365754,0.11297794,0.088650642,0.092832048,0.177731736,0.06645478,0.057769742,0.084350274,0.042438261,0.018531924,0.065863476,0.040220669,0.055489284,0.034603884,0.05665865,0.055064276,0.026589844,0.027730933,0.007270052,0.03028452,0.040940892,0.018777848,0.083873556,0.086761873,0.211287268,0.63013545,1,0.006929693,0.018259779,0.01469065,0.588606197,0.070750414,0.493882714,0.100810435,0.765758528,0.278643296,0.597439275,0.018320968,0.157653747,0.019025286,0.030545108,0.605397862,0.035063833,0.020811295,0.010056059,0.489900674,0.019996298,0.019859911,0.032303,0.030787074,0.033238709,0.020694972,0.487443174,0.157098678,0.04665122,0.182269904,0.011524298,0.007171665,0.173548727,0.024340637,0.009320516,0.385798295,0.012777383,0.072526103,0.023972245,0.014955127,0.155992453,0.142872078,0.485397713,0.042713083,0.319472315,0.088746967,0.125631264,0.298117315,0.125168037,0.147109575,0.272726493,0.297013222,0.29730132,0.052170594,0.656038591,0.712714422,0.131285582,0.17466997,0.494143003,0.060226456,0.091909756,0.420425,0.32751152,0.151146747,0.288654833,0.223663755,0.270695997,0.297243422,0.393742924,0.463583594,0.065801076,0.02860675,0.140418,0.094038852,0.091683747,0.148861436,0.205189279,0.092759751,0.573202996,0.119712729,0.105269806,0.292977548,0.059499801,0.009380136,0.074890374,0.025321555,0.015322861,0.20773051,0.010504377,0.058312653,0.020211324,0.020179044,0.014540067,0.049833674,0.004921871,0.047833964,0.107613984,0.013442578,0.232685363,0.137022503,0.141400474,0.146514891,0.023677198,0.063197351,0.048340801,0.327901215,0.008008483,0.009221289,0.020251068,0.042882972,0.029435703,0.39126269,0.213532853,0.169369498,0.520155088,0.049444565,0.281036997,0.063158321,0.022082669,0.035764352
Butyrivibrio_crossotus_DSM_2876,0.012739945,0.001455958,0.120929592,0.113703176,0.36576873,0.0183115,0.215559105,0.043257381,0.111263904,0.044158428,0.06347898,0.064257055,0.027069675,0.040585934,0.077242041,0.072522832,0.101042416,0.326350879,0.041389291,0.135722754,0.073931697,0.129428837,0.095194905,0.093298316,0.219615941,0.149468769,0.30755319,0.165856175,0.124019721,0.289209197,0.060124114,0.075404174,0.022670012,0.010830455,0.006929693,1,0.26228957,0.269241534,0.011102301,0.057943124,0.009859635,0.054065718,0.007879796,0.024869405,0.011598991,0.249130657,0.030972346,0.201747906,0.180650998,0.006109758,0.154730211,0.235487183,0.4838443,0.014145098,0.320563097,0.246744011,0.181826312,0.204705162,0.147207335,0.239681199,0.008967773,0.028848784,0.11610615,0.036591303,0.510774217,0.544504341,0.03214187,0.190082585,0.667846618,0.017961959,0.261450567,0.059584715,0.185354391,0.269085782,0.042989172,0.04426473,0.005779187,0.000295989,0.002242952,0.000614989,0.000870586,0.002065861,0.025801666,0.001019424,0.001889911,0.00205821,0.004693427,0.000361526,0.004857814,0.0049594,0.000922107,0.001210409,0.003424259,0.000417351,0.000703132,0.002913416,0.002269554,0.001047401,0.002000289,0.001549921,0.00187584,0.004898918,0.002728518,0.003317139,0.000455981,0.063413069,0.000973054,0.002509879,0.000696902,0.001172253,0.001421899,0.000642797,0.003972121,0.000829572,0.000729487,0.004131534,0.000412315,6.50E-05,0.012737598,0.000175471,0.000106183,0.002283878,7.28E-05,0.000404089,0.000140058,0.000139835,0.000100758,0.000345332,3.41E-05,0.000331475,0.000745732,9.32E-05,0.00755901,0.000949524,0.031416914,0.003679255,0.124087283,0.000437938,0.000334987,0.002272255,5.55E-05,6.39E-05,0.000140334,0.000297166,0.00020398,0.004022078,0.001479717,0.001205797,0.004726789,0.000342636,0.002540545,0.000437668,0.000153026,0.000247836
Catenibacterium_mitsuokai_DSM_15897,0.039717617,0.004548254,0.220226219,0.153327631,0.22918082,0.032119592,0.048976291,0.045239365,0.176525366,0.176214101,0.122407797,0.110812424,0.101789641,0.181587673,0.015517671,0.076985873,0.080669428,0.108253528,0.113798557,0.231930416,0.127374002,0.217102279,0.171097975,0.157316112,0.289454209,0.147284166,0.194330091,0.25058928,0.173638709,0.437299226,0.185825397,0.106614779,0.070121429,0.026705,0.018259779,0.26228957,1,0.379627552,0.023351521,0.207139524,0.021049742,0.18523204,0.020285475,0.046050908,0.025980903,0.16120096,0.059220794,0.235284454,0.34261998,0.013585698,0.250590383,0.298724556,0.419627233,0.02997071,0.381827307,0.300043198,0.363138497,0.412177664,0.143335006,0.370423715,0.014931681,0.068819555,0.188166935,0.042352222,0.400370231,0.33129145,0.063862459,0.302486733,0.323190736,0.039251992,0.07624617,0.111756033,0.358453284,0.299790949,0.108310923,0.086843643,0.01146503,0.000924636,0.007006736,0.001921159,0.002719616,0.006428163,0.029065079,0.003184569,0.005890373,0.006429624,0.01466175,0.001129368,0.013527493,0.014568269,0.00288056,0.003686661,0.010316127,0.001303758,0.002196507,0.008893478,0.007049927,0.003271965,0.006224605,0.004656168,0.00561044,0.020147459,0.00852359,0.010362379,0.001424435,0.230643103,0.003039713,0.007840587,0.002177047,0.00366199,0.003516949,0.002008026,0.011812478,0.002591493,0.002278839,0.012906461,0.001288028,0.000203057,0.037234448,0.000548151,0.000331703,0.007134586,0.000227395,0.001262329,0.000437527,0.000436828,0.000314758,0.00107878,0.000106547,0.001035491,0.002329585,0.000291,0.022635707,0.002966209,0.055799588,0.011038907,0.288896086,0.001368071,0.001046462,0.007079818,0.000173364,0.000199619,0.000438387,0.000928313,0.000637212,0.011954628,0.004622474,0.003766778,0.014044146,0.001070356,0.007936385,0.001367226,0.000478037,0.000774212
Clostridiales_sp_SS3_4,0.027008132,0.003086568,0.344466876,0.138708486,0.266803553,0.052759265,0.317644343,0.090998649,0.203328302,0.076489667,0.165713966,0.158249763,0.078182945,0.164618783,0.120112526,0.136456069,0.31315058,0.184181812,0.145942665,0.339064726,0.264747508,0.42242668,0.259283436,0.266790933,0.2948467,0.294074444,0.398723071,0.45275272,0.357631684,0.452807543,0.068628302,0.159853589,0.048059444,0.022960096,0.01469065,0.269241534,0.379627552,1,0.023536397,0.103340286,0.02207125,0.097628383,0.016704827,0.052722064,0.02458936,0.215992249,0.093183003,0.517813071,0.417871656,0.012952423,0.411200604,0.552298988,0.507005262,0.029986996,0.452119397,0.551501374,0.436083111,0.433498452,0.382642597,0.649086771,0.019437837,0.093512241,0.314903867,0.078122816,0.433348767,0.488178911,0.084648558,0.599615487,0.311726921,0.038078576,0.363905258,0.20255672,0.468438691,0.633418093,0.091135185,0.102823797,0.012251626,0.000627483,0.004754961,0.001303751,0.001845605,0.004379537,0.052998141,0.002161135,0.004006529,0.004363317,0.009949861,0.00076642,0.010298356,0.010513714,0.001954826,0.002566015,0.007259282,0.000884766,0.001490609,0.006176316,0.004811357,0.002220444,0.004240527,0.003285766,0.0039767,0.014165747,0.005784339,0.007032192,0.000966661,0.217225228,0.002062832,0.005320835,0.001477403,0.002485126,0.003014364,0.001362701,0.008420724,0.001758658,0.001546482,0.008758674,0.000874091,0.0001378,0.027003158,0.00037199,0.000225103,0.004841723,0.000154316,0.000856651,0.000296917,0.000296443,0.000213603,0.000732089,7.23E-05,0.000702712,0.001580919,0.00019748,0.016024774,0.00201295,0.066602499,0.007799861,0.227604844,0.00092841,0.000710158,0.004817082,0.00011765,0.000135467,0.000297501,0.000629979,0.00043243,0.008526631,0.003136936,0.002556237,0.010020588,0.000726373,0.005385846,0.000927837,0.000324409,0.000525402
Clostridium_asparagiforme_DSM_15981,0.125656643,0.13114022,0.068327026,0.038769969,0.019035717,0.43966655,0.01744657,0.140142854,0.042394532,0.14024939,0.142030258,0.148729432,0.223595259,0.096725831,0.0729783,0.100493149,0.067991805,0.028686046,0.076753585,0.056414085,0.088901299,0.055440078,0.090774782,0.088220379,0.037577654,0.043528473,0.011647601,0.048519877,0.065592818,0.022399248,0.092991769,0.100987276,0.190918784,0.672219144,0.588606197,0.011102301,0.023351521,0.023536397,1,0.076022379,0.7093334,0.142901735,0.612244775,0.437709841,0.656802288,0.029314848,0.252582517,0.030481069,0.048937373,0.498015761,0.056176979,0.033342495,0.016111159,0.523425817,0.024972853,0.03181825,0.051753753,0.049325035,0.0518566,0.03315613,0.634010917,0.251693221,0.057990487,0.223682364,0.015021903,0.011489973,0.278048414,0.038996976,0.014890421,0.506780359,0.020471087,0.116196576,0.038406762,0.023960125,0.195473155,0.228900294,0.520539585,0.026660109,0.202025879,0.055392955,0.078414927,0.186075079,0.1199507,0.091820986,0.170226958,0.185385941,0.218864826,0.032563179,0.437550222,0.44670024,0.083055452,0.109023283,0.308427904,0.037591385,0.063332084,0.262415537,0.204421981,0.094340857,0.180168907,0.139603602,0.16895959,0.281336037,0.245761457,0.298779443,0.04107088,0.040913539,0.087644324,0.079570696,0.062770989,0.10558649,0.128072438,0.057897604,0.357774566,0.074720771,0.06570597,0.224962437,0.03713783,0.005854774,0.058352345,0.015804886,0.009564028,0.170698507,0.006556489,0.036396851,0.012615247,0.012595099,0.009075435,0.031104549,0.003072071,0.029856396,0.06716913,0.008390418,0.180095937,0.085524966,0.154560999,0.112408176,0.028633064,0.03944572,0.030172747,0.204665216,0.004998633,0.005755627,0.012640055,0.026766149,0.018372803,0.282737724,0.133280224,0.108607848,0.351406947,0.030861681,0.189945032,0.039421358,0.01378328,0.022322939
Clostridium_bartlettii_DSM_16795,0.175650469,0.019748731,0.172195613,0.312712137,0.112193898,0.11002543,0.057891584,0.147533669,0.19346505,0.673375759,0.200436378,0.196825673,0.099096671,0.101156313,0.037752289,0.195460765,0.098334255,0.16513101,0.07005306,0.304172426,0.169241849,0.161628778,0.202934414,0.167667654,0.079476369,0.118167773,0.076092482,0.212849015,0.171227681,0.114139769,0.048563255,0.304884342,0.048587797,0.096615938,0.070750414,0.057943124,0.207139524,0.103340286,0.076022379,1,0.072183924,0.643978182,0.080957635,0.16228396,0.093747329,0.184520099,0.16570302,0.09612143,0.131061098,0.05875042,0.069165533,0.124926285,0.105252407,0.132214964,0.10560809,0.13119589,0.145295923,0.244342019,0.123360614,0.134327236,0.056611758,0.160128345,0.242849251,0.157514264,0.096188036,0.075062712,0.161324197,0.128460112,0.057207997,0.141512346,0.027293592,0.176470655,0.093293416,0.074063288,0.132685831,0.197053079,0.03810598,0.004080907,0.027387584,0.008479091,0.012003102,0.024135945,0.077759022,0.014055189,0.024524221,0.028377331,0.044907272,0.004984499,0.048919297,0.053641093,0.012713435,0.011514608,0.036835832,0.005754175,0.009694346,0.035136115,0.026205637,0.01444091,0.024399778,0.018614295,0.025862922,0.036454856,0.035155636,0.042084463,0.006286787,0.029802546,0.012396194,0.034604658,0.009608459,0.016162298,0.014396933,0.008862481,0.041643331,0.011437631,0.010057721,0.05121023,0.005684749,0.0008962,0.175618117,0.00241928,0.001463982,0.011609697,0.001003613,0.005571326,0.001931037,0.001927953,0.001389192,0.004761225,0.000470247,0.004570168,0.009662673,0.001284335,0.104218949,0.01303892,0.153740573,0.050727284,0.382433171,0.006038021,0.004618592,0.025964199,0.000765149,0.000881023,0.001934834,0.004097138,0.002812355,0.049927551,0.018907436,0.016624782,0.048881579,0.004724048,0.031751525,0.006034292,0.002109829,0.003417009
Clostridium_bolteae_ATCC_BAA_613,0.154491423,0.139845654,0.064073648,0.042304105,0.016496378,0.389477112,0.017266264,0.104032047,0.038377232,0.121342372,0.133188831,0.13947098,0.165604867,0.083778795,0.062308787,0.081500694,0.063759295,0.025144027,0.065934817,0.048693206,0.083367166,0.051988917,0.085124024,0.082728634,0.032497679,0.043145968,0.010922535,0.0454995,0.061509645,0.018926079,0.067211965,0.089739388,0.162623172,0.472678009,0.493882714,0.009859635,0.021049742,0.02207125,0.7093334,0.072183924,1,0.124140751,0.505947868,0.376039384,0.489296894,0.02580877,0.236859179,0.028583613,0.045891007,0.450740509,0.052679945,0.031266915,0.015108235,0.448917511,0.02153612,0.029837555,0.048532066,0.046254537,0.049429385,0.031092151,0.632681639,0.236025243,0.050875296,0.179434929,0.012837183,0.010774719,0.260739817,0.036569402,0.014003154,0.425208235,0.019196756,0.108963304,0.03601593,0.0224686,0.171795479,0.214651182,0.555094377,0.028429878,0.21543689,0.059070085,0.083620317,0.198427234,0.106946561,0.097916305,0.181527073,0.197692349,0.201205566,0.034724808,0.466595961,0.442071527,0.080712139,0.116260537,0.328902162,0.0400868,0.067536235,0.276715477,0.217992052,0.100603452,0.192128995,0.144785739,0.173701756,0.264089396,0.262075751,0.307784214,0.043797273,0.031041226,0.093462385,0.168982148,0.066937893,0.1125956,0.136574225,0.061740999,0.381524586,0.079680933,0.070067706,0.205824196,0.039603137,0.006243429,0.096969745,0.016854056,0.010198914,0.121702288,0.006991726,0.03881297,0.013452681,0.013431195,0.009677886,0.033169352,0.003276003,0.031838343,0.071627994,0.008947396,0.236616376,0.091202339,0.132377964,0.093590142,0.027360386,0.042064231,0.032175694,0.218251433,0.005330456,0.006137701,0.013479135,0.028542956,0.019592438,0.272326578,0.137088938,0.106017532,0.306105345,0.032910361,0.184005715,0.042038252,0.01469825,0.023804795
Clostridium_leptum_DSM_753,0.172839712,0.021180704,0.184772308,0.287662778,0.126507135,0.196099249,0.049677479,0.146599324,0.224117108,0.814731805,0.255173102,0.294669911,0.184897403,0.170013862,0.060777344,0.112712829,0.141180682,0.151543999,0.086697846,0.309994058,0.223605541,0.179353552,0.22700743,0.182300749,0.071509353,0.135092598,0.072116065,0.191149203,0.157838405,0.095479903,0.097308408,0.191771022,0.099167576,0.149351579,0.100810435,0.054065718,0.18523204,0.097628383,0.142901735,0.643978182,0.124140751,1,0.112889972,0.283754073,0.159936532,0.169923324,0.263591361,0.089031487,0.125446221,0.087952049,0.110259833,0.117158289,0.09975216,0.196784586,0.09433754,0.12369579,0.134183856,0.233063862,0.101984585,0.126553496,0.099778669,0.273757702,0.230414961,0.187985567,0.089597854,0.071140108,0.302878681,0.119621427,0.051827808,0.226672651,0.040736151,0.229402024,0.084740316,0.068364414,0.196645897,0.311176611,0.077754863,0.004305924,0.03262958,0.00894662,0.012664942,0.030053336,0.054432812,0.01483018,0.027493676,0.029942032,0.064430387,0.00525934,0.07066956,0.072147397,0.013414442,0.017608556,0.049814771,0.006071455,0.010228884,0.042383227,0.033016579,0.015237169,0.029099419,0.022547641,0.027288981,0.085290975,0.039693396,0.04825643,0.006633435,0.069686865,0.0141556,0.036512729,0.010138261,0.017053473,0.020685221,0.009351151,0.057784844,0.012068292,0.010612295,0.039503758,0.005998201,0.000945616,0.185301546,0.002552677,0.001544704,0.033224961,0.001058951,0.005878524,0.002037512,0.002034258,0.001465791,0.005023754,0.000496176,0.004822163,0.010848613,0.001355152,0.109965491,0.013813298,0.248252357,0.053524342,0.344824538,0.006370952,0.004873257,0.033055864,0.000807339,0.000929602,0.002041519,0.004323051,0.002967426,0.048370423,0.02152634,0.017541458,0.058313708,0.004984528,0.030500647,0.006367018,0.002226163,0.00360542
Clostridium_methylpentosum_R2_DSM_5476,0.162987068,0.184771046,0.048494726,0.024950406,0.015189076,0.316623567,0.01285818,0.139506367,0.03876238,0.124966264,0.100805184,0.105559885,0.20137878,0.075566134,0.066111335,0.097043611,0.048256805,0.021072764,0.072160089,0.045735167,0.063097201,0.039348286,0.064426895,0.062613923,0.02992711,0.032260234,0.00826682,0.034436712,0.046554137,0.021125644,0.090253572,0.092808157,0.19365787,0.709557766,0.765758528,0.007879796,0.020285475,0.016704827,0.612244775,0.080957635,0.505947868,0.112889972,1,0.316846984,0.641257296,0.020832884,0.179269033,0.021633769,0.034733028,0.627438085,0.039871298,0.02366465,0.011434805,0.554581556,0.022774639,0.022582826,0.036731938,0.035008169,0.037795938,0.023532378,0.439590491,0.178637861,0.053047385,0.208693898,0.01310435,0.008154944,0.197343312,0.027677886,0.010598415,0.438693584,0.01452924,0.082469872,0.027258985,0.017005565,0.166626241,0.162460708,0.44881327,0.037562971,0.284645953,0.07804634,0.110483329,0.262171949,0.139225665,0.129371901,0.239842614,0.261200981,0.31026901,0.045880147,0.612486981,0.585090576,0.117021634,0.153609214,0.434561924,0.052964677,0.089232239,0.369732438,0.28802196,0.132922294,0.253850401,0.196695595,0.238056945,0.297581453,0.346267541,0.417003223,0.05786714,0.034077475,0.12348716,0.101242661,0.088441679,0.148766917,0.180448671,0.081575284,0.504089293,0.105278419,0.092576945,0.305431391,0.052325638,0.00824913,0.076002378,0.022268419,0.013475313,0.166754505,0.009237816,0.05128163,0.017774352,0.017745965,0.012786905,0.043825,0.004328419,0.042066405,0.094638474,0.011821745,0.246453486,0.120501074,0.169316121,0.181625467,0.026606628,0.055577358,0.04251213,0.288364668,0.007042864,0.008109436,0.017809304,0.037712376,0.025886506,0.393926475,0.187786221,0.153023882,0.474975592,0.043482808,0.270311275,0.055543034,0.01942006,0.031452081
Clostridium_nexile_DSM_1787,0.151075454,0.058544149,0.153054088,0.071370791,0.045627486,0.572333194,0.039132554,0.24813739,0.077374724,0.21134184,0.317363385,0.333157299,0.351515254,0.200712896,0.101370084,0.169811688,0.146258174,0.065634111,0.118374998,0.136704403,0.199140925,0.124187032,0.203337569,0.19761565,0.082021805,0.09676192,0.026090891,0.105226749,0.146929398,0.063031744,0.125516066,0.218374151,0.164984495,0.435493117,0.278643296,0.024869405,0.046050908,0.052722064,0.437709841,0.16228396,0.376039384,0.283754073,0.316846984,1,0.466396012,0.062811609,0.562057888,0.068278285,0.106761077,0.245673676,0.121560275,0.074687945,0.036089362,0.556663716,0.058664116,0.071273602,0.11592958,0.110489196,0.115005166,0.074270482,0.345790487,0.509477536,0.143612552,0.41758117,0.035892684,0.0257378,0.62283475,0.08735411,0.031473538,0.718955609,0.045522592,0.260282964,0.086032018,0.053671224,0.345905467,0.512741847,0.232381392,0.011901714,0.090189212,0.024728747,0.03500631,0.083068391,0.133822579,0.040991097,0.075993409,0.082760743,0.171006952,0.014536986,0.195332944,0.199417732,0.037077952,0.048670616,0.137689635,0.016781698,0.028272966,0.117148608,0.091258889,0.042116028,0.080431734,0.062322406,0.075427625,0.163288087,0.109713826,0.13338233,0.018335029,0.065677312,0.039126534,0.086729443,0.028022479,0.047136349,0.057174617,0.025846883,0.159719172,0.033357149,0.029332726,0.145675261,0.016579221,0.002613712,0.090802658,0.007055681,0.004269612,0.091834863,0.002926974,0.01624843,0.00563175,0.005622755,0.004051492,0.013885819,0.001371446,0.013328613,0.029985915,0.003745684,0.154404785,0.038180402,0.323661239,0.134467642,0.064239189,0.017609518,0.01346984,0.091367475,0.00223151,0.00256945,0.005642824,0.011949053,0.008202061,0.161727947,0.059499498,0.048485156,0.190064412,0.013777397,0.10215545,0.017598643,0.006153188,0.009965497
Clostridium_scindens_ATCC_35704,0.146581449,0.125524548,0.071383816,0.033432979,0.022358188,0.45175802,0.017341129,0.179738986,0.046233588,0.161764265,0.148384356,0.155383236,0.255315665,0.111232694,0.079285122,0.116516482,0.067639074,0.031018925,0.080591435,0.067321769,0.092878533,0.057920336,0.094835831,0.092167151,0.043543857,0.043209424,0.012168688,0.050690541,0.068527286,0.030388399,0.10749367,0.129982684,0.188067452,0.782421902,0.597439275,0.011598991,0.025980903,0.02458936,0.656802288,0.093747329,0.489296894,0.159936532,0.641257296,0.466396012,1,0.030665824,0.263882463,0.03184472,0.051126716,0.526749092,0.058690205,0.03483416,0.016831934,0.634712563,0.028752791,0.033241724,0.054069094,0.051531721,0.055635292,0.034639457,0.494274225,0.261644424,0.067732776,0.262371325,0.017720767,0.012004007,0.290487644,0.040741608,0.014933415,0.645753151,0.021386916,0.121394937,0.04012499,0.025032045,0.246319048,0.239140753,0.400124108,0.025518473,0.193374749,0.053020923,0.075057051,0.178106993,0.126684816,0.087889038,0.162937518,0.177447364,0.226555612,0.031168762,0.418813494,0.427571691,0.079498861,0.1043547,0.295220438,0.03598165,0.060620084,0.251178407,0.195668245,0.090301003,0.172453734,0.133625512,0.16172442,0.22001232,0.235237487,0.285985142,0.039312147,0.040270681,0.083891228,0.093005235,0.060083016,0.101065077,0.122588134,0.055418319,0.342453983,0.071521086,0.062892317,0.243440931,0.035547518,0.005604062,0.086589025,0.015128091,0.009154479,0.19690319,0.006275727,0.034838269,0.012075039,0.012055753,0.008686807,0.029772594,0.002940519,0.028577889,0.064292821,0.008031124,0.19971096,0.081862625,0.201245916,0.125426787,0.034314115,0.037756579,0.028880693,0.195901064,0.004784582,0.00550916,0.012098784,0.025619972,0.017586045,0.306819359,0.127572913,0.103957054,0.364199331,0.029540125,0.206511005,0.037733261,0.013193054,0.021367029
Clostridium_sp_L2_50,0.033682318,0.003849314,0.154650055,0.205028936,0.278602256,0.052052765,0.152837944,0.04828655,0.25072903,0.153114402,0.124566108,0.13136916,0.066585526,0.059507989,0.203321055,0.145200427,0.18847742,0.305543546,0.028354905,0.240012248,0.133098746,0.164332446,0.177548079,0.146790809,0.086388793,0.16913367,0.240886999,0.232935066,0.215764304,0.230727015,0.028544319,0.151231737,0.017343865,0.02863394,0.018320968,0.249130657,0.16120096,0.215992249,0.029314848,0.184520099,0.02580877,0.169923324,0.020832884,0.062811609,0.030665824,1,0.078644866,0.179554926,0.189117415,0.016153195,0.122434944,0.210675301,0.236262297,0.037397311,0.163702662,0.21064422,0.178613081,0.249560665,0.184450158,0.224505112,0.023466756,0.070729294,0.201820561,0.070333529,0.263744943,0.226414605,0.078370993,0.247613253,0.139068305,0.047488463,0.160826323,0.126517515,0.160688916,0.202369633,0.069712979,0.106315838,0.015279219,0.000782545,0.005929996,0.00162593,0.002301686,0.005461798,0.019790259,0.00269519,0.004996613,0.00544157,0.011675798,0.000955816,0.012843261,0.013111838,0.002437898,0.003200123,0.009053178,0.001103407,0.001858965,0.007702593,0.006000328,0.002769155,0.005288436,0.004097736,0.004959413,0.010770842,0.007213751,0.00876997,0.001205539,0.028610423,0.002572594,0.006635707,0.001842495,0.003099244,0.003759266,0.001699448,0.010501634,0.002193253,0.001928645,0.010923097,0.001090094,0.000171853,0.033676114,0.000463915,0.00028073,0.006038199,0.00019245,0.001068344,0.000370291,0.0003697,0.000266388,0.000913001,9.02E-05,0.000876365,0.001971592,0.000246281,0.019984779,0.002510385,0.061072207,0.009727344,0.256971125,0.001157837,0.00088565,0.006007468,0.000146723,0.000168943,0.000371019,0.000785658,0.000539291,0.010633712,0.003912129,0.003187929,0.012496852,0.000905872,0.006716784,0.001157122,0.000404576,0.000655238
Clostridium_sp_M62_1,0.113079579,0.033123727,0.270513681,0.090526593,0.058533842,0.449331777,0.0684106,0.227250116,0.083204162,0.190636246,0.376159345,0.418112871,0.323364072,0.215924659,0.192841703,0.15584271,0.249069643,0.07773013,0.113571046,0.23580961,0.341551517,0.219492935,0.359386639,0.281355783,0.091346538,0.132476499,0.046114045,0.188145277,0.246921303,0.112664258,0.119817064,0.225769811,0.113238266,0.246397896,0.157653747,0.030972346,0.059220794,0.093183003,0.252582517,0.16570302,0.236859179,0.263591361,0.179269033,0.562057888,0.263882463,0.078644866,1,0.120677667,0.174586819,0.138999848,0.153233464,0.132006347,0.063785726,0.321807574,0.074717521,0.125971706,0.172363334,0.156066078,0.174026434,0.131268507,0.208598524,0.514651624,0.243664681,0.360173694,0.045897826,0.045489977,0.604749033,0.154393013,0.040845462,0.408642934,0.077304793,0.46003412,0.152056298,0.094860585,0.326428136,0.609804801,0.131479198,0.006733878,0.051028205,0.013991292,0.01980624,0.046999312,0.119605109,0.023192376,0.042996354,0.046825247,0.09848905,0.00822489,0.110517536,0.112828671,0.020978355,0.027537375,0.077903496,0.009494927,0.015996577,0.066281577,0.051633418,0.023828851,0.045507516,0.035261429,0.042676238,0.118209966,0.062075047,0.075466464,0.010373786,0.080008401,0.022137424,0.057100919,0.015854854,0.026669301,0.032348859,0.014623922,0.0903676,0.01887316,0.016596179,0.093994335,0.009380367,0.001478814,0.074976967,0.003992038,0.002415706,0.051959299,0.001656054,0.009193208,0.003186391,0.003181302,0.002292296,0.007856465,0.000775951,0.007541204,0.016965748,0.002119273,0.111341176,0.021602111,0.264972766,0.083704758,0.074761307,0.009963299,0.007621108,0.051694855,0.001262567,0.001453771,0.003192657,0.006760661,0.004640649,0.091504146,0.033664254,0.027432443,0.107536651,0.007795121,0.05779859,0.009957146,0.003481415,0.005638384
Clostridium_sp_SS2_1,0.034977177,0.003997294,0.406688832,0.13531671,0.350824563,0.068326464,0.338780583,0.112126329,0.240939559,0.062894709,0.214609685,0.204943087,0.101251678,0.286289209,0.139161051,0.131372995,0.299060758,0.249936922,0.228843093,0.372077384,0.336553841,0.457218097,0.335787851,0.274870563,0.254940118,0.41827706,0.345363394,0.416917516,0.354187127,0.354378123,0.116698468,0.207020139,0.062239909,0.029734723,0.019025286,0.201747906,0.235284454,0.517813071,0.030481069,0.09612143,0.028583613,0.089031487,0.021633769,0.068278285,0.03184472,0.179554926,0.120677667,1,0.432424088,0.016774177,0.324804071,0.575001024,0.343702192,0.038834987,0.391895663,0.683178601,0.426270592,0.362027111,0.344266579,0.57099373,0.025173183,0.121104052,0.350149046,0.101173807,0.352295643,0.363318915,0.109625041,0.414966306,0.18627305,0.049314076,0.349920314,0.262323297,0.597207785,0.579011835,0.105033193,0.133163083,0.015866603,0.000812629,0.006157965,0.001688436,0.002390171,0.005671767,0.063160962,0.002798802,0.0051887,0.005650762,0.012885677,0.00099256,0.013336998,0.013615901,0.002531619,0.003323146,0.009401212,0.001145826,0.00193043,0.007998706,0.006231,0.00287561,0.005491741,0.004255267,0.005150069,0.018345506,0.007491072,0.009107117,0.001251884,0.254637283,0.002671493,0.006890806,0.001913327,0.003218389,0.003903785,0.001764781,0.010905351,0.002277569,0.002002788,0.011343017,0.001132001,0.00017846,0.03339507,0.00048175,0.000291522,0.006270327,0.000199849,0.001109415,0.000384526,0.000383912,0.000276629,0.0009481,9.36E-05,0.000910055,0.002047387,0.000255749,0.020753059,0.002606892,0.086254295,0.010101295,0.189393111,0.001202348,0.000919698,0.006238415,0.000152364,0.000175438,0.000385282,0.000815861,0.000560023,0.011042507,0.004062524,0.003310483,0.012977272,0.000940697,0.006974999,0.001201605,0.000420129,0.000680427
Collinsella_aerofaciens_ATCC_25986,0.052671684,0.006417658,0.503922575,0.193722147,0.175083403,0.109698176,0.17562205,0.143902748,0.153995343,0.087625795,0.308915285,0.286962926,0.155461825,0.180331229,0.071902486,0.241981905,0.208511409,0.117717767,0.07567251,0.376341736,0.368801753,0.482072743,0.413268333,0.420084016,0.247308379,0.211061209,0.202305833,0.478525369,0.538081845,0.478871117,0.217482132,0.233699368,0.099926209,0.047739115,0.030545108,0.180650998,0.34261998,0.417871656,0.048937373,0.131061098,0.045891007,0.125446221,0.034733028,0.106761077,0.051126716,0.189117415,0.174586819,0.432424088,1,0.026930951,0.415223517,0.58496009,0.329219942,0.062349594,0.389539092,0.531310028,0.603334278,0.57039196,0.37293261,0.534733992,0.04041556,0.19109015,0.34712903,0.119858655,0.300073148,0.234789325,0.172085375,0.425029572,0.273609825,0.079173776,0.148939559,0.329792553,0.550616302,0.462481002,0.163871015,0.206015644,0.02547384,0.001304676,0.009886616,0.002710786,0.003837421,0.009106026,0.113730101,0.004493478,0.00833046,0.009072301,0.020687962,0.001593556,0.021412558,0.021860336,0.004064516,0.005335313,0.015093651,0.001839624,0.003099306,0.012841927,0.010003875,0.004616794,0.008816993,0.006831834,0.008268438,0.02945372,0.01202692,0.014621481,0.002009901,0.241592186,0.004289083,0.011063192,0.003071847,0.005167125,0.006267529,0.002833357,0.017508547,0.003656638,0.003215478,0.01821122,0.001817428,0.000286517,0.0443876,0.00077345,0.000468038,0.010067013,0.000320857,0.001781166,0.000617357,0.000616371,0.000444128,0.001522175,0.000150339,0.001461094,0.003287081,0.000410605,0.033319048,0.004185367,0.1220606,0.016217635,0.334108583,0.00193037,0.001476575,0.010015778,0.00024462,0.000281665,0.000618571,0.001309865,0.000899117,0.017728751,0.006522384,0.005314983,0.020835018,0.00151029,0.011198365,0.001929178,0.000674517,0.001092426
Coprobacillus_sp_D7,0.109688969,0.174962382,0.03760136,0.021097218,0.011777155,0.245500446,0.010331952,0.109882859,0.025678919,0.085477192,0.078161325,0.081847978,0.142235996,0.058591721,0.057327904,0.074346766,0.037416883,0.016339191,0.054056764,0.035461681,0.048923683,0.030509485,0.049954688,0.048548963,0.023443682,0.025499369,0.006409845,0.026701197,0.036096685,0.014271595,0.061475216,0.071710116,0.150616208,0.516725406,0.605397862,0.006109758,0.013585698,0.012952423,0.498015761,0.05875042,0.450740509,0.087952049,0.627438085,0.245673676,0.526749092,0.016153195,0.138999848,0.016774177,0.026930951,1,0.030915012,0.018348862,0.008866206,0.417779462,0.016615148,0.017510048,0.028480846,0.027144287,0.02930584,0.018246302,0.444498259,0.138510456,0.03802455,0.144536578,0.009511609,0.0063231,0.153014103,0.021460605,0.008217694,0.340149886,0.011265538,0.063944673,0.021135802,0.013185607,0.137048811,0.125967175,0.479360173,0.048445215,0.325860826,0.100656886,0.142491088,0.31342506,0.102397554,0.166816053,0.281396688,0.326370214,0.268183957,0.059171933,0.564691823,0.547087941,0.150923584,0.198110831,0.47533992,0.068308899,0.081634735,0.471312044,0.334094672,0.167720108,0.30309424,0.253679624,0.275994814,0.326368677,0.353441422,0.396901168,0.074631637,0.024825245,0.159262217,0.086069805,0.08137694,0.144879234,0.17645992,0.08577158,0.575411953,0.135778281,0.119397105,0.254855046,0.067484725,0.010638958,0.066526572,0.028719729,0.017379202,0.142535466,0.011914074,0.066138261,0.022923701,0.022887089,0.016491357,0.056521396,0.00558239,0.054253324,0.122055874,0.015246584,0.207694331,0.155411041,0.118024984,0.113564508,0.016584227,0.07167849,0.054828178,0.325875244,0.009083229,0.010458794,0.022968779,0.048637904,0.033385999,0.393093042,0.242189146,0.197355925,0.471514656,0.056080069,0.32892518,0.071634222,0.025046182,0.040563959
Coprococcus_eutactus_ATCC_27759,0.027297572,0.007367061,0.514868897,0.170445857,0.180043916,0.112133847,0.150468971,0.205228322,0.204962062,0.06934764,0.330399642,0.305444248,0.186608069,0.218699548,0.052962467,0.151610186,0.236830682,0.097471696,0.210692861,0.380097415,0.362993759,0.572172562,0.358382758,0.497068246,0.328997681,0.269486744,0.161231342,0.532396817,0.431094298,0.293036947,0.08137871,0.198467475,0.068206384,0.054801455,0.035063833,0.154730211,0.250590383,0.411200604,0.056176979,0.069165533,0.052679945,0.110259833,0.039871298,0.121560275,0.058690205,0.122434944,0.153233464,0.324804071,0.415223517,0.030915012,1,0.436730953,0.268496215,0.071573352,0.423125366,0.423316187,0.55953745,0.390348184,0.425663793,0.560764025,0.044364997,0.197983953,0.366618534,0.163637126,0.279605993,0.204531696,0.191536731,0.426092344,0.205366854,0.090845654,0.234529939,0.295816248,0.398641106,0.357541176,0.208141416,0.212612175,0.029242341,0.001497684,0.011349204,0.003111809,0.004405114,0.010453136,0.130554893,0.005158226,0.009562836,0.010414422,0.023748459,0.001829301,0.02458025,0.02509427,0.004665804,0.006124599,0.017326548,0.00211177,0.003557805,0.014741712,0.011483809,0.005299784,0.010121345,0.007842509,0.009491639,0.033810989,0.013806136,0.016784527,0.002307238,0.317668831,0.004923593,0.012699838,0.003526285,0.00593153,0.007194723,0.003252512,0.020098694,0.004197587,0.003691163,0.020905318,0.002086291,0.000328904,0.018319174,0.000887871,0.000537278,0.011556289,0.000368324,0.002044665,0.000708686,0.000707555,0.00050983,0.00174736,0.00017258,0.001677242,0.003773359,0.000471348,0.024931666,0.004804534,0.142013336,0.018616809,0.168899727,0.002215941,0.001695014,0.011497474,0.000280808,0.000323334,0.00071008,0.001503641,0.001032129,0.020351474,0.00748728,0.006101261,0.02391727,0.001733716,0.012855008,0.002214573,0.000774303,0.001254035
Dorea_formicigenerans_ATCC_27755,0.038260678,0.004372542,0.486612945,0.19563813,0.212935708,0.074740647,0.271917853,0.129910823,0.191170534,0.088173305,0.234756283,0.224182228,0.110756733,0.14968822,0.110340599,0.194172884,0.279228727,0.189841199,0.139832713,0.451325427,0.370016012,0.568655038,0.366077124,0.335288823,0.241809867,0.30449624,0.28789362,0.6073871,0.490389531,0.495748852,0.180565096,0.226454264,0.068082714,0.032526086,0.020811295,0.235487183,0.298724556,0.552298988,0.033342495,0.124926285,0.031266915,0.117158289,0.02366465,0.074687945,0.03483416,0.210675301,0.132006347,0.575001024,0.58496009,0.018348862,0.436730953,1,0.471427795,0.042480642,0.506406199,0.710659212,0.525299938,0.427606325,0.41666423,0.659663116,0.027536329,0.132472758,0.429578529,0.110671552,0.364695951,0.344604466,0.11991615,0.450023248,0.302479365,0.053943461,0.265647793,0.286949035,0.662781658,0.676052812,0.123745137,0.145663838,0.017356089,0.000888915,0.006736047,0.001846939,0.002614549,0.006204207,0.077487718,0.003061541,0.005675792,0.00618123,0.014095327,0.001085738,0.014589016,0.014894101,0.002769276,0.003635108,0.010283756,0.001253391,0.00211165,0.008749589,0.006815939,0.00314556,0.006007281,0.004654732,0.005633534,0.0200677,0.0081943,0.009962052,0.001369406,0.201418598,0.00292228,0.007537684,0.002092941,0.003520517,0.004270255,0.001930451,0.011929097,0.002491377,0.002190801,0.012407849,0.001238268,0.000195213,0.038253631,0.000526974,0.000318889,0.006858957,0.00021861,0.001213562,0.000420624,0.000419952,0.000302598,0.001037103,0.000102431,0.000995487,0.002239586,0.000279757,0.022701264,0.002851616,0.094351463,0.011049559,0.29387574,0.001315219,0.001006035,0.006824049,0.000166667,0.000191907,0.000421451,0.00089245,0.000612595,0.012079128,0.004443895,0.003621257,0.01419552,0.001029005,0.007629781,0.001314406,0.000459569,0.000744302
Dorea_longicatena_DSM_13814,0.018487635,0.002112821,0.235794824,0.249107485,0.313733797,0.036114827,0.291317525,0.062773164,0.151827924,0.086578836,0.113434696,0.108325292,0.051678228,0.069296768,0.063591482,0.10524187,0.172251156,0.205945116,0.071288431,0.246565127,0.181225239,0.277653479,0.176277746,0.182624006,0.24630611,0.203188327,0.421676346,0.318489094,0.245623831,0.415192647,0.087249408,0.109423144,0.032897701,0.015716669,0.010056059,0.4838443,0.419627233,0.507005262,0.016111159,0.105252407,0.015108235,0.09975216,0.011434805,0.036089362,0.016831934,0.236262297,0.063785726,0.343702192,0.329219942,0.008866206,0.268496215,0.471427795,1,0.02052673,0.410839611,0.43834031,0.307537252,0.326632493,0.270190016,0.437921723,0.013305608,0.064011097,0.207157136,0.053476711,0.536902201,0.632300158,0.057943719,0.339626175,0.54367674,0.026065586,0.263998835,0.138654336,0.375471152,0.54812601,0.062383951,0.070385052,0.008386496,0.000429525,0.003254871,0.000892445,0.001263355,0.002997885,0.037442217,0.001479343,0.002742554,0.002986782,0.006810889,0.000524631,0.007049441,0.007196859,0.00133812,0.001756491,0.004969131,0.000605641,0.001020353,0.004227818,0.003293475,0.001519941,0.00290273,0.002249176,0.002722135,0.009696752,0.003959502,0.004813683,0.000661699,0.102560655,0.001412052,0.003642224,0.001011313,0.001701121,0.002063395,0.000932798,0.005764163,0.001203838,0.001058599,0.005995497,0.000598333,9.43E-05,0.018484229,0.000254635,0.000154088,0.003314262,0.000105633,0.000586395,0.000203246,0.000202922,0.000146216,0.00050113,4.95E-05,0.000481021,0.001082173,0.000135179,0.010969295,0.001377906,0.045590812,0.005339169,0.225216926,0.000635516,0.000486118,0.003297394,8.05E-05,9.27E-05,0.000203646,0.000431234,0.000296007,0.005836658,0.002147299,0.001749798,0.006859303,0.000497217,0.003686725,0.000635124,0.000222065,0.000359648
Enterococcus_faecalis_TX0104,0.182413443,0.102930228,0.087053351,0.046461369,0.027266057,0.458760362,0.022472327,0.219709495,0.060448771,0.187310824,0.180956359,0.18949157,0.268896699,0.130638016,0.08645813,0.123049219,0.086392978,0.037275946,0.096103419,0.08209964,0.113266396,0.070634489,0.115653342,0.112398857,0.052985553,0.055905848,0.014839849,0.061817674,0.08356978,0.038984425,0.113567097,0.16705375,0.181583196,0.643488565,0.489900674,0.014145098,0.02997071,0.029986996,0.523425817,0.132214964,0.448917511,0.196784586,0.554581556,0.556663716,0.634712563,0.037397311,0.321807574,0.038834987,0.062349594,0.417779462,0.071573352,0.042480642,0.02052673,1,0.038935453,0.040538649,0.065937856,0.062843502,0.067847853,0.0422432,0.344665096,0.319705591,0.090644808,0.346796608,0.023106181,0.014639019,0.354252885,0.049684841,0.019025317,0.716003374,0.026021624,0.148042464,0.048932868,0.030526855,0.264598621,0.291634786,0.303076134,0.020925168,0.158567445,0.043477199,0.061546841,0.146047873,0.154332517,0.07206908,0.133608893,0.145506978,0.195361465,0.025558409,0.343427394,0.350609121,0.065189128,0.085570936,0.24208099,0.029504982,0.049708517,0.205966491,0.160448115,0.074046893,0.141412197,0.109573025,0.132614152,0.193330872,0.192894924,0.234508041,0.032235991,0.047666973,0.068790873,0.139893194,0.049268121,0.082873442,0.100522366,0.045443065,0.280812534,0.058647347,0.051571749,0.185073585,0.029148992,0.004595335,0.125117093,0.012405047,0.00750668,0.139977731,0.005146101,0.028567408,0.009901541,0.009885727,0.007123189,0.02441355,0.002411228,0.023433891,0.052720163,0.006585528,0.239680831,0.067127417,0.25997275,0.174618497,0.042934652,0.030960425,0.023682191,0.160639026,0.003923361,0.004517516,0.009921012,0.021008397,0.014420571,0.233758932,0.104609888,0.085244866,0.28041731,0.024222926,0.151455223,0.030941304,0.010818314,0.01752098
Eubacterium_biforme_DSM_3989,0.038473077,0.004396816,0.327440633,0.111224406,0.202745476,0.039288784,0.189058019,0.117466782,0.135251981,0.069048817,0.183863658,0.182285308,0.083205306,0.121382136,0.067739916,0.163028013,0.167058242,0.220412185,0.129306675,0.302892159,0.188419734,0.310822679,0.240559311,0.255044543,0.280868246,0.21348251,0.207971192,0.344532892,0.302334338,0.431342698,0.180775726,0.200720706,0.067886409,0.028459214,0.019996298,0.320563097,0.381827307,0.452119397,0.024972853,0.10560809,0.02153612,0.09433754,0.022774639,0.058664116,0.028752791,0.163702662,0.074717521,0.391895663,0.389539092,0.016615148,0.423125366,0.506406199,0.410839611,0.038935453,1,0.470154223,0.475015757,0.353190469,0.360022032,0.498893562,0.015272618,0.080274148,0.312889864,0.10457564,0.448956304,0.342702,0.081297326,0.350266758,0.319891608,0.044398234,0.237069157,0.146815086,0.394835629,0.423221842,0.120724607,0.105491929,0.011713578,0.000893849,0.006773441,0.001857192,0.002629064,0.006238649,0.077891011,0.003078537,0.0057073,0.006215544,0.014173575,0.001091765,0.013811792,0.014807773,0.002784649,0.003646216,0.010340845,0.001260349,0.002123372,0.008798161,0.006853777,0.003163022,0.00604063,0.004680573,0.005664808,0.020179103,0.00823979,0.010017355,0.001377008,0.200075499,0.002938503,0.007579528,0.00210456,0.003540061,0.003944141,0.001941167,0.01199532,0.002505208,0.002202963,0.012476729,0.001245142,0.000196296,0.038465991,0.0005299,0.000320659,0.006897034,0.000219823,0.001220299,0.000422959,0.000422283,0.000304277,0.001042861,0.000102999,0.001001013,0.002252019,0.000281311,0.022827287,0.002867446,0.094875243,0.0111109,0.268383717,0.00132252,0.00101162,0.006861932,0.000167592,0.000192972,0.000423791,0.000897405,0.000615996,0.012146184,0.004468565,0.00364136,0.014274325,0.001034718,0.007672136,0.001321703,0.00046212,0.000748434
Eubacterium_hallii_DSM_3353,0.0365116,0.004172652,0.465675916,0.224604321,0.314664744,0.071323895,0.335336518,0.123971978,0.166832721,0.09562984,0.224024451,0.213933787,0.105693513,0.158458121,0.13841882,0.13669094,0.286908123,0.233127462,0.167371222,0.423894938,0.328864553,0.541043422,0.350518612,0.313389201,0.29030572,0.374584061,0.328489193,0.541555286,0.387124613,0.476175679,0.127926256,0.216101957,0.064970328,0.031039163,0.019859911,0.246744011,0.300043198,0.551501374,0.03181825,0.13119589,0.029837555,0.12369579,0.022582826,0.071273602,0.033241724,0.21064422,0.125971706,0.683178601,0.531310028,0.017510048,0.423316187,0.710659212,0.43834031,0.040538649,0.470154223,1,0.524411652,0.456946032,0.369302088,0.710938269,0.026277512,0.126416795,0.403668413,0.105612226,0.391278104,0.361112651,0.11443421,0.456400115,0.262145482,0.051477448,0.353456657,0.264666799,0.600468857,0.598745481,0.123203314,0.139004848,0.016562659,0.000848278,0.00642811,0.001762507,0.002495026,0.005920583,0.073945384,0.002921583,0.005416324,0.005898656,0.013450962,0.001036103,0.013922083,0.01421322,0.002642679,0.00346893,0.009813636,0.001196092,0.002015116,0.008349603,0.00650435,0.003001761,0.005732659,0.004441942,0.005375999,0.019150309,0.0078197,0.009506639,0.001306804,0.211005703,0.002788689,0.0071931,0.001997263,0.003359577,0.004075041,0.0018422,0.011383761,0.002377484,0.002090649,0.011840627,0.001181661,0.000186289,0.036504875,0.000502884,0.000304311,0.006545401,0.000208616,0.001158084,0.000401395,0.000400754,0.000288764,0.000989692,9.77E-05,0.000949978,0.002137204,0.000266968,0.021663481,0.002721255,0.090038206,0.010544431,0.25168312,0.001255094,0.000960044,0.006512089,0.000159048,0.000183134,0.000402184,0.000851652,0.00058459,0.011526933,0.004240744,0.003455712,0.013546575,0.000981965,0.007280987,0.001254319,0.00043856,0.000710277
Eubacterium_rectale_M104_1,0.056251931,0.006786999,0.622570062,0.174033051,0.174406437,0.116011382,0.164800126,0.181626419,0.166185506,0.092430247,0.364385405,0.347972505,0.171915045,0.201212273,0.083640419,0.199914815,0.269983246,0.133703715,0.13176521,0.474017458,0.416864799,0.543745255,0.505544143,0.465859094,0.244471494,0.255981241,0.17829229,0.549640349,0.495166706,0.481205122,0.171942926,0.305761692,0.105677032,0.050486534,0.032303,0.181826312,0.363138497,0.436083111,0.051753753,0.145295923,0.048532066,0.134183856,0.036731938,0.11592958,0.054069094,0.178613081,0.172363334,0.426270592,0.603334278,0.028480846,0.55953745,0.525299938,0.307537252,0.065937856,0.475015757,0.524411652,1,0.578098577,0.374825965,0.600379811,0.042741503,0.205622355,0.451526062,0.169683112,0.31134084,0.22201236,0.186132164,0.442069134,0.234900643,0.083730282,0.164066967,0.350038736,0.526758752,0.398580956,0.200395489,0.226097364,0.026939877,0.001379761,0.010455597,0.002866793,0.004058267,0.009630084,0.099309804,0.004752081,0.008809884,0.009594418,0.021878568,0.001685267,0.022644866,0.023118414,0.004298431,0.005642364,0.015962302,0.001945495,0.003277673,0.013580989,0.010579605,0.004882493,0.009324417,0.00722501,0.008744293,0.031148802,0.012719078,0.015462957,0.002125572,0.288459404,0.004535923,0.011699887,0.003248634,0.005464497,0.006628229,0.002996418,0.018516176,0.00386708,0.003400531,0.019259289,0.001922022,0.000303007,0.047462344,0.000817962,0.000494974,0.010646377,0.000339323,0.001883674,0.000652886,0.000651844,0.000469688,0.001609777,0.000158991,0.001545181,0.003476255,0.000434236,0.035236583,0.004426238,0.146451015,0.017150971,0.301422914,0.002041464,0.001561553,0.010592193,0.000258698,0.000297875,0.00065417,0.001385249,0.000950862,0.018749053,0.006897752,0.005620864,0.022034087,0.001597208,0.011842838,0.002040203,0.000713336,0.001155296
Eubacterium_siraeum_70_3,0.056600721,0.006468496,0.483101405,0.226769397,0.248535979,0.11056716,0.151012504,0.147413743,0.211900182,0.188802157,0.327509889,0.318273752,0.135767578,0.166687008,0.077723717,0.210618999,0.235463599,0.18089797,0.080019827,0.502189205,0.35687529,0.45063059,0.442614094,0.440272233,0.316046222,0.229500706,0.22500488,0.509840979,0.449989946,0.456715886,0.133363685,0.297050045,0.100717784,0.048117284,0.030787074,0.204705162,0.412177664,0.433498452,0.049325035,0.244342019,0.046254537,0.233063862,0.035008169,0.110489196,0.051531721,0.249560665,0.156066078,0.362027111,0.57039196,0.027144287,0.390348184,0.427606325,0.326632493,0.062843502,0.353190469,0.456946032,0.578098577,1,0.391079525,0.517455271,0.040735715,0.194575795,0.412887514,0.163721344,0.33778915,0.232944038,0.177397289,0.528204249,0.246394126,0.079800959,0.145115652,0.320617157,0.426417883,0.363720602,0.189421173,0.215486988,0.025675633,0.001315011,0.009964934,0.002732259,0.003867819,0.00917816,0.089635748,0.004529073,0.008396451,0.009144168,0.020851843,0.00160618,0.02158218,0.022033505,0.004096713,0.005377577,0.015213217,0.001854196,0.003123857,0.012943655,0.010083121,0.004653366,0.008886838,0.006885953,0.008333938,0.02968704,0.012122192,0.014737306,0.002025823,0.174453662,0.004323059,0.01115083,0.003096181,0.005208057,0.006317177,0.002855801,0.017647243,0.003685605,0.003240949,0.018355482,0.001831825,0.000288787,0.056590296,0.000779577,0.000471746,0.01014676,0.000323399,0.001795276,0.000622248,0.000621254,0.000447646,0.001534233,0.00015153,0.001472668,0.00331312,0.000413858,0.033582988,0.004218522,0.139578311,0.016346104,0.381246948,0.001945662,0.001488272,0.010095119,0.000246558,0.000283897,0.000623471,0.001320241,0.000906239,0.017869191,0.006574052,0.005357086,0.021000064,0.001522253,0.011287074,0.00194446,0.000679861,0.00110108
Eubacterium_ventriosum_ATCC_27560,0.030491793,0.006983595,0.367619043,0.124742763,0.099871977,0.118484612,0.193341913,0.11856073,0.141053021,0.061988274,0.277064092,0.261694356,0.101767737,0.111038479,0.088763082,0.245959564,0.194962213,0.123169612,0.054499027,0.289133921,0.313828258,0.38264206,0.29940503,0.513941448,0.24625027,0.137338565,0.174108207,0.410044758,0.535037923,0.225918921,0.056240647,0.238341031,0.040379243,0.051947581,0.033238709,0.147207335,0.143335006,0.382642597,0.0518566,0.123360614,0.049429385,0.101984585,0.037795938,0.115005166,0.055635292,0.184450158,0.174026434,0.344266579,0.37293261,0.02930584,0.425663793,0.41666423,0.270190016,0.067847853,0.360022032,0.369302088,0.374825965,0.391079525,1,0.37380865,0.04397958,0.177036543,0.302187873,0.159802772,0.191541879,0.215762452,0.172194981,0.388496233,0.229449956,0.083841091,0.257467326,0.302593078,0.382927319,0.359215872,0.190360554,0.209099581,0.027720234,0.001419728,0.010758461,0.002949835,0.004175821,0.009909035,0.071097123,0.004889732,0.009065076,0.009872336,0.022512316,0.001734083,0.023300811,0.023788076,0.004422942,0.005805804,0.016424675,0.00200185,0.003372616,0.013974384,0.01088606,0.005023923,0.009594514,0.007434294,0.008997585,0.017151041,0.013087506,0.015910867,0.002187143,0.080309012,0.004667313,0.012038793,0.003342736,0.005622785,0.006820227,0.003083214,0.019052527,0.003979097,0.003499032,0.019817165,0.001977697,0.000311784,0.021897218,0.000841656,0.000509312,0.010954767,0.000349152,0.001938237,0.000671798,0.000670725,0.000483293,0.001656407,0.000163597,0.001589939,0.00357695,0.000446814,0.028306994,0.004554451,0.126918934,0.017647776,0.200525028,0.002100598,0.001606786,0.010899013,0.000266192,0.000306504,0.000673119,0.001425375,0.000978405,0.01929215,0.007097556,0.005783681,0.02267234,0.001643474,0.012185885,0.002099301,0.000733999,0.001188761
Faecalibacterium_prausnitzii_SL3_3,0.038046823,0.004348102,0.485256444,0.18768707,0.273800096,0.074322889,0.261454554,0.129184695,0.208255678,0.097428368,0.233444129,0.222929177,0.110137666,0.181957319,0.142370801,0.14517629,0.328536037,0.195547862,0.183630273,0.462319472,0.372954391,0.598053447,0.365257058,0.375832999,0.337033225,0.352059888,0.303877289,0.620225727,0.426248415,0.53377268,0.108075871,0.223478483,0.06770217,0.032344284,0.020694972,0.239681199,0.370423715,0.649086771,0.03315613,0.134327236,0.031092151,0.126553496,0.023532378,0.074270482,0.034639457,0.224505112,0.131268507,0.57099373,0.534733992,0.018246302,0.560764025,0.659663116,0.437921723,0.0422432,0.498893562,0.710938269,0.600379811,0.517455271,0.37380865,1,0.027382417,0.131732311,0.443610522,0.110052961,0.395149219,0.346541435,0.119245887,0.606663098,0.270263725,0.053641948,0.297790305,0.285345154,0.56815057,0.589015635,0.128383711,0.14484966,0.017259078,0.000883946,0.006698396,0.001836616,0.002599935,0.006169529,0.077054606,0.003044429,0.005644067,0.00614668,0.014016542,0.001079669,0.014507472,0.014810851,0.002753797,0.00361479,0.010226276,0.001246385,0.002099847,0.008700684,0.006777842,0.003127978,0.005973704,0.004628715,0.005602046,0.019955533,0.008148499,0.00990637,0.001361751,0.253112594,0.002905947,0.007495552,0.002081243,0.003500839,0.004246386,0.00191966,0.01186242,0.002477452,0.002178556,0.012338496,0.001231347,0.000194122,0.038039815,0.000524029,0.000317106,0.00682062,0.000217388,0.001206779,0.000418273,0.000417605,0.000300906,0.001031306,0.000101858,0.000989923,0.002227068,0.000278194,0.022574377,0.002835677,0.093824092,0.010987799,0.255724053,0.001307867,0.001000412,0.006785906,0.000165735,0.000190834,0.000419095,0.000887462,0.000609171,0.012011613,0.004419056,0.003601016,0.014116176,0.001023254,0.007587135,0.00130706,0.000457,0.000740142
Gordonibacter_pamelaeae_7_10_1_bT_DSM_19378,0.095782029,0.139736992,0.056428755,0.033026886,0.014786187,0.368425085,0.015505268,0.103237734,0.029717279,0.0929377,0.117297517,0.122830116,0.141451941,0.075564488,0.066015816,0.080314367,0.056151908,0.022776674,0.054633496,0.043640237,0.073420282,0.045785902,0.074967523,0.072857936,0.029124816,0.038267169,0.009619322,0.040070765,0.054170673,0.017967442,0.062054528,0.072529352,0.160701649,0.446487909,0.487443174,0.008967773,0.014931681,0.019437837,0.634010917,0.056611758,0.632681639,0.099778669,0.439590491,0.345790487,0.494274225,0.023466756,0.208598524,0.025173183,0.04041556,0.444498259,0.044364997,0.027536329,0.013305608,0.344665096,0.015272618,0.026277512,0.042741503,0.040735715,0.04397958,0.027382417,1,0.207864088,0.045058531,0.145737861,0.009830219,0.009489142,0.229629863,0.032206155,0.010898344,0.360766344,0.016906311,0.095962439,0.031718719,0.019787778,0.139269609,0.189040255,0.59647847,0.032281521,0.225958889,0.067072823,0.094949088,0.225309896,0.107329441,0.111181878,0.206120123,0.213762669,0.208193773,0.03942928,0.473758028,0.442451745,0.078913635,0.132011362,0.347089505,0.045517707,0.056538043,0.2935353,0.24752533,0.114233076,0.21815838,0.169039687,0.204585524,0.219392981,0.297581431,0.346210611,0.04973087,0.024001405,0.106124547,0.057735166,0.056352855,0.099471681,0.14330466,0.059099574,0.40948809,0.090476001,0.079560387,0.161578931,0.044968518,0.007089281,0.048624178,0.019137422,0.011580649,0.109208072,0.007938956,0.044071301,0.015275232,0.015250836,0.010989033,0.037663092,0.003719832,0.03615176,0.081332061,0.010159577,0.162641144,0.103558312,0.085934125,0.105851707,0.017099971,0.047763038,0.036534815,0.244173574,0.006052619,0.006969229,0.01530527,0.032409919,0.022246796,0.258970713,0.142140948,0.107284554,0.270680756,0.037369013,0.194235084,0.04773354,0.01668955,0.027029837
Holdemania_filiformis_VPI_J1_31B_1_DSM_12042,0.143514295,0.033007105,0.271469473,0.149454437,0.06052164,0.555189358,0.067879914,0.178207613,0.10378014,0.206507833,0.459537865,0.451424216,0.33587909,0.254686408,0.108441434,0.131388742,0.22680967,0.071803569,0.147825639,0.185820861,0.353212924,0.217046174,0.314405546,0.35050757,0.094604256,0.145940221,0.046276977,0.181571985,0.260606214,0.076443551,0.112538969,0.217885574,0.139700704,0.245530376,0.157098678,0.028848784,0.068819555,0.093512241,0.251693221,0.160128345,0.236025243,0.273757702,0.178637861,0.509477536,0.261644424,0.070729294,0.514651624,0.121104052,0.19109015,0.138510456,0.197983953,0.132472758,0.064011097,0.319705591,0.080274148,0.126416795,0.205622355,0.194575795,0.177036543,0.131732311,0.207864088,1,0.201908977,0.325650478,0.048807169,0.045650704,0.670468207,0.143601182,0.048348634,0.399895585,0.073998617,0.447356258,0.1502389,0.095195751,0.305711564,0.548306044,0.131016285,0.006710169,0.050848544,0.013942031,0.019736506,0.046833836,0.103662078,0.02311072,0.042844972,0.046660385,0.1064017,0.008195931,0.110128425,0.112431422,0.020904494,0.027440421,0.077629213,0.009461497,0.015940256,0.066048212,0.051451627,0.023744954,0.045347293,0.03513728,0.042525983,0.151485482,0.061856493,0.075200761,0.010337262,0.100591752,0.022059482,0.056899877,0.015799032,0.026575404,0.032234965,0.014572434,0.090049433,0.018806712,0.016537747,0.093188466,0.00934734,0.001473607,0.103444254,0.003977983,0.002407201,0.05177636,0.001650224,0.009160841,0.003175172,0.003170101,0.002284225,0.007828804,0.000773219,0.007514653,0.016906015,0.002111811,0.144818821,0.021526054,0.273345174,0.068142796,0.069396503,0.00992822,0.007594276,0.051512847,0.001258122,0.001448652,0.003181416,0.006736858,0.00462431,0.091181978,0.033545729,0.027335859,0.107158034,0.007767676,0.057595092,0.009922089,0.003469158,0.005618532
Parabacteroides_distasonis_ATCC_8503,0.085766277,0.009801621,0.588970308,0.176611024,0.192786709,0.110828922,0.173928052,0.209693433,0.28147251,0.180691002,0.375441083,0.436251914,0.196511378,0.244356495,0.210972633,0.24751164,0.387798584,0.177536266,0.193979702,0.741632432,0.516134558,0.518904323,0.583570025,0.459288838,0.213470414,0.320549987,0.155838411,0.512468439,0.469964967,0.331533843,0.091609566,0.395948927,0.102462288,0.069003881,0.04665122,0.11610615,0.188166935,0.314903867,0.057990487,0.242849251,0.050875296,0.230414961,0.053047385,0.143612552,0.067732776,0.201820561,0.243664681,0.350149046,0.34712903,0.03802455,0.366618534,0.429578529,0.207157136,0.090644808,0.312889864,0.403668413,0.451526062,0.412887514,0.302187873,0.443610522,0.045058531,0.201908977,1,0.245640999,0.201560212,0.153729427,0.198449207,0.467768453,0.115746034,0.107803295,0.167681425,0.429529117,0.393179603,0.294439024,0.161231968,0.260853307,0.028873258,0.001992617,0.015099724,0.004140154,0.005860852,0.013907536,0.110067718,0.006862841,0.012723024,0.013856029,0.031596505,0.002433822,0.032703174,0.03338706,0.006207692,0.008148567,0.023052374,0.002809638,0.004733537,0.019613339,0.015278812,0.00705118,0.0134661,0.010434187,0.012628298,0.044984354,0.018368588,0.022331233,0.0030697,0.162717228,0.006550671,0.016896697,0.0046916,0.007891696,0.00957233,0.004327356,0.026740619,0.005584745,0.004910965,0.027813804,0.002775738,0.000437595,0.085750479,0.001181281,0.00071483,0.011377656,0.000490042,0.002720356,0.000942883,0.000941377,0.000678312,0.002324802,0.000229611,0.002231513,0.005020324,0.000627113,0.05088783,0.006392267,0.194820976,0.024769022,0.244298428,0.002948234,0.002255157,0.015296992,0.000373606,0.000430184,0.000944737,0.002000543,0.001373211,0.027076934,0.009961568,0.008117517,0.031821102,0.002306649,0.017103144,0.002946413,0.001030183,0.001668451
Parabacteroides_johnsonii_DSM_18315,0.096242264,0.039509179,0.220116883,0.092651108,0.071034163,0.300207289,0.060867485,0.335452823,0.101558742,0.16833225,0.415480224,0.447850889,0.298803903,0.160294212,0.155179897,0.141232322,0.207943377,0.080186517,0.136000898,0.213887883,0.267109149,0.170496346,0.301302764,0.231699117,0.105799073,0.147232995,0.038661118,0.144437802,0.18397749,0.104285334,0.08644846,0.395070152,0.105562156,0.276868424,0.182269904,0.036591303,0.042352222,0.078122816,0.223682364,0.157514264,0.179434929,0.187985567,0.208693898,0.41758117,0.262371325,0.070333529,0.360173694,0.101173807,0.119858655,0.144536578,0.163637126,0.110671552,0.053476711,0.346796608,0.10457564,0.105612226,0.169683112,0.163721344,0.159802772,0.110052961,0.145737861,0.325650478,0.245640999,1,0.060916091,0.038137911,0.371845617,0.129440097,0.037555226,0.389884605,0.067948334,0.273192514,0.12748104,0.079529268,0.287053758,0.407500617,0.106146454,0.008032006,0.060865207,0.016688474,0.023624403,0.056059641,0.274110939,0.027663304,0.051285009,0.055852021,0.089430126,0.009810449,0.130240689,0.134579306,0.025022474,0.030341187,0.092921404,0.011325318,0.01908033,0.07905906,0.061587091,0.028422477,0.054280263,0.042058979,0.050903184,0.133507726,0.074041613,0.09001457,0.012373601,0.097275483,0.026404983,0.042446292,0.018911286,0.031810497,0.038584935,0.01744306,0.105802046,0.022511449,0.019795521,0.112114166,0.011188674,0.001763893,0.054169729,0.004761606,0.002881396,0.053521394,0.001975302,0.010965436,0.00380065,0.00379458,0.002734195,0.009371002,0.000925536,0.008994965,0.020236333,0.002527817,0.092362498,0.025766475,0.238497762,0.072376749,0.040317074,0.011883982,0.009090274,0.061660371,0.00150596,0.001734023,0.003808124,0.008063953,0.005535254,0.10914393,0.040153907,0.032720754,0.128267113,0.009297832,0.068940758,0.011876643,0.004152548,0.006725328
Parabacteroides_merdae_ATCC_43184,0.021186931,0.002421304,0.205382806,0.188248138,0.433763656,0.02443903,0.234068277,0.07193839,0.258858883,0.074538471,0.111576692,0.111232527,0.061227342,0.133580775,0.029594872,0.119704405,0.10546147,0.258566109,0.138618468,0.234732937,0.125376765,0.22905472,0.166176759,0.153751442,0.318115334,0.261362561,0.399360739,0.290277814,0.210074475,0.363690726,0.081829745,0.120166582,0.037700945,0.017621316,0.011524298,0.510774217,0.400370231,0.433348767,0.015021903,0.096188036,0.012837183,0.089597854,0.01310435,0.035892684,0.017720767,0.263744943,0.045897826,0.352295643,0.300073148,0.009511609,0.279605993,0.364695951,0.536902201,0.023106181,0.448956304,0.391278104,0.31134084,0.33778915,0.191541879,0.395149219,0.009830219,0.048807169,0.201560212,0.060916091,1,0.468939012,0.050888222,0.302998173,0.386740797,0.027734493,0.21299172,0.096659956,0.277037796,0.44001836,0.070171579,0.068595922,0.007281671,0.000492238,0.0037301,0.001022747,0.001447812,0.003435593,0.042908986,0.001695335,0.003142981,0.003422869,0.007805317,0.000601229,0.008078698,0.008247639,0.001533492,0.002012949,0.005694651,0.000694068,0.00116933,0.004845103,0.00377434,0.00174186,0.003326544,0.002577568,0.003119581,0.011112531,0.004537611,0.005516507,0.000758311,0.179266715,0.001618219,0.004174008,0.001158971,0.001949494,0.002364662,0.001068991,0.006605762,0.001379605,0.001213161,0.006870872,0.000685693,0.000108099,0.021183028,0.000291813,0.000176585,0.003798162,0.000121056,0.000672012,0.000232921,0.000232549,0.000167564,0.000574298,5.67E-05,0.000551253,0.001240176,0.000154916,0.012570872,0.001579088,0.05224732,0.006118717,0.203479483,0.000728305,0.000557094,0.003778831,9.23E-05,0.000106269,0.000233379,0.000494196,0.000339226,0.006688842,0.002460816,0.002005278,0.007860799,0.000569814,0.004225007,0.000727855,0.000254487,0.000412159
Prevotella_copri_CB7_DSM_18205,0.013184801,0.001506798,0.168161465,0.143249367,0.33582763,0.025755961,0.338071562,0.04476785,0.188501529,0.061745307,0.080898064,0.077254197,0.038167265,0.107917975,0.07615907,0.075055197,0.168990554,0.205221819,0.086263409,0.178307956,0.12924415,0.2072503,0.126576705,0.130241707,0.269714456,0.229282138,0.536718686,0.236809605,0.175171204,0.336683018,0.062223539,0.078037151,0.023461607,0.011208635,0.007171665,0.544504341,0.33129145,0.488178911,0.011489973,0.075062712,0.010774719,0.071140108,0.008154944,0.0257378,0.012004007,0.226414605,0.045489977,0.363318915,0.234789325,0.0063231,0.204531696,0.344604466,0.632300158,0.014639019,0.342702,0.361112651,0.22201236,0.232944038,0.215762452,0.346541435,0.009489142,0.045650704,0.153729427,0.038137911,0.468939012,1,0.041323641,0.294637535,0.529430504,0.018589158,0.442403766,0.098883919,0.299165358,0.479545606,0.044490275,0.050196409,0.005980986,0.000306324,0.002321272,0.000636464,0.000900985,0.002137998,0.026702614,0.001055021,0.001955903,0.002130079,0.004857313,0.00037415,0.00502744,0.005132574,0.000954305,0.001252675,0.003543828,0.000431924,0.000727684,0.003015147,0.002348803,0.001083974,0.002070136,0.001604042,0.001941341,0.006915419,0.002823792,0.003432968,0.000471903,0.120157465,0.001007031,0.002597519,0.000721237,0.001213186,0.001471549,0.000665242,0.00411082,0.00085854,0.00075496,0.0042758,0.000426713,6.73E-05,0.013182372,0.000181598,0.00010989,0.002363627,7.53E-05,0.000418199,0.000144949,0.000144717,0.000104276,0.00035739,3.53E-05,0.000343049,0.000771771,9.64E-05,0.007822957,0.00098268,0.032513935,0.003807727,0.16027044,0.00045323,0.000346684,0.002351598,5.74E-05,6.61E-05,0.000145234,0.000307542,0.000211103,0.004162521,0.001531386,0.001247901,0.00489184,0.0003546,0.002629256,0.00045295,0.00015837,0.00025649
Pseudoflavonifractor_capillosus_ATCC_29799,0.10872402,0.03646333,0.245737875,0.118220372,0.062363975,0.580893506,0.061542111,0.261687546,0.10355771,0.195130326,0.487876103,0.477236564,0.371385757,0.225161737,0.104676758,0.181989413,0.229265347,0.078096942,0.143253643,0.190705354,0.317592743,0.199390017,0.32599811,0.317284239,0.105783006,0.146630926,0.041890552,0.167360293,0.235746511,0.084328402,0.123626726,0.235894185,0.134392186,0.271240247,0.173548727,0.03214187,0.063862459,0.084648558,0.278048414,0.161324197,0.260739817,0.302878681,0.197343312,0.62283475,0.290487644,0.078370993,0.604749033,0.109625041,0.172085375,0.153014103,0.191536731,0.11991615,0.057943719,0.354252885,0.081297326,0.11443421,0.186132164,0.177397289,0.172194981,0.119245887,0.229629863,0.670468207,0.198449207,0.371845617,0.050888222,0.041323641,1,0.140252466,0.047004238,0.449843169,0.07038806,0.417900517,0.138129766,0.086172494,0.305897993,0.666458624,0.144735206,0.007412801,0.056172975,0.015401923,0.021803146,0.051737881,0.115952925,0.025530679,0.047331336,0.051546267,0.117543189,0.00905414,0.121660145,0.124204293,0.023093437,0.030313751,0.085757889,0.010452225,0.017609386,0.072964224,0.056839208,0.026231326,0.050095679,0.03881656,0.046978946,0.167347765,0.068333583,0.08307515,0.011419693,0.095721744,0.024369365,0.060307449,0.017453374,0.029358156,0.035610338,0.016098337,0.099478651,0.020775992,0.018269441,0.093322021,0.010326115,0.001627911,0.068129466,0.004394524,0.002659263,0.057197944,0.001823021,0.010120087,0.00350765,0.003502047,0.00252341,0.008648571,0.000854184,0.008301524,0.01867627,0.002332942,0.10638168,0.023780081,0.308970864,0.092144046,0.080558966,0.01096782,0.008389484,0.056906839,0.001389862,0.001600343,0.003514547,0.007442285,0.005108529,0.100729785,0.037058355,0.03019824,0.11837872,0.008581041,0.063625964,0.010961046,0.003832419,0.006206858
Roseburia_intestinalis_M50_1,0.044749222,0.005114072,0.442093185,0.126026848,0.241140799,0.087415749,0.238812618,0.113003014,0.218420358,0.08661044,0.268402471,0.261791808,0.129539723,0.182364311,0.172740567,0.169087661,0.453629971,0.161580109,0.128436094,0.45451908,0.392865256,0.479583384,0.415335087,0.368534366,0.317535973,0.291086592,0.275825902,0.550059664,0.441594034,0.46319376,0.061271332,0.254392341,0.04978696,0.038042114,0.024340637,0.190082585,0.302486733,0.599615487,0.038996976,0.128460112,0.036569402,0.119621427,0.027677886,0.08735411,0.040741608,0.247613253,0.154393013,0.414966306,0.425029572,0.021460605,0.426092344,0.450023248,0.339626175,0.049684841,0.350266758,0.456400115,0.442069134,0.528204249,0.388496233,0.606663098,0.032206155,0.143601182,0.467768453,0.129440097,0.302998173,0.294637535,0.140252466,1,0.210087924,0.063091614,0.281548009,0.314360019,0.437118292,0.508412727,0.151000026,0.170366648,0.02029947,0.001039664,0.007878398,0.002160158,0.003057945,0.007256365,0.058415954,0.003580741,0.006638337,0.007229491,0.016485722,0.001269865,0.017063135,0.017419958,0.003238911,0.004251578,0.012027755,0.00146595,0.00246976,0.010233412,0.007971839,0.003679008,0.007026043,0.005444118,0.006588913,0.023470937,0.009583954,0.011651495,0.00160164,0.164886171,0.003417864,0.008815983,0.002447879,0.004117554,0.004994438,0.002257831,0.013952126,0.002913884,0.002562334,0.014512069,0.001448263,0.000228318,0.04474098,0.000616343,0.000372968,0.008022153,0.000255683,0.001419367,0.000491956,0.000491171,0.000353914,0.001212983,0.000119801,0.001164309,0.002619393,0.000327201,0.026551121,0.003335215,0.110352319,0.01292343,0.199172885,0.001538264,0.001176646,0.007981324,0.000194932,0.000224452,0.000492924,0.001043799,0.000716484,0.014127601,0.005197526,0.004235378,0.016602907,0.001203512,0.008923698,0.001537314,0.000537506,0.000870527
Ruminococcus_bromii_L2_63,0.01713537,0.00195828,0.151609866,0.1339794,0.198858822,0.029152173,0.135479253,0.046937576,0.108051561,0.03893065,0.08360817,0.076600877,0.035669791,0.051293877,0.014149227,0.096622543,0.065424977,0.143888733,0.018105489,0.124532813,0.102656813,0.172211311,0.111621497,0.149840624,0.246931866,0.121830252,0.237697052,0.203038248,0.189514408,0.306925383,0.080867615,0.076410471,0.030491423,0.014209241,0.009320516,0.667846618,0.323190736,0.311726921,0.014890421,0.057207997,0.014003154,0.051827808,0.010598415,0.031473538,0.014933415,0.139068305,0.040845462,0.18627305,0.273609825,0.008217694,0.205366854,0.302479365,0.54367674,0.019025317,0.319891608,0.262145482,0.234900643,0.246394126,0.229449956,0.270263725,0.010898344,0.048348634,0.115746034,0.037555226,0.386740797,0.529430504,0.047004238,0.210087924,1,0.023225896,0.181491034,0.087765505,0.254711958,0.331860679,0.057509625,0.058673354,0.007773072,0.000398108,0.003016796,0.000827167,0.001170948,0.002778607,0.034703534,0.001371137,0.002541952,0.002768316,0.006312712,0.000486257,0.006533815,0.00667045,0.001240244,0.001628014,0.004605668,0.000561342,0.00094572,0.003918578,0.003052576,0.001408766,0.002690412,0.002084662,0.002523026,0.00624406,0.003669887,0.00446159,0.0006133,0.08357926,0.001308768,0.003375816,0.000937342,0.001576694,0.00191247,0.000864569,0.005342548,0.001115784,0.000981169,0.005556961,0.000554569,8.74E-05,0.017132214,0.00023601,0.000142817,0.003071842,9.79E-05,0.000543504,0.00018838,0.000188079,0.000135521,0.000464476,4.59E-05,0.000445837,0.001003018,0.000125292,0.010166954,0.00127712,0.039418932,0.004948639,0.144195039,0.000589032,0.000450561,0.003056208,7.46E-05,8.59E-05,0.00018875,0.000399691,0.000274356,0.00540974,0.001990236,0.001621811,0.006357585,0.000460849,0.003417062,0.000588668,0.000205822,0.000333342
Ruminococcus_gnavus_ATCC_29149,0.179406596,0.081057872,0.110543504,0.053483876,0.034623429,0.551418823,0.027757286,0.229995911,0.069324023,0.219383012,0.229784951,0.240623271,0.350621432,0.166366844,0.095318535,0.156390401,0.105238098,0.047886261,0.106946996,0.104253102,0.143829779,0.089694237,0.146860811,0.142728148,0.064746282,0.068814819,0.018844179,0.078327907,0.10611994,0.046931872,0.12442907,0.184424471,0.175033808,0.602966246,0.385798295,0.017961959,0.039251992,0.038078576,0.506780359,0.141512346,0.425208235,0.226672651,0.438693584,0.718955609,0.645753151,0.047488463,0.408642934,0.049314076,0.079173776,0.340149886,0.090845654,0.053943461,0.026065586,0.716003374,0.044398234,0.051477448,0.083730282,0.079800959,0.083841091,0.053641948,0.360766344,0.399895585,0.107803295,0.389884605,0.027734493,0.018589158,0.449843169,0.063091614,0.023225896,1,0.033119336,0.187989693,0.062136732,0.038764108,0.316462608,0.370328433,0.27362146,0.016478634,0.124872353,0.034238428,0.048468328,0.115013152,0.153896061,0.056754623,0.105217416,0.114587195,0.191250995,0.020127326,0.270450134,0.276105767,0.05133664,0.067387377,0.190639528,0.023235264,0.039145611,0.162199248,0.126353386,0.058312157,0.111362542,0.086289095,0.104434054,0.198013823,0.151905349,0.184675807,0.025385943,0.059616989,0.054173025,0.103781536,0.038798797,0.065263092,0.079161674,0.035786554,0.221140739,0.046184967,0.040612912,0.18798564,0.022954922,0.00361884,0.09698411,0.009769013,0.005911533,0.127150856,0.004052571,0.022496922,0.007797494,0.007785041,0.005609533,0.019225746,0.001898849,0.018454262,0.041517292,0.005186124,0.190131482,0.052863048,0.270634721,0.143016673,0.049456903,0.02438143,0.018649799,0.12650373,0.003089659,0.003557558,0.007812828,0.016544177,0.011356244,0.223922008,0.08238061,0.067130595,0.263155536,0.019075629,0.141440326,0.024366372,0.008519456,0.013797826
Ruminococcus_lactaris_ATCC_29176,0.00865561,0.002684583,0.183929222,0.118140445,0.312068114,0.045888057,0.544697924,0.071492045,0.070650884,0.027056266,0.112531792,0.111910442,0.054751187,0.077893576,0.178754865,0.03916287,0.268569418,0.274227521,0.107207138,0.173101366,0.184555596,0.252626945,0.151049782,0.165399044,0.280179189,0.237784504,0.373105746,0.230212762,0.162061837,0.201979658,0.017804562,0.083869995,0.012278562,0.019969842,0.012777383,0.261450567,0.07624617,0.363905258,0.020471087,0.027293592,0.019196756,0.040736151,0.01452924,0.045522592,0.021386916,0.160826323,0.077304793,0.349920314,0.148939559,0.011265538,0.234529939,0.265647793,0.263998835,0.026021624,0.237069157,0.353456657,0.164066967,0.145115652,0.257467326,0.297790305,0.016906311,0.073998617,0.167681425,0.067948334,0.21299172,0.442403766,0.07038806,0.281548009,0.181491034,0.033119336,1,0.139685092,0.238644502,0.338248614,0.054644321,0.070778693,0.010656011,0.000545761,0.004135689,0.001133954,0.001605239,0.003809159,0.047574659,0.001879675,0.003484731,0.003795052,0.008179277,0.000666604,0.008957129,0.00914444,0.001700235,0.002231825,0.006313855,0.000769537,0.001296477,0.005371931,0.00418474,0.00193126,0.003688253,0.002857838,0.003458787,0.012320842,0.005031004,0.00611634,0.000840766,0.070162125,0.001794175,0.003706975,0.00128499,0.00216147,0.002621782,0.001185227,0.007324034,0.001529615,0.001345073,0.007617971,0.000760252,0.000119854,0.005357095,0.000323543,0.000195786,0.004211152,0.000134218,0.000745083,0.000258248,0.000257835,0.000185784,0.000636744,6.29E-05,0.000611193,0.001375025,0.000171761,0.007631171,0.001750789,0.042307973,0.00678403,0.028167618,0.000807497,0.000617669,0.00418972,0.000102327,0.000117824,0.000258756,0.000547932,0.000376111,0.007416148,0.002728391,0.002223321,0.008715537,0.000631772,0.00468441,0.000806998,0.000282159,0.000456975
Ruminococcus_obeum_A2_162,0.093357186,0.015238045,0.537179278,0.176426977,0.100480775,0.260466625,0.140375836,0.209253133,0.141848356,0.150827252,0.561068897,0.559497595,0.28697487,0.223957637,0.208824164,0.211741439,0.432966383,0.104234134,0.120801285,0.453496802,0.717925528,0.462666821,0.580327765,0.497528369,0.142251765,0.205055189,0.100240488,0.395499851,0.460710228,0.223336998,0.106360071,0.31054922,0.088732048,0.113351439,0.072526103,0.059584715,0.111756033,0.20255672,0.116196576,0.176470655,0.108963304,0.229402024,0.082469872,0.260282964,0.121394937,0.126517515,0.46003412,0.262323297,0.329792553,0.063944673,0.295816248,0.286949035,0.138654336,0.148042464,0.146815086,0.264666799,0.350038736,0.320617157,0.302593078,0.285345154,0.095962439,0.447356258,0.429529117,0.273192514,0.096659956,0.098883919,0.417900517,0.314360019,0.087765505,0.187989693,0.139685092,1,0.318206192,0.206203368,0.247765195,0.505054205,0.060484917,0.003097813,0.023474715,0.006436472,0.009111546,0.021621287,0.107079108,0.010669284,0.01977979,0.021541212,0.049121359,0.00378373,0.050841838,0.051905038,0.009650759,0.012668132,0.035838266,0.00436799,0.007358971,0.030491787,0.023753134,0.010962085,0.02093501,0.016221461,0.019632526,0.069934717,0.02855664,0.034717148,0.004772296,0.107599497,0.01018397,0.026268371,0.007293774,0.012268789,0.014881579,0.006727503,0.04157218,0.008682298,0.007634809,0.043240601,0.004315289,0.000680305,0.07378336,0.001836474,0.001111307,0.02390305,0.000761842,0.004229189,0.001465849,0.001463507,0.001054534,0.003614242,0.000356964,0.003469211,0.007804823,0.000974938,0.079112529,0.009937708,0.285198867,0.038507045,0.140268313,0.004583458,0.00350597,0.023781397,0.000580824,0.000668784,0.001468731,0.003110135,0.002134857,0.042095029,0.015486706,0.01261986,0.049470528,0.003586022,0.026589323,0.004580627,0.00160157,0.002593849
Ruminococcus_sp_SR1_5,0.02215994,0.005036671,0.475913893,0.142299263,0.193891693,0.086092724,0.217527738,0.145220066,0.164974767,0.053273727,0.255322077,0.238173956,0.127579159,0.225257113,0.130831419,0.156902076,0.282548937,0.129353493,0.17000455,0.40696735,0.375014171,0.517969781,0.387612048,0.346062796,0.253016198,0.281588892,0.235740289,0.482098071,0.426396717,0.434569204,0.207990454,0.241553657,0.078423543,0.037466352,0.023972245,0.185354391,0.358453284,0.468438691,0.038406762,0.093293416,0.03601593,0.084740316,0.027258985,0.086032018,0.04012499,0.160688916,0.152056298,0.597207785,0.550616302,0.021135802,0.398641106,0.662781658,0.375471152,0.048932868,0.394835629,0.600468857,0.526758752,0.426417883,0.382927319,0.56815057,0.031718719,0.1502389,0.393179603,0.12748104,0.277037796,0.299165358,0.138129766,0.437118292,0.254711958,0.062136732,0.238644502,0.318206192,1,0.565732429,0.146408561,0.1662851,0.01999224,0.001023928,0.00775916,0.002127464,0.003011663,0.007146541,0.083361544,0.003526547,0.006537866,0.007120074,0.016236213,0.001250646,0.016804887,0.01715631,0.003189891,0.004187231,0.011845717,0.001443763,0.00243238,0.010078531,0.007851186,0.003623327,0.006919704,0.005361722,0.006489191,0.023115708,0.009438902,0.011475151,0.0015774,0.258180322,0.003366135,0.008682554,0.00241083,0.004055235,0.004918848,0.002223659,0.013740963,0.002869783,0.002523554,0.014292431,0.001426344,0.000224863,0.015947536,0.000607015,0.000367323,0.007900739,0.000251814,0.001397885,0.000484511,0.000483737,0.000348558,0.001194625,0.000117988,0.001146688,0.002579749,0.000322249,0.02044953,0.003284737,0.101136388,0.012727836,0.210775489,0.001514982,0.001158838,0.007860528,0.000191981,0.000221055,0.000485464,0.001028001,0.00070564,0.013913782,0.005118862,0.004171276,0.016351625,0.001185297,0.00878864,0.001514047,0.000529371,0.000857352
Ruminococcus_torques_L2_14,0.027272999,0.003142136,0.344828937,0.148560197,0.260616334,0.053709095,0.312183938,0.093354728,0.238291263,0.047538554,0.16869733,0.161098748,0.07959048,0.190674066,0.092424222,0.156513157,0.282030729,0.173830407,0.168593224,0.306294933,0.265869403,0.40951601,0.260426347,0.271593995,0.291614959,0.328171419,0.40243158,0.44416556,0.365285807,0.433849134,0.129755205,0.162731448,0.048924663,0.023373449,0.014955127,0.269085782,0.299790949,0.633418093,0.023960125,0.074063288,0.0224686,0.068364414,0.017005565,0.053671224,0.025032045,0.202369633,0.094860585,0.579011835,0.462481002,0.013185607,0.357541176,0.676052812,0.54812601,0.030526855,0.423221842,0.598745481,0.398580956,0.363720602,0.359215872,0.589015635,0.019787778,0.095195751,0.294439024,0.079529268,0.44001836,0.479545606,0.086172494,0.508412727,0.331860679,0.038764108,0.338248614,0.206203368,0.565732429,1,0.0927759,0.104674943,0.012472194,0.00063878,0.004840565,0.001327222,0.001878831,0.004458382,0.055683158,0.002200042,0.004078659,0.00444187,0.01012899,0.000780218,0.010483758,0.010702994,0.001990019,0.002612212,0.007389971,0.000900694,0.001517445,0.006287509,0.004897976,0.002260419,0.00431687,0.00334492,0.004048293,0.014420774,0.005888475,0.007158793,0.000984063,0.222783687,0.002099969,0.005416627,0.001504001,0.002529866,0.003068632,0.001387234,0.008572323,0.001790319,0.001574323,0.008916358,0.000889827,0.000140281,0.023286596,0.000378687,0.000229155,0.004928889,0.000157094,0.000872073,0.000302263,0.00030178,0.000217449,0.000745269,7.36E-05,0.000715363,0.001609381,0.000201035,0.01631327,0.002049189,0.06780155,0.007940282,0.206174838,0.000945124,0.000722943,0.004903804,0.000119768,0.000137906,0.000302857,0.00064132,0.000440215,0.008680137,0.003193411,0.002602258,0.01020099,0.00073945,0.005482808,0.000944541,0.000330249,0.00053486
Streptococcus_thermophilus_LMD_9,0.133655672,0.033868021,0.254675871,0.050993583,0.062452766,0.253988073,0.036145841,0.153520946,0.060071185,0.158915646,0.333310901,0.285771344,0.308652101,0.202132506,0.082534487,0.1041324,0.132525534,0.061924672,0.076671351,0.172770625,0.191835931,0.214669293,0.199268674,0.246717287,0.093442203,0.079829475,0.037422549,0.185108858,0.181292528,0.125892007,0.113056535,0.20153597,0.106345859,0.220681525,0.155992453,0.042989172,0.108310923,0.091135185,0.195473155,0.132685831,0.171795479,0.196645897,0.166626241,0.345905467,0.246319048,0.069712979,0.326428136,0.105033193,0.163871015,0.137048811,0.208141416,0.123745137,0.062383951,0.264598621,0.120724607,0.123203314,0.200395489,0.189421173,0.190360554,0.128383711,0.139269609,0.305711564,0.161231968,0.287053758,0.070171579,0.044490275,0.305897993,0.151000026,0.057509625,0.316462608,0.054644321,0.247765195,0.146408561,0.0927759,1,0.385175577,0.113416354,0.006885189,0.052174814,0.014305678,0.020251288,0.048055391,0.156096959,0.023713511,0.042303177,0.044531004,0.093456958,0.008409704,0.10933309,0.111971884,0.021449741,0.025905051,0.076644831,0.009708279,0.016356022,0.067016785,0.052523925,0.024364288,0.046530075,0.03544439,0.043635178,0.072442243,0.059125711,0.070562396,0.010606886,0.122544482,0.022634854,0.058383983,0.016211115,0.027268564,0.033075741,0.014952524,0.087633467,0.019297242,0.016969097,0.095592349,0.009591144,0.001512043,0.105520584,0.00408174,0.002469988,0.05312683,0.001693266,0.009399781,0.00325799,0.003252786,0.002343804,0.008033001,0.000793387,0.007710655,0.01734697,0.002166893,0.146933777,0.022087513,0.231228096,0.025544068,0.123819661,0.010187176,0.007792356,0.051975372,0.001290937,0.001486437,0.003264396,0.006912574,0.004744925,0.093560254,0.034420694,0.028048853,0.109953011,0.007970278,0.05909733,0.010180884,0.003559643,0.005765079
Subdoligranulum_variabile_DSM_15176,0.127297089,0.030018035,0.298501261,0.113707933,0.077207334,0.412310077,0.068757054,0.305081805,0.120129414,0.199783544,0.546831055,0.615232192,0.416322288,0.241740659,0.114574008,0.2200639,0.256593764,0.09396834,0.137015029,0.261203752,0.364054826,0.24002829,0.396569093,0.356751208,0.124164339,0.1747378,0.050885044,0.201519387,0.271188944,0.125020554,0.139965741,0.327130315,0.126753412,0.223295545,0.142872078,0.04426473,0.086843643,0.102823797,0.228900294,0.197053079,0.214651182,0.311176611,0.162460708,0.512741847,0.239140753,0.106315838,0.609804801,0.133163083,0.206015644,0.125967175,0.212612175,0.145663838,0.070385052,0.291634786,0.105491929,0.139004848,0.226097364,0.215486988,0.209099581,0.14484966,0.189040255,0.548306044,0.260853307,0.407500617,0.068595922,0.050196409,0.666458624,0.170366648,0.058673354,0.370328433,0.070778693,0.505054205,0.1662851,0.104674943,0.385175577,1,0.119151664,0.006102507,0.046243783,0.012679464,0.0179492,0.04259264,0.139909558,0.021017851,0.038965001,0.042434896,0.096766136,0.007453721,0.100155374,0.102249816,0.019011417,0.024955462,0.070599238,0.008604679,0.014496733,0.060066993,0.046792252,0.02159465,0.041240716,0.031955306,0.0386749,0.114457704,0.05625487,0.068390702,0.009401136,0.106179933,0.020061811,0.051747117,0.014368298,0.024168779,0.029315819,0.013252778,0.081894703,0.017103606,0.015040116,0.085181394,0.00850086,0.001340159,0.091040105,0.003617743,0.002189209,0.047087577,0.001500782,0.00833125,0.002887634,0.002883022,0.00207737,0.007119841,0.000703198,0.006834138,0.015375034,0.001920569,0.126986847,0.01957669,0.338822398,0.075856571,0.111136202,0.009029137,0.006906551,0.046847928,0.001144189,0.001317465,0.002893312,0.006126779,0.00420554,0.082924686,0.030507882,0.024860368,0.097453978,0.007064248,0.052379374,0.009023561,0.003154997,0.005109727
Clostridium_symbiosum_WAL_14163,0.069653777,0.152137137,0.035566922,0.022045968,0.010058004,0.232217534,0.009537081,0.084785696,0.021566828,0.069260797,0.073932371,0.077419557,0.106137033,0.052614251,0.043132426,0.053829426,0.035392426,0.015455152,0.042743402,0.029596181,0.046276645,0.028858755,0.047251867,0.0459222,0.019775437,0.024073076,0.006063038,0.025256516,0.034143658,0.010928128,0.051992071,0.059390005,0.147957893,0.371205083,0.485397713,0.005779187,0.01146503,0.012251626,0.520539585,0.03810598,0.555094377,0.077754863,0.44881327,0.232381392,0.400124108,0.015279219,0.131479198,0.015866603,0.02547384,0.479360173,0.029242341,0.017356089,0.008386496,0.303076134,0.011713578,0.016562659,0.026939877,0.025675633,0.027720234,0.017259078,0.59647847,0.131016285,0.028873258,0.106146454,0.007281671,0.005980986,0.144735206,0.02029947,0.007773072,0.27362146,0.010656011,0.060484917,0.01999224,0.012472194,0.113416354,0.119151664,1,0.051216296,0.321354668,0.10641449,0.150641621,0.357465761,0.095655804,0.17639578,0.307791447,0.299050584,0.247382281,0.062556585,0.62622353,0.560041464,0.124511444,0.207254098,0.539930288,0.05778368,0.06576908,0.414614577,0.392711692,0.181236662,0.346119512,0.235628977,0.268397056,0.244274661,0.383006626,0.417694722,0.058502294,0.019974254,0.168372063,0.06599107,0.065490988,0.13140076,0.199810254,0.06984476,0.551435805,0.143544839,0.126226655,0.218876377,0.071344872,0.01124751,0.035354017,0.030362506,0.018373297,0.173081387,0.012595562,0.069921389,0.024234944,0.024196237,0.017434667,0.059754436,0.005901705,0.05735663,0.129037506,0.016118693,0.142080773,0.164300599,0.06840426,0.081550264,0.015560559,0.075778521,0.057964366,0.379766698,0.009602792,0.01105704,0.0242826,0.051420006,0.035295689,0.297934457,0.224152306,0.168867961,0.393059444,0.059287865,0.297014982,0.075731721,0.026478831,0.042884229
Actinobacillus_pleuropneumoniae_sv_7_AP76,0.020265071,0.15924404,0.001821606,0.00113243,0.000570547,0.011893322,0.000500534,0.005478918,0.001625047,0.004961088,0.003786542,0.003965143,0.008025829,0.002838489,0.003053128,0.004081315,0.001812669,0.000791556,0.00355103,0.001717949,0.002370118,0.001478039,0.002420066,0.002351965,0.001135734,0.001235322,0.000310526,0.001293545,0.001748712,0.000909829,0.004922959,0.00392536,0.013056392,0.027329282,0.042713083,0.000295989,0.000924636,0.000627483,0.026660109,0.004080907,0.028429878,0.004305924,0.037562971,0.011901714,0.025518473,0.000782545,0.006733878,0.000812629,0.001304676,0.048445215,0.001497684,0.000888915,0.000429525,0.020925168,0.000893849,0.000848278,0.001379761,0.001315011,0.001419728,0.000883946,0.032281521,0.006710169,0.001992617,0.008032006,0.000492238,0.000306324,0.007412801,0.001039664,0.000398108,0.016478634,0.000545761,0.003097813,0.001023928,0.00063878,0.006885189,0.006102507,0.051216296,1,0.131963834,0.241506754,0.203896333,0.122368206,0.011471684,0.182074809,0.12465363,0.123287576,0.063064489,0.307277016,0.060930399,0.059682326,0.288250707,0.142885848,0.086438708,0.276446233,0.235545508,0.101595011,0.11210651,0.198309031,0.147972865,0.094909859,0.156871236,0.037635524,0.072969012,0.077700772,0.25971908,0.001679364,0.158844804,0.101745005,0.297663735,0.196356106,0.127538427,0.212828992,0.074516503,0.200433129,0.384440481,0.071307428,0.704469459,0.195442147,0.018561738,0.407874439,0.334796114,0.062895209,0.195692534,0.568238259,0.317038221,0.224593399,0.262588,0.167503482,0.115230996,0.286393641,0.316521859,0.268272139,0.039157052,0.24566037,0.008843625,0.021749932,0.001395064,0.675050957,0.283026374,0.130262045,0.165746095,0.207629716,0.325529493,0.293631376,0.372453651,0.073590955,0.200030497,0.245471299,0.062619372,0.521065368,0.116505914,0.516897366,0.376889282,0.354000688
Actinomyces_odontolyticus_ATCC_17982,0.092586558,0.365574796,0.013803828,0.008731824,0.004323509,0.090125617,0.003792961,0.04555512,0.01231434,0.037594304,0.028693788,0.030047194,0.060818397,0.021509594,0.023136094,0.03092753,0.013736104,0.005998277,0.026909113,0.01301833,0.017960363,0.01120033,0.018338855,0.0178228,0.008606405,0.009361068,0.002353117,0.009802271,0.013251447,0.006393853,0.029965061,0.027909678,0.082716592,0.207096756,0.319472315,0.002242952,0.007006736,0.004754961,0.202025879,0.027387584,0.21543689,0.03262958,0.284645953,0.090189212,0.193374749,0.005929996,0.051028205,0.006157965,0.009886616,0.325860826,0.011349204,0.006736047,0.003254871,0.158567445,0.006773441,0.00642811,0.010455597,0.009964934,0.010758461,0.006698396,0.225958889,0.050848544,0.015099724,0.060865207,0.0037301,0.002321272,0.056172975,0.007878398,0.003016796,0.124872353,0.004135689,0.023474715,0.00775916,0.004840565,0.052174814,0.046243783,0.321354668,0.131963834,1,0.256437903,0.359691528,0.53868056,0.058419036,0.387620612,0.431079466,0.400059699,0.247330895,0.161183205,0.410804531,0.382172846,0.274369623,0.233528252,0.521936254,0.186072125,0.291267894,0.596479543,0.573493614,0.412244811,0.557923829,0.39796484,0.492930753,0.20359341,0.419636065,0.434779136,0.203295143,0.01359536,0.433827212,0.195452726,0.290947408,0.3907739,0.361951185,0.286585084,0.458825226,0.341176478,0.325235415,0.343134275,0.183827093,0.028980317,0.065753376,0.078231989,0.047340611,0.310179141,0.032453707,0.158043345,0.06244372,0.06234399,0.044922139,0.153963193,0.015206324,0.137689106,0.33247785,0.041531401,0.184008812,0.410903282,0.052275758,0.053320007,0.011523757,0.195250826,0.149350902,0.577963002,0.02474254,0.028489554,0.062566512,0.132488713,0.09094282,0.421683344,0.475049795,0.31524288,0.379677312,0.152761027,0.453527825,0.195130241,0.068225317,0.110495443
Anaerococcus_hydrogenalis_DSM_7454,0.027076422,0.264774912,0.003784836,0.002961859,0.001185452,0.02471131,0.001039982,0.014216978,0.003376437,0.010307885,0.007867476,0.008238563,0.016675639,0.00589766,0.006343626,0.00847994,0.003766267,0.001644652,0.00737814,0.003569462,0.004924506,0.00307099,0.005028283,0.004886787,0.002359768,0.002566687,0.000645195,0.002687659,0.00363338,0.001714003,0.009455649,0.008155904,0.027127875,0.056783325,0.088746967,0.000614989,0.001921159,0.001303751,0.055392955,0.008479091,0.059070085,0.00894662,0.07804634,0.024728747,0.053020923,0.00162593,0.013991292,0.001688436,0.002710786,0.100656886,0.003111809,0.001846939,0.000892445,0.043477199,0.001857192,0.001762507,0.002866793,0.002732259,0.002949835,0.001836616,0.067072823,0.013942031,0.004140154,0.016688474,0.001022747,0.000636464,0.015401923,0.002160158,0.000827167,0.034238428,0.001133954,0.006436472,0.002127464,0.001327222,0.014305678,0.012679464,0.10641449,0.241506754,0.256437903,1,0.706408291,0.29769142,0.022239246,0.488297126,0.290812719,0.279651114,0.116385325,0.533238781,0.126597935,0.124004757,0.30406823,0.31552278,0.17959774,0.170584779,0.165540981,0.2110887,0.270973573,0.445286724,0.307450133,0.375487342,0.28786629,0.092002814,0.225393173,0.185397476,0.184553196,0.005211131,0.506889873,0.061094602,0.099540419,0.160445157,0.195593815,0.155836929,0.154826418,0.726756846,0.69774971,0.120727366,0.320212782,0.105695283,0.013216076,0.239547839,0.172657851,0.148915992,0.115283719,0.259799065,0.227741011,0.227377282,0.163837343,0.357336386,0.055459598,0.417709486,0.589461193,0.151470848,0.071406578,0.617512511,0.012841036,0.042820201,0.003904378,0.311208313,0.431779994,0.270651534,0.090239515,0.103905401,0.22818885,0.176038207,0.331681226,0.146574247,0.400122613,0.336576953,0.130107194,0.361619093,0.219169013,0.481118009,0.248827306,0.390990967
Anaerofustis_stercorihominis_DSM_17244,0.035549881,0.306812098,0.005357859,0.004089445,0.00167814,0.034981626,0.001472211,0.020125724,0.004779724,0.014591965,0.011137292,0.011662608,0.023606234,0.008348798,0.008980113,0.012004304,0.005331572,0.002328189,0.010444583,0.005052974,0.006971189,0.00434733,0.007118098,0.006917795,0.003340516,0.003633433,0.000913346,0.003804683,0.005143456,0.002419995,0.013568986,0.011327394,0.038402543,0.080383152,0.125631264,0.000870586,0.002719616,0.001845605,0.078414927,0.012003102,0.083620317,0.012664942,0.110483329,0.03500631,0.075057051,0.002301686,0.01980624,0.002390171,0.003837421,0.142491088,0.004405114,0.002614549,0.001263355,0.061546841,0.002629064,0.002495026,0.004058267,0.003867819,0.004175821,0.002599935,0.094949088,0.019736506,0.005860852,0.023624403,0.001447812,0.000900985,0.021803146,0.003057945,0.001170948,0.048468328,0.001605239,0.009111546,0.003011663,0.001878831,0.020251288,0.0179492,0.150641621,0.203896333,0.359691528,0.706408291,1,0.421415523,0.031421325,0.56181879,0.379937948,0.377530761,0.155030379,0.408057317,0.179213546,0.175542612,0.328406981,0.328388796,0.254240702,0.174342552,0.169408611,0.298819681,0.38359342,0.559835014,0.435230074,0.486904482,0.376622779,0.125480687,0.317676802,0.262450877,0.185554536,0.006949402,0.571543569,0.070462632,0.113307646,0.22554898,0.261394064,0.183212827,0.219174123,0.83427099,0.66107051,0.157538966,0.264251671,0.074664024,0.019837833,0.188954029,0.121966937,0.175732111,0.083612763,0.225061374,0.160878138,0.160621197,0.115736058,0.314614913,0.03917712,0.322212989,0.566743624,0.107000263,0.093080808,0.777795857,0.018212615,0.051732502,0.005485707,0.28557707,0.360265246,0.38143941,0.063745941,0.073399636,0.161194495,0.177652703,0.234302368,0.196363785,0.519588552,0.413420975,0.184181295,0.287569881,0.294266359,0.380256204,0.175773672,0.284677164
Anaerostipes_caccae_DSM_14662,0.049671617,0.284058105,0.012713957,0.007991369,0.00398215,0.083009818,0.00349349,0.047268875,0.01134207,0.034626074,0.026428291,0.027674841,0.056016526,0.019811321,0.021309402,0.02848567,0.012651581,0.005524688,0.024784525,0.011990478,0.016542316,0.010316017,0.016890925,0.016415614,0.007926893,0.008621972,0.002167328,0.00902834,0.012205189,0.005661806,0.031299874,0.026427787,0.09051528,0.190745589,0.298117315,0.002065861,0.006428163,0.004379537,0.186075079,0.024135945,0.198427234,0.030053336,0.262171949,0.083068391,0.178106993,0.005461798,0.046999312,0.005671767,0.009106026,0.31342506,0.010453136,0.006204207,0.002997885,0.146047873,0.006238649,0.005920583,0.009630084,0.00917816,0.009909035,0.006169529,0.225309896,0.046833836,0.013907536,0.056059641,0.003435593,0.002137998,0.051737881,0.007256365,0.002778607,0.115013152,0.003809159,0.021621287,0.007146541,0.004458382,0.048055391,0.04259264,0.357465761,0.122368206,0.53868056,0.29769142,0.421415523,1,0.069630138,0.447602363,0.629671001,0.555394691,0.303898735,0.175000214,0.425265649,0.416554689,0.268798223,0.335324525,0.602855163,0.111889077,0.126715129,0.618441952,0.881316198,0.459600501,0.88663962,0.450501137,0.495700784,0.250861609,0.593382056,0.549815813,0.112980774,0.01309407,0.441656864,0.075487685,0.103084199,0.253495579,0.285300254,0.139042436,0.479108913,0.401562484,0.335495511,0.264048626,0.15258813,0.031464579,0.026827414,0.084938222,0.051398761,0.227317847,0.035235716,0.161704298,0.067796545,0.067688266,0.048772971,0.167161286,0.016509846,0.160453493,0.360978644,0.045091572,0.134394939,0.459626114,0.040395153,0.089752688,0.010999927,0.164828232,0.162153617,0.752059875,0.026863529,0.030931746,0.067929863,0.10003045,0.098738655,0.355789125,0.528415872,0.34720308,0.406781937,0.159267338,0.464608961,0.201782536,0.074073754,0.119967376
Bifidobacterium_angulatum_DSM_20098,0.085548605,0.038712638,0.106174959,0.093541501,0.049735231,0.110214551,0.039511584,0.375986019,0.05418623,0.066127045,0.19285902,0.180291055,0.142767898,0.089782904,0.036999667,0.063069455,0.073632098,0.019153058,0.038322769,0.115741483,0.119450712,0.128494977,0.137585048,0.123233303,0.098235734,0.09080166,0.027068942,0.112759842,0.087501186,0.079227693,0.055337302,0.170985348,0.082491136,0.141344935,0.125168037,0.025801666,0.029065079,0.052998141,0.1199507,0.077759022,0.106946561,0.054432812,0.139225665,0.133822579,0.126684816,0.019790259,0.119605109,0.063160962,0.113730101,0.102397554,0.130554893,0.077487718,0.037442217,0.154332517,0.077891011,0.073945384,0.099309804,0.089635748,0.071097123,0.077054606,0.107329441,0.103662078,0.110067718,0.274110939,0.042908986,0.026702614,0.115952925,0.058415954,0.034703534,0.153896061,0.047574659,0.107079108,0.083361544,0.055683158,0.156096959,0.139909558,0.095655804,0.011471684,0.058419036,0.022239246,0.031421325,0.069630138,1,0.039277819,0.073247629,0.074767326,0.1116027,0.014011738,0.10824196,0.119717026,0.035738258,0.031426935,0.090493507,0.01070155,0.012961301,0.082374957,0.074156705,0.038332888,0.070468044,0.039959604,0.053880967,0.064938153,0.092255595,0.099409989,0.010923468,0.140821489,0.034069923,0.018272698,0.012888095,0.028460763,0.03937092,0.013738091,0.096387074,0.030306149,0.028046537,0.109532342,0.015980183,0.002519274,0.012307146,0.006800747,0.004115343,0.028558994,0.002821217,0.015661344,0.005428265,0.005419595,0.003905104,0.013384099,0.001321894,0.012847026,0.028902469,0.003610346,0.065116143,0.035218612,0.072785508,0.05814287,0.014091864,0.016973254,0.01298315,0.071725152,0.002150882,0.002476611,0.005438939,0.00938298,0.007905706,0.098912428,0.054414687,0.04641497,0.117994334,0.013279594,0.082852909,0.016962772,0.005930862,0.009605425
Bifidobacterium_animalis_lactis_AD011,0.043704088,0.301525114,0.006273855,0.004282593,0.00196504,0.040962193,0.001723905,0.02356648,0.005596881,0.017086653,0.013041358,0.013656483,0.027642029,0.009776134,0.01051538,0.014056597,0.006243075,0.002726224,0.012141556,0.005916846,0.008163005,0.005090563,0.00833503,0.008100482,0.003911621,0.004254616,0.001069494,0.004455143,0.006022797,0.00306173,0.01695533,0.013354625,0.044967961,0.094125705,0.147109575,0.001019424,0.003184569,0.002161135,0.091820986,0.014055189,0.097916305,0.01483018,0.129371901,0.040991097,0.087889038,0.00269519,0.023192376,0.002798802,0.004493478,0.166816053,0.005158226,0.003061541,0.001479343,0.07206908,0.003078537,0.002921583,0.004752081,0.004529073,0.004889732,0.003044429,0.111181878,0.02311072,0.006862841,0.027663304,0.001695335,0.001055021,0.025530679,0.003580741,0.001371137,0.056754623,0.001879675,0.010669284,0.003526547,0.002200042,0.023713511,0.021017851,0.17639578,0.182074809,0.387620612,0.488297126,0.56181879,0.447602363,0.039277819,1,0.525074317,0.473474462,0.21048661,0.35463765,0.20985245,0.205553921,0.299299316,0.291050634,0.297706481,0.151751099,0.145320658,0.341999877,0.404810703,0.500837437,0.446559568,0.393726751,0.382680337,0.139790077,0.373618333,0.307320293,0.162027192,0.008533125,0.522355543,0.066677653,0.101129669,0.314098341,0.300138379,0.174661215,0.256644811,0.561634463,0.497126023,0.168292471,0.235800536,0.063762918,0.016298181,0.167330356,0.104159505,0.18650605,0.071405122,0.218865679,0.137389588,0.137170161,0.098838347,0.338752074,0.033457177,0.296987781,0.483206258,0.091377997,0.099127801,0.589699027,0.021683472,0.081375258,0.006542259,0.247112209,0.290653245,0.388820908,0.054438898,0.062683134,0.137659757,0.147485032,0.200093725,0.192925851,0.437235063,0.359186627,0.208357273,0.254132151,0.274124864,0.334779769,0.150110343,0.243113693
Bifidobacterium_bifidum_NCIMB_41171,0.066346116,0.3199977,0.011631102,0.006551113,0.003642988,0.075939824,0.003195948,0.040844688,0.010085028,0.031676952,0.024177379,0.025317759,0.051245567,0.018123979,0.018470711,0.02605953,0.011574038,0.005054147,0.021144701,0.010969242,0.015133398,0.009437396,0.015452315,0.015017487,0.007251755,0.007887634,0.001982736,0.008259391,0.011165666,0.005783938,0.031433492,0.025063743,0.083366118,0.174499678,0.272726493,0.001889911,0.005890373,0.004006529,0.170226958,0.024524221,0.181527073,0.027493676,0.239842614,0.075993409,0.162937518,0.004996613,0.042996354,0.0051887,0.00833046,0.281396688,0.009562836,0.005675792,0.002742554,0.133608893,0.0057073,0.005416324,0.008809884,0.008396451,0.009065076,0.005644067,0.206120123,0.042844972,0.012723024,0.051285009,0.003142981,0.001955903,0.047331336,0.006638337,0.002541952,0.105217416,0.003484731,0.01977979,0.006537866,0.004078659,0.042303177,0.038965001,0.307791447,0.12465363,0.431079466,0.290812719,0.379937948,0.629671001,0.073247629,0.525074317,1,0.632610571,0.36762296,0.191292725,0.386597698,0.381076488,0.28008102,0.324461862,0.497270548,0.128695392,0.143092122,0.492337719,0.604306066,0.442568692,0.633093868,0.386234138,0.440770664,0.208319559,0.55933228,0.472233047,0.129623354,0.012536037,0.404149993,0.078206653,0.109904006,0.276549755,0.299246534,0.157084194,0.439408535,0.389633125,0.343711758,0.222312008,0.157262515,0.034393929,0.022884305,0.092845966,0.056183983,0.191292588,0.03851616,0.156579792,0.0741084,0.07399004,0.053313732,0.182723993,0.018046912,0.171143061,0.37585995,0.049289595,0.145009245,0.443863112,0.042359992,0.134957792,0.009985566,0.170493215,0.177250111,0.558497477,0.029364522,0.03381149,0.074254129,0.11642257,0.107931219,0.306341753,0.422660615,0.335214496,0.309941859,0.164678537,0.376359728,0.210382252,0.080970017,0.127185726
Bifidobacterium_breve_DSM_20213,0.068303663,0.275868804,0.01266687,0.008092307,0.003967402,0.082702386,0.003480552,0.047070732,0.010130776,0.034497835,0.026330413,0.027572346,0.055809066,0.019737948,0.020917435,0.028380172,0.012604725,0.005504227,0.024664967,0.011946071,0.016481051,0.010277811,0.016828368,0.016354818,0.007897535,0.00859004,0.002159302,0.008994903,0.012159986,0.006228927,0.033842246,0.02729571,0.090790004,0.190039153,0.297013222,0.00205821,0.006429624,0.004363317,0.185385941,0.028377331,0.197692349,0.029942032,0.261200981,0.082760743,0.177447364,0.00544157,0.046825247,0.005650762,0.009072301,0.326370214,0.010414422,0.00618123,0.002986782,0.145506978,0.006215544,0.005898656,0.009594418,0.009144168,0.009872336,0.00614668,0.213762669,0.046660385,0.013856029,0.055852021,0.003422869,0.002130079,0.051546267,0.007229491,0.002768316,0.114587195,0.003795052,0.021541212,0.007120074,0.00444187,0.044531004,0.042434896,0.299050584,0.123287576,0.400059699,0.279651114,0.377530761,0.555394691,0.074767326,0.473474462,0.632610571,1,0.329595233,0.175512856,0.398948057,0.403461873,0.273207814,0.287800154,0.509441989,0.124688402,0.138527957,0.524413605,0.536779455,0.455216297,0.54339551,0.384181162,0.516013115,0.229638418,0.533300204,0.478223175,0.125609507,0.012382298,0.326275837,0.082108388,0.114762461,0.273287995,0.271404554,0.151425257,0.452093827,0.363004039,0.323054865,0.245114489,0.153608278,0.031581543,0.029356231,0.085253964,0.051589826,0.165549504,0.035366699,0.150560289,0.067276824,0.067939885,0.048954276,0.167782677,0.016571219,0.153681743,0.301821298,0.045259191,0.162703943,0.400348985,0.051838531,0.158752624,0.009762153,0.165897451,0.158655694,0.554196892,0.02696339,0.031046729,0.06818238,0.113164465,0.099105698,0.293342448,0.381117807,0.332003523,0.374745866,0.160350776,0.363129169,0.201485838,0.07434911,0.115671599
Bifidobacterium_dentium_ATCC_27678,0.129768244,0.185349749,0.028884813,0.008270618,0.00813485,0.144609371,0.007936854,0.044197531,0.016365741,0.048809368,0.054337237,0.062874416,0.100770055,0.0450093,0.025700054,0.036692052,0.028743101,0.012551527,0.025800427,0.027241143,0.037582456,0.023436938,0.038374459,0.037294601,0.011591817,0.019588241,0.004923949,0.015662848,0.027728944,0.014414784,0.075193964,0.055546445,0.18496146,0.251551552,0.29730132,0.004693427,0.01466175,0.009949861,0.218864826,0.044907272,0.201205566,0.064430387,0.31026901,0.171006952,0.226555612,0.011675798,0.09848905,0.012885677,0.020687962,0.268183957,0.023748459,0.014095327,0.006810889,0.195361465,0.014173575,0.013450962,0.021878568,0.020851843,0.022512316,0.014016542,0.208193773,0.1064017,0.031596505,0.089430126,0.007805317,0.004857313,0.117543189,0.016485722,0.006312712,0.191250995,0.008179277,0.049121359,0.016236213,0.01012899,0.093456958,0.096766136,0.247382281,0.063064489,0.247330895,0.116385325,0.155030379,0.303898735,0.1116027,0.21048661,0.36762296,0.329595233,1,0.077028199,0.316714061,0.340087832,0.192076045,0.143477942,0.332594638,0.060751352,0.070251733,0.363951734,0.311954687,0.190584313,0.309477686,0.178730584,0.284451577,0.151779794,0.392978842,0.372401308,0.061604141,0.030275979,0.172119415,0.078311811,0.069920027,0.146380782,0.135733395,0.075253358,0.307452057,0.156956832,0.148825058,0.278675465,0.087849537,0.013849468,0.024171913,0.037386459,0.022623709,0.111699596,0.015509374,0.080201782,0.029841368,0.029793708,0.02146794,0.073577812,0.007266984,0.070013833,0.155204678,0.019847533,0.199053019,0.180545348,0.126670522,0.137363538,0.024838675,0.09330885,0.071373634,0.321891048,0.011824267,0.013614936,0.029900049,0.054448653,0.043460866,0.305402069,0.258053517,0.227472755,0.321543529,0.07112333,0.336843635,0.093251223,0.032604348,0.052548775
Bifidobacterium_gallicum_DSM_20093,0.020947742,0.164009801,0.002224945,0.001804255,0.000696877,0.014526736,0.000611362,0.008357561,0.001984865,0.00605957,0.004624957,0.004843103,0.009802904,0.003466985,0.00372915,0.004984998,0.002214029,0.000966821,0.004337297,0.002098336,0.002894909,0.001805305,0.002955915,0.002872736,0.001387208,0.001508847,0.000379283,0.001579961,0.002135911,0.001111283,0.006012998,0.004794512,0.015947332,0.033380519,0.052170594,0.000361526,0.001129368,0.00076642,0.032563179,0.004984499,0.034724808,0.00525934,0.045880147,0.014536986,0.031168762,0.000955816,0.00822489,0.00099256,0.001593556,0.059171933,0.001829301,0.001085738,0.000524631,0.025558409,0.001091765,0.001036103,0.001685267,0.00160618,0.001734083,0.001079669,0.03942928,0.008195931,0.002433822,0.009810449,0.000601229,0.00037415,0.00905414,0.001269865,0.000486257,0.020127326,0.000666604,0.00378373,0.001250646,0.000780218,0.008409704,0.007453721,0.062556585,0.307277016,0.161183205,0.533238781,0.408057317,0.175000214,0.014011738,0.35463765,0.191292725,0.175512856,0.077028199,1,0.07442158,0.07289716,0.208112161,0.197862282,0.105577927,0.180193113,0.11911895,0.124090132,0.15929392,0.325718638,0.180736949,0.216426766,0.192727615,0.054103741,0.132499128,0.108987346,0.208417817,0.003113831,0.357748274,0.053331627,0.108670802,0.157221002,0.160182817,0.169391508,0.091015913,0.435798216,0.439281251,0.083744878,0.336912893,0.172753103,0.010774323,0.396625827,0.268119131,0.109335226,0.194879237,0.313096211,0.380117994,0.27821361,0.278702353,0.431092554,0.094341864,0.472124816,0.413134394,0.257665809,0.040836069,0.380744715,0.007680734,0.031798091,0.002329445,0.318525202,0.460734324,0.159104607,0.153353016,0.176752619,0.385671817,0.210721121,0.46954392,0.085011318,0.244321158,0.249459658,0.076484525,0.429448581,0.123034975,0.545734395,0.355229308,0.540265124
Blautia_hydrogenotrophica_DSM_10507,0.09662031,0.215871576,0.029896506,0.016218388,0.009363911,0.19519521,0.008018556,0.099802159,0.025391563,0.081422223,0.062145371,0.065076596,0.130213907,0.046585753,0.046519316,0.064756943,0.029749829,0.012991145,0.051381018,0.028195266,0.038898783,0.024257818,0.039718526,0.038600847,0.018639862,0.02027432,0.005096411,0.021229883,0.028700152,0.012616864,0.059671787,0.05715748,0.16716934,0.448532792,0.656038591,0.004857814,0.013527493,0.010298356,0.437550222,0.048919297,0.466595961,0.07066956,0.612486981,0.195332944,0.418813494,0.012843261,0.110517536,0.013336998,0.021412558,0.564691823,0.02458025,0.014589016,0.007049441,0.343427394,0.013811792,0.013922083,0.022644866,0.02158218,0.023300811,0.014507472,0.473758028,0.110128425,0.032703174,0.130240689,0.008078698,0.00502744,0.121660145,0.017063135,0.006533815,0.270450134,0.008957129,0.050841838,0.016804887,0.010483758,0.10933309,0.100155374,0.62622353,0.060930399,0.410804531,0.126597935,0.179213546,0.425265649,0.10824196,0.20985245,0.386597698,0.398948057,0.316714061,0.07442158,1,0.80527504,0.16437015,0.239470518,0.697769043,0.085913302,0.096460685,0.55728875,0.467196611,0.215611494,0.411767377,0.291009641,0.351155793,0.322243089,0.509253174,0.548629781,0.088894938,0.024346288,0.200306889,0.098087695,0.096152931,0.174642843,0.258135323,0.101850587,0.770408157,0.17077073,0.150167837,0.288535855,0.084876725,0.013380805,0.045654655,0.036121308,0.021858127,0.21336773,0.01498454,0.083183254,0.028831542,0.028785494,0.020741469,0.071087953,0.007021071,0.068235359,0.153511817,0.019175896,0.191150394,0.195463198,0.088059241,0.12048496,0.017739406,0.090151296,0.068958363,0.467752512,0.011424136,0.013154209,0.028888237,0.061172746,0.041990158,0.40120248,0.284347881,0.217458265,0.500390198,0.070532888,0.3660129,0.09009562,0.031501023,0.051018004
Butyrivibrio_fibrisolvens_16_4,0.098155489,0.196919396,0.030521699,0.016745571,0.009559728,0.199277117,0.008093409,0.10392788,0.026028562,0.083124918,0.06344495,0.066437473,0.134475803,0.047559951,0.045658044,0.06532136,0.030371956,0.013262814,0.054053086,0.028784883,0.039712231,0.024765096,0.040549117,0.039408065,0.019029657,0.020507653,0.005202986,0.02167384,0.029300327,0.013434133,0.069407423,0.061840134,0.180792785,0.457912476,0.712714422,0.0049594,0.014568269,0.010513714,0.44670024,0.053641093,0.442071527,0.072147397,0.585090576,0.199417732,0.427571691,0.013111838,0.112828671,0.013615901,0.021860336,0.547087941,0.02509427,0.014894101,0.007196859,0.350609121,0.014807773,0.01421322,0.023118414,0.022033505,0.023788076,0.014810851,0.442451745,0.112431422,0.03338706,0.134579306,0.008247639,0.005132574,0.124204293,0.017419958,0.00667045,0.276105767,0.00914444,0.051905038,0.01715631,0.010702994,0.111971884,0.102249816,0.560041464,0.059682326,0.382172846,0.124004757,0.175542612,0.416554689,0.119717026,0.205553921,0.381076488,0.403461873,0.340087832,0.07289716,0.80527504,1,0.185931067,0.218532917,0.675854143,0.069951385,0.078683842,0.5526699,0.457626755,0.211195,0.40333291,0.285370297,0.343157121,0.305308036,0.499067206,0.582413314,0.070710094,0.023320281,0.196203888,0.084496288,0.078372083,0.154456265,0.220301861,0.083614828,0.732741218,0.167272735,0.147091863,0.310468931,0.083138146,0.013106718,0.040745572,0.035381415,0.021410395,0.205856849,0.014677603,0.081479363,0.028240969,0.028195865,0.02031661,0.069631817,0.006877254,0.066837655,0.150367347,0.018783106,0.182036187,0.191459413,0.095859713,0.134985757,0.018358775,0.088304676,0.06754585,0.458171269,0.011190129,0.012884764,0.028296503,0.05991971,0.04113005,0.404143063,0.298366135,0.239262388,0.560792343,0.069088122,0.386217351,0.08825014,0.03085577,0.049972973
Campylobacter_concisus_13826,0.051425857,0.216089123,0.005674932,0.002827404,0.00177745,0.037051807,0.001559335,0.01419757,0.005062584,0.015455505,0.011796387,0.01235279,0.02500323,0.008842872,0.009511548,0.012714708,0.00564709,0.002465969,0.009763488,0.005352004,0.007383738,0.004604601,0.007539341,0.007327184,0.003538204,0.003848456,0.000967397,0.00402984,0.005447841,0.002834431,0.015336718,0.012228854,0.035185407,0.085140155,0.131285582,0.000922107,0.00288056,0.001954826,0.083055452,0.012713435,0.080712139,0.013414442,0.117021634,0.037077952,0.079498861,0.002437898,0.020978355,0.002531619,0.004064516,0.150923584,0.004665804,0.002769276,0.00133812,0.065189128,0.002784649,0.002642679,0.004298431,0.004096713,0.004422942,0.002753797,0.078913635,0.020904494,0.006207692,0.025022474,0.001533492,0.000954305,0.023093437,0.003238911,0.001240244,0.05133664,0.001700235,0.009650759,0.003189891,0.001990019,0.021449741,0.019011417,0.124511444,0.288250707,0.274369623,0.30406823,0.328406981,0.268798223,0.035738258,0.299299316,0.28008102,0.273207814,0.192076045,0.208112161,0.16437015,0.185931067,1,0.27405921,0.194857105,0.230933848,0.187808743,0.294182937,0.250697735,0.304321239,0.294494844,0.214640139,0.272719084,0.089588614,0.169571552,0.162025792,0.220325047,0.004221695,0.270764401,0.15749183,0.241223788,0.310238189,0.191212906,0.243917759,0.17706669,0.354217802,0.409791329,0.195786007,0.347847494,0.07049235,0.027942702,0.167173356,0.085528813,0.127004175,0.0789411,0.258318965,0.135264753,0.12440222,0.105565679,0.134042471,0.036988191,0.174920522,0.361381794,0.101021878,0.08919556,0.345321465,0.027963068,0.024637699,0.003418198,0.393788853,0.191554239,0.243467749,0.060184289,0.069293695,0.123446634,0.219236313,0.169579874,0.222418189,0.525143663,0.608873433,0.19508098,0.307802855,0.352380359,0.351381016,0.119496351,0.203650839
Campylobacter_hominis_ATCC_BAA_381,0.030684087,0.180266935,0.007449237,0.005451206,0.002333182,0.048636297,0.002046872,0.026532652,0.005870789,0.020287769,0.015484605,0.016214971,0.030384614,0.011607654,0.012485395,0.016604281,0.00741269,0.003236971,0.012217513,0.007025343,0.009692311,0.006044259,0.009896565,0.009618075,0.004644447,0.005051701,0.00126986,0.005289796,0.007151144,0.002481821,0.01350497,0.016052285,0.05339253,0.111759783,0.17466997,0.001210409,0.003686661,0.002566015,0.109023283,0.011514608,0.116260537,0.017608556,0.153609214,0.048670616,0.1043547,0.003200123,0.027537375,0.003323146,0.005335313,0.198110831,0.006124599,0.003635108,0.001756491,0.085570936,0.003646216,0.00346893,0.005642364,0.005377577,0.005805804,0.00361479,0.132011362,0.027440421,0.008148567,0.030341187,0.002012949,0.001252675,0.030313751,0.004251578,0.001628014,0.067387377,0.002231825,0.012668132,0.004187231,0.002612212,0.025905051,0.024955462,0.207254098,0.142885848,0.233528252,0.31552278,0.328388796,0.335324525,0.031426935,0.291050634,0.324461862,0.287800154,0.143477942,0.197862282,0.239470518,0.218532917,0.27405921,1,0.272811092,0.111594216,0.084854557,0.295327989,0.33189218,0.223463676,0.329197481,0.390643822,0.188274131,0.149379855,0.272446311,0.243595679,0.125254719,0.00647759,0.332005855,0.05241044,0.086288097,0.153165016,0.124117294,0.111091154,0.297087575,0.343560901,0.315034773,0.127161442,0.157899366,0.053702052,0.01302544,0.141305059,0.07402653,0.133190285,0.049241272,0.135604428,0.111160075,0.107855395,0.083243086,0.156846407,0.028178118,0.184628544,0.373406446,0.076959871,0.070067423,0.326386063,0.022769148,0.053152715,0.00426048,0.162646604,0.186738586,0.263067843,0.045849228,0.052792642,0.115939038,0.110214798,0.147752289,0.178739894,0.353232041,0.254951004,0.175721525,0.210872133,0.238694482,0.231909412,0.103362094,0.18414494
Candidatus_Sulcia_muelleri_GWSS,0.08207869,0.258866937,0.021073961,0.012085942,0.006600594,0.137592547,0.005602429,0.076408448,0.018685029,0.057394292,0.043806095,0.045872307,0.092849939,0.032838165,0.032510498,0.045095729,0.02097057,0.009157421,0.040171223,0.019874762,0.027419641,0.017099267,0.027997476,0.027209627,0.013139185,0.01429131,0.003592445,0.014964884,0.020230655,0.009462056,0.050218159,0.043282957,0.138178603,0.316169486,0.494143003,0.003424259,0.010316127,0.007259282,0.308427904,0.036835832,0.328902162,0.049814771,0.434561924,0.137689635,0.295220438,0.009053178,0.077903496,0.009401212,0.015093651,0.47533992,0.017326548,0.010283756,0.004969131,0.24208099,0.010340845,0.009813636,0.015962302,0.015213217,0.016424675,0.010226276,0.347089505,0.077629213,0.023052374,0.092921404,0.005694651,0.003543828,0.085757889,0.012027755,0.004605668,0.190639528,0.006313855,0.035838266,0.011845717,0.007389971,0.076644831,0.070599238,0.539930288,0.086438708,0.521936254,0.17959774,0.254240702,0.602855163,0.090493507,0.297706481,0.497270548,0.509441989,0.332594638,0.105577927,0.697769043,0.675854143,0.194857105,0.272811092,1,0.114521395,0.124285686,0.707911054,0.638053161,0.30587653,0.584152423,0.352511244,0.447107267,0.273047479,0.597256495,0.636971088,0.115207728,0.020636059,0.284164703,0.099331636,0.1238927,0.231341178,0.287145991,0.132393925,0.762540742,0.24226333,0.213035104,0.334348043,0.115824622,0.018982634,0.042403172,0.051243374,0.03100896,0.27137749,0.021257768,0.118007647,0.040901771,0.040836446,0.029424817,0.100848688,0.009960418,0.096801865,0.21777903,0.027203822,0.183439905,0.277293217,0.07486336,0.132648504,0.01605462,0.123471574,0.097827553,0.661187498,0.016206813,0.018661175,0.040982202,0.086782513,0.059569199,0.414327397,0.359192511,0.267077774,0.569327489,0.100061247,0.452469918,0.127813852,0.044688822,0.072376522
Citrobacter_koseri_ATCC_BAA_895,0.032152015,0.286650308,0.002568508,0.002193216,0.000804485,0.016769865,0.000705764,0.009648084,0.002291355,0.006995252,0.005339114,0.005590945,0.011316608,0.004002336,0.004304982,0.005754751,0.002555906,0.001116112,0.005007036,0.002422348,0.003341923,0.002084069,0.00341235,0.003316326,0.001601412,0.001741834,0.000437849,0.001823929,0.002465725,0.00128288,0.005187898,0.005534851,0.015226381,0.038534933,0.060226456,0.000417351,0.001303758,0.000884766,0.037591385,0.005754175,0.0400868,0.006071455,0.052964677,0.016781698,0.03598165,0.001103407,0.009494927,0.001145826,0.001839624,0.068308899,0.00211177,0.001253391,0.000605641,0.029504982,0.001260349,0.001196092,0.001945495,0.001854196,0.00200185,0.001246385,0.045517707,0.009461497,0.002809638,0.011325318,0.000694068,0.000431924,0.010452225,0.00146595,0.000561342,0.023235264,0.000769537,0.00436799,0.001443763,0.000900694,0.009708279,0.008604679,0.05778368,0.276446233,0.186072125,0.170584779,0.174342552,0.111889077,0.01070155,0.151751099,0.128695392,0.124688402,0.060751352,0.180193113,0.085913302,0.069951385,0.230933848,0.111594216,0.114521395,1,0.520606947,0.143251368,0.112408833,0.193587094,0.111051775,0.072647303,0.183785781,0.035972732,0.097932231,0.105366917,0.827238004,0.003401204,0.159733811,0.162274663,0.51676936,0.331545401,0.27533829,0.60166551,0.085190281,0.189444018,0.21623972,0.098195359,0.245672474,0.11544706,0.032448984,0.264214865,0.12281329,0.154126045,0.112475593,0.188597478,0.18631163,0.073183271,0.146265972,0.106019687,0.066219513,0.143850597,0.211886364,0.153495744,0.055212369,0.174171639,0.012774975,0.013119322,0.002683264,0.280373789,0.152458166,0.111098494,0.125402129,0.142605371,0.190050286,0.685330795,0.192405366,0.103764987,0.117387306,0.141309297,0.082797633,0.240575634,0.113063198,0.237327975,0.145487639,0.193850386
Citrobacter_sp_30_2,0.055126298,0.459692244,0.004327293,0.003577854,0.001355355,0.02825303,0.001189036,0.012018033,0.003860361,0.011785251,0.008995072,0.009419345,0.019065656,0.006742935,0.007252819,0.009695317,0.004306063,0.00188037,0.008435604,0.004081051,0.005630305,0.003511136,0.005748956,0.00558718,0.002697979,0.002934554,0.000737667,0.003072865,0.00415413,0.002161332,0.006186426,0.00932484,0.017756851,0.064921728,0.091909756,0.000703132,0.002196507,0.001490609,0.063332084,0.009694346,0.067536235,0.010228884,0.089232239,0.028272966,0.060620084,0.001858965,0.015996577,0.00193043,0.003099306,0.081634735,0.003557805,0.00211165,0.001020353,0.049708517,0.002123372,0.002015116,0.003277673,0.003123857,0.003372616,0.002099847,0.056538043,0.015940256,0.004733537,0.01908033,0.00116933,0.000727684,0.017609386,0.00246976,0.00094572,0.039145611,0.001296477,0.007358971,0.00243238,0.001517445,0.016356022,0.014496733,0.06576908,0.235545508,0.291267894,0.165540981,0.169408611,0.126715129,0.012961301,0.145320658,0.143092122,0.138527957,0.070251733,0.11911895,0.096460685,0.078683842,0.187808743,0.084854557,0.124285686,0.520606947,1,0.169496887,0.126168121,0.190476323,0.126310207,0.081616465,0.193183836,0.04352669,0.10190972,0.115886305,0.539288161,0.003764611,0.160030739,0.255015844,0.778809537,0.490973314,0.351023538,0.676075101,0.095127531,0.18142743,0.227407769,0.168023093,0.243079635,0.057556315,0.04942415,0.142445673,0.09647134,0.156730439,0.05171717,0.200919385,0.094752363,0.060094749,0.067532706,0.059221996,0.02841025,0.13903226,0.223720576,0.077178358,0.093019038,0.190355454,0.022283279,0.025603567,0.004364445,0.268130165,0.110643379,0.124941419,0.060954878,0.071218352,0.091410549,0.379706033,0.127108277,0.174818058,0.135703006,0.159432491,0.091432755,0.179109562,0.125615869,0.197900309,0.131440172,0.123487805
Clostridium_difficile_630,0.094330132,0.308369807,0.017930073,0.010835864,0.005615894,0.117066003,0.004926754,0.061134682,0.015927403,0.048832009,0.037270946,0.039028914,0.078998257,0.027939251,0.029210191,0.0401724,0.017842106,0.007791284,0.034245572,0.016909775,0.023329082,0.014548338,0.023820713,0.023150398,0.011179035,0.012159282,0.003056512,0.012732369,0.017212574,0.007964113,0.041083118,0.036983223,0.112468794,0.269002202,0.420425,0.002913416,0.008893478,0.006176316,0.262415537,0.035136115,0.276715477,0.042383227,0.369732438,0.117148608,0.251178407,0.007702593,0.066281577,0.007998706,0.012841927,0.471312044,0.014741712,0.008749589,0.004227818,0.205966491,0.008798161,0.008349603,0.013580989,0.012943655,0.013974384,0.008700684,0.2935353,0.066048212,0.019613339,0.07905906,0.004845103,0.003015147,0.072964224,0.010233412,0.003918578,0.162199248,0.005371931,0.030491787,0.010078531,0.006287509,0.067016785,0.060066993,0.414614577,0.101595011,0.596479543,0.2110887,0.298819681,0.618441952,0.082374957,0.341999877,0.492337719,0.524413605,0.363951734,0.124090132,0.55728875,0.5526699,0.294182937,0.295327989,0.707911054,0.143251368,0.169496887,1,0.628291953,0.356533143,0.613057701,0.424857884,0.483208532,0.250156669,0.531056656,0.534782068,0.156510854,0.015463333,0.333990604,0.146515954,0.169092608,0.295308749,0.336194319,0.180356623,0.609128971,0.284742176,0.250389025,0.3564387,0.141522984,0.02231108,0.050259006,0.06022847,0.036446121,0.22571528,0.024985139,0.138699299,0.048073554,0.047996775,0.034584212,0.118531661,0.011706894,0.113775262,0.25596476,0.031973784,0.211389891,0.32591426,0.064969147,0.122927823,0.012711415,0.150317776,0.114980796,0.600590093,0.019048542,0.021933256,0.048168088,0.1019991,0.070014159,0.455728222,0.496051603,0.367178734,0.558537512,0.117606149,0.516644283,0.150224941,0.052524633,0.085067139
Clostridium_hylemonae_DSM_15053,0.054281503,0.266615874,0.013967546,0.008876676,0.004374787,0.091194541,0.003837946,0.051948409,0.012460392,0.038040186,0.029034107,0.030403565,0.061539726,0.021764706,0.023410497,0.031294342,0.013899019,0.006069419,0.027228266,0.013172733,0.01817338,0.011333171,0.018556361,0.018034185,0.00870848,0.009472094,0.002381026,0.009918529,0.013408614,0.006224937,0.034330528,0.028888251,0.09864855,0.209553001,0.32751152,0.002269554,0.007049927,0.004811357,0.204421981,0.026205637,0.217992052,0.033016579,0.28802196,0.091258889,0.195668245,0.006000328,0.051633418,0.006231,0.010003875,0.334094672,0.011483809,0.006815939,0.003293475,0.160448115,0.006853777,0.00650435,0.010579605,0.010083121,0.01088606,0.006777842,0.24752533,0.051451627,0.015278812,0.061587091,0.00377434,0.002348803,0.056839208,0.007971839,0.003052576,0.126353386,0.00418474,0.023753134,0.007851186,0.004897976,0.052523925,0.046792252,0.392711692,0.11210651,0.573493614,0.270973573,0.38359342,0.881316198,0.074156705,0.404810703,0.604306066,0.536779455,0.311954687,0.15929392,0.467196611,0.457626755,0.250697735,0.33189218,0.638053161,0.112408833,0.126168121,0.628291953,1,0.436058127,0.84465127,0.453501204,0.49430415,0.258305573,0.616901468,0.585340351,0.113412429,0.014068801,0.423286171,0.077535505,0.104607011,0.23773184,0.273134476,0.137601741,0.510231455,0.365522194,0.306376835,0.270544593,0.13992391,0.028640628,0.029949662,0.077315004,0.046785715,0.23668779,0.032073306,0.153950244,0.061711795,0.061613234,0.04439559,0.152158536,0.015028085,0.146052769,0.328580759,0.041044597,0.139214653,0.418374605,0.044270924,0.087238193,0.011810892,0.151106601,0.147600307,0.775786278,0.024452524,0.028155618,0.061833148,0.101495753,0.089876847,0.36438689,0.486419815,0.336176753,0.421085437,0.145607082,0.477820189,0.184387671,0.067425624,0.109200287
Clostridium_perfringens_ATCC_13124,0.04485959,0.255292299,0.00644603,0.005047868,0.002018967,0.042086331,0.001771214,0.024213222,0.005750478,0.017555567,0.013399256,0.014031262,0.028400617,0.010044424,0.010803957,0.014442356,0.006414405,0.00280104,0.01256586,0.006079223,0.008387025,0.005230264,0.008563771,0.008322786,0.004018968,0.004371376,0.001098845,0.004577407,0.006188083,0.003219568,0.01742064,0.013890485,0.04620203,0.096708825,0.151146747,0.001047401,0.003271965,0.002220444,0.094340857,0.01444091,0.100603452,0.015237169,0.132922294,0.042116028,0.090301003,0.002769155,0.023828851,0.00287561,0.004616794,0.167720108,0.005299784,0.00314556,0.001519941,0.074046893,0.003163022,0.003001761,0.004882493,0.004653366,0.005023923,0.003127978,0.114233076,0.023744954,0.00705118,0.028422477,0.00174186,0.001083974,0.026231326,0.003679008,0.001408766,0.058312157,0.00193126,0.010962085,0.003623327,0.002260419,0.024364288,0.02159465,0.181236662,0.198309031,0.412244811,0.445286724,0.559835014,0.459600501,0.038332888,0.500837437,0.442568692,0.455216297,0.190584313,0.325718638,0.215611494,0.211195,0.304321239,0.223463676,0.30587653,0.193587094,0.190476323,0.356533143,0.436058127,1,0.465616778,0.41586686,0.558363437,0.156747392,0.329786342,0.285160875,0.193441768,0.007323842,0.430845148,0.083658769,0.138084904,0.187015986,0.227693586,0.192393399,0.259069147,0.548056917,0.503728023,0.175566885,0.242176257,0.062059792,0.030447063,0.167529604,0.101377375,0.218454792,0.068544715,0.203616544,0.13346832,0.132754217,0.096198347,0.314716439,0.032563526,0.240318443,0.466337811,0.088937265,0.10645478,0.559455248,0.024340018,0.065203711,0.006105217,0.269682548,0.237045364,0.422144201,0.05298482,0.061008849,0.133982825,0.177374349,0.194073989,0.206803088,0.372337429,0.344384013,0.219980071,0.241930889,0.307057306,0.340733297,0.146100853,0.212050511
Clostridium_phytofermentans_ISDg,0.050974174,0.266152417,0.012310406,0.007825149,0.003855753,0.08037502,0.003382604,0.04478644,0.010982064,0.033527015,0.025589436,0.026796419,0.054238517,0.019182493,0.020633024,0.027581512,0.012250009,0.00534933,0.023997844,0.011609891,0.01601725,0.009988578,0.016354793,0.015894569,0.007675287,0.008348304,0.002098536,0.008741773,0.011817786,0.005603145,0.031002653,0.025541176,0.08756155,0.184691171,0.288654833,0.002000289,0.006224605,0.004240527,0.180168907,0.024399778,0.192128995,0.029099419,0.253850401,0.080431734,0.172453734,0.005288436,0.045507516,0.005491741,0.008816993,0.30309424,0.010121345,0.006007281,0.00290273,0.141412197,0.00604063,0.005732659,0.009324417,0.008886838,0.009594514,0.005973704,0.21815838,0.045347293,0.0134661,0.054280263,0.003326544,0.002070136,0.050095679,0.007026043,0.002690412,0.111362542,0.003688253,0.02093501,0.006919704,0.00431687,0.046530075,0.041240716,0.346119512,0.147972865,0.557923829,0.307450133,0.435230074,0.88663962,0.070468044,0.446559568,0.633093868,0.54339551,0.309477686,0.180736949,0.411767377,0.40333291,0.294494844,0.329197481,0.584152423,0.111051775,0.126310207,0.613057701,0.84465127,0.465616778,1,0.443061942,0.51042696,0.241047919,0.597250718,0.522978493,0.112184141,0.01277118,0.466748087,0.08491302,0.120478288,0.259505994,0.267102996,0.13892819,0.463394245,0.414726226,0.364690952,0.267378518,0.180070464,0.032496029,0.028365507,0.087722608,0.053083679,0.216539226,0.036390789,0.196962992,0.070019004,0.069907176,0.050371813,0.172641051,0.017051061,0.165713367,0.372811995,0.046569732,0.136675248,0.474693258,0.039895534,0.087202205,0.010685931,0.192951226,0.167469225,0.787544923,0.027744151,0.031945729,0.070156692,0.098833844,0.101975437,0.330591557,0.571350549,0.389051351,0.388071101,0.171293045,0.449792493,0.218802229,0.076501988,0.123900063
Clostridium_ramosum_VPI_0427_DSM_1402,0.054989029,0.226489089,0.009538699,0.007451531,0.002987624,0.062278461,0.002621006,0.035830213,0.008509435,0.025978356,0.019827936,0.020763164,0.042026632,0.014863526,0.015987467,0.021371493,0.009491901,0.00414492,0.018072035,0.008995906,0.012410942,0.007739635,0.012672487,0.012315883,0.005947184,0.00646867,0.001626047,0.00677355,0.009156994,0.003934529,0.019144023,0.020421241,0.062204181,0.143107672,0.223663755,0.001549921,0.004656168,0.003285766,0.139603602,0.018614295,0.144785739,0.022547641,0.196695595,0.062322406,0.133625512,0.004097736,0.035261429,0.004255267,0.006831834,0.253679624,0.007842509,0.004654732,0.002249176,0.109573025,0.004680573,0.004441942,0.00722501,0.006885953,0.007434294,0.004628715,0.169039687,0.03513728,0.010434187,0.042058979,0.002577568,0.001604042,0.03881656,0.005444118,0.002084662,0.086289095,0.002857838,0.016221461,0.005361722,0.00334492,0.03544439,0.031955306,0.235628977,0.094909859,0.39796484,0.375487342,0.486904482,0.450501137,0.039959604,0.393726751,0.386234138,0.384181162,0.178730584,0.216426766,0.291009641,0.285370297,0.214640139,0.390643822,0.352511244,0.072647303,0.081616465,0.424857884,0.453501204,0.41586686,0.443061942,1,0.43978077,0.209493304,0.345006913,0.300991082,0.080622778,0.007999531,0.360343142,0.042243281,0.047343025,0.175835109,0.223905218,0.095467021,0.366314114,0.455417299,0.337564985,0.15960914,0.134064547,0.04193856,0.035978863,0.082203496,0.068508465,0.13290743,0.031394765,0.137649542,0.090185871,0.090220447,0.062659431,0.193518484,0.022005671,0.212997844,0.31295312,0.053806148,0.13620701,0.446499068,0.031393802,0.070114531,0.006166088,0.132584077,0.212134347,0.388244267,0.035365995,0.036062839,0.087853343,0.069070717,0.125650503,0.285033584,0.40649925,0.316907143,0.259895513,0.142312662,0.29976304,0.195647503,0.098303927,0.154856702
Clostridium_sp_7_2_43FAA,0.073102566,0.275020765,0.011544506,0.008806303,0.003615865,0.075374439,0.003172153,0.041987415,0.010298808,0.031441111,0.023997374,0.025129264,0.050864035,0.017989043,0.018996965,0.025865512,0.011487867,0.005016518,0.022504804,0.010887574,0.015020727,0.009367133,0.01533727,0.014905679,0.007197764,0.007828909,0.001967974,0.008197898,0.011082536,0.005744757,0.027626352,0.02487714,0.075081866,0.173200498,0.270695997,0.00187584,0.00561044,0.0039767,0.16895959,0.025862922,0.173701756,0.027288981,0.238056945,0.075427625,0.16172442,0.004959413,0.042676238,0.005150069,0.008268438,0.275994814,0.009491639,0.005633534,0.002722135,0.132614152,0.005664808,0.005375999,0.008744293,0.008333938,0.008997585,0.005602046,0.204585524,0.042525983,0.012628298,0.050903184,0.003119581,0.001941341,0.046978946,0.006588913,0.002523026,0.104434054,0.003458787,0.019632526,0.006489191,0.004048293,0.043635178,0.0386749,0.268397056,0.156871236,0.492930753,0.28786629,0.376622779,0.495700784,0.053880967,0.382680337,0.440770664,0.516013115,0.284451577,0.192727615,0.351155793,0.343157121,0.272719084,0.188274131,0.447107267,0.183785781,0.193183836,0.483208532,0.49430415,0.558363437,0.51042696,0.43978077,1,0.21881008,0.441780448,0.422977689,0.183854652,0.009976078,0.333530237,0.118401236,0.184816579,0.260665297,0.244632269,0.202520236,0.386757609,0.38196485,0.372817029,0.254201983,0.189837685,0.034651919,0.059158459,0.093542405,0.05660542,0.212753985,0.03880507,0.16685175,0.074664288,0.07454504,0.05371364,0.182394991,0.018182282,0.149962009,0.334047258,0.049659317,0.187038274,0.4092475,0.044997702,0.098848727,0.009551575,0.203534704,0.147548146,0.547777429,0.029584786,0.034065111,0.074811111,0.158417458,0.108740813,0.319618233,0.34760758,0.306461071,0.312516648,0.182657172,0.335655206,0.233318266,0.081577374,0.131185629
Clostridium_spiroforme_DSM_1552,0.050257733,0.104718238,0.041123684,0.031463893,0.012880385,0.136574944,0.011299802,0.067465747,0.033949712,0.09012136,0.085483121,0.089515123,0.180277854,0.064080325,0.037267044,0.050846895,0.040921926,0.012686165,0.075997378,0.038783569,0.05350663,0.033367474,0.054634215,0.053096808,0.025639779,0.027888033,0.00701029,0.029202443,0.039478058,0.007522854,0.036773293,0.035656425,0.100612192,0.26132915,0.297243422,0.004898918,0.020147459,0.014165747,0.281336037,0.036454856,0.264089396,0.085290975,0.297581453,0.163288087,0.22001232,0.010770842,0.118209966,0.018345506,0.02945372,0.326368677,0.033810989,0.0200677,0.009696752,0.193330872,0.020179103,0.019150309,0.031148802,0.02968704,0.017151041,0.019955533,0.219392981,0.151485482,0.044984354,0.133507726,0.011112531,0.006915419,0.167347765,0.023470937,0.00624406,0.198013823,0.012320842,0.069934717,0.023115708,0.014420774,0.072442243,0.114457704,0.244274661,0.037635524,0.20359341,0.092002814,0.125480687,0.250861609,0.064938153,0.139790077,0.208319559,0.229638418,0.151779794,0.054103741,0.322243089,0.305308036,0.089588614,0.149379855,0.273047479,0.035972732,0.04352669,0.250156669,0.258305573,0.156747392,0.241047919,0.209493304,0.21881008,1,0.225846418,0.237873138,0.03669052,0.045488954,0.137679091,0.035297847,0.035127523,0.086415446,0.085684288,0.046769999,0.314178547,0.124148607,0.10393957,0.111194667,0.047804657,0.009727711,0.034825292,0.026259828,0.015890639,0.082544192,0.01089361,0.052141287,0.020960241,0.020926765,0.01507884,0.051680228,0.005104248,0.049606421,0.11160155,0.013940684,0.106269042,0.139195504,0.05721161,0.04352971,0.010809827,0.051681629,0.043227645,0.219798001,0.008305232,0.009562978,0.021001458,0.031253191,0.030526424,0.202943693,0.157557767,0.129014619,0.258446039,0.048742292,0.182991242,0.062045639,0.022900928,0.037089577
Collinsella_intestinalis_DSM_13280,0.081680514,0.344550427,0.01679215,0.010745639,0.005259484,0.109636464,0.00461408,0.057228785,0.01498021,0.045732908,0.034905563,0.036551962,0.073984669,0.026166099,0.02539451,0.03606165,0.016709765,0.007296814,0.029636891,0.015836604,0.021848513,0.013625034,0.022308943,0.021681169,0.010469563,0.011387599,0.002862532,0.011924316,0.016120186,0.007730469,0.042473819,0.034882021,0.118558631,0.251930103,0.393742924,0.002728518,0.00852359,0.005784339,0.245761457,0.035155636,0.262075751,0.039693396,0.346267541,0.109713826,0.235237487,0.007213751,0.062075047,0.007491072,0.01202692,0.353441422,0.013806136,0.0081943,0.003959502,0.192894924,0.00823979,0.0078197,0.012719078,0.012122192,0.013087506,0.008148499,0.297581431,0.061856493,0.018368588,0.074041613,0.004537611,0.002823792,0.068333583,0.009583954,0.003669887,0.151905349,0.005031004,0.02855664,0.009438902,0.005888475,0.059125711,0.05625487,0.383006626,0.072969012,0.419636065,0.225393173,0.317676802,0.593382056,0.092255595,0.373618333,0.55933228,0.533300204,0.392978842,0.132499128,0.509253174,0.499067206,0.169571552,0.272446311,0.597256495,0.097932231,0.10190972,0.531056656,0.616901468,0.329786342,0.597250718,0.345006913,0.441780448,0.225846418,1,0.806215858,0.102864843,0.018634147,0.355410481,0.063313411,0.078365494,0.198214176,0.230566666,0.111595568,0.544635936,0.304037793,0.231662241,0.24534592,0.096440551,0.023822995,0.023236513,0.063874969,0.038915901,0.190378281,0.026678263,0.107379572,0.051331269,0.051249287,0.036927819,0.126563985,0.012500215,0.121485267,0.252756269,0.034140495,0.182573803,0.328550319,0.058133452,0.203975115,0.01490051,0.105615432,0.122772495,0.616521814,0.02033937,0.023419568,0.051432209,0.092998884,0.074758684,0.31770534,0.359601918,0.244497095,0.357623465,0.099952754,0.367853882,0.131728519,0.056083976,0.090831733
Collinsella_stercoris_DSM_13279,0.095384738,0.332819725,0.020414711,0.013317217,0.00639411,0.133288279,0.005609473,0.069977096,0.018211882,0.055598843,0.042435721,0.044437297,0.089945342,0.031810898,0.030182597,0.044040667,0.020314554,0.008870952,0.036569578,0.019253026,0.026561881,0.016564356,0.027121639,0.026358436,0.012728156,0.013844239,0.003480064,0.014496742,0.019597786,0.009310225,0.050195412,0.0421623,0.135432817,0.306278848,0.463583594,0.003317139,0.010362379,0.007032192,0.298779443,0.042084463,0.307784214,0.04825643,0.417003223,0.13338233,0.285985142,0.00876997,0.075466464,0.009107117,0.014621481,0.396901168,0.016784527,0.009962052,0.004813683,0.234508041,0.010017355,0.009506639,0.015462957,0.014737306,0.015910867,0.00990637,0.346210611,0.075200761,0.022331233,0.09001457,0.005516507,0.003432968,0.08307515,0.011651495,0.00446159,0.184675807,0.00611634,0.034717148,0.011475151,0.007158793,0.070562396,0.068390702,0.417694722,0.077700772,0.434779136,0.185397476,0.262450877,0.549815813,0.099409989,0.307320293,0.472233047,0.478223175,0.372401308,0.108987346,0.548629781,0.582413314,0.162025792,0.243595679,0.636971088,0.105366917,0.115886305,0.534782068,0.585340351,0.285160875,0.522978493,0.300991082,0.422977689,0.237873138,0.806215858,1,0.106154277,0.021316753,0.293341211,0.079726137,0.100713226,0.207225451,0.21096569,0.123962183,0.577004375,0.25008672,0.211057799,0.287409086,0.097421772,0.019595639,0.031083031,0.052898172,0.03201033,0.201761106,0.021944243,0.106634696,0.042222609,0.042155174,0.03037503,0.104105387,0.010282069,0.09992788,0.224811751,0.028082313,0.189115876,0.286247825,0.072379407,0.226508675,0.016879989,0.105155411,0.100986691,0.566641439,0.016730178,0.019263799,0.042305637,0.089584974,0.061492862,0.344078927,0.324346885,0.226330956,0.39943646,0.100391653,0.368207993,0.127075189,0.046131954,0.074713771
Cronobacter_sakazakii_ATCC_BAA_894,0.034168585,0.310644082,0.002806251,0.002419668,0.000878948,0.0183221,0.00077109,0.01054112,0.002503445,0.007642739,0.005833308,0.006108449,0.012364085,0.004372796,0.004703456,0.006287417,0.002792483,0.001219421,0.005470492,0.002646563,0.003651255,0.002276973,0.0037282,0.003623289,0.00174964,0.00190306,0.000478377,0.001992754,0.002693955,0.001401625,0.005286524,0.006047162,0.015473022,0.042101764,0.065801076,0.000455981,0.001424435,0.000966661,0.04107088,0.006286787,0.043797273,0.006633435,0.05786714,0.018335029,0.039312147,0.001205539,0.010373786,0.001251884,0.002009901,0.074631637,0.002307238,0.001369406,0.000661699,0.032235991,0.001377008,0.001306804,0.002125572,0.002025823,0.002187143,0.001361751,0.04973087,0.010337262,0.0030697,0.012373601,0.000758311,0.000471903,0.011419693,0.00160164,0.0006133,0.025385943,0.000840766,0.004772296,0.0015774,0.000984063,0.010606886,0.009401136,0.058502294,0.25971908,0.203295143,0.184553196,0.185554536,0.112980774,0.010923468,0.162027192,0.129623354,0.125609507,0.061604141,0.208417817,0.088894938,0.070710094,0.220325047,0.125254719,0.115207728,0.827238004,0.539288161,0.156510854,0.113412429,0.193441768,0.112184141,0.080622778,0.183854652,0.03669052,0.102864843,0.106154277,1,0.003596704,0.175722073,0.173831046,0.54403093,0.349622665,0.310411534,0.601771862,0.086009875,0.200849629,0.215296886,0.109036704,0.248008733,0.133275324,0.034515889,0.292072372,0.144115686,0.174216485,0.112973141,0.174936203,0.209334813,0.089949939,0.163880812,0.133091934,0.074799249,0.173194619,0.211102154,0.171367275,0.06032288,0.174546264,0.013664518,0.014202535,0.002938054,0.268185657,0.176235213,0.1121173,0.111226144,0.130528504,0.226985341,0.627239563,0.22037271,0.112945832,0.118713571,0.141930605,0.08351254,0.245311998,0.113968579,0.23878846,0.160583833,0.21908655
Desulfovibrio_piger_ATCC_29098,0.015828523,0.009391123,0.243366946,0.087194078,0.131689078,0.047033315,0.039931646,0.147700589,0.2623619,0.05175692,0.182652106,0.154821773,0.161723494,0.490356121,0.019575059,0.023635265,0.063031972,0.02272756,0.299020169,0.166132351,0.117386919,0.210424811,0.176801915,0.122762893,0.170477692,0.252472117,0.095733109,0.183235806,0.110840116,0.170886781,0.168117671,0.081149513,0.172827122,0.041063756,0.02860675,0.063413069,0.230643103,0.217225228,0.040913539,0.029802546,0.031041226,0.069686865,0.034077475,0.065677312,0.040270681,0.028610423,0.080008401,0.254637283,0.241592186,0.024825245,0.317668831,0.201418598,0.102560655,0.047666973,0.200075499,0.211005703,0.288459404,0.174453662,0.080309012,0.253112594,0.024001405,0.100591752,0.162717228,0.097275483,0.179266715,0.120157465,0.095721744,0.164886171,0.08357926,0.059616989,0.070162125,0.107599497,0.258180322,0.222783687,0.122544482,0.106179933,0.019974254,0.001679364,0.01359536,0.005211131,0.006949402,0.01309407,0.140821489,0.008533125,0.012536037,0.012382298,0.030275979,0.003113831,0.024346288,0.023320281,0.004221695,0.00647759,0.020636059,0.003401204,0.003764611,0.015463333,0.014068801,0.007323842,0.01277118,0.007999531,0.009976078,0.045488954,0.018634147,0.021316753,0.003596704,1,0.008380927,0.003660663,0.003174717,0.006373625,0.007001463,0.003948513,0.02277773,0.006903584,0.005507009,0.013726986,0.002285795,0.000559859,0.003362946,0.001410824,0.000914553,0.019112839,0.00062696,0.002523124,0.001206324,0.001204397,0.000867832,0.002974351,0.000293765,0.002854997,0.005943833,0.000802328,0.015696904,0.00752905,0.087173404,0.013809753,0.173528028,0.002511349,0.002797086,0.015018432,0.000477991,0.000550378,0.001208696,0.002548446,0.001756886,0.015473669,0.008714761,0.006149079,0.019714102,0.002311451,0.012187747,0.003081289,0.001318016,0.002134615
Desulfovibrio_vulgaris_Miyazaki_F,0.036656456,0.234360584,0.005988476,0.00395173,0.001875656,0.039098945,0.00164549,0.022494511,0.005342296,0.016309432,0.012448146,0.01303529,0.026384675,0.009331447,0.010037067,0.013417204,0.005959096,0.002602216,0.011673906,0.005647706,0.007791694,0.004859008,0.007955894,0.007732015,0.003733693,0.004061086,0.001020846,0.004252492,0.005748838,0.002678784,0.015071157,0.011597855,0.041135517,0.089844208,0.140418,0.000973054,0.003039713,0.002062832,0.087644324,0.012396194,0.093462385,0.0141556,0.12348716,0.039126534,0.083891228,0.002572594,0.022137424,0.002671493,0.004289083,0.159262217,0.004923593,0.00292228,0.001412052,0.068790873,0.002938503,0.002788689,0.004535923,0.004323059,0.004667313,0.002905947,0.106124547,0.022059482,0.006550671,0.026404983,0.001618219,0.001007031,0.024369365,0.003417864,0.001308768,0.054173025,0.001794175,0.01018397,0.003366135,0.002099969,0.022634854,0.020061811,0.168372063,0.158844804,0.433827212,0.506889873,0.571543569,0.441656864,0.034069923,0.522355543,0.404149993,0.326275837,0.172119415,0.357748274,0.200306889,0.196203888,0.270764401,0.332005855,0.284164703,0.159733811,0.160030739,0.333990604,0.423286171,0.430845148,0.466748087,0.360343142,0.333530237,0.137679091,0.355410481,0.293341211,0.175722073,0.008380927,1,0.066759762,0.112147537,0.218820821,0.228010724,0.178339823,0.244970806,0.600801142,0.495415081,0.191763575,0.214336043,0.066801519,0.015721437,0.141781154,0.109123193,0.212566082,0.061887738,0.189838008,0.143936845,0.143706961,0.103548457,0.278356032,0.035051568,0.301374311,0.615106775,0.095732586,0.088138881,0.602874851,0.021639351,0.06308096,0.005908306,0.237442347,0.30159744,0.41226733,0.057033167,0.065670278,0.144219888,0.171735759,0.209629127,0.203043712,0.468296093,0.315323794,0.198375854,0.224937384,0.306852286,0.305456863,0.157263803,0.253326116
Enterobacter_cancerogenus_ATCC_35316,0.195355511,0.204927182,0.01544658,0.012227459,0.004838037,0.051864446,0.004244349,0.011416019,0.013779832,0.04206829,0.032108549,0.033623021,0.029505027,0.024069387,0.009899666,0.012894438,0.015370797,0.006712114,0.013323379,0.014567603,0.020097772,0.012533248,0.020521307,0.019943838,0.007376722,0.010475101,0.002633154,0.01096881,0.014828462,0.00771503,0.008743501,0.033285678,0.023439897,0.074531389,0.094038852,0.002509879,0.007840587,0.005320835,0.079570696,0.034604658,0.168982148,0.036512729,0.101242661,0.086729443,0.093005235,0.006635707,0.057100919,0.006890806,0.011063192,0.086069805,0.012699838,0.007537684,0.003642224,0.139893194,0.007579528,0.0071931,0.011699887,0.01115083,0.012038793,0.007495552,0.057735166,0.056899877,0.016896697,0.042446292,0.004174008,0.002597519,0.060307449,0.008815983,0.003375816,0.103781536,0.003706975,0.026268371,0.008682554,0.005416627,0.058383983,0.051747117,0.06599107,0.101745005,0.195452726,0.061094602,0.070462632,0.075487685,0.018272698,0.066677653,0.078206653,0.082108388,0.078311811,0.053331627,0.098087695,0.084496288,0.15749183,0.05241044,0.099331636,0.162274663,0.255015844,0.146515954,0.077535505,0.083658769,0.08491302,0.042243281,0.118401236,0.035297847,0.063313411,0.079726137,0.173831046,0.003660663,0.066759762,1,0.277088435,0.263317668,0.170210094,0.217004226,0.086029241,0.073936731,0.10297819,0.178583646,0.120631039,0.023820575,0.18382015,0.057008529,0.035008921,0.102267345,0.020232636,0.092006058,0.042970088,0.024896466,0.030846604,0.032926702,0.012888183,0.044339655,0.089552375,0.032437163,0.332038065,0.081997529,0.079219849,0.011002755,0.014864035,0.128445708,0.046338946,0.089162556,0.020334005,0.024004383,0.041714201,0.115474426,0.049552867,0.192936277,0.120714741,0.13135282,0.094328843,0.084152185,0.117465673,0.092809461,0.039888177,0.051261959
Enterobacter_sp_638,0.053999155,0.396729236,0.004288955,0.00319097,0.001343347,0.02800272,0.001178502,0.010427364,0.00382616,0.011680838,0.00891538,0.009335893,0.018896742,0.006683196,0.007188562,0.009609421,0.004267913,0.001863711,0.008360868,0.004044895,0.005580422,0.003480029,0.005698023,0.00553768,0.002674076,0.002908556,0.000731131,0.003045641,0.004117326,0.002142184,0.006154267,0.009242226,0.017674332,0.064346549,0.091683747,0.000696902,0.002177047,0.001477403,0.062770989,0.009608459,0.066937893,0.010138261,0.088441679,0.028022479,0.060083016,0.001842495,0.015854854,0.001913327,0.003071847,0.08137694,0.003526285,0.002092941,0.001011313,0.049268121,0.00210456,0.001997263,0.003248634,0.003096181,0.003342736,0.002081243,0.056352855,0.015799032,0.0046916,0.018911286,0.001158971,0.000721237,0.017453374,0.002447879,0.000937342,0.038798797,0.00128499,0.007293774,0.00241083,0.001504001,0.016211115,0.014368298,0.065490988,0.297663735,0.290947408,0.099540419,0.113307646,0.103084199,0.012888095,0.101129669,0.109904006,0.114762461,0.069920027,0.108670802,0.096152931,0.078372083,0.241223788,0.086288097,0.1238927,0.51676936,0.778809537,0.169092608,0.104607011,0.138084904,0.120478288,0.047343025,0.184816579,0.035127523,0.078365494,0.100713226,0.54403093,0.003174717,0.112147537,0.277088435,1,0.548151756,0.318101565,0.660394958,0.094760531,0.122779011,0.20174165,0.168678829,0.279176402,0.072780732,0.053703305,0.157302963,0.079826868,0.146892832,0.062265331,0.239852824,0.103017448,0.045923139,0.090086809,0.074440437,0.03717695,0.085784013,0.165261729,0.099240126,0.092194929,0.137627249,0.021785484,0.011143047,0.00389438,0.309669389,0.084890343,0.124396771,0.072482048,0.081507929,0.108237814,0.380792445,0.101843798,0.173269245,0.134976953,0.158646135,0.091114706,0.211717901,0.125117034,0.210761148,0.096589065,0.109146747
Enterococcus_faecalis_TX1322,0.076541094,0.482598339,0.007214411,0.005019986,0.002259632,0.047103112,0.001982347,0.020090003,0.006435947,0.019648228,0.014996476,0.015703819,0.031786032,0.011241741,0.012091812,0.016163916,0.007179016,0.00313493,0.014063737,0.00680388,0.009386776,0.005853723,0.009584591,0.00931488,0.004498038,0.004892454,0.001229829,0.005123043,0.006925715,0.003578707,0.012910873,0.015491403,0.03539755,0.10736404,0.148861436,0.001172253,0.00366199,0.002485126,0.10558649,0.016162298,0.1125956,0.017053473,0.148766917,0.047136349,0.101065077,0.003099244,0.026669301,0.003218389,0.005167125,0.144879234,0.00593153,0.003520517,0.001701121,0.082873442,0.003540061,0.003359577,0.005464497,0.005208057,0.005622785,0.003500839,0.099471681,0.026575404,0.007891696,0.031810497,0.001949494,0.001213186,0.029358156,0.004117554,0.001576694,0.065263092,0.00216147,0.012268789,0.004055235,0.002529866,0.027268564,0.024168779,0.13140076,0.196356106,0.3907739,0.160445157,0.22554898,0.253495579,0.028460763,0.314098341,0.276549755,0.273287995,0.146380782,0.157221002,0.174642843,0.154456265,0.310238189,0.153165016,0.231341178,0.331545401,0.490973314,0.295308749,0.23773184,0.187015986,0.259505994,0.175835109,0.260665297,0.086415446,0.198214176,0.207225451,0.349622665,0.006373625,0.218820821,0.263317668,0.548151756,1,0.444934012,0.531295679,0.18781694,0.24052171,0.241936773,0.237826535,0.198999547,0.040426436,0.060423494,0.109100213,0.041631854,0.147943627,0.062095906,0.21340445,0.076122009,0.041683705,0.050528344,0.061593374,0.029036442,0.13595828,0.228294113,0.061845947,0.14155422,0.260465521,0.035219325,0.046236605,0.006817197,0.218568409,0.123085811,0.228599299,0.035879702,0.041108013,0.076167829,0.228279697,0.08338684,0.281750274,0.268962762,0.276857083,0.171177357,0.179817472,0.235751937,0.210782994,0.066865133,0.124923357
Enterococcus_sp_7L76,0.063752849,0.469471465,0.008750809,0.004546434,0.002740849,0.057134302,0.002404512,0.030590972,0.007806562,0.023832561,0.018190161,0.019048141,0.03855526,0.013635808,0.014666913,0.019606222,0.008707876,0.003802552,0.016237958,0.00825285,0.011385806,0.007100346,0.011625748,0.011298599,0.005455951,0.005934362,0.001491737,0.006214059,0.008400632,0.004366937,0.016416446,0.018857029,0.040533358,0.131287074,0.205189279,0.001421899,0.003516949,0.003014364,0.128072438,0.014396933,0.136574225,0.020685221,0.180448671,0.057174617,0.122588134,0.003759266,0.032348859,0.003903785,0.006267529,0.17645992,0.007194723,0.004270255,0.002063395,0.100522366,0.003944141,0.004075041,0.006628229,0.006317177,0.006820227,0.004246386,0.14330466,0.032234965,0.00957233,0.038584935,0.002364662,0.001471549,0.035610338,0.004994438,0.00191247,0.079161674,0.002621782,0.014881579,0.004918848,0.003068632,0.033075741,0.029315819,0.199810254,0.127538427,0.361951185,0.195593815,0.261394064,0.285300254,0.03937092,0.300138379,0.299246534,0.271404554,0.135733395,0.160182817,0.258135323,0.220301861,0.191212906,0.124117294,0.287145991,0.27533829,0.351023538,0.336194319,0.273134476,0.227693586,0.267102996,0.223905218,0.244632269,0.085684288,0.230566666,0.21096569,0.310411534,0.007001463,0.228010724,0.170210094,0.318101565,0.444934012,1,0.380771746,0.246393255,0.238536883,0.205871519,0.171079555,0.149284911,0.045714551,0.047362435,0.105585729,0.074676711,0.167652508,0.051193597,0.158398513,0.08642863,0.093484883,0.070681846,0.098900781,0.02398698,0.177872286,0.216811806,0.057367296,0.126012386,0.246491466,0.029303656,0.05571262,0.006552945,0.168865145,0.191225251,0.257297605,0.037709312,0.04213546,0.084677262,0.208077071,0.130822617,0.228949125,0.232987885,0.217868914,0.203498199,0.158859661,0.226708026,0.169467106,0.102542974,0.142566516
Escherichia_fergusonii_UMN026_ATCC_35469,0.050261277,0.41095366,0.003955971,0.003150417,0.001239053,0.025828658,0.001087006,0.012526771,0.003529106,0.010773967,0.008223212,0.008611078,0.017429645,0.006164329,0.00663046,0.008863369,0.003936563,0.001719017,0.007711751,0.003730859,0.005147172,0.003209848,0.005255642,0.005107749,0.002466467,0.002682742,0.000674368,0.002809185,0.003797667,0.00197587,0.006513131,0.008524682,0.018658939,0.059350841,0.092759751,0.000642797,0.002008026,0.001362701,0.057897604,0.008862481,0.061740999,0.009351151,0.081575284,0.025846883,0.055418319,0.001699448,0.014623922,0.001764781,0.002833357,0.08577158,0.003252512,0.001930451,0.000932798,0.045443065,0.001941167,0.0018422,0.002996418,0.002855801,0.003083214,0.00191966,0.059099574,0.014572434,0.004327356,0.01744306,0.001068991,0.000665242,0.016098337,0.002257831,0.000864569,0.035786554,0.001185227,0.006727503,0.002223659,0.001387234,0.014952524,0.013252778,0.06984476,0.212828992,0.286585084,0.155836929,0.183212827,0.139042436,0.013738091,0.174661215,0.157084194,0.151425257,0.075253358,0.169391508,0.101850587,0.083614828,0.243917759,0.111091154,0.132393925,0.60166551,0.676075101,0.180356623,0.137601741,0.192393399,0.13892819,0.095467021,0.202520236,0.046769999,0.111595568,0.123962183,0.601771862,0.003948513,0.178339823,0.217004226,0.660394958,0.531295679,0.380771746,1,0.101524641,0.20226778,0.200962438,0.151288414,0.195447924,0.061190638,0.044795642,0.149481861,0.056728161,0.158597431,0.088199548,0.16987744,0.096055107,0.042712897,0.072249062,0.060535456,0.036519365,0.116699685,0.25725232,0.082173784,0.085037141,0.203660019,0.020175474,0.026589455,0.003987692,0.22919492,0.099180303,0.136313464,0.069556115,0.071300382,0.100589195,0.420286843,0.109868245,0.149552119,0.137964929,0.154081938,0.096847386,0.183513614,0.122717164,0.204914185,0.084468791,0.119372358
Eubacterium_dolichum_DSM_3991,0.098806646,0.245711096,0.024445672,0.013948767,0.007656651,0.15960655,0.006598718,0.08448068,0.020740177,0.066577044,0.050814814,0.053211608,0.105792454,0.038092079,0.037588939,0.05312153,0.024325739,0.010622555,0.043704675,0.023054608,0.031806624,0.01983505,0.032476908,0.031563008,0.015241378,0.016577836,0.004167216,0.017359178,0.023467442,0.010228296,0.053071768,0.04912216,0.155003562,0.366754756,0.573202996,0.003972121,0.011812478,0.008420724,0.357774566,0.041643331,0.381524586,0.057784844,0.504089293,0.159719172,0.342453983,0.010501634,0.0903676,0.010905351,0.017508547,0.575411953,0.020098694,0.011929097,0.005764163,0.280812534,0.01199532,0.011383761,0.018516176,0.017647243,0.019052527,0.01186242,0.40948809,0.090049433,0.026740619,0.105802046,0.006605762,0.00411082,0.099478651,0.013952126,0.005342548,0.221140739,0.007324034,0.04157218,0.013740963,0.008572323,0.087633467,0.081894703,0.551435805,0.074516503,0.458825226,0.154826418,0.219174123,0.479108913,0.096387074,0.256644811,0.439408535,0.452093827,0.307452057,0.091015913,0.770408157,0.732741218,0.17706669,0.297087575,0.762540742,0.085190281,0.095127531,0.609128971,0.510231455,0.259069147,0.463394245,0.366314114,0.386757609,0.314178547,0.544635936,0.577004375,0.086009875,0.02277773,0.244970806,0.086029241,0.094760531,0.18781694,0.246393255,0.101524641,1,0.20884875,0.183651876,0.293877601,0.10380232,0.016364422,0.045109142,0.044175545,0.026731997,0.219761052,0.018325754,0.101731242,0.035260325,0.03520401,0.025366349,0.086938962,0.008586611,0.083450304,0.187741489,0.023451689,0.198642619,0.239047081,0.084353402,0.149212269,0.015703874,0.110253001,0.084334523,0.528182876,0.013971461,0.016087301,0.035329662,0.074812888,0.051353016,0.440084227,0.320558817,0.240354452,0.515594586,0.08626013,0.412719103,0.11018491,0.038525041,0.062393868
Finegoldia_magna_ATCC_29328,0.034534706,0.301100108,0.005105448,0.003902532,0.001599082,0.033333629,0.001402855,0.019177594,0.00455455,0.013904532,0.01061261,0.011113178,0.022494136,0.007955483,0.008557056,0.011438777,0.0050804,0.002218507,0.009952535,0.004814926,0.006642774,0.004142525,0.006782762,0.006591895,0.003183143,0.00346226,0.000870318,0.003625443,0.004901146,0.00233246,0.012921949,0.010923673,0.036593385,0.076596272,0.119712729,0.000829572,0.002591493,0.001758658,0.074720771,0.011437631,0.079680933,0.012068292,0.105278419,0.033357149,0.071521086,0.002193253,0.01887316,0.002277569,0.003656638,0.135778281,0.004197587,0.002491377,0.001203838,0.058647347,0.002505208,0.002377484,0.00386708,0.003685605,0.003979097,0.002477452,0.090476001,0.018806712,0.005584745,0.022511449,0.001379605,0.00085854,0.020775992,0.002913884,0.001115784,0.046184967,0.001529615,0.008682298,0.002869783,0.001790319,0.019297242,0.017103606,0.143544839,0.200433129,0.341176478,0.726756846,0.83427099,0.401562484,0.030306149,0.561634463,0.389633125,0.363004039,0.156956832,0.435798216,0.17077073,0.167272735,0.354217802,0.343560901,0.24226333,0.189444018,0.18142743,0.284742176,0.365522194,0.548056917,0.414726226,0.455417299,0.38196485,0.124148607,0.304037793,0.25008672,0.200849629,0.006903584,0.600801142,0.073936731,0.122779011,0.24052171,0.238536883,0.20226778,0.20884875,1,0.68292048,0.157238076,0.262874948,0.078355375,0.018094444,0.184574305,0.127996919,0.180651189,0.087746535,0.23369173,0.16883187,0.168562225,0.121457988,0.316017065,0.041114016,0.351687877,0.602502626,0.1122903,0.091653581,0.735084162,0.018740769,0.055279759,0.005248472,0.289712828,0.322461893,0.364641249,0.066897507,0.077028476,0.169163867,0.196061795,0.245886155,0.190234527,0.47643458,0.414266661,0.175504447,0.286886647,0.278083465,0.382749742,0.184463831,0.298751454
Fusobacterium_nucleatum_nucleatum_ATCC_25586,0.035504396,0.275530901,0.004489494,0.003139772,0.001406158,0.029312042,0.001233605,0.015750018,0.004005059,0.012226999,0.009332236,0.009772412,0.019780296,0.006995682,0.007524677,0.010058728,0.004467468,0.001950852,0.008751797,0.004234022,0.005841346,0.003642744,0.005964445,0.005796606,0.002799108,0.003044551,0.000765317,0.003188046,0.00430984,0.002169586,0.011940509,0.009674364,0.032178521,0.067355199,0.105269806,0.000729487,0.002278839,0.001546482,0.06570597,0.010057721,0.070067706,0.010612295,0.092576945,0.029332726,0.062892317,0.001928645,0.016596179,0.002002788,0.003215478,0.119397105,0.003691163,0.002190801,0.001058599,0.051571749,0.002202963,0.002090649,0.003400531,0.003240949,0.003499032,0.002178556,0.079560387,0.016537747,0.004910965,0.019795521,0.001213161,0.00075496,0.018269441,0.002562334,0.000981169,0.040612912,0.001345073,0.007634809,0.002523554,0.001574323,0.016969097,0.015040116,0.126226655,0.384440481,0.325235415,0.69774971,0.66107051,0.335495511,0.028046537,0.497126023,0.343711758,0.323054865,0.148825058,0.439281251,0.150167837,0.147091863,0.409791329,0.315034773,0.213035104,0.21623972,0.227407769,0.250389025,0.306376835,0.503728023,0.364690952,0.337564985,0.372817029,0.10393957,0.231662241,0.211057799,0.215296886,0.005507009,0.495415081,0.10297819,0.20174165,0.241936773,0.205871519,0.200962438,0.183651876,0.68292048,1,0.152783783,0.448363769,0.089105662,0.022752968,0.240539578,0.145557982,0.16097223,0.093724429,0.387304288,0.191995452,0.191688812,0.138121916,0.325993911,0.046754822,0.355441303,0.685397566,0.127696429,0.086848169,0.688653065,0.017752193,0.039284687,0.004259443,0.465089336,0.359074712,0.321041219,0.076075786,0.087596714,0.192372999,0.196903874,0.279621516,0.177167078,0.46703814,0.452670843,0.154330447,0.469693706,0.263601455,0.587476227,0.209772104,0.336519757
Haemophilus_influenzae_NTHi_86_028NP,0.148041125,0.192047426,0.025426753,0.009442848,0.007963936,0.12792072,0.006857988,0.046797259,0.016318779,0.053185658,0.052854171,0.055347156,0.111623177,0.039620833,0.026541317,0.054371241,0.025302006,0.011048871,0.031051458,0.023979862,0.033083123,0.020631092,0.033780308,0.03282973,0.015853062,0.017243157,0.004334459,0.018055856,0.024409264,0.01269978,0.038438808,0.054791853,0.077146502,0.268134967,0.292977548,0.004131534,0.012906461,0.008758674,0.224962437,0.05121023,0.205824196,0.039503758,0.305431391,0.145675261,0.243440931,0.010923097,0.093994335,0.011343017,0.01821122,0.254855046,0.020905318,0.012407849,0.005995497,0.185073585,0.012476729,0.011840627,0.019259289,0.018355482,0.019817165,0.012338496,0.161578931,0.093188466,0.027813804,0.112114166,0.006870872,0.0042758,0.093322021,0.014512069,0.005556961,0.18798564,0.007617971,0.043240601,0.014292431,0.008916358,0.095592349,0.085181394,0.218876377,0.071307428,0.343134275,0.120727366,0.157538966,0.264048626,0.109532342,0.168292471,0.222312008,0.245114489,0.278675465,0.083744878,0.288535855,0.310468931,0.195786007,0.127161442,0.334348043,0.098195359,0.168023093,0.3564387,0.270544593,0.175566885,0.267378518,0.15960914,0.254201983,0.111194667,0.24534592,0.287409086,0.109036704,0.013726986,0.191763575,0.178583646,0.168678829,0.237826535,0.171079555,0.151288414,0.293877601,0.157238076,0.152783783,1,0.099797148,0.015733007,0.055339847,0.041880263,0.025700553,0.215738913,0.017618662,0.076347783,0.0330638,0.032154519,0.024387598,0.070135471,0.0082553,0.064059328,0.164430721,0.022546815,0.172106431,0.178182788,0.083437621,0.120829728,0.015272545,0.105524045,0.076360184,0.326482851,0.013432378,0.015407242,0.033539468,0.07167006,0.049216621,0.525624364,0.269678354,0.210162497,0.500998703,0.074408225,0.4132903,0.101401853,0.036406656,0.052239685
Haemophilus_parasuis_SH0165,0.028249424,0.197405366,0.002537517,0.001506405,0.000794778,0.01656753,0.000697249,0.007100708,0.002263709,0.006910852,0.005274696,0.005523488,0.011180069,0.003954046,0.004253041,0.005685318,0.002525068,0.001102646,0.004946624,0.002393122,0.003301601,0.002058924,0.003371178,0.003276313,0.00158209,0.001720818,0.000432567,0.001801923,0.002435975,0.001267402,0.006857737,0.005468071,0.018187699,0.038069995,0.059499801,0.000412315,0.001288028,0.000874091,0.03713783,0.005684749,0.039603137,0.005998201,0.052325638,0.016579221,0.035547518,0.001090094,0.009380367,0.001132001,0.001817428,0.067484725,0.002086291,0.001238268,0.000598333,0.029148992,0.001245142,0.001181661,0.001922022,0.001831825,0.001977697,0.001231347,0.044968518,0.00934734,0.002775738,0.011188674,0.000685693,0.000426713,0.010326115,0.001448263,0.000554569,0.022954922,0.000760252,0.004315289,0.001426344,0.000889827,0.009591144,0.00850086,0.071344872,0.704469459,0.183827093,0.320212782,0.264251671,0.15258813,0.015980183,0.235800536,0.157262515,0.153608278,0.087849537,0.336912893,0.084876725,0.083138146,0.347847494,0.157899366,0.115824622,0.245672474,0.243079635,0.141522984,0.13992391,0.242176257,0.180070464,0.134064547,0.189837685,0.047804657,0.096440551,0.097421772,0.248008733,0.002285795,0.214336043,0.120631039,0.279176402,0.198999547,0.149284911,0.195447924,0.10380232,0.262874948,0.448363769,0.099797148,1,0.14229186,0.020181732,0.371433775,0.25752793,0.072705192,0.150513047,0.585444113,0.288457974,0.199249042,0.234180514,0.180116855,0.082720799,0.375189369,0.372951946,0.217214813,0.054546211,0.302405747,0.011872022,0.029749075,0.001849023,0.861869159,0.316519892,0.164558833,0.125529066,0.154090984,0.289596249,0.24258349,0.364916124,0.102513022,0.278644715,0.341944259,0.087229484,0.493510065,0.162294039,0.509175653,0.338367069,0.353426914
Helicobacter_pullorum_MIT_98_5489,0.003402307,0.044645144,0.000400039,0.000344931,0.000125297,0.002611869,0.000109921,0.001502668,0.000356873,0.001089495,0.000831555,0.000870777,0.001762536,0.000623355,0.000670491,0.00089629,0.000398077,0.000173832,0.000779835,0.000377275,0.000520497,0.000324589,0.000531466,0.00051651,0.000249416,0.000271287,6.82E-05,0.000284073,0.000384031,0.000199806,0.001081121,0.000862041,0.002867288,0.00600173,0.009380136,6.50E-05,0.000203057,0.0001378,0.005854774,0.0008962,0.006243429,0.000945616,0.00824913,0.002613712,0.005604062,0.000171853,0.001478814,0.00017846,0.000286517,0.010638958,0.000328904,0.000195213,9.43E-05,0.004595335,0.000196296,0.000186289,0.000303007,0.000288787,0.000311784,0.000194122,0.007089281,0.001473607,0.000437595,0.001763893,0.000108099,6.73E-05,0.001627911,0.000228318,8.74E-05,0.00361884,0.000119854,0.000680305,0.000224863,0.000140281,0.001512043,0.001340159,0.01124751,0.195442147,0.028980317,0.105695283,0.074664024,0.031464579,0.002519274,0.063762918,0.034393929,0.031581543,0.013849468,0.172753103,0.013380805,0.013106718,0.07049235,0.053702052,0.018982634,0.11544706,0.057556315,0.02231108,0.028640628,0.062059792,0.032496029,0.04193856,0.034651919,0.009727711,0.023822995,0.019595639,0.133275324,0.000559859,0.066801519,0.023820575,0.072780732,0.040426436,0.045714551,0.061190638,0.016364422,0.078355375,0.089105662,0.015733007,0.14229186,1,0.004489435,0.340238333,0.470853051,0.027529762,0.193523672,0.143566693,0.441870535,0.265599615,0.543283582,0.159886525,0.390008464,0.196097812,0.087164655,0.591473396,0.008599203,0.0684569,0.001783094,0.011915132,0.000418828,0.136093986,0.186372342,0.02860659,0.668435659,0.47464884,0.4444731,0.150143256,0.318665256,0.016161164,0.043928303,0.053907467,0.013751717,0.189710147,0.025585634,0.148517814,0.379679765,0.262276128
Klebsiella_pneumoniae_342,0.662831425,0.053585354,0.078391159,0.067098609,0.024552964,0.064999993,0.017193688,0.028999319,0.068318108,0.205253335,0.099312883,0.120830702,0.032181254,0.05300859,0.012825614,0.019891071,0.045595063,0.034063877,0.022064471,0.073930364,0.09699714,0.063606046,0.098690836,0.051510632,0.010619115,0.053160977,0.013363218,0.055666543,0.053423186,0.039153659,0.008489114,0.116969356,0.01901697,0.064102402,0.074890374,0.012737598,0.037234448,0.027003158,0.058352345,0.175618117,0.096969745,0.185301546,0.076002378,0.090802658,0.086589025,0.033676114,0.074976967,0.03339507,0.0443876,0.066526572,0.018319174,0.038253631,0.018484229,0.125117093,0.038465991,0.036504875,0.047462344,0.056590296,0.021897218,0.038039815,0.048624178,0.103444254,0.085750479,0.054169729,0.021183028,0.013182372,0.068129466,0.04474098,0.017132214,0.09698411,0.005357095,0.07378336,0.015947536,0.023286596,0.105520584,0.091040105,0.035354017,0.018561738,0.065753376,0.013216076,0.019837833,0.026827414,0.012307146,0.016298181,0.022884305,0.029356231,0.024171913,0.010774323,0.045654655,0.040745572,0.027942702,0.01302544,0.042403172,0.032448984,0.04942415,0.050259006,0.029949662,0.030447063,0.028365507,0.035978863,0.059158459,0.034825292,0.023236513,0.031083031,0.034515889,0.003362946,0.015721437,0.18382015,0.053703305,0.060423494,0.047362435,0.044795642,0.045109142,0.018094444,0.022752968,0.055339847,0.020181732,0.004489435,1,0.010759854,0.004912971,0.031625822,0.004778792,0.017430903,0.00781434,0.003843416,0.005559079,0.006822268,0.002568807,0.008631395,0.019897786,0.005784498,0.406817905,0.021319373,0.178586211,0.003573859,0.0744202,0.021685905,0.009245504,0.031193739,0.00423403,0.004761175,0.008184182,0.022744702,0.009109701,0.091564762,0.025404819,0.025774666,0.041219587,0.016640114,0.038679455,0.018914228,0.006167098,0.009113361
Lactobacillus_acidophilus_NCFM,0.011564481,0.117426873,0.001079901,0.000931136,0.000338237,0.007050706,0.000296731,0.004056431,0.000963375,0.002941077,0.002244772,0.002350652,0.004757944,0.001682738,0.001809983,0.002419522,0.001074603,0.000469257,0.002105153,0.00101845,0.001405075,0.000876224,0.001434685,0.001394313,0.000673296,0.000732335,0.000184089,0.000766851,0.001036687,0.000539373,0.002918473,0.002327067,0.007740208,0.016201591,0.025321555,0.000175471,0.000548151,0.00037199,0.015804886,0.00241928,0.016854056,0.002552677,0.022268419,0.007055681,0.015128091,0.000463915,0.003992038,0.00048175,0.00077345,0.028719729,0.000887871,0.000526974,0.000254635,0.012405047,0.0005299,0.000502884,0.000817962,0.000779577,0.000841656,0.000524029,0.019137422,0.003977983,0.001181281,0.004761606,0.000291813,0.000181598,0.004394524,0.000616343,0.00023601,0.009769013,0.000323543,0.001836474,0.000607015,0.000378687,0.00408174,0.003617743,0.030362506,0.407874439,0.078231989,0.239547839,0.188954029,0.084938222,0.006800747,0.167330356,0.092845966,0.085253964,0.037386459,0.396625827,0.036121308,0.035381415,0.167173356,0.141305059,0.051243374,0.264214865,0.142445673,0.06022847,0.077315004,0.167529604,0.087722608,0.082203496,0.093542405,0.026259828,0.063874969,0.052898172,0.292072372,0.001410824,0.141781154,0.057008529,0.157302963,0.109100213,0.105585729,0.149481861,0.044175545,0.184574305,0.240539578,0.041880263,0.371433775,0.340238333,0.010759854,1,0.417169609,0.054783884,0.245997028,0.368153311,0.627863142,0.27122368,0.471706443,0.243857881,0.172526769,0.335950847,0.235299853,0.525013998,0.023213437,0.184798512,0.004741513,0.014133596,0.001130621,0.323903678,0.346508432,0.077223119,0.298830463,0.337883368,0.563500567,0.301889692,0.537320065,0.043626853,0.118583882,0.145522508,0.037122581,0.512120079,0.069068086,0.400921911,0.444774747,0.466910425
Lactobacillus_casei_casei_BL23,0.006486823,0.072929788,0.000653482,0.000563459,0.000204678,0.004266602,0.000179561,0.002454673,0.000582968,0.001779737,0.001358381,0.001422453,0.00287918,0.001018277,0.001095277,0.001464128,0.000650276,0.000283962,0.001273894,0.000616296,0.000850255,0.00053023,0.000868173,0.000843742,0.000407432,0.000443159,0.000111398,0.000464045,0.000627332,0.000326391,0.001766059,0.001408181,0.004683841,0.009804087,0.015322861,0.000106183,0.000331703,0.000225103,0.009564028,0.001463982,0.010198914,0.001544704,0.013475313,0.004269612,0.009154479,0.00028073,0.002415706,0.000291522,0.000468038,0.017379202,0.000537278,0.000318889,0.000154088,0.00750668,0.000320659,0.000304311,0.000494974,0.000471746,0.000509312,0.000317106,0.011580649,0.002407201,0.00071483,0.002881396,0.000176585,0.00010989,0.002659263,0.000372968,0.000142817,0.005911533,0.000195786,0.001111307,0.000367323,0.000229155,0.002469988,0.002189209,0.018373297,0.334796114,0.047340611,0.172657851,0.121966937,0.051398761,0.004115343,0.104159505,0.056183983,0.051589826,0.022623709,0.268119131,0.021858127,0.021410395,0.085528813,0.07402653,0.03100896,0.12281329,0.09647134,0.036446121,0.046785715,0.101377375,0.053083679,0.068508465,0.05660542,0.015890639,0.038915901,0.03201033,0.144115686,0.000914553,0.109123193,0.035008921,0.079826868,0.041631854,0.074676711,0.056728161,0.026731997,0.127996919,0.145557982,0.025700553,0.25752793,0.470853051,0.004912971,0.417169609,1,0.043082728,0.116927898,0.257367705,0.527452134,0.383245296,0.597257517,0.21600421,0.22689649,0.320334322,0.142387262,0.518081897,0.014047173,0.111827329,0.00294088,0.019486661,0.000684174,0.242069229,0.316975727,0.046730112,0.340724902,0.307194569,0.469211373,0.168276295,0.512652105,0.026399966,0.071758797,0.088060197,0.022464028,0.24729638,0.041795248,0.229802043,0.632082486,0.39918989
Lactobacillus_delbrueckii_bulgaricus_ATCC_11842,0.036036823,0.169404392,0.014055701,0.003993513,0.004402399,0.09055394,0.001991649,0.05276171,0.008484111,0.038280274,0.029217353,0.030595455,0.061928129,0.021902072,0.011098555,0.015522861,0.012117148,0.006107725,0.014805776,0.013255871,0.018288079,0.011404699,0.018673478,0.018148006,0.008675078,0.005433493,0.002396053,0.009981129,0.013493241,0.007020334,0.035325857,0.030288488,0.065905555,0.187854361,0.20773051,0.002283878,0.007134586,0.004841723,0.170698507,0.011609697,0.121702288,0.033224961,0.166754505,0.091834863,0.19690319,0.006038199,0.051959299,0.006270327,0.010067013,0.142535466,0.011556289,0.006858957,0.003314262,0.139977731,0.006897034,0.006545401,0.010646377,0.01014676,0.010954767,0.00682062,0.109208072,0.05177636,0.011377656,0.053521394,0.003798162,0.002363627,0.057197944,0.008022153,0.003071842,0.127150856,0.004211152,0.02390305,0.007900739,0.004928889,0.05312683,0.047087577,0.173081387,0.062895209,0.310179141,0.148915992,0.175732111,0.227317847,0.028558994,0.18650605,0.191292588,0.165549504,0.111699596,0.109335226,0.21336773,0.205856849,0.127004175,0.133190285,0.27137749,0.154126045,0.156730439,0.22571528,0.23668779,0.218454792,0.216539226,0.13290743,0.212753985,0.082544192,0.190378281,0.201761106,0.174216485,0.019112839,0.212566082,0.102267345,0.146892832,0.147943627,0.167652508,0.158597431,0.219761052,0.180651189,0.16097223,0.215738913,0.072705192,0.027529762,0.031625822,0.054783884,0.043082728,1,0.01701862,0.054069828,0.059953909,0.055537613,0.043303102,0.141383587,0.014464816,0.082938936,0.182448706,0.036346464,0.071499948,0.196596015,0.064727572,0.013645487,0.014715864,0.084302997,0.098837764,0.265774832,0.024299161,0.025248261,0.059420125,0.113509,0.080546675,0.198770615,0.197763445,0.107959921,0.266470734,0.0779359,0.188054691,0.110935644,0.057050885,0.077960532
Lactobacillus_fermentum_IFO_3956,0.004362016,0.049996017,0.000447985,0.000377522,0.000140314,0.00292491,0.000123096,0.001682767,0.000399646,0.001220075,0.00093122,0.000975143,0.001973782,0.000698066,0.000750852,0.001003713,0.000445788,0.000194666,0.0008733,0.000422493,0.00058288,0.000363492,0.000595164,0.000578416,0.00027931,0.000303801,7.64E-05,0.00031812,0.000430059,0.000223753,0.001210697,0.000965359,0.003210943,0.006721057,0.010504377,7.28E-05,0.000227395,0.000154316,0.006556489,0.001003613,0.006991726,0.001058951,0.009237816,0.002926974,0.006275727,0.00019245,0.001656054,0.000199849,0.000320857,0.011914074,0.000368324,0.00021861,0.000105633,0.005146101,0.000219823,0.000208616,0.000339323,0.000323399,0.000349152,0.000217388,0.007938956,0.001650224,0.000490042,0.001975302,0.000121056,7.53E-05,0.001823021,0.000255683,9.79E-05,0.004052571,0.000134218,0.000761842,0.000251814,0.000157094,0.001693266,0.001500782,0.012595562,0.195692534,0.032453707,0.115283719,0.083612763,0.035235716,0.002821217,0.071405122,0.03851616,0.035366699,0.015509374,0.194879237,0.01498454,0.014677603,0.0789411,0.049241272,0.021257768,0.112475593,0.05171717,0.024985139,0.032073306,0.068544715,0.036390789,0.031394765,0.03880507,0.01089361,0.026678263,0.021944243,0.112973141,0.00062696,0.061887738,0.020232636,0.062265331,0.062095906,0.051193597,0.088199548,0.018325754,0.087746535,0.093724429,0.017618662,0.150513047,0.193523672,0.004778792,0.245997028,0.116927898,0.01701862,1,0.148572327,0.16617124,0.166486234,0.161448159,0.060918774,0.275948665,0.11078139,0.097611637,0.22211868,0.009629847,0.076661694,0.002130911,0.008896099,0.000469026,0.154863759,0.132539665,0.032035188,0.192729926,0.303190991,0.197603197,0.149144438,0.178514934,0.018098135,0.04919326,0.060368462,0.015399907,0.155687992,0.02865216,0.166318183,0.122324868,0.145356061
Lactobacillus_gasseri_ATCC_33323,0.023429739,0.167218688,0.002486889,0.001639587,0.000778921,0.016236973,0.000683337,0.007741271,0.002218543,0.006772965,0.005169454,0.005413283,0.010957003,0.003875155,0.004168184,0.005571884,0.002474688,0.001080646,0.004847928,0.002345374,0.003235727,0.002017844,0.003303916,0.003210944,0.001550524,0.001686484,0.000423936,0.001765971,0.002387372,0.001242114,0.00672091,0.005358971,0.017824816,0.037310417,0.058312653,0.000404089,0.001262329,0.000856651,0.036396851,0.005571326,0.03881297,0.005878524,0.05128163,0.01624843,0.034838269,0.001068344,0.009193208,0.001109415,0.001781166,0.066138261,0.002044665,0.001213562,0.000586395,0.028567408,0.001220299,0.001158084,0.001883674,0.001795276,0.001938237,0.001206779,0.044071301,0.009160841,0.002720356,0.010965436,0.000672012,0.000418199,0.010120087,0.001419367,0.000543504,0.022496922,0.000745083,0.004229189,0.001397885,0.000872073,0.009399781,0.00833125,0.069921389,0.568238259,0.158043345,0.259799065,0.225061374,0.161704298,0.015661344,0.218865679,0.156579792,0.150560289,0.080201782,0.313096211,0.083183254,0.081479363,0.258318965,0.135604428,0.118007647,0.188597478,0.200919385,0.138699299,0.153950244,0.203616544,0.196962992,0.137649542,0.16685175,0.052141287,0.107379572,0.106634696,0.174936203,0.002523124,0.189838008,0.092006058,0.239852824,0.21340445,0.158398513,0.16987744,0.101731242,0.23369173,0.387304288,0.076347783,0.585444113,0.143566693,0.017430903,0.368153311,0.257367705,0.054069828,0.148572327,1,0.264463597,0.220246345,0.221878415,0.168374553,0.067994992,0.44461977,0.337302911,0.219392077,0.052794593,0.288825626,0.012385317,0.029645001,0.002026535,0.571109932,0.292071025,0.177836038,0.118643021,0.137465688,0.225260884,0.184538032,0.320282589,0.092850441,0.256781066,0.335121742,0.08548907,0.485601752,0.128421062,0.469540217,0.322483798,0.311330479
Lactobacillus_helveticus_DPC_4571,0.008192192,0.095042496,0.000861962,0.00074322,0.000269976,0.005627779,0.000236847,0.003237789,0.000768953,0.002347528,0.001791747,0.001876259,0.003797727,0.001343139,0.001444704,0.00193123,0.000857733,0.000374555,0.001680305,0.000812913,0.001121512,0.00069939,0.001145146,0.001112922,0.000537416,0.00058454,0.000146937,0.00061209,0.00082747,0.00043052,0.002329486,0.001857434,0.00617813,0.012931892,0.020211324,0.000140058,0.000437527,0.000296917,0.012615247,0.001931037,0.013452681,0.002037512,0.017774352,0.00563175,0.012075039,0.000370291,0.003186391,0.000384526,0.000617357,0.022923701,0.000708686,0.000420624,0.000203246,0.009901541,0.000422959,0.000401395,0.000652886,0.000622248,0.000671798,0.000418273,0.015275232,0.003175172,0.000942883,0.00380065,0.000232921,0.000144949,0.00350765,0.000491956,0.00018838,0.007797494,0.000258248,0.001465849,0.000484511,0.000302263,0.00325799,0.002887634,0.024234944,0.317038221,0.06244372,0.227741011,0.160878138,0.067796545,0.005428265,0.137389588,0.0741084,0.067276824,0.029841368,0.380117994,0.028831542,0.028240969,0.135264753,0.111160075,0.040901771,0.18631163,0.094752363,0.048073554,0.061711795,0.13346832,0.070019004,0.090185871,0.074664288,0.020960241,0.051331269,0.042222609,0.209334813,0.001206324,0.143936845,0.042970088,0.103017448,0.076122009,0.08642863,0.096055107,0.035260325,0.16883187,0.191995452,0.0330638,0.288457974,0.441870535,0.00781434,0.627863142,0.527452134,0.059953909,0.16617124,0.264463597,1,0.339660989,0.564813461,0.257079237,0.219360057,0.398789192,0.187813174,0.5555975,0.018528653,0.147503684,0.003565503,0.016215192,0.000902447,0.25910161,0.389009347,0.061638454,0.384016542,0.365648958,0.654010129,0.239461571,0.60916894,0.034822367,0.094652058,0.116154106,0.029630744,0.383589937,0.055129216,0.320010471,0.548182312,0.558365025
Lactobacillus_hilgardii_ATCC_8290,0.005380188,0.0885929,0.000860586,0.000742033,0.000269545,0.005618791,0.000236468,0.003232618,0.000767725,0.002343779,0.001788885,0.001873262,0.003791662,0.001340994,0.001442396,0.001928146,0.000856364,0.000373957,0.001677622,0.000811615,0.001119721,0.000698273,0.001143317,0.001111144,0.000536558,0.000583606,0.000146703,0.000611113,0.000826148,0.000429833,0.002325765,0.001854467,0.006168262,0.012911238,0.020179044,0.000139835,0.000436828,0.000296443,0.012595099,0.001927953,0.013431195,0.002034258,0.017745965,0.005622755,0.012055753,0.0003697,0.003181302,0.000383912,0.000616371,0.022887089,0.000707555,0.000419952,0.000202922,0.009885727,0.000422283,0.000400754,0.000651844,0.000621254,0.000670725,0.000417605,0.015250836,0.003170101,0.000941377,0.00379458,0.000232549,0.000144717,0.003502047,0.000491171,0.000188079,0.007785041,0.000257835,0.001463507,0.000483737,0.00030178,0.003252786,0.002883022,0.024196237,0.224593399,0.06234399,0.227377282,0.160621197,0.067688266,0.005419595,0.137170161,0.07399004,0.067939885,0.029793708,0.27821361,0.028785494,0.028195865,0.12440222,0.107855395,0.040836446,0.073183271,0.060094749,0.047996775,0.061613234,0.132754217,0.069907176,0.090220447,0.07454504,0.020926765,0.051249287,0.042155174,0.089949939,0.001204397,0.143706961,0.024896466,0.045923139,0.041683705,0.093484883,0.042712897,0.03520401,0.168562225,0.191688812,0.032154519,0.199249042,0.265599615,0.003843416,0.27122368,0.383245296,0.055537613,0.166486234,0.220246345,0.339660989,1,0.391455476,0.282449718,0.130663788,0.346313098,0.187513214,0.242341878,0.01849906,0.147268103,0.00428093,0.018039124,0.000901005,0.216557143,0.406282572,0.06154001,0.185034962,0.194661211,0.283904647,0.100434653,0.483967353,0.034766751,0.094500887,0.115968594,0.02958342,0.322511602,0.055041168,0.315052786,0.424007818,0.409994169
Lactobacillus_johnsonii_NCC_533,0.005000117,0.069204051,0.000620097,0.000534674,0.000194221,0.004048635,0.000170388,0.002329272,0.000553186,0.001688817,0.001288986,0.001349784,0.002732092,0.000966257,0.001039323,0.001389331,0.000617055,0.000269455,0.001208815,0.000584811,0.000806818,0.000503143,0.000823821,0.000800638,0.000386618,0.000420519,0.000105707,0.000440339,0.000595283,0.000309717,0.001675837,0.001336242,0.004444559,0.009303229,0.014540067,0.000100758,0.000314758,0.000213603,0.009075435,0.001389192,0.009677886,0.001465791,0.012786905,0.004051492,0.008686807,0.000266388,0.002292296,0.000276629,0.000444128,0.016491357,0.00050983,0.000302598,0.000146216,0.007123189,0.000304277,0.000288764,0.000469688,0.000447646,0.000483293,0.000300906,0.010989033,0.002284225,0.000678312,0.002734195,0.000167564,0.000104276,0.00252341,0.000353914,0.000135521,0.005609533,0.000185784,0.001054534,0.000348558,0.000217449,0.002343804,0.00207737,0.017434667,0.262588,0.044922139,0.163837343,0.115736058,0.048772971,0.003905104,0.098838347,0.053313732,0.048954276,0.02146794,0.278702353,0.020741469,0.02031661,0.105565679,0.083243086,0.029424817,0.146265972,0.067532706,0.034584212,0.04439559,0.096198347,0.050371813,0.062659431,0.05371364,0.01507884,0.036927819,0.03037503,0.163880812,0.000867832,0.103548457,0.030846604,0.090086809,0.050528344,0.070681846,0.072249062,0.025366349,0.121457988,0.138121916,0.024387598,0.234180514,0.543283582,0.005559079,0.471706443,0.597257517,0.043303102,0.161448159,0.221878415,0.564813461,0.391455476,1,0.264601745,0.238674691,0.290628767,0.135113177,0.612141705,0.01332955,0.106114448,0.002775948,0.012329043,0.000649222,0.221257092,0.300782506,0.044342828,0.423074174,0.406234386,0.542473189,0.190920682,0.493960256,0.025051281,0.068092882,0.083561499,0.021316417,0.294068058,0.03966007,0.230216179,0.511737081,0.406551956
Lactobacillus_paracasei_ATCC_25302,0.010792192,0.089683447,0.002125281,0.001765761,0.000665661,0.013876028,0.000583976,0.007983194,0.001895955,0.005788139,0.004417787,0.004626162,0.009363795,0.003311686,0.003562107,0.004761701,0.002114854,0.000923514,0.004143013,0.002004344,0.002765235,0.001724439,0.002823509,0.002744055,0.00132507,0.00144126,0.000362293,0.001509189,0.002040235,0.001061504,0.005743653,0.004579747,0.01523299,0.031885278,0.049833674,0.000345332,0.00107878,0.000732089,0.031104549,0.004761225,0.033169352,0.005023754,0.043825,0.013885819,0.029772594,0.000913001,0.007856465,0.0009481,0.001522175,0.056521396,0.00174736,0.001037103,0.00050113,0.02441355,0.001042861,0.000989692,0.001609777,0.001534233,0.001656407,0.001031306,0.037663092,0.007828804,0.002324802,0.009371002,0.000574298,0.00035739,0.008648571,0.001212983,0.000464476,0.019225746,0.000636744,0.003614242,0.001194625,0.000745269,0.008033001,0.007119841,0.059754436,0.167503482,0.153963193,0.357336386,0.314614913,0.167161286,0.013384099,0.338752074,0.182723993,0.167782677,0.073577812,0.431092554,0.071087953,0.069631817,0.134042471,0.156846407,0.100848688,0.106019687,0.059221996,0.118531661,0.152158536,0.314716439,0.172641051,0.193518484,0.182394991,0.051680228,0.126563985,0.104105387,0.133091934,0.002974351,0.278356032,0.032926702,0.074440437,0.061593374,0.098900781,0.060535456,0.086938962,0.316017065,0.325993911,0.070135471,0.180116855,0.159886525,0.006822268,0.243857881,0.21600421,0.141383587,0.060918774,0.168374553,0.257079237,0.282449718,0.264601745,1,0.086869579,0.317137057,0.278742258,0.188925845,0.028521986,0.326651325,0.005095641,0.011657862,0.002225101,0.174530884,0.385536406,0.151977703,0.134327622,0.128128552,0.295298789,0.124113185,0.305869665,0.062051177,0.205438721,0.165759759,0.073058491,0.287070772,0.083293414,0.351749092,0.265163991,0.291391406
Lactobacillus_reuteri_SD2112_ATCC_55730,0.001685675,0.023425849,0.000209905,0.000180989,6.57E-05,0.001370479,5.77E-05,0.000788468,0.000187256,0.000571671,0.000436327,0.000456907,0.000924824,0.000327082,0.000351815,0.000470294,0.000208876,9.12E-05,0.000409189,0.000197961,0.000273111,0.000170316,0.000278867,0.000271019,0.000130872,0.000142347,3.58E-05,0.000149057,0.000201506,0.00010484,0.000567277,0.000452323,0.001504501,0.00314918,0.004921871,3.41E-05,0.000106547,7.23E-05,0.003072071,0.000470247,0.003276003,0.000496176,0.004328419,0.001371446,0.002940519,9.02E-05,0.000775951,9.36E-05,0.000150339,0.00558239,0.00017258,0.000102431,4.95E-05,0.002411228,0.000102999,9.77E-05,0.000158991,0.00015153,0.000163597,0.000101858,0.003719832,0.000773219,0.000229611,0.000925536,5.67E-05,3.53E-05,0.000854184,0.000119801,4.59E-05,0.001898849,6.29E-05,0.000356964,0.000117988,7.36E-05,0.000793387,0.000703198,0.005901705,0.115230996,0.015206324,0.055459598,0.03917712,0.016509846,0.001321894,0.033457177,0.018046912,0.016571219,0.007266984,0.094341864,0.007021071,0.006877254,0.036988191,0.028178118,0.009960418,0.066219513,0.02841025,0.011706894,0.015028085,0.032563526,0.017051061,0.022005671,0.018182282,0.005104248,0.012500215,0.010282069,0.074799249,0.000293765,0.035051568,0.012888183,0.03717695,0.029036442,0.02398698,0.036519365,0.008586611,0.041114016,0.046754822,0.0082553,0.082720799,0.390008464,0.002568807,0.172526769,0.22689649,0.014464816,0.275948665,0.067994992,0.219360057,0.130663788,0.238674691,0.086869579,1,0.102894902,0.045736352,0.278198071,0.004512106,0.035920166,0.001085627,0.006293096,0.000219764,0.077880971,0.101816084,0.015010225,0.373845859,0.364212545,0.243042539,0.083020964,0.167207527,0.008479959,0.023049713,0.028285902,0.007215693,0.098793103,0.013425093,0.076677238,0.205131767,0.137619467
Lactobacillus_sakei_sakei_23K,0.016851339,0.1631927,0.002039999,0.001758973,0.00063895,0.013319215,0.000560543,0.007662847,0.001819875,0.005555875,0.004240512,0.004440525,0.008988047,0.003178796,0.003419168,0.004570625,0.00202999,0.000886455,0.003976764,0.001923914,0.002654272,0.001655241,0.002710208,0.002633943,0.001271898,0.001383425,0.000347755,0.001448629,0.001958365,0.001018908,0.005513174,0.004395973,0.014621726,0.030605796,0.047833964,0.000331475,0.001035491,0.000702712,0.029856396,0.004570168,0.031838343,0.004822163,0.042066405,0.013328613,0.028577889,0.000876365,0.007541204,0.000910055,0.001461094,0.054253324,0.001677242,0.000995487,0.000481021,0.023433891,0.001001013,0.000949978,0.001545181,0.001472668,0.001589939,0.000989923,0.03615176,0.007514653,0.002231513,0.008994965,0.000551253,0.000343049,0.008301524,0.001164309,0.000445837,0.018454262,0.000611193,0.003469211,0.001146688,0.000715363,0.007710655,0.006834138,0.05735663,0.286393641,0.137689106,0.417709486,0.322212989,0.160453493,0.012847026,0.296987781,0.171143061,0.153681743,0.070013833,0.472124816,0.068235359,0.066837655,0.174920522,0.184628544,0.096801865,0.143850597,0.13903226,0.113775262,0.146052769,0.240318443,0.165713367,0.212997844,0.149962009,0.049606421,0.121485267,0.09992788,0.173194619,0.002854997,0.301374311,0.044339655,0.085784013,0.13595828,0.177872286,0.116699685,0.083450304,0.351687877,0.355441303,0.064059328,0.375189369,0.196097812,0.008631395,0.335950847,0.320334322,0.082938936,0.11078139,0.44461977,0.398789192,0.346313098,0.290628767,0.317137057,0.102894902,1,0.378713592,0.235067671,0.043851601,0.324778207,0.008796799,0.037718879,0.002135813,0.360641359,0.516270708,0.145879192,0.165107824,0.16560399,0.401433697,0.166860275,0.548702486,0.075715009,0.218449672,0.255175613,0.070126824,0.397310241,0.10297641,0.396383956,0.450038451,0.518667982
Lactobacillus_salivarius_HO66_ATCC_11741,0.036829401,0.266545358,0.004589467,0.00285774,0.001437471,0.029964771,0.001261075,0.016930783,0.004094245,0.012499273,0.009540049,0.009990026,0.02022077,0.007151464,0.007692239,0.010282719,0.00456695,0.001994294,0.008946684,0.004328306,0.005971423,0.003723862,0.006097263,0.005925686,0.002861439,0.003112348,0.000782359,0.003259038,0.004405812,0.002292279,0.012403208,0.009889796,0.032895081,0.068855084,0.107613984,0.000745732,0.002329585,0.001580919,0.06716913,0.009662673,0.071627994,0.010848613,0.094638474,0.029985915,0.064292821,0.001971592,0.016965748,0.002047387,0.003287081,0.122055874,0.003773359,0.002239586,0.001082173,0.052720163,0.002252019,0.002137204,0.003476255,0.00331312,0.00357695,0.002227068,0.081332061,0.016906015,0.005020324,0.020236333,0.001240176,0.000771771,0.01867627,0.002619393,0.001003018,0.041517292,0.001375025,0.007804823,0.002579749,0.001609381,0.01734697,0.015375034,0.129037506,0.316521859,0.33247785,0.589461193,0.566743624,0.360978644,0.028902469,0.483206258,0.37585995,0.301821298,0.155204678,0.413134394,0.153511817,0.150367347,0.361381794,0.373406446,0.21777903,0.211886364,0.223720576,0.25596476,0.328580759,0.466337811,0.372811995,0.31295312,0.334047258,0.11160155,0.252756269,0.224811751,0.211102154,0.005943833,0.615106775,0.089552375,0.165261729,0.228294113,0.216811806,0.25725232,0.187741489,0.602502626,0.685397566,0.164430721,0.372951946,0.087164655,0.019897786,0.235299853,0.142387262,0.182448706,0.097611637,0.337302911,0.187813174,0.187513214,0.135113177,0.278742258,0.045736352,0.378713592,1,0.12491479,0.084545505,0.668607585,0.020222206,0.052888019,0.004586038,0.393044733,0.344040051,0.328190257,0.074418611,0.085688577,0.188182497,0.192497757,0.273530462,0.173118382,0.458895323,0.39548728,0.157767122,0.407722887,0.263307621,0.502994422,0.205202594,0.299734516
Lactobacillus_ultunensis_DSM_16047,0.005794655,0.062419942,0.000573292,0.000494317,0.000179561,0.003743043,0.000157527,0.002153458,0.000511432,0.001561344,0.001191693,0.001247902,0.002525873,0.000893324,0.000960874,0.001284464,0.00057048,0.000249117,0.001117573,0.000540669,0.000745919,0.000465165,0.000761638,0.000740206,0.000357436,0.000388778,9.77E-05,0.000407102,0.000550351,0.00028634,0.001549344,0.001235382,0.004109082,0.008601018,0.013442578,9.32E-05,0.000291,0.00019748,0.008390418,0.001284335,0.008947396,0.001355152,0.011821745,0.003745684,0.008031124,0.000246281,0.002119273,0.000255749,0.000410605,0.015246584,0.000471348,0.000279757,0.000135179,0.006585528,0.000281311,0.000266968,0.000434236,0.000413858,0.000446814,0.000278194,0.010159577,0.002111811,0.000627113,0.002527817,0.000154916,9.64E-05,0.002332942,0.000327201,0.000125292,0.005186124,0.000171761,0.000974938,0.000322249,0.000201035,0.002166893,0.001920569,0.016118693,0.268272139,0.041531401,0.151470848,0.107000263,0.045091572,0.003610346,0.091377997,0.049289595,0.045259191,0.019847533,0.257665809,0.019175896,0.018783106,0.101021878,0.076959871,0.027203822,0.153495744,0.077178358,0.031973784,0.041044597,0.088937265,0.046569732,0.053806148,0.049659317,0.013940684,0.034140495,0.028082313,0.171367275,0.000802328,0.095732586,0.032437163,0.099240126,0.061845947,0.057367296,0.082173784,0.023451689,0.1122903,0.127696429,0.022546815,0.217214813,0.591473396,0.005784498,0.525013998,0.518081897,0.036346464,0.22211868,0.219392077,0.5555975,0.242341878,0.612141705,0.188925845,0.278198071,0.235067671,0.12491479,1,0.012323431,0.098104895,0.002663163,0.011965103,0.000600218,0.205356275,0.24325522,0.040995817,0.464662563,0.50669982,0.528804953,0.207210655,0.420855077,0.023160402,0.062953209,0.07725425,0.019707447,0.271871705,0.036666515,0.212839387,0.470046376,0.362191612
Lactococcus_lactis_cremoris_MG1363,0.494521639,0.180210752,0.046520509,0.034557473,0.01457073,0.121037708,0.01278272,0.042955787,0.040792797,0.123344132,0.096701411,0.101262549,0.078556612,0.067762652,0.024484156,0.034456002,0.046292273,0.020214893,0.030604185,0.043873291,0.060528518,0.03774642,0.061804081,0.060064914,0.014934867,0.03154789,0.007930279,0.033034796,0.044658921,0.023098521,0.034846119,0.100148163,0.084243514,0.196862633,0.232685363,0.00755901,0.022635707,0.016024774,0.180095937,0.104218949,0.236616376,0.109965491,0.246453486,0.154404785,0.19971096,0.019984779,0.111341176,0.020753059,0.033319048,0.207694331,0.024931666,0.022701264,0.010969295,0.239680831,0.022827287,0.021663481,0.035236583,0.033582988,0.028306994,0.022574377,0.162641144,0.144818821,0.05088783,0.092362498,0.012570872,0.007822957,0.10638168,0.026551121,0.010166954,0.190131482,0.007631171,0.079112529,0.02044953,0.01631327,0.146933777,0.126986847,0.142080773,0.039157052,0.184008812,0.071406578,0.093080808,0.134394939,0.065116143,0.099127801,0.145009245,0.162703943,0.199053019,0.040836069,0.191150394,0.182036187,0.08919556,0.070067423,0.183439905,0.055212369,0.093019038,0.211389891,0.139214653,0.10645478,0.136675248,0.13620701,0.187038274,0.106269042,0.182573803,0.189115876,0.06032288,0.015696904,0.088138881,0.332038065,0.092194929,0.14155422,0.126012386,0.085037141,0.198642619,0.091653581,0.086848169,0.172106431,0.054546211,0.008599203,0.406817905,0.023213437,0.014047173,0.071499948,0.009629847,0.052794593,0.018528653,0.01849906,0.01332955,0.028521986,0.004512106,0.043851601,0.084545505,0.012323431,1,0.098332358,0.234385668,0.093038966,0.043295959,0.057935925,0.038938774,0.158248795,0.007341746,0.008453581,0.018565088,0.039312797,0.026985066,0.262954916,0.117029386,0.112240785,0.161723466,0.045328113,0.157735653,0.055628498,0.020244201,0.031560895
Megamonas_hypermegale_ART12_1,0.03733327,0.293182367,0.005843667,0.004136585,0.0018303,0.03815348,0.001605699,0.02175437,0.005213112,0.015915048,0.012147133,0.01272008,0.025746658,0.0091058,0.009794357,0.013092758,0.005814997,0.002539291,0.011391615,0.005511137,0.007603281,0.004741511,0.00776351,0.007545045,0.003643407,0.003962883,0.000996161,0.004149661,0.005609823,0.002719903,0.015314301,0.012278806,0.041884578,0.087671654,0.137022503,0.000949524,0.002966209,0.00201295,0.085524966,0.01303892,0.091202339,0.013813298,0.120501074,0.038180402,0.081862625,0.002510385,0.021602111,0.002606892,0.004185367,0.155411041,0.004804534,0.002851616,0.001377906,0.067127417,0.002867446,0.002721255,0.004426238,0.004218522,0.004554451,0.002835677,0.103558312,0.021526054,0.006392267,0.025766475,0.001579088,0.00098268,0.023780081,0.003335215,0.00127712,0.052863048,0.001750789,0.009937708,0.003284737,0.002049189,0.022087513,0.01957669,0.164300599,0.24566037,0.410903282,0.617512511,0.777795857,0.459626114,0.035218612,0.589699027,0.443863112,0.400348985,0.180545348,0.380744715,0.195463198,0.191459413,0.345321465,0.326386063,0.277293217,0.174171639,0.190355454,0.32591426,0.418374605,0.559455248,0.474693258,0.446499068,0.4092475,0.139195504,0.328550319,0.286247825,0.174546264,0.00752905,0.602874851,0.081997529,0.137627249,0.260465521,0.246491466,0.203660019,0.239047081,0.735084162,0.688653065,0.178182788,0.302405747,0.0684569,0.021319373,0.184798512,0.111827329,0.196596015,0.076661694,0.288825626,0.147503684,0.147268103,0.106114448,0.326651325,0.035920166,0.324778207,0.668607585,0.098104895,0.098332358,1,0.020775144,0.050922076,0.005930107,0.312468566,0.315136966,0.417877387,0.058446482,0.067297626,0.147793741,0.155478412,0.214823858,0.210356485,0.583534147,0.449344265,0.200881383,0.327826279,0.30219188,0.417358623,0.161160891,0.261010792
Methanobrevibacter_smithii_DSM_2375,0.218592338,0.040347251,0.193349502,0.058854852,0.05127602,0.213772307,0.047444555,0.200205902,0.09700885,0.171775404,0.272548616,0.368049334,0.183807959,0.18552095,0.043506158,0.152189969,0.141179786,0.056127909,0.093753496,0.182347082,0.233666061,0.136648626,0.256871399,0.249643038,0.057448419,0.08249332,0.032959988,0.11200986,0.182222728,0.09518263,0.173375158,0.200590098,0.21495146,0.188080495,0.141400474,0.031416914,0.055799588,0.066602499,0.154560999,0.153740573,0.132377964,0.248252357,0.169316121,0.323661239,0.201245916,0.061072207,0.264972766,0.086254295,0.1220606,0.118024984,0.142013336,0.094351463,0.045590812,0.25997275,0.094875243,0.090038206,0.146451015,0.139578311,0.126918934,0.093824092,0.085934125,0.273345174,0.194820976,0.238497762,0.05224732,0.032513935,0.308970864,0.110352319,0.039418932,0.270634721,0.042307973,0.285198867,0.101136388,0.06780155,0.231228096,0.338822398,0.06840426,0.008843625,0.052275758,0.012841036,0.018212615,0.040395153,0.072785508,0.021683472,0.042359992,0.051838531,0.126670522,0.007680734,0.088059241,0.095859713,0.027963068,0.022769148,0.07486336,0.012774975,0.022283279,0.064969147,0.044270924,0.024340018,0.039895534,0.031393802,0.044997702,0.05721161,0.058133452,0.072379407,0.013664518,0.087173404,0.021639351,0.079219849,0.021785484,0.035219325,0.029303656,0.020175474,0.084353402,0.018740769,0.017752193,0.083437621,0.011872022,0.001783094,0.178586211,0.004741513,0.00294088,0.064727572,0.002130911,0.012385317,0.003565503,0.00428093,0.002775948,0.005095641,0.001085627,0.008796799,0.020222206,0.002663163,0.234385668,0.020775144,1,0.083059717,0.150875422,0.013047179,0.00698873,0.049585744,0.001607903,0.001911006,0.003172244,0.009045145,0.005309984,0.098130933,0.035590864,0.03422178,0.105355389,0.008948362,0.061653769,0.011145905,0.004563116,0.006301679
Methanosphaera_stadtmanae_DSM_3091,0.078020852,0.125286583,0.022643282,0.017288378,0.007009991,0.091482331,0.006221831,0.078914951,0.01641641,0.041767194,0.047068216,0.049288293,0.051403279,0.025493532,0.014753809,0.049051522,0.022532191,0.009839349,0.021956392,0.021354782,0.029461507,0.018372603,0.030082372,0.029235854,0.014117625,0.015355545,0.003859965,0.016079278,0.021737177,0.011309532,0.041967857,0.048793779,0.045977681,0.154934762,0.146514891,0.003679255,0.011038907,0.007799861,0.112408176,0.050727284,0.093590142,0.053524342,0.181625467,0.134467642,0.125426787,0.009727344,0.083704758,0.010101295,0.016217635,0.113564508,0.018616809,0.011049559,0.005339169,0.174618497,0.0111109,0.010544431,0.017150971,0.016346104,0.017647776,0.010987799,0.105851707,0.068142796,0.024769022,0.072376749,0.006118717,0.003807727,0.092144046,0.01292343,0.004948639,0.143016673,0.00678403,0.038507045,0.012727836,0.007940282,0.025544068,0.075856571,0.081550264,0.021749932,0.053320007,0.042820201,0.051732502,0.089752688,0.05814287,0.081375258,0.134957792,0.158752624,0.137363538,0.031798091,0.12048496,0.134985757,0.024637699,0.053152715,0.132648504,0.013119322,0.025603567,0.122927823,0.087238193,0.065203711,0.087202205,0.070114531,0.098848727,0.04352971,0.203975115,0.226508675,0.014202535,0.013809753,0.06308096,0.011002755,0.011143047,0.046236605,0.05571262,0.026589455,0.149212269,0.055279759,0.039284687,0.120829728,0.029749075,0.011915132,0.003573859,0.014133596,0.019486661,0.013645487,0.008896099,0.029645001,0.016215192,0.018039124,0.012329043,0.011657862,0.006293096,0.037718879,0.052888019,0.011965103,0.093038966,0.050922076,0.083059717,1,0.018300843,0.030250373,0.024543723,0.110809633,0.010738998,0.011236982,0.015630404,0.014273698,0.023470977,0.087468037,0.04032032,0.048083775,0.105848427,0.017984914,0.080250504,0.024300873,0.022795933,0.023388659
Mitsuokella_multacida_DSM_20544,0.0690035,0.008714253,0.266124188,0.249802215,0.135116891,0.042431909,0.074238248,0.054722381,0.179612467,0.315267587,0.136972359,0.141017729,0.061154272,0.109543459,0.014030264,0.310963532,0.066538914,0.182280324,0.017620599,0.308494821,0.132862369,0.207226625,0.181605012,0.184692559,0.048532787,0.077242487,0.128680294,0.261328469,0.262553365,0.227550113,0.168952027,0.160791764,0.130865948,0.032457383,0.023677198,0.124087283,0.288896086,0.227604844,0.028633064,0.382433171,0.027360386,0.344824538,0.026606628,0.064239189,0.034314115,0.256971125,0.074761307,0.189393111,0.334108583,0.016584227,0.168899727,0.29387574,0.225216926,0.042934652,0.268383717,0.25168312,0.301422914,0.381246948,0.200525028,0.255724053,0.017099971,0.069396503,0.244298428,0.040317074,0.203479483,0.16027044,0.080558966,0.199172885,0.144195039,0.049456903,0.028167618,0.140268313,0.210775489,0.206174838,0.123819661,0.111136202,0.015560559,0.001395064,0.011523757,0.003904378,0.005485707,0.010999927,0.014091864,0.006542259,0.009985566,0.009762153,0.024838675,0.002329445,0.017739406,0.018358775,0.003418198,0.00426048,0.01605462,0.002683264,0.004364445,0.012711415,0.011810892,0.006105217,0.010685931,0.006166088,0.009551575,0.010809827,0.01490051,0.016879989,0.002938054,0.173528028,0.005908306,0.014864035,0.00389438,0.006817197,0.006552945,0.003987692,0.015703874,0.005248472,0.004259443,0.015272545,0.001849023,0.000418828,0.0744202,0.001130621,0.000684174,0.014715864,0.000469026,0.002026535,0.000902447,0.000901005,0.000649222,0.002225101,0.000219764,0.002135813,0.004586038,0.000600218,0.043295959,0.005930107,0.150875422,0.018300843,1,0.002017835,0.002158443,0.012721444,0.000357583,0.000411736,0.000904221,0.001914748,0.00131432,0.014513946,0.007042156,0.004982943,0.017151885,0.001868018,0.0093141,0.002444127,0.000986003,0.001596898
Pasteurella_multocida_multocida_Pm70,0.029557325,0.216417859,0.002695209,0.001645447,0.000844169,0.017597101,0.000740579,0.007705474,0.002404385,0.007340319,0.005602486,0.005866739,0.011874842,0.004199766,0.004517342,0.006038626,0.002681986,0.001171169,0.005254027,0.00254184,0.003506776,0.002186874,0.003580677,0.003479916,0.001680408,0.001827756,0.000459448,0.001913901,0.002587356,0.001346163,0.007283903,0.005807878,0.019317954,0.040435813,0.063197351,0.000437938,0.001368071,0.00092841,0.03944572,0.006038021,0.042064231,0.006370952,0.055577358,0.017609518,0.037756579,0.001157837,0.009963299,0.001202348,0.00193037,0.07167849,0.002215941,0.001315219,0.000635516,0.030960425,0.00132252,0.001255094,0.002041464,0.001945662,0.002100598,0.001307867,0.047763038,0.00992822,0.002948234,0.011883982,0.000728305,0.00045323,0.01096782,0.001538264,0.000589032,0.02438143,0.000807497,0.004583458,0.001514982,0.000945124,0.010187176,0.009029137,0.075778521,0.675050957,0.195250826,0.311208313,0.28557707,0.164828232,0.016973254,0.247112209,0.170493215,0.165897451,0.09330885,0.318525202,0.090151296,0.088304676,0.393788853,0.162646604,0.123471574,0.280373789,0.268130165,0.150317776,0.151106601,0.269682548,0.192951226,0.132584077,0.203534704,0.051681629,0.105615432,0.105155411,0.268185657,0.002511349,0.237442347,0.128445708,0.309669389,0.218568409,0.168865145,0.22919492,0.110253001,0.289712828,0.465089336,0.105524045,0.861869159,0.136093986,0.021685905,0.323903678,0.242069229,0.084302997,0.154863759,0.571109932,0.25910161,0.216557143,0.221257092,0.174530884,0.077880971,0.360641359,0.393044733,0.205356275,0.057935925,0.312468566,0.013047179,0.030250373,0.002017835,1,0.306217846,0.175978135,0.115541448,0.142984042,0.251549585,0.288241759,0.349759466,0.108883582,0.282473557,0.347668608,0.092650265,0.47547233,0.172379624,0.506450076,0.316099343,0.341153188
Pediococcus_pentosaceus_ATCC_25745,0.013659729,0.150721892,0.002061614,0.001528725,0.00064572,0.013460342,0.000566482,0.007744041,0.001839158,0.005614743,0.004285443,0.004487576,0.009083282,0.003212477,0.003455397,0.004619055,0.0020515,0.000895848,0.0040189,0.001944299,0.002682396,0.001672779,0.002738925,0.002661851,0.001285374,0.001398084,0.00035144,0.001463978,0.001979116,0.001029705,0.00557159,0.004442551,0.014776654,0.030930087,0.048340801,0.000334987,0.001046462,0.000710158,0.030172747,0.004618592,0.032175694,0.004873257,0.04251213,0.01346984,0.028880693,0.00088565,0.007621108,0.000919698,0.001476575,0.054828178,0.001695014,0.001006035,0.000486118,0.023682191,0.00101162,0.000960044,0.001561553,0.001488272,0.001606786,0.001000412,0.036534815,0.007594276,0.002255157,0.009090274,0.000557094,0.000346684,0.008389484,0.001176646,0.000450561,0.018649799,0.000617669,0.00350597,0.001158838,0.000722943,0.007792356,0.006906551,0.057964366,0.283026374,0.149350902,0.431779994,0.360265246,0.162153617,0.01298315,0.290653245,0.177250111,0.158655694,0.071373634,0.460734324,0.068958363,0.06754585,0.191554239,0.186738586,0.097827553,0.152458166,0.110643379,0.114980796,0.147600307,0.237045364,0.167469225,0.212134347,0.147548146,0.043227645,0.122772495,0.100986691,0.176235213,0.002797086,0.30159744,0.046338946,0.084890343,0.123085811,0.191225251,0.099180303,0.084334523,0.322461893,0.359074712,0.076360184,0.316519892,0.186372342,0.009245504,0.346508432,0.316975727,0.098837764,0.132539665,0.292071025,0.389009347,0.406282572,0.300782506,0.385536406,0.101816084,0.516270708,0.344040051,0.24325522,0.038938774,0.315136966,0.00698873,0.024543723,0.002158443,0.306217846,1,0.147424891,0.165521462,0.179702184,0.388585568,0.177405005,0.57541661,0.077602213,0.226385778,0.225836655,0.07086987,0.438037931,0.12938487,0.487945811,0.389331879,0.488996994
Porphyromonas_gingivalis_ATCC_33277,0.056285081,0.233541122,0.013984166,0.008402259,0.004379993,0.09130305,0.003842513,0.050793185,0.012475218,0.038085449,0.029068653,0.030439741,0.06161295,0.021790603,0.022497268,0.03117231,0.013915557,0.00607664,0.027260663,0.013188406,0.018195003,0.011346656,0.01857844,0.018055643,0.008718842,0.009483364,0.002383859,0.009930331,0.013424568,0.006564581,0.036216294,0.0291556,0.099590364,0.20980234,0.327901215,0.002272255,0.007079818,0.004817082,0.204665216,0.025964199,0.218251433,0.033055864,0.288364668,0.091367475,0.195901064,0.006007468,0.051694855,0.006238415,0.010015778,0.325875244,0.011497474,0.006824049,0.003297394,0.160639026,0.006861932,0.006512089,0.010592193,0.010095119,0.010899013,0.006785906,0.244173574,0.051512847,0.015296992,0.061660371,0.003778831,0.002351598,0.056906839,0.007981324,0.003056208,0.12650373,0.00418972,0.023781397,0.007860528,0.004903804,0.051975372,0.046847928,0.379766698,0.130262045,0.577963002,0.270651534,0.38143941,0.752059875,0.071725152,0.388820908,0.558497477,0.554196892,0.321891048,0.159104607,0.467752512,0.458171269,0.243467749,0.263067843,0.661187498,0.111098494,0.124941419,0.600590093,0.775786278,0.422144201,0.787544923,0.388244267,0.547777429,0.219798001,0.616521814,0.566641439,0.1121173,0.015018432,0.41226733,0.089162556,0.124396771,0.228599299,0.257297605,0.136313464,0.528182876,0.364641249,0.321041219,0.326482851,0.164558833,0.02860659,0.031193739,0.077223119,0.046730112,0.265774832,0.032035188,0.177836038,0.061638454,0.06154001,0.044342828,0.151977703,0.015010225,0.145879192,0.328190257,0.040995817,0.158248795,0.417877387,0.049585744,0.110809633,0.012721444,0.175978135,0.147424891,1,0.024423463,0.028122156,0.061759662,0.100162291,0.089770033,0.341814979,0.472213097,0.327527491,0.431673534,0.15079104,0.436145452,0.192613866,0.067345492,0.109070508
Proteus_mirabilis_HI4320,0.003622539,0.038116707,0.000341542,0.000294492,0.000106975,0.002229937,9.38E-05,0.001282933,0.000304688,0.000930179,0.000709957,0.000743444,0.001504802,0.000532202,0.000572446,0.000765226,0.000339866,0.000148413,0.0006658,0.000322107,0.000444385,0.000277125,0.00045375,0.000440981,0.000212944,0.000231617,5.82E-05,0.000242533,0.000327874,0.000170588,0.000923029,0.000735985,0.002448006,0.0051241,0.008008483,5.55E-05,0.000173364,0.00011765,0.004998633,0.000765149,0.005330456,0.000807339,0.007042864,0.00223151,0.004784582,0.000146723,0.001262567,0.000152364,0.00024462,0.009083229,0.000280808,0.000166667,8.05E-05,0.003923361,0.000167592,0.000159048,0.000258698,0.000246558,0.000266192,0.000165735,0.006052619,0.001258122,0.000373606,0.00150596,9.23E-05,5.74E-05,0.001389862,0.000194932,7.46E-05,0.003089659,0.000102327,0.000580824,0.000191981,0.000119768,0.001290937,0.001144189,0.009602792,0.165746095,0.02474254,0.090239515,0.063745941,0.026863529,0.002150882,0.054438898,0.029364522,0.02696339,0.011824267,0.153353016,0.011424136,0.011190129,0.060184289,0.045849228,0.016206813,0.125402129,0.060954878,0.019048542,0.024452524,0.05298482,0.027744151,0.035365995,0.029584786,0.008305232,0.02033937,0.016730178,0.111226144,0.000477991,0.057033167,0.020334005,0.072482048,0.035879702,0.037709312,0.069556115,0.013971461,0.066897507,0.076075786,0.013432378,0.125529066,0.668435659,0.00423403,0.298830463,0.340724902,0.024299161,0.192729926,0.118643021,0.384016542,0.185034962,0.423074174,0.134327622,0.373845859,0.165107824,0.074418611,0.464662563,0.007341746,0.058446482,0.001607903,0.010738998,0.000357583,0.115541448,0.165521462,0.024423463,1,0.599217864,0.39545979,0.151273916,0.271497277,0.013797925,0.037504689,0.046024605,0.01174081,0.160680039,0.021844259,0.126800129,0.340216367,0.223923621
Proteus_penneri_ATCC_35198,0.004124584,0.043889107,0.000393265,0.00033909,0.000123175,0.002567639,0.00010806,0.001477221,0.00035083,0.001071045,0.000817473,0.000856031,0.001732689,0.000612799,0.000659137,0.000881112,0.000391335,0.000170888,0.000766629,0.000370886,0.000511683,0.000319092,0.000522466,0.000507764,0.000245193,0.000266693,6.70E-05,0.000279262,0.000377528,0.000196422,0.001062813,0.000847443,0.002818733,0.005900094,0.009221289,6.39E-05,0.000199619,0.000135467,0.005755627,0.000881023,0.006137701,0.000929602,0.008109436,0.00256945,0.00550916,0.000168943,0.001453771,0.000175438,0.000281665,0.010458794,0.000323334,0.000191907,9.27E-05,0.004517516,0.000192972,0.000183134,0.000297875,0.000283897,0.000306504,0.000190834,0.006969229,0.001448652,0.000430184,0.001734023,0.000106269,6.61E-05,0.001600343,0.000224452,8.59E-05,0.003557558,0.000117824,0.000668784,0.000221055,0.000137906,0.001486437,0.001317465,0.01105704,0.207629716,0.028489554,0.103905401,0.073399636,0.030931746,0.002476611,0.062683134,0.03381149,0.031046729,0.013614936,0.176752619,0.013154209,0.012884764,0.069293695,0.052792642,0.018661175,0.142605371,0.071218352,0.021933256,0.028155618,0.061008849,0.031945729,0.036062839,0.034065111,0.009562978,0.023419568,0.019263799,0.130528504,0.000550378,0.065670278,0.024004383,0.081507929,0.041108013,0.04213546,0.071300382,0.016087301,0.077028476,0.087596714,0.015407242,0.154090984,0.47464884,0.004761175,0.337883368,0.307194569,0.025248261,0.303190991,0.137465688,0.365648958,0.194661211,0.406234386,0.128128552,0.364212545,0.16560399,0.085688577,0.50669982,0.008453581,0.067297626,0.001911006,0.011236982,0.000411736,0.142984042,0.179702184,0.028122156,0.599217864,1,0.416034394,0.178377501,0.304448426,0.015887485,0.043184405,0.052994579,0.01351884,0.181751342,0.025152357,0.14600276,0.305893256,0.253002297
Pseudomonas_aeruginosa_LESB58,0.008577527,0.089088612,0.000863657,0.000744682,0.000270507,0.005638846,0.000237312,0.003244156,0.000770465,0.002352144,0.00179527,0.001879948,0.003805195,0.00134578,0.001447545,0.001935028,0.00085942,0.000375291,0.001683609,0.000814512,0.001123717,0.000700766,0.001147398,0.00111511,0.000538473,0.000585689,0.000147226,0.000613294,0.000829097,0.000431367,0.002334067,0.001861086,0.006190279,0.012957322,0.020251068,0.000140334,0.000438387,0.000297501,0.012640055,0.001934834,0.013479135,0.002041519,0.017809304,0.005642824,0.012098784,0.000371019,0.003192657,0.000385282,0.000618571,0.022968779,0.00071008,0.000421451,0.000203646,0.009921012,0.000423791,0.000402184,0.00065417,0.000623471,0.000673119,0.000419095,0.01530527,0.003181416,0.000944737,0.003808124,0.000233379,0.000145234,0.003514547,0.000492924,0.00018875,0.007812828,0.000258756,0.001468731,0.000485464,0.000302857,0.003264396,0.002893312,0.0242826,0.325529493,0.062566512,0.22818885,0.161194495,0.067929863,0.005438939,0.137659757,0.074254129,0.06818238,0.029900049,0.385671817,0.028888237,0.028296503,0.123446634,0.115939038,0.040982202,0.190050286,0.091410549,0.048168088,0.061833148,0.133982825,0.070156692,0.087853343,0.074811111,0.021001458,0.051432209,0.042305637,0.226985341,0.001208696,0.144219888,0.041714201,0.108237814,0.076167829,0.084677262,0.100589195,0.035329662,0.169163867,0.192372999,0.033539468,0.289596249,0.4444731,0.008184182,0.563500567,0.469211373,0.059420125,0.197603197,0.225260884,0.654010129,0.283904647,0.542473189,0.295298789,0.243042539,0.401433697,0.188182497,0.528804953,0.018565088,0.147793741,0.003172244,0.015630404,0.000904221,0.251549585,0.388585568,0.061759662,0.39545979,0.416034394,1,0.241307911,0.581775769,0.034890843,0.094838185,0.116382516,0.029689011,0.374562869,0.055237625,0.317011439,0.513748052,0.493708244
Salmonella_enterica_sv_Heidelberg_SL476_CVM30485,0.02293332,0.204103277,0.001828851,0.001576913,0.000572816,0.011940627,0.000502524,0.006869714,0.001631511,0.004980821,0.003801603,0.003980914,0.008057751,0.002849778,0.003065271,0.004097549,0.001819879,0.000794704,0.003565154,0.001724782,0.002379545,0.001483917,0.002429691,0.00236132,0.001140252,0.001240236,0.000311761,0.00129869,0.001755667,0.000913448,0.004613227,0.003940973,0.013108323,0.027437983,0.042882972,0.000297166,0.000928313,0.000629979,0.026766149,0.004097138,0.028542956,0.004323051,0.037712376,0.011949053,0.025619972,0.000785658,0.006760661,0.000815861,0.001309865,0.048637904,0.001503641,0.00089245,0.000431234,0.021008397,0.000897405,0.000851652,0.001385249,0.001320241,0.001425375,0.000887462,0.032409919,0.006736858,0.002000543,0.008063953,0.000494196,0.000307542,0.007442285,0.001043799,0.000399691,0.016544177,0.000547932,0.003110135,0.001028001,0.00064132,0.006912574,0.006126779,0.051420006,0.293631376,0.132488713,0.176038207,0.177652703,0.10003045,0.00938298,0.147485032,0.11642257,0.113164465,0.054448653,0.210721121,0.061172746,0.05991971,0.219236313,0.110214798,0.086782513,0.685330795,0.379706033,0.1019991,0.101495753,0.177374349,0.098833844,0.069070717,0.158417458,0.031253191,0.092998884,0.089584974,0.627239563,0.002548446,0.171735759,0.115474426,0.380792445,0.228279697,0.208077071,0.420286843,0.074812888,0.196061795,0.196903874,0.07167006,0.24258349,0.150143256,0.022744702,0.301889692,0.168276295,0.113509,0.149144438,0.184538032,0.239461571,0.100434653,0.190920682,0.124113185,0.083020964,0.166860275,0.192497757,0.207210655,0.039312797,0.155478412,0.009045145,0.014273698,0.001914748,0.288241759,0.177405005,0.100162291,0.151273916,0.178377501,0.241307911,1,0.241052949,0.07388366,0.101880748,0.1241305,0.062868438,0.235099948,0.103198686,0.226613462,0.188611009,0.234325632
Staphylococcus_saprophyticus_saprophyticus_ATCC_15305,0.011378166,0.13505502,0.001255359,0.001082423,0.000393192,0.008196278,0.000344943,0.004715505,0.001119901,0.003418932,0.002609494,0.002732577,0.005530996,0.001956143,0.002104062,0.002812637,0.0012492,0.0005455,0.002447191,0.001183924,0.001633366,0.00101859,0.001667787,0.001620856,0.000782691,0.000851322,0.000213999,0.000891446,0.001205124,0.000627008,0.003392655,0.00270516,0.008997807,0.018833963,0.029435703,0.00020398,0.000637212,0.00043243,0.018372803,0.002812355,0.019592438,0.002967426,0.025886506,0.008202061,0.017586045,0.000539291,0.004640649,0.000560023,0.000899117,0.033385999,0.001032129,0.000612595,0.000296007,0.014420571,0.000615996,0.00058459,0.000950862,0.000906239,0.000978405,0.000609171,0.022246796,0.00462431,0.001373211,0.005535254,0.000339226,0.000211103,0.005108529,0.000716484,0.000274356,0.011356244,0.000376111,0.002134857,0.00070564,0.000440215,0.004744925,0.00420554,0.035295689,0.372453651,0.09094282,0.331681226,0.234302368,0.098738655,0.007905706,0.200093725,0.107931219,0.099105698,0.043460866,0.46954392,0.041990158,0.04113005,0.169579874,0.147752289,0.059569199,0.192405366,0.127108277,0.070014159,0.089876847,0.194073989,0.101975437,0.125650503,0.108740813,0.030526424,0.074758684,0.061492862,0.22037271,0.001756886,0.209629127,0.049552867,0.101843798,0.08338684,0.130822617,0.109868245,0.051353016,0.245886155,0.279621516,0.049216621,0.364916124,0.318665256,0.009109701,0.537320065,0.512652105,0.080546675,0.178514934,0.320282589,0.60916894,0.483967353,0.493960256,0.305869665,0.167207527,0.548702486,0.273530462,0.420855077,0.026985066,0.214823858,0.005309984,0.023470977,0.00131432,0.349759466,0.57541661,0.089770033,0.271497277,0.304448426,0.581775769,0.241052949,1,0.050715176,0.137850932,0.169166441,0.043154114,0.512332842,0.080290001,0.450623025,0.57797646,0.668554247
Streptococcus_gordonii_Challis_CH1,0.18742882,0.329759832,0.024753123,0.011221565,0.007752948,0.154969814,0.006801564,0.056241472,0.019158041,0.063622945,0.051453908,0.053880846,0.109059989,0.03857116,0.034958808,0.053161404,0.024631681,0.010756154,0.036328014,0.023344564,0.032206653,0.020084514,0.032885368,0.031959973,0.015433068,0.016786335,0.004219626,0.017577503,0.02376259,0.011684253,0.040192888,0.052487235,0.101880293,0.333769453,0.39126269,0.004022078,0.011954628,0.008526631,0.282737724,0.049927551,0.272326578,0.048370423,0.393926475,0.161727947,0.306819359,0.010633712,0.091504146,0.011042507,0.017728751,0.393093042,0.020351474,0.012079128,0.005836658,0.233758932,0.012146184,0.011526933,0.018749053,0.017869191,0.01929215,0.012011613,0.258970713,0.091181978,0.027076934,0.10914393,0.006688842,0.004162521,0.100729785,0.014127601,0.00540974,0.223922008,0.007416148,0.042095029,0.013913782,0.008680137,0.093560254,0.082924686,0.297934457,0.073590955,0.421683344,0.146574247,0.196363785,0.355789125,0.098912428,0.192925851,0.306341753,0.293342448,0.305402069,0.085011318,0.40120248,0.404143063,0.222418189,0.178739894,0.414327397,0.103764987,0.174818058,0.455728222,0.36438689,0.206803088,0.330591557,0.285033584,0.319618233,0.202943693,0.31770534,0.344078927,0.112945832,0.015473669,0.203043712,0.192936277,0.173269245,0.281750274,0.228949125,0.149552119,0.440084227,0.190234527,0.177167078,0.525624364,0.102513022,0.016161164,0.091564762,0.043626853,0.026399966,0.198770615,0.018098135,0.092850441,0.034822367,0.034766751,0.025051281,0.062051177,0.008479959,0.075715009,0.173118382,0.023160402,0.262954916,0.210356485,0.098130933,0.087468037,0.014513946,0.108883582,0.077602213,0.341814979,0.013797925,0.015887485,0.034890843,0.07388366,0.050715176,1,0.332880594,0.278838294,0.555118091,0.085188719,0.614037594,0.108816336,0.038046532,0.061093344
Streptococcus_infantarius_infantarius_ATCC_BAA_102,0.056850356,0.253266329,0.009106641,0.004673996,0.002852299,0.059457543,0.002502287,0.027695485,0.008123999,0.02480166,0.018929825,0.019822692,0.040123026,0.014190279,0.015263311,0.020403466,0.009061963,0.003957175,0.016804709,0.008588434,0.011848785,0.007389066,0.012098483,0.011758032,0.005677805,0.00617567,0.001552395,0.00646674,0.008742225,0.004249377,0.023640825,0.019257598,0.061028412,0.136625576,0.213532853,0.001479717,0.004622474,0.003136936,0.133280224,0.018907436,0.137088938,0.02152634,0.187786221,0.059499498,0.127572913,0.003912129,0.033664254,0.004062524,0.006522384,0.242189146,0.00748728,0.004443895,0.002147299,0.104609888,0.004468565,0.004240744,0.006897752,0.006574052,0.007097556,0.004419056,0.142140948,0.033545729,0.009961568,0.040153907,0.002460816,0.001531386,0.037058355,0.005197526,0.001990236,0.08238061,0.002728391,0.015486706,0.005118862,0.003193411,0.034420694,0.030507882,0.224152306,0.200030497,0.475049795,0.400122613,0.519588552,0.528415872,0.054414687,0.437235063,0.422660615,0.381117807,0.258053517,0.244321158,0.284347881,0.298366135,0.525143663,0.353232041,0.359192511,0.117387306,0.135703006,0.496051603,0.486419815,0.372337429,0.571350549,0.40649925,0.34760758,0.157557767,0.359601918,0.324346885,0.118713571,0.008714761,0.468296093,0.120714741,0.134976953,0.268962762,0.232987885,0.137964929,0.320558817,0.47643458,0.46703814,0.269678354,0.278644715,0.043928303,0.025404819,0.118583882,0.071758797,0.197763445,0.04919326,0.256781066,0.094652058,0.094500887,0.068092882,0.205438721,0.023049713,0.218449672,0.458895323,0.062953209,0.117029386,0.583534147,0.035590864,0.04032032,0.007042156,0.282473557,0.226385778,0.472213097,0.037504689,0.043184405,0.094838185,0.101880748,0.137850932,0.332880594,1,0.624088418,0.313049125,0.231554839,0.491432951,0.295778003,0.10341579,0.167488757
Streptococcus_mutans_UA159,0.060351451,0.241590837,0.007420851,0.004204651,0.002324291,0.048450967,0.002039072,0.020322161,0.006620112,0.020210462,0.015425601,0.016153183,0.032695589,0.011563423,0.012437819,0.016626447,0.007384444,0.003224636,0.012961607,0.006998573,0.009655379,0.006021228,0.009858854,0.009581426,0.004626749,0.005032451,0.001265021,0.005269639,0.007123895,0.00365011,0.020055131,0.015797798,0.046872596,0.111333919,0.169369498,0.001205797,0.003766778,0.002556237,0.108607848,0.016624782,0.106017532,0.017541458,0.153023882,0.048485156,0.103957054,0.003187929,0.027432443,0.003310483,0.005314983,0.197355925,0.006101261,0.003621257,0.001749798,0.085244866,0.00364136,0.003455712,0.005620864,0.005357086,0.005783681,0.003601016,0.107284554,0.027335859,0.008117517,0.032720754,0.002005278,0.001247901,0.03019824,0.004235378,0.001621811,0.067130595,0.002223321,0.01261986,0.004171276,0.002602258,0.028048853,0.024860368,0.168867961,0.245471299,0.31524288,0.336576953,0.413420975,0.34720308,0.04641497,0.359186627,0.335214496,0.332003523,0.227472755,0.249459658,0.217458265,0.239262388,0.608873433,0.254951004,0.267077774,0.141309297,0.159432491,0.367178734,0.336176753,0.344384013,0.389051351,0.316907143,0.306461071,0.129014619,0.244497095,0.226330956,0.141930605,0.006149079,0.315323794,0.13135282,0.158646135,0.276857083,0.217868914,0.154081938,0.240354452,0.414266661,0.452670843,0.210162497,0.341944259,0.053907467,0.025774666,0.145522508,0.088060197,0.107959921,0.060368462,0.335121742,0.116154106,0.115968594,0.083561499,0.165759759,0.028285902,0.255175613,0.39548728,0.07725425,0.112240785,0.449344265,0.03422178,0.048083775,0.004982943,0.347668608,0.225836655,0.327527491,0.046024605,0.052994579,0.116382516,0.1241305,0.169166441,0.278838294,0.624088418,1,0.255098548,0.280733724,0.415638214,0.362454663,0.12690869,0.204540484
Streptococcus_pneumoniae_Hungary19A_6,0.128024098,0.181911063,0.029090135,0.011042365,0.009111347,0.182472625,0.007365161,0.084118505,0.0210822,0.072565932,0.060469182,0.063321346,0.128168465,0.04532924,0.038052697,0.059258229,0.028947415,0.012640747,0.040365825,0.027434781,0.037849603,0.023603535,0.038647235,0.037559702,0.018137106,0.018700838,0.00495895,0.020657269,0.02792605,0.013677561,0.062697677,0.061616515,0.148386668,0.411928852,0.520155088,0.004726789,0.014044146,0.010020588,0.351406947,0.048881579,0.306105345,0.058313708,0.474975592,0.190064412,0.364199331,0.012496852,0.107536651,0.012977272,0.020835018,0.471514656,0.02391727,0.01419552,0.006859303,0.28041731,0.014274325,0.013546575,0.022034087,0.021000064,0.02267234,0.014116176,0.270680756,0.107158034,0.031821102,0.128267113,0.007860799,0.00489184,0.11837872,0.016602907,0.006357585,0.263155536,0.008715537,0.049470528,0.016351625,0.01020099,0.109953011,0.097453978,0.393059444,0.062619372,0.379677312,0.130107194,0.184181295,0.406781937,0.117994334,0.208357273,0.309941859,0.374745866,0.321543529,0.076484525,0.500390198,0.560792343,0.19508098,0.175721525,0.569327489,0.082797633,0.091432755,0.558537512,0.421085437,0.219980071,0.388071101,0.259895513,0.312516648,0.258446039,0.357623465,0.39943646,0.08351254,0.019714102,0.198375854,0.094328843,0.091114706,0.171177357,0.203498199,0.096847386,0.515594586,0.175504447,0.154330447,0.500998703,0.087229484,0.013751717,0.041219587,0.037122581,0.022464028,0.266470734,0.015399907,0.08548907,0.029630744,0.02958342,0.021316417,0.073058491,0.007215693,0.070126824,0.157767122,0.019707447,0.161723466,0.200881383,0.105355389,0.105848427,0.017151885,0.092650265,0.07086987,0.431673534,0.01174081,0.01351884,0.029689011,0.062868438,0.043154114,0.555118091,0.313049125,0.255098548,1,0.07248804,0.514688683,0.092593045,0.032374223,0.052432209
Streptococcus_pyogenes_M4_MGAS10750,0.019685637,0.192946522,0.002108687,0.001521917,0.000660464,0.013767682,0.000579417,0.007177625,0.001881151,0.005742944,0.004383292,0.00459004,0.009290681,0.003285828,0.003534294,0.004724521,0.002098341,0.000916303,0.004110664,0.001988694,0.002743644,0.001710974,0.002801462,0.002722629,0.001314723,0.001430006,0.000359465,0.001497405,0.002024305,0.001048311,0.005698806,0.004543988,0.015114049,0.031636313,0.049444565,0.000342636,0.001070356,0.000726373,0.030861681,0.004724048,0.032910361,0.004984528,0.043482808,0.013777397,0.029540125,0.000905872,0.007795121,0.000940697,0.00151029,0.056080069,0.001733716,0.001029005,0.000497217,0.024222926,0.001034718,0.000981965,0.001597208,0.001522253,0.001643474,0.001023254,0.037369013,0.007767676,0.002306649,0.009297832,0.000569814,0.0003546,0.008581041,0.001203512,0.000460849,0.019075629,0.000631772,0.003586022,0.001185297,0.00073945,0.007970278,0.007064248,0.059287865,0.521065368,0.152761027,0.361619093,0.287569881,0.159267338,0.013279594,0.254132151,0.164678537,0.160350776,0.07112333,0.429448581,0.070532888,0.069088122,0.307802855,0.210872133,0.100061247,0.240575634,0.179109562,0.117606149,0.145607082,0.241930889,0.171293045,0.142312662,0.182657172,0.048742292,0.099952754,0.100391653,0.245311998,0.002311451,0.224937384,0.084152185,0.211717901,0.179817472,0.158859661,0.183513614,0.08626013,0.286886647,0.469693706,0.074408225,0.493510065,0.189710147,0.016640114,0.512120079,0.24729638,0.0779359,0.155687992,0.485601752,0.383589937,0.322511602,0.294068058,0.287070772,0.098793103,0.397310241,0.407722887,0.271871705,0.045328113,0.327826279,0.008948362,0.017984914,0.001868018,0.47547233,0.438037931,0.15079104,0.160680039,0.181751342,0.374562869,0.235099948,0.512332842,0.085188719,0.231554839,0.280733724,0.07248804,1,0.134814229,0.681152764,0.310519938,0.508113803
Streptococcus_sanguinis_SK36,0.118694344,0.288255209,0.015635309,0.006077536,0.004897149,0.102083418,0.004296208,0.039808533,0.012746527,0.042582289,0.032500858,0.034033834,0.068887737,0.024363471,0.025293879,0.035030972,0.0155586,0.006794124,0.023086645,0.014745593,0.020343331,0.012686382,0.020772041,0.020187516,0.009748297,0.010603087,0.002665327,0.011102829,0.015009639,0.007261543,0.034079643,0.032524991,0.083437989,0.234574201,0.281036997,0.002540545,0.007936385,0.005385846,0.189945032,0.031751525,0.184005715,0.030500647,0.270311275,0.10215545,0.206511005,0.006716784,0.05779859,0.006974999,0.011198365,0.32892518,0.012855008,0.007629781,0.003686725,0.151455223,0.007672136,0.007280987,0.011842838,0.011287074,0.012185885,0.007587135,0.194235084,0.057595092,0.017103144,0.068940758,0.004225007,0.002629256,0.063625964,0.008923698,0.003417062,0.141440326,0.00468441,0.026589323,0.00878864,0.005482808,0.05909733,0.052379374,0.297014982,0.116505914,0.453527825,0.219169013,0.294266359,0.464608961,0.082852909,0.274124864,0.376359728,0.363129169,0.336843635,0.123034975,0.3660129,0.386217351,0.352380359,0.238694482,0.452469918,0.113063198,0.125615869,0.516644283,0.477820189,0.307057306,0.449792493,0.29976304,0.335655206,0.182991242,0.367853882,0.368207993,0.113968579,0.012187747,0.306852286,0.117465673,0.125117034,0.235751937,0.226708026,0.122717164,0.412719103,0.278083465,0.263601455,0.4132903,0.162294039,0.025585634,0.038679455,0.069068086,0.041795248,0.188054691,0.02865216,0.128421062,0.055129216,0.055041168,0.03966007,0.083293414,0.013425093,0.10297641,0.263307621,0.036666515,0.157735653,0.30219188,0.061653769,0.080250504,0.0093141,0.172379624,0.12938487,0.436145452,0.021844259,0.025152357,0.055237625,0.103198686,0.080290001,0.614037594,0.491432951,0.415638214,0.514688683,0.134814229,1,0.172273164,0.060233571,0.097552278
Streptococcus_suis_05ZYH33,0.026044235,0.205139241,0.002693544,0.001950456,0.000843647,0.017586233,0.000740121,0.009242882,0.0024029,0.007335786,0.005599026,0.005863116,0.011867508,0.004197172,0.004514552,0.006034896,0.002680329,0.001170445,0.005250782,0.00254027,0.00350461,0.002185523,0.003578465,0.003477767,0.00167937,0.001826627,0.000459164,0.001912719,0.002585758,0.001345332,0.007279405,0.005804291,0.019306023,0.04041084,0.063158321,0.000437668,0.001367226,0.000927837,0.039421358,0.006034292,0.042038252,0.006367018,0.055543034,0.017598643,0.037733261,0.001157122,0.009957146,0.001201605,0.001929178,0.071634222,0.002214573,0.001314406,0.000635124,0.030941304,0.001321703,0.001254319,0.002040203,0.00194446,0.002099301,0.00130706,0.04773354,0.009922089,0.002946413,0.011876643,0.000727855,0.00045295,0.010961046,0.001537314,0.000588668,0.024366372,0.000806998,0.004580627,0.001514047,0.000944541,0.010180884,0.009023561,0.075731721,0.516897366,0.195130241,0.481118009,0.380256204,0.201782536,0.016962772,0.334779769,0.210382252,0.201485838,0.093251223,0.545734395,0.09009562,0.08825014,0.351381016,0.231909412,0.127813852,0.237327975,0.197900309,0.150224941,0.184387671,0.340733297,0.218802229,0.195647503,0.233318266,0.062045639,0.131728519,0.127075189,0.23878846,0.003081289,0.305456863,0.092809461,0.210761148,0.210782994,0.169467106,0.204914185,0.11018491,0.382749742,0.587476227,0.101401853,0.509175653,0.148517814,0.018914228,0.400921911,0.229802043,0.110935644,0.166318183,0.469540217,0.320010471,0.315052786,0.230216179,0.351749092,0.076677238,0.396383956,0.502994422,0.212839387,0.055628498,0.417358623,0.011145905,0.024300873,0.002444127,0.506450076,0.487945811,0.192613866,0.126800129,0.14600276,0.317011439,0.226613462,0.450623025,0.108816336,0.295778003,0.362454663,0.092593045,0.681152764,0.172273164,1,0.306587414,0.478289207
Thermoanaerobacter_sp_X514,0.009337271,0.105103374,0.000941771,0.000812034,0.000294973,0.006148849,0.000258776,0.003537572,0.00084015,0.002564883,0.001957643,0.002049979,0.004149354,0.001467499,0.001578467,0.002110041,0.00093715,0.000409234,0.001835883,0.00088818,0.001225351,0.000764146,0.001251174,0.001215966,0.000587175,0.000638662,0.000160542,0.000668763,0.000904084,0.000470382,0.00254517,0.002029412,0.006750156,0.014129242,0.022082669,0.000153026,0.000478037,0.000324409,0.01378328,0.002109829,0.01469825,0.002226163,0.01942006,0.006153188,0.013193054,0.000404576,0.003481415,0.000420129,0.000674517,0.025046182,0.000774303,0.000459569,0.000222065,0.010818314,0.00046212,0.00043856,0.000713336,0.000679861,0.000733999,0.000457,0.01668955,0.003469158,0.001030183,0.004152548,0.000254487,0.00015837,0.003832419,0.000537506,0.000205822,0.008519456,0.000282159,0.00160157,0.000529371,0.000330249,0.003559643,0.003154997,0.026478831,0.376889282,0.068225317,0.248827306,0.175773672,0.074073754,0.005930862,0.150110343,0.080970017,0.07434911,0.032604348,0.355229308,0.031501023,0.03085577,0.119496351,0.103362094,0.044688822,0.145487639,0.131440172,0.052524633,0.067425624,0.146100853,0.076501988,0.098303927,0.081577374,0.022900928,0.056083976,0.046131954,0.160583833,0.001318016,0.157263803,0.039888177,0.096589065,0.066865133,0.102542974,0.084468791,0.038525041,0.184463831,0.209772104,0.036406656,0.338367069,0.379679765,0.006167098,0.444774747,0.632082486,0.057050885,0.122324868,0.322483798,0.548182312,0.424007818,0.511737081,0.265163991,0.205131767,0.450038451,0.205202594,0.470046376,0.020244201,0.161160891,0.004563116,0.022795933,0.000986003,0.316099343,0.389331879,0.067345492,0.340216367,0.305893256,0.513748052,0.188611009,0.57797646,0.038046532,0.10341579,0.12690869,0.032374223,0.310519938,0.060233571,0.306587414,1,0.524886629
Tropheryma_whipplei_Twist,0.013435468,0.154898917,0.00152526,0.001315143,0.000477728,0.00995847,0.000419105,0.005729334,0.001360678,0.004153999,0.003170533,0.003320078,0.006720156,0.002376712,0.002556433,0.003417351,0.001517777,0.000662782,0.002973334,0.001438466,0.001984538,0.001237585,0.00202636,0.001969338,0.000950969,0.001034355,0.000260009,0.001083106,0.001464224,0.000746289,0.004122073,0.003271694,0.010932327,0.022883248,0.035764352,0.000247836,0.000774212,0.000525402,0.022322939,0.003417009,0.023804795,0.00360542,0.031452081,0.009965497,0.021367029,0.000655238,0.005638384,0.000680427,0.001092426,0.040563959,0.001254035,0.000744302,0.000359648,0.01752098,0.000748434,0.000710277,0.001155296,0.00110108,0.001188761,0.000740142,0.027029837,0.005618532,0.001668451,0.006725328,0.000412159,0.00025649,0.006206858,0.000870527,0.000333342,0.013797826,0.000456975,0.002593849,0.000857352,0.00053486,0.005765079,0.005109727,0.042884229,0.354000688,0.110495443,0.390990967,0.284677164,0.119967376,0.009605425,0.243113693,0.127185726,0.115671599,0.052548775,0.540265124,0.051018004,0.049972973,0.203650839,0.18414494,0.072376522,0.193850386,0.123487805,0.085067139,0.109200287,0.212050511,0.123900063,0.154856702,0.131185629,0.037089577,0.090831733,0.074713771,0.21908655,0.002134615,0.253326116,0.051261959,0.109146747,0.124923357,0.142566516,0.119372358,0.062393868,0.298751454,0.336519757,0.052239685,0.353426914,0.262276128,0.009113361,0.466910425,0.39918989,0.077960532,0.145356061,0.311330479,0.558365025,0.409994169,0.406551956,0.291391406,0.137619467,0.518667982,0.299734516,0.362191612,0.031560895,0.261010792,0.006301679,0.023388659,0.001596898,0.341153188,0.488996994,0.109070508,0.223923621,0.253002297,0.493708244,0.234325632,0.668554247,0.061093344,0.167488757,0.204540484,0.052432209,0.508113803,0.097552278,0.478289207,0.524886629,1
